product_id,product_name,category,subcategory,cost_price,list_price,brand,cost_ratio,cost_price_estimated,cost_price_final,cost_price_source
P10000,Educational Product 1,Toys,Educational,653.43,766.28,Brand B,0.8527300725583338,611.9095821384678,653.43,Actual
P10001,Kitchen Appliances Product 2,Home & Kitchen,Kitchen Appliances,166.41,201.12,Brand C,0.8274164677804295,160.46367714262703,166.41,Actual
P10002,Personal Care Product 3,Beauty,Personal Care,889.16,1073.75,Brand A,0.8280884749708963,856.7315151787019,889.16,Actual
P10003,Laptops Product 4,Electronics,Laptops,793.82,978.11,Brand A,0.8115856089805851,782.2011156861639,793.82,Actual
P10004,Outdoor Product 5,Sports,Outdoor,10694.15,12386.68,Brand B,0.8633588661368502,9901.526410035993,10694.15,Actual
P10005,Outdoor Toys Product 6,Toys,Outdoor Toys,282.33,383.11,Brand C,0.7369423925243402,305.93083469889393,282.33,Actual
P10006,Skincare Product 7,Beauty,Skincare,961.43,1219.66,Brand B,0.7882770608202285,973.1512547640099,961.43,Actual
P10007,Packaged Foods Product 8,Grocery,Packaged Foods,106.39,138.69,Private Label,0.7671064965029923,112.42483104601179,106.39,Actual
P10008,Snacks Product 9,Grocery,Snacks,793.92,1035.67,Brand B,0.76657622601794,839.5343915886008,793.92,Actual
P10009,Home Decor Product 10,Home & Kitchen,Home Decor,164.36,222.61,Brand B,0.7383316113382148,177.6094827402556,164.36,Actual
P10010,Storage Product 11,Home & Kitchen,Storage,407.14,468.33,Brand D,0.8693442657954861,373.65728876395445,407.14,Actual
P10011,Beverages Product 12,Grocery,Beverages,2251.58,2637.28,Brand C,0.8537508341928046,2137.830834386228,2251.58,Actual
P10012,Fitness Product 13,Sports,Fitness,393.31,515.01,Brand D,0.7636939088561387,411.68296237834807,393.31,Actual
P10013,Snacks Product 14,Grocery,Snacks,457.0,583.85,Brand A,0.7827352915988696,473.2802480799913,457.0,Actual
P10014,Outdoor Toys Product 15,Toys,Outdoor Toys,1039.36,1417.54,Private Label,0.7332138775625379,1131.9704403932815,1039.36,Actual
P10015,Skincare Product 16,Beauty,Skincare,5655.81,6351.16,Brand A,0.8905160632073512,5067.510062810118,5655.81,Actual
P10016,Equipment Product 17,Sports,Equipment,3397.68,4402.67,Brand C,0.7717316991734561,3519.3573483510645,3397.68,Actual
P10017,Footwear Product 18,Fashion,Footwear,2494.22,3225.08,Brand D,0.7733823657087575,2587.6918720739345,2494.22,Actual
P10018,Outdoor Product 19,Sports,Outdoor,1721.46,2045.81,Brand D,0.8414564402363857,1635.3568304756184,1721.46,Actual
P10019,Snacks Product 20,Grocery,Snacks,61.84,76.28,Private Label,0.81069743051914,61.83406238510188,61.84,Actual
P10020,Children Product 21,Books,Children,180.56,230.16,Private Label,0.7844977407021203,183.47293777134587,180.56,Actual
P10021,Kitchen Appliances Product 22,Home & Kitchen,Kitchen Appliances,17399.43,20322.7,Brand D,0.8561574003454265,16214.474798460951,17399.43,Actual
P10022,Skincare Product 23,Beauty,Skincare,788.4,1017.69,Brand A,0.7746956342304631,812.0019517412928,788.4,Actual
P10023,Games Product 24,Toys,Games,898.48,1118.09,Brand A,0.8035846845960523,892.8459371159362,898.48,Actual
P10024,Accessories Product 25,Fashion,Accessories,3038.25,3955.6,Brand C,0.7680882799069674,3173.8356782391925,3038.25,Actual
P10025,Makeup Product 26,Beauty,Makeup,141.62,170.06,Brand B,0.832764906503587,135.6887184831572,141.62,Actual
P10026,Men Product 27,Fashion,Men,2563.94,3124.3,Private Label,0.8206446243958646,2506.829509941023,2563.94,Actual
P10027,Kitchen Appliances Product 28,Home & Kitchen,Kitchen Appliances,5895.98,7193.35,Private Label,0.8196431426247853,5739.21734275018,5895.98,Actual
P10028,Academic Product 29,Books,Academic,186.05,253.29,Brand B,0.7345335386316081,201.91110709117223,186.05,Actual
P10029,Snacks Product 30,Grocery,Snacks,611.02,736.42,Brand B,0.829716737731186,596.9564790461028,611.02,Actual
P10030,Home Decor Product 31,Home & Kitchen,Home Decor,346.34,477.71,Brand D,0.7250005233300538,381.1411257349063,346.34,Actual
P10031,Snacks Product 32,Grocery,Snacks,2028.82,2506.97,Brand C,0.8092717503599963,2032.1989955109968,2028.82,Actual
P10032,Beverages Product 33,Grocery,Beverages,90.42,104.08,Brand A,0.8687548039969255,84.36928700893293,90.42,Actual
P10033,Accessories Product 34,Electronics,Accessories,9112.58,11590.06,Brand C,0.7862409685540886,9268.648580292176,9112.58,Actual
P10034,Outdoor Toys Product 35,Toys,Outdoor Toys,2384.74,3160.94,Brand D,0.7544401348965813,2524.1549754199104,2384.74,Actual
P10035,Outdoor Toys Product 36,Toys,Outdoor Toys,1362.12,1762.57,Brand A,0.7728033496541981,1407.4926556739042,1362.12,Actual
P10036,Educational Product 37,Toys,Educational,1209.42,1451.94,Private Label,0.8329683044753916,1159.4404117165097,1209.42,Actual
P10037,Makeup Product 38,Beauty,Makeup,588.59,733.14,Brand C,0.8028343836102245,584.9631134231557,588.59,Actual
P10038,Accessories Product 39,Fashion,Accessories,5648.5,7296.37,Brand D,0.7741520783622541,5854.353177175169,5648.5,Actual
P10039,Women Product 40,Fashion,Women,1055.71,1327.13,Brand A,0.7954834869229088,1064.8428920167812,1055.71,Actual
P10040,Outdoor Toys Product 41,Toys,Outdoor Toys,712.16,878.05,Brand A,0.8110699846250213,701.1630325686194,712.16,Actual
P10041,Outdoor Toys Product 42,Toys,Outdoor Toys,1393.36,1863.9,Brand B,0.7475508342722248,1488.4092892257274,1393.36,Actual
P10042,Skincare Product 43,Beauty,Skincare,4092.27,5044.6,Private Label,0.8112179360107837,4025.0223995068495,4092.27,Actual
P10043,Children Product 44,Books,Children,113.85,131.15,Private Label,0.8680899733130003,104.54673178967681,113.85,Actual
P10044,Staples Product 45,Grocery,Staples,1524.94,1966.14,Brand D,0.7756009236371774,1593.791602226589,1524.94,Actual
P10045,Men Product 46,Fashion,Men,394.13,442.97,Brand B,0.8897442264713186,355.42370067489514,394.13,Actual
P10046,Home Decor Product 47,Home & Kitchen,Home Decor,529.54,672.27,Private Label,0.7876894700046112,536.3709041004071,529.54,Actual
P10047,Home Decor Product 48,Home & Kitchen,Home Decor,9458.11,12044.44,Brand D,0.7852677251910425,9609.661552922349,9458.11,Actual
P10048,Skincare Product 49,Beauty,Skincare,2803.94,3417.68,Brand C,0.8204220406825683,2726.923552778529,2803.94,Actual
P10049,Skincare Product 50,Beauty,Skincare,132.97,169.28,Brand C,0.7855033081285444,135.06636636968628,132.97,Actual
P10050,Fiction Product 51,Books,Fiction,444.14,591.32,Brand D,0.7510992356084691,471.3730342498795,444.14,Actual
P10051,Audio Product 52,Electronics,Audio,1689.95,2183.03,Brand A,0.7741304517116118,1745.7837069208642,1689.95,Actual
P10052,Fitness Product 53,Sports,Fitness,8192.47,10238.49,Brand B,0.8001638913550728,8184.330194522617,8192.47,Actual
P10053,Fitness Product 54,Sports,Fitness,1911.45,2148.6,Private Label,0.8896258028483665,1717.5239567505846,1911.45,Actual
P10054,Personal Care Product 55,Beauty,Personal Care,130.3,177.64,Brand A,0.7335059671245217,141.73670440637446,130.3,Actual
P10055,Staples Product 56,Grocery,Staples,2385.79,3270.95,Brand A,0.7293874868157569,2651.496150479142,2385.79,Actual
P10056,Cookware Product 57,Home & Kitchen,Cookware,13600.98,17827.45,Brand B,0.7629234691444934,14223.638529615784,13600.98,Actual
P10057,Women Product 58,Fashion,Women,379.07,434.41,Brand B,0.8726088257636794,348.5554547941874,379.07,Actual
P10058,Mobiles Product 59,Electronics,Mobiles,1560.33,1842.78,Brand D,0.8467261420245499,1473.683503863726,1560.33,Actual
P10059,Sportswear Product 60,Sports,Sportswear,9220.32,11697.54,Brand D,0.7882272682974368,9350.649346108274,9220.32,Actual
P10060,Snacks Product 61,Grocery,Snacks,2505.89,2895.94,Brand C,0.8653114360104145,2347.505697738751,2505.89,Actual
P10061,Fitness Product 62,Sports,Fitness,629.35,738.12,Private Label,0.852639137267653,590.0301512411531,629.35,Actual
P10062,Games Product 63,Toys,Games,,4801.24,Brand B,,3834.0094510446543,3834.0094510446543,Estimated
P10063,Fiction Product 64,Books,Fiction,308.52,387.5,Brand B,0.7961806451612903,308.8971297636276,308.52,Actual
P10064,Snacks Product 65,Grocery,Snacks,207.87,240.85,Brand B,0.8630682997716421,195.23772844063697,207.87,Actual
P10065,Accessories Product 66,Fashion,Accessories,2070.94,2612.72,Brand A,0.7926375577941762,2096.3555347479783,2070.94,Actual
P10066,Children Product 67,Books,Children,405.85,469.68,Brand B,0.8640989609947198,374.4072358900145,405.85,Actual
P10067,Personal Care Product 68,Beauty,Personal Care,4938.04,6644.75,Brand D,0.7431491026750442,5301.761802545918,4938.04,Actual
P10068,Audio Product 69,Electronics,Audio,13062.31,15018.15,Brand B,0.8697682470876905,12010.115105194878,13062.31,Actual
P10069,Beverages Product 70,Grocery,Beverages,803.84,937.73,Brand C,0.8572190289315688,760.1423088670895,803.84,Actual
P10070,Footwear Product 71,Fashion,Footwear,1937.1,2352.79,Private Label,0.823320398335593,1887.7967553353194,1937.1,Actual
P10071,Audio Product 72,Electronics,Audio,13429.84,15603.31,Brand C,0.8607045556359516,12478.071474984488,13429.84,Actual
P10072,Cookware Product 73,Home & Kitchen,Cookware,629.42,716.71,Brand B,0.8782073642058851,571.8273769137442,629.42,Actual
P10073,Personal Care Product 74,Beauty,Personal Care,305.82,375.81,Brand A,0.8137622734892632,299.85403559423327,305.82,Actual
P10074,Outdoor Product 75,Sports,Outdoor,2543.51,3170.9,Brand C,0.8021413478823047,2534.7187538212925,2543.51,Actual
P10075,Action Figures Product 76,Toys,Action Figures,3095.64,3662.98,Brand B,0.8451151794440591,2925.0568476034414,3095.64,Actual
P10076,Beverages Product 77,Grocery,Beverages,140.68,162.03,Brand C,0.868234277602913,131.34469229494044,140.68,Actual
P10077,Men Product 78,Fashion,Men,248.7,336.05,Brand C,0.7400684421961017,269.6348163798869,248.7,Actual
P10078,Home Decor Product 79,Home & Kitchen,Home Decor,324.49,435.05,Brand C,0.7458682910010344,347.1048266751188,324.49,Actual
P10079,Games Product 80,Toys,Games,313.95,418.25,Brand D,0.7506276150627614,333.9917298238427,313.95,Actual
P10080,Outdoor Product 81,Sports,Outdoor,6483.03,7298.85,Brand A,0.888226227419388,5834.473485864752,6483.03,Actual
P10081,Haircare Product 82,Beauty,Haircare,514.81,644.34,Brand D,0.7989725921097556,514.1107189664677,514.81,Actual
P10082,Academic Product 83,Books,Academic,305.06,344.01,Brand B,0.8867765471933956,274.22890738060784,305.06,Actual
P10083,Laptops Product 84,Electronics,Laptops,48491.42,62525.14,Brand C,0.7755507624613075,50001.77307913588,48491.42,Actual
P10084,Packaged Foods Product 85,Grocery,Packaged Foods,2597.77,3085.22,Brand A,0.8420047840996753,2500.9397738825905,2597.77,Actual
P10085,Men Product 86,Fashion,Men,900.97,1119.75,Brand C,0.8046171020317036,898.4484024442147,900.97,Actual
P10086,Snacks Product 87,Grocery,Snacks,3252.25,3770.22,Private Label,0.8626154441915856,3056.214193570514,3252.25,Actual
P10087,Cookware Product 88,Home & Kitchen,Cookware,1892.42,2280.56,Brand B,0.8298049601852178,1819.5457614577838,1892.42,Actual
P10088,Footwear Product 89,Fashion,Footwear,682.52,809.31,Brand C,0.8433356810122203,649.3621581443424,682.52,Actual
P10089,Fiction Product 90,Books,Fiction,2329.49,2652.08,Brand A,0.8783633977858888,2114.115870718765,2329.49,Actual
P10090,Kitchen Appliances Product 91,Home & Kitchen,Kitchen Appliances,5902.49,6668.52,Brand A,0.8851274345731885,5320.481505067379,5902.49,Actual
P10091,Beverages Product 92,Grocery,Beverages,109.18,128.42,Brand C,0.8501790998286872,104.09976784864686,109.18,Actual
P10092,Games Product 93,Toys,Games,1020.98,1404.62,Brand D,0.7268727485013741,1121.6532302335108,1020.98,Actual
P10093,Snacks Product 94,Grocery,Snacks,1482.62,1736.95,Brand D,0.8535766717522092,1408.0056982145086,1482.62,Actual
P10094,Snacks Product 95,Grocery,Snacks,294.89,387.6,Brand D,0.7608101135190918,314.1961533883782,294.89,Actual
P10095,Women Product 96,Fashion,Women,508.76,681.96,Brand B,0.7460261598920758,547.1809533653554,508.76,Actual
P10096,Fiction Product 97,Books,Fiction,2349.29,3115.0,Private Label,0.7541861958266453,2483.1343463579356,2349.29,Actual
P10097,Storage Product 98,Home & Kitchen,Storage,1049.77,1335.6,Brand B,0.7859913147648997,1065.609025416133,1049.77,Actual
P10098,Fitness Product 99,Sports,Fitness,1428.06,1637.03,Brand B,0.8723480938040231,1308.5908232893091,1428.06,Actual
P10099,Packaged Foods Product 100,Grocery,Packaged Foods,139.57,164.71,Brand A,0.8473681015117478,133.51715279824504,139.57,Actual
P10100,Snacks Product 101,Grocery,Snacks,1791.53,2162.16,Brand A,0.8285834535834536,1752.6892544123214,1791.53,Actual
P10101,Footwear Product 102,Fashion,Footwear,592.11,713.64,Brand A,0.8297040524634269,572.5998820453578,592.11,Actual
P10102,Men Product 103,Fashion,Men,1106.74,1478.19,Brand C,0.7487129530033352,1186.048175047121,1106.74,Actual
P10103,Mobiles Product 104,Electronics,Mobiles,8804.3,11310.16,Brand C,0.7784416842909384,9044.810676293078,8804.3,Actual
P10104,Men Product 105,Fashion,Men,399.97,491.35,Brand C,0.8140225908212069,394.24212774366146,399.97,Actual
P10105,Storage Product 106,Home & Kitchen,Storage,8647.41,10463.26,Brand A,0.8264546613579324,8348.116420541784,8647.41,Actual
P10106,Mobiles Product 107,Electronics,Mobiles,15786.87,19171.61,Private Label,0.8234504040088444,15331.664875627503,15786.87,Actual
P10107,Home Decor Product 108,Home & Kitchen,Home Decor,175.99,200.77,Brand C,0.8765751855356876,160.1844294944572,175.99,Actual
P10108,Laptops Product 109,Electronics,Laptops,31348.6,37843.81,Brand B,0.8283679682357564,30263.948230582657,31348.6,Actual
P10109,Staples Product 110,Grocery,Staples,3280.45,3694.7,Brand D,0.8878799361247192,2994.9962020744088,3280.45,Actual
P10110,Snacks Product 111,Grocery,Snacks,1319.18,1810.9,Brand A,0.7284665083660059,1467.9510169530806,1319.18,Actual
P10111,Packaged Foods Product 112,Grocery,Packaged Foods,510.41,601.96,Brand B,0.8479134826234301,487.9605688691129,510.41,Actual
P10112,Haircare Product 113,Beauty,Haircare,2908.14,3304.71,Brand A,0.8799985475276196,2636.786221677493,2908.14,Actual
P10113,Laptops Product 114,Electronics,Laptops,3611.78,4101.56,Brand D,0.880586898643443,3280.0449929494052,3611.78,Actual
P10114,Personal Care Product 115,Beauty,Personal Care,917.25,1082.21,Brand A,0.8475711738017575,863.4816419478864,917.25,Actual
P10115,Accessories Product 116,Electronics,Accessories,4640.1,5366.81,Brand B,0.8645918152496548,4291.873889108241,4640.1,Actual
P10116,Beverages Product 117,Grocery,Beverages,203.88,263.36,Brand B,0.774149453219927,213.48477542921384,203.88,Actual
P10117,Kitchen Appliances Product 118,Home & Kitchen,Kitchen Appliances,8407.15,10776.11,Brand A,0.7801655699505665,8597.72392548446,8407.15,Actual
P10118,Personal Care Product 119,Beauty,Personal Care,984.25,1238.06,Brand A,0.7949937805922169,987.8323815433234,984.25,Actual
P10119,Home Decor Product 120,Home & Kitchen,Home Decor,695.87,837.54,Brand A,0.8308498698569621,668.2316435662084,695.87,Actual
P10120,Academic Product 121,Books,Academic,1996.14,2268.75,Brand D,0.8798413223140497,1808.5428726483358,1996.14,Actual
P10121,Equipment Product 122,Sports,Equipment,3162.43,3899.36,Brand D,0.8110125764227976,3117.027001766248,3162.43,Actual
P10122,Cookware Product 123,Home & Kitchen,Cookware,558.97,678.97,Private Label,0.8232617052299808,541.7165019368014,558.97,Actual
P10123,Fiction Product 124,Books,Fiction,169.99,225.49,Brand A,0.7538693511907402,179.75022913651713,169.99,Actual
P10124,Accessories Product 125,Electronics,Accessories,760.03,977.67,Brand D,0.7773890985710925,781.849244740256,760.03,Actual
P10125,Packaged Foods Product 126,Grocery,Packaged Foods,691.99,834.62,Brand B,0.8291078574680693,676.5593228612183,691.99,Actual
P10126,Staples Product 127,Grocery,Staples,322.25,370.82,Brand B,0.8690200097082142,300.593956655001,322.25,Actual
P10127,Fiction Product 128,Books,Fiction,373.3,507.31,Private Label,0.7358419901046698,404.404136517125,373.3,Actual
P10128,Staples Product 129,Grocery,Staples,1291.97,1581.26,Brand D,0.8170509593615218,1281.8003341251467,1291.97,Actual
P10129,Home Decor Product 130,Home & Kitchen,Home Decor,2420.35,3205.27,Private Label,0.7551157936772876,2557.326026426751,2420.35,Actual
P10130,Sportswear Product 131,Sports,Sportswear,679.91,772.55,Brand D,0.8800854313636658,617.5524214780155,679.91,Actual
P10131,Mobiles Product 132,Electronics,Mobiles,51219.17,68903.19,Private Label,0.7433497636321337,55102.34236674375,51219.17,Actual
P10132,Kitchen Appliances Product 133,Home & Kitchen,Kitchen Appliances,2335.31,2734.75,Private Label,0.8539391169211079,2181.9214452356764,2335.31,Actual
P10133,Packaged Foods Product 134,Grocery,Packaged Foods,1881.84,2464.21,Brand C,0.7636686808348314,1997.5369018090182,1881.84,Actual
P10134,Laptops Product 135,Electronics,Laptops,58422.59,74444.81,Brand B,0.7847772060940178,59534.01298324778,58422.59,Actual
P10135,Accessories Product 136,Electronics,Accessories,23614.62,27294.04,Brand D,0.8651932802912283,21827.22652828699,23614.62,Actual
P10136,Accessories Product 137,Fashion,Accessories,393.4,479.89,Brand A,0.8197711975661088,385.0470228613121,393.4,Actual
P10137,Equipment Product 138,Sports,Equipment,341.22,426.5,Private Label,0.8000468933177023,340.93082358471764,341.22,Actual
P10138,Snacks Product 139,Grocery,Snacks,589.45,697.6,Brand B,0.8449684633027523,565.488226531818,589.45,Actual
P10139,Home Decor Product 140,Home & Kitchen,Home Decor,709.14,889.58,Brand D,0.797162705996088,709.7517795969479,709.14,Actual
P10140,Academic Product 141,Books,Academic,345.26,425.74,Brand D,0.8109644383896274,339.38029425952726,345.26,Actual
P10141,Haircare Product 142,Beauty,Haircare,2987.6,3917.24,Brand C,0.7626798460140303,3125.5161448368967,2987.6,Actual
P10142,Non-Fiction Product 143,Books,Non-Fiction,1821.77,2429.02,Brand A,0.7500020584433228,1936.3027255185723,1821.77,Actual
P10143,Home Decor Product 144,Home & Kitchen,Home Decor,178.54,210.82,Brand C,0.8468835973816525,168.20282624904848,178.54,Actual
P10144,Fitness Product 145,Sports,Fitness,3791.58,5044.27,Brand B,0.7516607953182521,4032.232416139939,3791.58,Actual
P10145,Outdoor Product 146,Sports,Outdoor,,7923.81,Private Label,,6334.047055636159,6334.047055636159,Estimated
P10146,Snacks Product 147,Grocery,Snacks,122.38,144.17,Brand A,0.8488589859194008,116.86702640351517,122.38,Actual
P10147,Footwear Product 148,Fashion,Footwear,632.44,755.86,Brand C,0.8367157939300929,606.4757396485682,632.44,Actual
P10148,Skincare Product 149,Beauty,Skincare,1350.57,1838.13,Brand B,0.734752166604103,1466.6206286336926,1350.57,Actual
P10149,Laptops Product 150,Electronics,Laptops,9007.29,10453.38,Brand C,0.8616629262496917,8359.637973941,9007.29,Actual
P10150,Footwear Product 151,Fashion,Footwear,2752.82,3393.69,Brand D,0.8111583556541699,2722.9786638900714,2752.82,Actual
P10151,Women Product 152,Fashion,Women,5513.26,7540.11,Private Label,0.7311909242703356,6049.921664437283,5513.26,Actual
P10152,Mobiles Product 153,Electronics,Mobiles,769.45,1060.11,Brand D,0.7258209053777439,847.7770646962603,769.45,Actual
P10153,Games Product 154,Toys,Games,5510.31,6364.8,Private Label,0.8657475490196079,5082.583531339616,5510.31,Actual
P10154,Footwear Product 155,Fashion,Footwear,3728.84,4389.37,Brand B,0.8495159897661851,3521.8776193226727,3728.84,Actual
P10155,Beverages Product 156,Grocery,Beverages,88.3,105.08,Brand B,0.8403121431290446,85.17990659971821,88.3,Actual
P10156,Haircare Product 157,Beauty,Haircare,1122.47,1408.99,Brand A,0.7966486632268505,1124.2152619991982,1122.47,Actual
P10157,Cookware Product 158,Home & Kitchen,Cookware,520.32,601.1,Brand B,0.8656130427549493,479.58788947112726,520.32,Actual
P10158,Outdoor Toys Product 159,Toys,Outdoor Toys,172.13,193.95,Brand B,0.8874967775199794,154.87793424825892,172.13,Actual
P10159,Snacks Product 160,Grocery,Snacks,1652.26,1993.18,Brand A,0.8289567424918973,1615.7107559614233,1652.26,Actual
P10160,Outdoor Toys Product 161,Toys,Outdoor Toys,1551.99,2057.53,Private Label,0.7542976287101524,1643.0316888570262,1551.99,Actual
P10161,Outdoor Toys Product 162,Toys,Outdoor Toys,787.53,925.9,Brand A,0.850556215574036,739.3734432609587,787.53,Actual
P10162,Beverages Product 163,Grocery,Beverages,1731.38,2089.85,Brand B,0.8284709428906382,1694.073351802637,1731.38,Actual
P10163,Men Product 164,Fashion,Men,4415.45,5022.74,Brand C,0.8790918900838984,4030.071648932936,4415.45,Actual
P10164,Action Figures Product 165,Toys,Action Figures,355.9,449.15,Brand C,0.7923856172770789,358.66679127406803,355.9,Actual
P10165,Sportswear Product 166,Sports,Sportswear,11871.26,14791.95,Brand B,0.8025486835745118,11824.224374968264,11871.26,Actual
P10166,Games Product 167,Toys,Games,220.11,269.49,Brand A,0.816765000556607,215.20007476444084,220.11,Actual
P10167,Fitness Product 168,Sports,Fitness,1480.46,2034.85,Brand D,0.7275523994397622,1626.5957476468059,1480.46,Actual
P10168,Skincare Product 169,Beauty,Skincare,1327.57,1702.53,Private Label,0.7797630585070454,1358.4271073687498,1327.57,Actual
P10169,Cookware Product 170,Home & Kitchen,Cookware,402.59,528.43,Brand B,0.7618606059459153,421.6080992068337,402.59,Actual
P10170,Home Decor Product 171,Home & Kitchen,Home Decor,,7585.22,Private Label,,6051.870988145373,6051.870988145373,Estimated
P10171,Equipment Product 172,Sports,Equipment,7134.17,9634.27,Brand B,0.7404992801737962,7701.335535140769,7134.17,Actual
P10172,Children Product 173,Books,Children,182.08,210.78,Brand D,0.8638390739159314,168.0240955137482,182.08,Actual
P10173,Outdoor Toys Product 174,Toys,Outdoor Toys,6707.59,8624.49,Brand D,0.7777375821642787,6887.049214461287,6707.59,Actual
P10174,Audio Product 175,Electronics,Audio,8329.07,10799.76,Private Label,0.7712273235701533,8636.64037903999,8329.07,Actual
P10175,Cookware Product 176,Home & Kitchen,Cookware,1476.68,1955.23,Brand D,0.755246185870716,1559.9810832317953,1476.68,Actual
P10176,Games Product 177,Toys,Games,306.4,404.06,Private Label,0.7583032222937187,322.6603666530111,306.4,Actual
P10177,Footwear Product 178,Fashion,Footwear,2121.05,2432.36,Brand D,0.8720131888371787,1951.6409521493283,2121.05,Actual
P10178,Makeup Product 179,Beauty,Makeup,353.93,399.35,Private Label,0.8862651809189933,318.6363032238553,353.93,Actual
P10179,Outdoor Product 180,Sports,Outdoor,1833.73,2175.89,Brand B,0.8427494036922824,1739.3387332467792,1833.73,Actual
P10180,Kitchen Appliances Product 181,Home & Kitchen,Kitchen Appliances,264.42,323.56,Private Label,0.8172209172950922,258.1524829766727,264.42,Actual
P10181,Sportswear Product 182,Sports,Sportswear,231.24,316.61,Brand D,0.7303622753545371,253.0881783239331,231.24,Actual
P10182,Equipment Product 183,Sports,Equipment,218.05,261.18,Brand D,0.8348648441687725,208.7791617909884,218.05,Actual
P10183,Mobiles Product 184,Electronics,Mobiles,3302.31,4377.64,Brand D,0.7543585128059868,3500.828017372666,3302.31,Actual
P10184,Women Product 185,Fashion,Women,625.53,859.11,Brand D,0.7281139784195272,689.3199437587402,625.53,Actual
P10185,Fitness Product 186,Sports,Fitness,339.48,400.6,Brand C,0.8474288567149276,320.2271698195496,339.48,Actual
P10186,Fitness Product 187,Sports,Fitness,2462.13,3076.81,Private Label,0.8002216581459369,2459.5061367261314,2462.13,Actual
P10187,Academic Product 188,Books,Academic,1166.78,1328.0,Brand D,0.8785993975903614,1058.620356970574,1166.78,Actual
P10188,Storage Product 189,Home & Kitchen,Storage,2107.26,2554.95,Private Label,0.8247754359185113,2038.4679391187099,2107.26,Actual
P10189,Storage Product 190,Home & Kitchen,Storage,15490.54,18718.91,Brand B,0.8275342955332335,14934.890268008614,15490.54,Actual
P10190,Skincare Product 191,Beauty,Skincare,276.07,332.99,Brand C,0.8290639358539295,265.68850033933035,276.07,Actual
P10191,Audio Product 192,Electronics,Audio,29214.08,38548.15,Brand A,0.7578594562903798,30827.213644311578,29214.08,Actual
P10192,Outdoor Product 193,Sports,Outdoor,227.52,261.57,Brand C,0.8698245211606837,209.09091565077279,227.52,Actual
P10193,Staples Product 194,Grocery,Staples,119.83,147.03,Brand B,0.8150037407331837,119.18539843316111,119.83,Actual
P10194,Educational Product 195,Toys,Educational,3975.22,5105.65,Brand B,0.7785923437760128,4077.0947408848833,3975.22,Actual
P10195,Non-Fiction Product 196,Books,Non-Fiction,455.1,567.61,Brand A,0.8017829143249767,452.47251567776175,455.1,Actual
P10196,Audio Product 197,Electronics,Audio,11874.08,14197.97,Private Label,0.8363223756635632,11354.211667888769,11874.08,Actual
P10197,Men Product 198,Fashion,Men,,1076.6,Private Label,,863.826345230133,863.826345230133,Estimated
P10198,Makeup Product 199,Beauty,Makeup,186.48,231.37,Brand D,0.8059817608160089,184.60719037662048,186.48,Actual
P10199,Beverages Product 200,Grocery,Beverages,488.32,653.34,Brand A,0.7474209446842379,529.610203443661,488.32,Actual
P10200,Home Decor Product 201,Home & Kitchen,Home Decor,296.46,402.17,Brand D,0.7371509560633562,320.8715047556201,296.46,Actual
P10201,Fitness Product 202,Sports,Fitness,484.59,642.27,Brand D,0.7544957728058294,513.4106449326064,484.59,Actual
P10202,Home Decor Product 203,Home & Kitchen,Home Decor,405.32,461.46,Brand A,0.8783426515841026,368.17605635559204,405.32,Actual
P10203,Fitness Product 204,Sports,Fitness,248.75,334.34,Brand C,0.74400311060597,267.2609884110539,248.75,Actual
P10204,Academic Product 205,Books,Academic,1832.9,2199.04,Brand D,0.8335000727590222,1752.9732754462132,1832.9,Actual
P10205,Men Product 206,Fashion,Men,241.79,296.69,Brand A,0.8149583740604671,238.05372317139904,241.79,Actual
P10206,Games Product 207,Toys,Games,4080.32,5368.53,Private Label,0.7600441834170621,4287.016428717739,4080.32,Actual
P10207,Snacks Product 208,Grocery,Snacks,50.34,66.9,Brand C,0.7524663677130045,54.230450623535866,50.34,Actual
P10208,Educational Product 209,Toys,Educational,2722.81,3195.65,Brand B,0.8520363619294978,2551.872495903319,2722.81,Actual
P10209,Equipment Product 210,Sports,Equipment,484.49,644.27,Brand C,0.7519983857699412,515.0093826750904,484.49,Actual
P10210,Kitchen Appliances Product 211,Home & Kitchen,Kitchen Appliances,1319.73,1686.38,Brand D,0.7825816245448831,1345.4789969161864,1319.73,Actual
P10211,Fiction Product 212,Books,Fiction,117.76,156.39,Brand D,0.7529893215678752,124.66689580318379,117.76,Actual
P10212,Action Figures Product 213,Toys,Action Figures,204.39,258.1,Brand A,0.791902363425029,206.1046394920115,204.39,Actual
P10213,Skincare Product 214,Beauty,Skincare,119.15,135.08,Brand A,0.8820698845128813,107.77861985596186,119.15,Actual
P10214,Sportswear Product 215,Sports,Sportswear,1147.1,1445.3,Brand B,0.793676053414516,1155.3278296060785,1147.1,Actual
P10215,Footwear Product 216,Fashion,Footwear,287.61,383.06,Brand A,0.7508223254842584,307.35400316167085,287.61,Actual
P10216,Fitness Product 217,Sports,Fitness,2060.31,2324.02,Brand C,0.8865285152451355,1857.7492441438583,2060.31,Actual
P10217,Accessories Product 218,Fashion,Accessories,5378.45,6964.37,Brand D,0.77228090983104,5587.96793974585,5378.45,Actual
P10218,Accessories Product 219,Fashion,Accessories,1420.87,1759.75,Private Label,0.8074271913624094,1411.9621131513345,1420.87,Actual
P10219,Children Product 220,Books,Children,1277.89,1526.56,Private Label,0.8371043391678022,1216.9032320308731,1277.89,Actual
P10220,Footwear Product 221,Fashion,Footwear,609.52,740.03,Private Label,0.823642284772239,593.7742989602967,609.52,Actual
P10221,Packaged Foods Product 222,Grocery,Packaged Foods,481.45,571.65,Brand C,0.842211143182017,463.3906890724107,481.45,Actual
P10222,Non-Fiction Product 223,Books,Non-Fiction,215.25,265.67,Brand C,0.8102156811081417,211.7798721659431,215.25,Actual
P10223,Outdoor Toys Product 224,Toys,Outdoor Toys,3549.44,4535.13,Private Label,0.7826545214800898,3621.5084606718565,3549.44,Actual
P10224,Footwear Product 225,Fashion,Footwear,912.52,1094.08,Brand D,0.8340523544896169,877.8516884538213,912.52,Actual
P10225,Sportswear Product 226,Sports,Sportswear,2620.07,3496.69,Brand A,0.7493000523352085,2795.1451383832273,2620.07,Actual
P10226,Makeup Product 227,Beauty,Makeup,1523.72,2049.17,Brand B,0.7435791076387025,1635.0067696938213,1523.72,Actual
P10227,Non-Fiction Product 228,Books,Non-Fiction,218.55,264.49,Brand A,0.8263072327876291,210.83923058369516,218.55,Actual
P10228,Men Product 229,Fashion,Men,641.27,791.75,Brand C,0.8099400063151247,635.2726257068158,641.27,Actual
P10229,Accessories Product 230,Electronics,Accessories,7488.28,8998.13,Private Label,0.8322040246140032,7195.864805685599,7488.28,Actual
P10230,Beverages Product 231,Grocery,Beverages,127.49,162.22,Brand B,0.7859080261373443,131.49871001718967,127.49,Actual
P10231,Educational Product 232,Toys,Educational,1595.8,1910.58,Brand A,0.8352437479718201,1525.6854014748055,1595.8,Actual
P10232,Laptops Product 233,Electronics,Laptops,36574.7,44287.52,Brand A,0.8258466493495233,35417.026259800325,36574.7,Actual
P10233,Outdoor Product 234,Sports,Outdoor,841.57,1028.11,Private Label,0.8185602707881454,821.8391302126238,841.57,Actual
P10234,Cookware Product 235,Home & Kitchen,Cookware,159.89,180.86,Brand A,0.8840539643923475,144.29922756570966,159.89,Actual
P10235,Staples Product 236,Grocery,Staples,130.94,147.75,Private Label,0.8862267343485617,119.76904453852651,130.94,Actual
P10236,Accessories Product 237,Electronics,Accessories,49620.21,66422.6,Brand B,0.7470380563242028,53118.59793558576,49620.21,Actual
P10237,Outdoor Toys Product 238,Toys,Outdoor Toys,3205.57,3981.85,Brand B,0.8050453934728833,3179.6891079475627,3205.57,Actual
P10238,Home Decor Product 239,Home & Kitchen,Home Decor,3573.89,4009.34,Private Label,0.8913911017773498,3198.8536163236886,3573.89,Actual
P10239,Fiction Product 240,Books,Fiction,170.92,212.39,Brand C,0.8047459861575403,169.30751326579835,170.92,Actual
P10240,Fitness Product 241,Sports,Fitness,3287.13,3753.15,Brand B,0.8758323008672715,3000.1512791019536,3287.13,Actual
P10241,Women Product 242,Fashion,Women,544.1,716.67,Brand A,0.7592057711359482,575.0310485194868,544.1,Actual
P10242,Cookware Product 243,Home & Kitchen,Cookware,17037.56,23498.89,Brand D,0.7250367996105349,18748.599334576902,17037.56,Actual
P10243,Cookware Product 244,Home & Kitchen,Cookware,9284.58,12547.74,Brand C,0.739940419549656,10011.219670990587,9284.58,Actual
P10244,Skincare Product 245,Beauty,Skincare,494.37,664.11,Private Label,0.7444098116275918,529.8849513809804,494.37,Actual
P10245,Non-Fiction Product 246,Books,Non-Fiction,172.74,207.3,Brand D,0.8332850940665701,165.25000000000003,172.74,Actual
P10246,Mobiles Product 247,Electronics,Mobiles,1919.63,2612.47,Brand B,0.7347950407086016,2089.2097501269104,1919.63,Actual
P10247,Children Product 248,Books,Children,143.79,173.38,Brand D,0.8293344099665474,138.21054027978775,143.79,Actual
P10248,Accessories Product 249,Electronics,Accessories,42570.99,58203.57,Private Label,0.7314154441042018,46545.784616165605,42570.99,Actual
P10249,Staples Product 250,Grocery,Staples,563.92,720.21,Brand C,0.782993849016259,583.8163354794733,563.92,Actual
P10250,Women Product 251,Fashion,Women,480.72,585.54,Brand C,0.8209857567373707,469.81690338663583,480.72,Actual
P10251,Skincare Product 252,Beauty,Skincare,1987.36,2498.46,Brand C,0.7954339873361991,1993.4895659263138,1987.36,Actual
P10252,Packaged Foods Product 253,Grocery,Packaged Foods,1616.26,2209.21,Private Label,0.7316008890055721,1790.8289061587693,1616.26,Actual
P10253,Men Product 254,Fashion,Men,939.19,1287.03,Brand C,0.7297343496266598,1032.668048580288,939.19,Actual
P10254,Mobiles Product 255,Electronics,Mobiles,2030.66,2453.74,Private Label,0.8275774939480142,1962.2723063906592,2030.66,Actual
P10255,Accessories Product 256,Electronics,Accessories,728.43,898.27,Private Label,0.8109254455787235,718.3525331377967,728.43,Actual
P10256,Staples Product 257,Grocery,Staples,3411.6,3851.06,Brand A,0.8858859638644945,3121.744681289597,3411.6,Actual
P10257,Academic Product 258,Books,Academic,1661.23,2174.89,Private Label,0.7638225381513548,1733.7220091654606,1661.23,Actual
P10258,Outdoor Product 259,Sports,Outdoor,4153.8,5379.72,Brand C,0.7721219691731168,4300.380703998071,4153.8,Actual
P10259,Action Figures Product 260,Toys,Action Figures,2300.79,3145.36,Brand D,0.7314870157946943,2511.7136337566576,2300.79,Actual
P10260,Academic Product 261,Books,Academic,513.81,667.21,Brand A,0.7700873787862891,531.8690424505548,513.81,Actual
P10261,Personal Care Product 262,Beauty,Personal Care,248.61,340.96,Brand A,0.7291471140309714,272.04766231928306,248.61,Actual
P10262,Cookware Product 263,Home & Kitchen,Cookware,5269.67,6170.16,Brand A,0.8540572691794054,4922.864768090451,5269.67,Actual
P10263,Haircare Product 264,Beauty,Haircare,624.15,847.07,Brand A,0.7368340278843543,675.8664163561565,624.15,Actual
P10264,Accessories Product 265,Electronics,Accessories,4386.71,5753.34,Brand A,0.7624631952917783,4600.984518021321,4386.71,Actual
P10265,Haircare Product 266,Beauty,Haircare,222.13,279.75,Brand C,0.7940303842716712,223.20897915831603,222.13,Actual
P10266,Games Product 267,Toys,Games,250.34,289.03,Brand D,0.8661384631353147,230.80365731257683,250.34,Actual
P10267,Cookware Product 268,Home & Kitchen,Cookware,4941.69,6568.88,Brand B,0.7522880612828975,5240.983688885541,4941.69,Actual
P10268,Packaged Foods Product 269,Grocery,Packaged Foods,463.11,555.2,Brand B,0.8341318443804034,450.05599680399274,463.11,Actual
P10269,Beverages Product 270,Grocery,Beverages,192.95,249.55,Brand A,0.7731917451412542,202.29011888046898,192.95,Actual
P10270,Packaged Foods Product 271,Grocery,Packaged Foods,483.37,544.48,Private Label,0.8877644725242433,441.36615479077443,483.37,Actual
P10271,Makeup Product 272,Beauty,Makeup,645.27,734.01,Brand A,0.8791024645440798,585.6572753958733,645.27,Actual
P10272,Footwear Product 273,Fashion,Footwear,839.71,1153.77,Brand A,0.7277967012489491,925.74486562899,839.71,Actual
P10273,Home Decor Product 274,Home & Kitchen,Home Decor,529.55,682.65,Brand D,0.7757269464586537,544.6525914947014,529.55,Actual
P10274,Outdoor Toys Product 275,Toys,Outdoor Toys,705.64,907.01,Brand B,0.7779848072237351,724.2889154035232,705.64,Actual
P10275,Outdoor Product 276,Sports,Outdoor,10672.16,13539.44,Brand D,0.7882275780977647,10823.006870048934,10672.16,Actual
P10276,Children Product 277,Books,Children,245.93,327.96,Brand D,0.749878033906574,261.43458755426917,245.93,Actual
P10277,Fiction Product 278,Books,Fiction,381.36,508.24,Brand D,0.750354163387376,405.1454896285577,381.36,Actual
P10278,Laptops Product 279,Electronics,Laptops,28144.61,35014.47,Brand D,0.8037994006477893,28001.30608945795,28144.61,Actual
P10279,Action Figures Product 280,Toys,Action Figures,5628.67,6475.22,Private Label,0.8692631292836382,5170.758945104466,5628.67,Actual
P10280,Kitchen Appliances Product 281,Home & Kitchen,Kitchen Appliances,3067.9,4093.67,Brand A,0.7494253322813026,3266.1363425241548,3067.9,Actual
P10281,Games Product 282,Toys,Games,169.9,196.04,Brand C,0.8666598653336055,156.54689471528064,169.9,Actual
P10282,Makeup Product 283,Beauty,Makeup,266.85,321.76,Brand A,0.8293448533068126,256.7282256799992,266.85,Actual
P10283,Children Product 284,Books,Children,567.37,690.57,Brand A,0.8215966520410675,550.4905571635312,567.37,Actual
P10284,Kitchen Appliances Product 285,Home & Kitchen,Kitchen Appliances,2017.64,2373.08,Brand B,0.8502199672998804,1893.3628826254244,2017.64,Actual
P10285,Outdoor Toys Product 286,Toys,Outdoor Toys,1652.27,2002.88,Brand C,0.8249470762102572,1599.3911675542813,1652.27,Actual
P10286,Academic Product 287,Books,Academic,1543.81,2049.82,Private Label,0.7531441785132352,1634.0219729860107,1543.81,Actual
P10287,Academic Product 288,Books,Academic,445.51,610.32,Private Label,0.7299613317603879,486.518958031838,445.51,Actual
P10288,Packaged Foods Product 289,Grocery,Packaged Foods,905.57,1086.57,Brand D,0.8334207644238292,880.7949287595719,905.57,Actual
P10289,Makeup Product 290,Beauty,Makeup,149.91,193.29,Brand B,0.775570386465932,154.22364104204075,149.91,Actual
P10290,Men Product 291,Fashion,Men,689.74,787.74,Private Label,0.8755934699266256,632.0551413631665,689.74,Actual
P10291,Outdoor Toys Product 292,Toys,Outdoor Toys,326.02,393.39,Brand D,0.8287450113119296,314.1398842687423,326.02,Actual
P10292,Beverages Product 293,Grocery,Beverages,2014.83,2265.75,Private Label,0.8892552135054618,1836.6613378217696,2014.83,Actual
P10293,Accessories Product 294,Electronics,Accessories,11413.81,13876.65,Brand A,0.8225191238519383,11097.24991257262,11413.81,Actual
P10294,Accessories Product 295,Electronics,Accessories,1853.51,2128.9,Brand C,0.870642115646578,1702.495583507248,1853.51,Actual
P10295,Equipment Product 296,Sports,Equipment,5108.8,6668.59,Brand A,0.7660989804441419,5330.6632610757615,5108.8,Actual
P10296,Laptops Product 297,Electronics,Laptops,1929.65,2480.48,Brand C,0.7779341095271883,1983.6564634215126,1929.65,Actual
P10297,Non-Fiction Product 298,Books,Non-Fiction,2183.75,2851.59,Private Label,0.7658008339207248,2273.1560419681623,2183.75,Actual
P10298,Equipment Product 299,Sports,Equipment,942.64,1223.79,Brand D,0.7702628718979564,978.2596309372606,942.64,Actual
P10299,Audio Product 300,Electronics,Audio,3911.54,4708.56,Brand A,0.8307295648775845,3765.466956963168,3911.54,Actual
P10300,Home Decor Product 301,Home & Kitchen,Home Decor,773.07,925.81,Brand D,0.8350201445220943,738.6579004346436,773.07,Actual
P10301,Footwear Product 302,Fashion,Footwear,2253.09,2674.89,Private Label,0.8423112726130795,2146.238577552137,2253.09,Actual
P10302,Packaged Foods Product 303,Grocery,Packaged Foods,165.21,199.06,Brand D,0.8299507686124786,161.36193574171972,165.21,Actual
P10303,Fiction Product 304,Books,Fiction,357.31,405.94,Brand B,0.8802039710302015,323.59664737096,357.31,Actual
P10304,Academic Product 305,Books,Academic,393.37,451.99,Brand B,0.8703068651961327,360.30558369512784,393.37,Actual
P10305,Home Decor Product 306,Home & Kitchen,Home Decor,1444.1,1698.46,Brand A,0.850240806377542,1355.1170300301626,1444.1,Actual
P10306,Mobiles Product 307,Electronics,Mobiles,9823.17,11393.5,Brand B,0.862173168912099,9111.458232274803,9823.17,Actual
P10307,Personal Care Product 308,Beauty,Personal Care,4452.6,5294.58,Brand D,0.8409732216719741,4224.478273001026,4452.6,Actual
P10308,Games Product 309,Toys,Games,742.74,995.28,Brand D,0.7462623583313239,794.7765424006556,742.74,Actual
P10309,Audio Product 310,Electronics,Audio,1918.45,2582.96,Brand A,0.7427331433703968,2065.6104055502283,1918.45,Actual
P10310,Educational Product 311,Toys,Educational,309.08,365.9,Brand B,0.8447116698551517,292.1878635804998,309.08,Actual
P10311,Academic Product 312,Books,Academic,222.43,278.69,Brand C,0.7981269510926119,222.15881572600097,222.43,Actual
P10312,Outdoor Product 313,Sports,Outdoor,599.71,722.4,Brand B,0.8301633444075305,577.4640725852287,599.71,Actual
P10313,Academic Product 314,Books,Academic,293.75,338.13,Private Label,0.8687487061189484,269.5416425470333,293.75,Actual
P10314,Action Figures Product 315,Toys,Action Figures,2298.5,2728.29,Brand A,0.8424690923618824,2178.6641878328555,2298.5,Actual
P10315,Footwear Product 316,Fashion,Footwear,815.95,1024.86,Brand D,0.7961575239544915,822.3119711801544,815.95,Actual
P10316,Cookware Product 317,Home & Kitchen,Cookware,5646.14,7622.06,Brand C,0.7407629958305235,6081.263797741308,5646.14,Actual
P10317,Sportswear Product 318,Sports,Sportswear,1348.05,1553.95,Brand D,0.8674989542778081,1242.179257466523,1348.05,Actual
P10318,Women Product 319,Fashion,Women,3646.59,4216.13,Brand A,0.8649140325369474,3382.8758767556396,3646.59,Actual
P10319,Skincare Product 320,Beauty,Skincare,215.34,261.73,Brand C,0.8227562755511404,208.83104956248815,215.34,Actual
P10320,Footwear Product 321,Fashion,Footwear,724.45,962.0,Brand D,0.7530665280665281,771.8752964066396,724.45,Actual
P10321,Laptops Product 322,Electronics,Laptops,51244.71,67557.66,Brand C,0.7585329332010611,54026.313017090644,51244.71,Actual
P10322,Cookware Product 323,Home & Kitchen,Cookware,11400.77,14787.37,Brand D,0.77098023516014,11798.109414620967,11400.77,Actual
P10323,Haircare Product 324,Beauty,Haircare,343.09,413.94,Private Label,0.8288399284920519,330.2774792950611,343.09,Actual
P10324,Home Decor Product 325,Home & Kitchen,Home Decor,5212.83,6247.41,Private Label,0.8343985747693844,4984.498713293653,5212.83,Actual
P10325,Fiction Product 326,Books,Fiction,1232.91,1581.79,Brand D,0.7794397486392,1260.9300410033768,1232.91,Actual
P10326,Home Decor Product 327,Home & Kitchen,Home Decor,2160.81,2432.07,Brand A,0.8884653813418198,1940.4280790983937,2160.81,Actual
P10327,Beverages Product 328,Grocery,Beverages,2828.74,3493.42,Brand C,0.809733727980031,2831.834690841146,2828.74,Actual
P10328,Action Figures Product 329,Toys,Action Figures,1547.8,1783.75,Brand B,0.8677224947442186,1424.4058531339617,1547.8,Actual
P10329,Mobiles Product 330,Electronics,Mobiles,2004.86,2685.62,Brand B,0.746516633030734,2147.708294884088,2004.86,Actual
P10330,Mobiles Product 331,Electronics,Mobiles,4758.81,6258.26,Brand C,0.7604046492155967,5004.772422584466,4758.81,Actual
P10331,Accessories Product 332,Electronics,Accessories,19763.33,22574.82,Brand C,0.8754590291306864,18053.234697952506,19763.33,Actual
P10332,Children Product 333,Books,Children,119.0,155.95,Brand C,0.7630650849631293,124.31614809454896,119.0,Actual
P10333,Footwear Product 334,Fashion,Footwear,1601.36,1949.91,Private Label,0.821248160171495,1564.5398744451877,1601.36,Actual
P10334,Staples Product 335,Grocery,Staples,2809.51,3759.31,Private Label,0.7473472525543252,3047.3703338350465,2809.51,Actual
P10335,Accessories Product 336,Fashion,Accessories,521.68,588.5,Brand C,0.8864570943075615,472.1919042986563,521.68,Actual
P10336,Snacks Product 337,Grocery,Snacks,3153.47,3894.63,Brand A,0.8096969416863732,3157.063376860112,3153.47,Actual
P10337,Educational Product 338,Toys,Educational,428.08,490.14,Brand C,0.8733831150283592,391.3991786153216,428.08,Actual
P10338,Storage Product 339,Home & Kitchen,Storage,166.12,199.76,Brand C,0.8315979175010013,159.37860056688135,166.12,Actual
P10339,Educational Product 340,Toys,Educational,2820.23,3418.15,Brand C,0.8250749674531545,2729.548909258501,2820.23,Actual
P10340,Action Figures Product 341,Toys,Action Figures,674.84,883.74,Private Label,0.7636182587638899,705.7067574764442,674.84,Actual
P10341,Academic Product 342,Books,Academic,114.7,145.06,Brand D,0.7907072935337102,115.63514230583696,114.7,Actual
P10342,Women Product 343,Fashion,Women,6650.6,7672.56,Brand D,0.8668032573221975,6156.194931598468,6650.6,Actual
P10343,Fiction Product 344,Books,Fiction,1910.43,2288.75,Brand A,0.8347045330420535,1824.4859503135553,1910.43,Actual
P10344,Outdoor Toys Product 345,Toys,Outdoor Toys,3299.53,4119.86,Brand A,0.8008840106217203,3289.8963969684555,3299.53,Actual
P10345,Packaged Foods Product 346,Grocery,Packaged Foods,647.4,760.39,Brand A,0.8514051999631768,616.3870306372262,647.4,Actual
P10346,Accessories Product 347,Fashion,Accessories,5066.4,6055.62,Private Label,0.8366443072715923,4858.818588800389,5066.4,Actual
P10347,Staples Product 348,Grocery,Staples,765.7,862.01,Brand C,0.8882727578566375,698.7621934528273,765.7,Actual
P10348,Fiction Product 349,Books,Fiction,218.23,277.09,Brand A,0.78757804323505,220.8833695127834,218.23,Actual
P10349,Storage Product 350,Home & Kitchen,Storage,2851.65,3488.19,Brand B,0.8175156743181994,2783.0538681987878,2851.65,Actual
P10350,Packaged Foods Product 351,Grocery,Packaged Foods,300.47,391.8,Private Label,0.7668963757018887,317.6007556696764,300.47,Actual
P10351,Home Decor Product 352,Home & Kitchen,Home Decor,12595.08,16726.52,Brand D,0.7530006241585219,13345.261063045416,12595.08,Actual
P10352,Outdoor Product 353,Sports,Outdoor,4107.16,4954.02,Brand C,0.8290559989664958,3960.0893755103475,4107.16,Actual
P10353,Fiction Product 354,Books,Fiction,296.85,407.42,Private Label,0.7286092975308036,324.7764351181862,296.85,Actual
P10354,Footwear Product 355,Fashion,Footwear,266.71,345.87,Brand A,0.7711278804174978,277.5140423785493,266.71,Actual
P10355,Mobiles Product 356,Electronics,Mobiles,5966.44,7643.2,Brand B,0.7806206824366757,6112.3182130971845,5966.44,Actual
P10356,Laptops Product 357,Electronics,Laptops,7690.19,9166.28,Private Label,0.8389652072596516,7330.33548649106,7690.19,Actual
P10357,Sportswear Product 358,Sports,Sportswear,255.65,338.14,Brand C,0.7560477908558586,270.29859012177354,255.65,Actual
P10358,Storage Product 359,Home & Kitchen,Storage,476.09,619.66,Brand B,0.768308427202014,494.39599332836247,476.09,Actual
P10359,Children Product 360,Books,Children,404.17,501.97,Brand B,0.8051676395003685,400.14733478051136,404.17,Actual
P10360,Cookware Product 361,Home & Kitchen,Cookware,9739.21,11647.31,Private Label,0.8361767652788498,9292.811214300375,9739.21,Actual
P10361,Makeup Product 362,Beauty,Makeup,1316.46,1605.96,Brand A,0.8197339908839573,1281.375128397102,1316.46,Actual
P10362,Packaged Foods Product 363,Grocery,Packaged Foods,77.9,95.5,Brand B,0.8157068062827225,77.41417091999514,77.9,Actual
P10363,Kitchen Appliances Product 364,Home & Kitchen,Kitchen Appliances,12568.93,17053.2,Brand D,0.7370423146388947,13605.902839342916,12568.93,Actual
P10364,Beverages Product 365,Grocery,Beverages,1610.73,1892.31,Brand D,0.8511977424417776,1533.943557838911,1610.73,Actual
P10365,Laptops Product 366,Electronics,Laptops,1812.22,2454.62,Brand D,0.7382894297284305,1962.976048282475,1812.22,Actual
P10366,Educational Product 367,Toys,Educational,567.11,771.88,Brand C,0.7347126496346582,616.3814379352725,567.11,Actual
P10367,Accessories Product 368,Electronics,Accessories,30273.65,41585.44,Brand B,0.7279867665221289,33256.15479271251,30273.65,Actual
P10368,Accessories Product 369,Electronics,Accessories,32225.96,43925.91,Brand B,0.7336435374930195,35127.84432173276,32225.96,Actual
P10369,Storage Product 370,Home & Kitchen,Storage,1071.68,1426.76,Private Label,0.7511284308503182,1138.3410700080278,1071.68,Actual
P10370,Academic Product 371,Books,Academic,260.69,292.98,Private Label,0.889787698819032,233.55014471780032,260.69,Actual
P10371,Educational Product 372,Toys,Educational,402.96,521.91,Brand C,0.7720871414611715,416.76897480540765,402.96,Actual
P10372,Personal Care Product 373,Beauty,Personal Care,1295.1,1548.93,Brand D,0.8361255834672967,1235.8716142544788,1295.1,Actual
P10373,Mobiles Product 374,Electronics,Mobiles,3012.88,3989.78,Private Label,0.7551494067342058,3190.65377855491,3012.88,Actual
P10374,Children Product 375,Books,Children,733.31,943.83,Private Label,0.7769513577656992,752.3777496382056,733.31,Actual
P10375,Mobiles Product 376,Electronics,Mobiles,3220.38,4164.31,Brand A,0.7733285946531357,3330.2265880760337,3220.38,Actual
P10376,Cookware Product 377,Home & Kitchen,Cookware,1687.82,2178.37,Brand B,0.7748086872294422,1738.0134266964221,1687.82,Actual
P10377,Laptops Product 378,Electronics,Laptops,20583.58,23264.44,Brand C,0.8847657626833056,18604.728429127415,20583.58,Actual
P10378,Laptops Product 379,Electronics,Laptops,4243.44,5630.87,Brand C,0.7536029068332246,4503.044439054656,4243.44,Actual
P10379,Action Figures Product 380,Toys,Action Figures,1429.84,1653.7,Brand A,0.8646308278405997,1320.5549877099552,1429.84,Actual
P10380,Mobiles Product 381,Electronics,Mobiles,3532.84,4025.16,Private Label,0.8776893340885829,3218.9474014326806,3532.84,Actual
P10381,Skincare Product 382,Beauty,Skincare,1067.0,1330.61,Brand A,0.8018878559457693,1061.6768534686216,1067.0,Actual
P10382,Sportswear Product 383,Sports,Sportswear,277.97,335.72,Brand A,0.8279816513761468,268.36411745336795,277.97,Actual
P10383,Equipment Product 384,Sports,Equipment,11557.18,15793.67,Brand B,0.7317602558493371,12624.968160668812,11557.18,Actual
P10384,Academic Product 385,Books,Academic,208.67,268.3,Private Label,0.7777487886693999,213.87638687891945,208.67,Actual
P10385,Fitness Product 386,Sports,Fitness,11928.8,16225.7,Private Label,0.7351793759283112,12970.319494111498,11928.8,Actual
P10386,Action Figures Product 387,Toys,Action Figures,3001.12,3905.68,Brand B,0.7683988447594273,3118.8638836542405,3001.12,Actual
P10387,Sportswear Product 388,Sports,Sportswear,6725.35,8410.74,Brand D,0.7996145404566067,6723.283740110031,6725.35,Actual
P10388,Fiction Product 389,Books,Fiction,2183.37,2684.08,Private Label,0.8134519090340079,2139.6247949831163,2183.37,Actual
P10389,Staples Product 390,Grocery,Staples,404.7,534.04,Brand C,0.757808403864879,432.90328626297594,404.7,Actual
P10390,Non-Fiction Product 391,Books,Non-Fiction,1063.24,1376.21,Brand A,0.7725855792357271,1097.0511456825857,1063.24,Actual
P10391,Fitness Product 392,Sports,Fitness,3735.39,4223.53,Brand B,0.8844236929772016,3376.1584087567703,3735.39,Actual
P10392,Equipment Product 393,Sports,Equipment,553.7,742.72,Private Label,0.7455030159414046,593.7072480488664,553.7,Actual
P10393,Accessories Product 394,Electronics,Accessories,45771.53,60107.94,Brand B,0.7614889147756518,48068.72205538947,45771.53,Actual
P10394,Footwear Product 395,Fashion,Footwear,528.76,592.56,Private Label,0.8923315782368031,475.44950690095453,528.76,Actual
P10395,Cookware Product 396,Home & Kitchen,Cookware,449.96,548.05,Private Label,0.8210199799288387,437.26192451281196,449.96,Actual
P10396,Footwear Product 397,Fashion,Footwear,5331.22,7069.1,Brand B,0.754158237965229,5671.999644312033,5331.22,Actual
P10397,Games Product 398,Toys,Games,1356.48,1825.81,Brand D,0.7429469660041297,1457.9926843506762,1356.48,Actual
P10398,Academic Product 399,Books,Academic,188.07,229.06,Brand A,0.8210512529468261,182.59606849975881,188.07,Actual
P10399,Home Decor Product 400,Home & Kitchen,Home Decor,4354.46,5963.21,Brand A,0.7302208038958883,4757.749622979738,4354.46,Actual
P10400,Men Product 401,Fashion,Men,6268.2,8144.38,Brand A,0.7696350121187862,6534.766867513832,6268.2,Actual
P10401,Games Product 402,Toys,Games,367.26,427.24,Brand A,0.8596105233592359,341.1706554690701,367.26,Actual
P10402,Accessories Product 403,Electronics,Accessories,850.68,1063.74,Brand C,0.7997066952450786,850.68,850.68,Actual
P10403,Accessories Product 404,Fashion,Accessories,1306.07,1558.7,Brand D,0.8379226278308847,1250.6465951237308,1306.07,Actual
P10404,Outdoor Toys Product 405,Toys,Outdoor Toys,177.54,223.78,Brand D,0.7933684869067834,178.69855182302337,177.54,Actual
P10405,Non-Fiction Product 406,Books,Non-Fiction,1501.47,2058.06,Private Label,0.7295559896212939,1640.590520984081,1501.47,Actual
P10406,Storage Product 407,Home & Kitchen,Storage,8986.96,11259.76,Brand A,0.7981484507662685,8983.60428273402,8986.96,Actual
P10407,Audio Product 408,Electronics,Audio,737.41,916.83,Brand B,0.8043039603852403,733.1950894015455,737.41,Actual
P10408,Staples Product 409,Grocery,Staples,339.69,417.73,Brand A,0.8131807626936058,338.620121658739,339.69,Actual
P10409,Non-Fiction Product 410,Books,Non-Fiction,725.94,983.02,Private Label,0.738479379870196,783.6182103232031,725.94,Actual
P10410,Academic Product 411,Books,Academic,1650.36,1860.97,Brand D,0.8868278370957081,1483.4794621321757,1650.36,Actual
P10411,Women Product 412,Fashion,Women,374.78,491.63,Brand A,0.762321257856518,394.4667899920958,374.78,Actual
P10412,Outdoor Toys Product 413,Toys,Outdoor Toys,321.69,430.69,Brand A,0.7469177366551348,343.9256380581729,321.69,Actual
P10413,Home Decor Product 414,Home & Kitchen,Home Decor,14173.4,19246.89,Brand D,0.7363994910346555,15356.139334524943,14173.4,Actual
P10414,Footwear Product 415,Fashion,Footwear,316.58,356.61,Brand C,0.8877485207930231,286.1314443363531,316.58,Actual
P10415,Home Decor Product 416,Home & Kitchen,Home Decor,4720.71,6330.42,Brand D,0.7457182935729383,5050.728276935308,4720.71,Actual
P10416,Snacks Product 417,Grocery,Snacks,103.67,126.3,Brand D,0.8208234362628662,102.38125431618205,103.67,Actual
P10417,Snacks Product 418,Grocery,Snacks,147.79,180.97,Private Label,0.8166546941482014,146.69782734441384,147.79,Actual
P10418,Academic Product 419,Books,Academic,1105.12,1249.36,Brand C,0.884548889031184,995.932175590931,1105.12,Actual
P10419,Home Decor Product 420,Home & Kitchen,Home Decor,469.93,630.63,Brand A,0.7451754594611738,503.14841247242884,469.93,Actual
P10420,Storage Product 421,Home & Kitchen,Storage,685.25,927.34,Brand A,0.7389414885586731,739.8786115823576,685.25,Actual
P10421,Skincare Product 422,Beauty,Skincare,317.26,370.88,Brand C,0.8554249352890423,295.9204510821671,317.26,Actual
P10422,Educational Product 423,Toys,Educational,171.97,229.92,Private Label,0.7479558107167711,183.6016222859484,171.97,Actual
P10423,Sportswear Product 424,Sports,Sportswear,9174.02,11670.37,Brand A,0.7860950424022546,9328.930493876627,9174.02,Actual
P10424,Packaged Foods Product 425,Grocery,Packaged Foods,2084.29,2829.21,Brand B,0.736703885536952,2293.4130524456486,2084.29,Actual
P10425,Skincare Product 426,Beauty,Skincare,872.25,1152.45,Brand A,0.7568658076272289,919.5252476532665,872.25,Actual
P10426,Personal Care Product 427,Beauty,Personal Care,521.05,610.04,Brand A,0.8541243197167399,486.74318372024703,521.05,Actual
P10427,Haircare Product 428,Beauty,Haircare,3994.63,5127.0,Brand D,0.7791359469475327,4090.768315083776,3994.63,Actual
P10428,Children Product 429,Books,Children,835.43,978.21,Brand C,0.8540395211662116,779.7839001447179,835.43,Actual
P10429,Accessories Product 430,Fashion,Accessories,6294.09,8290.61,Private Label,0.7591829792982663,6652.09672675868,6294.09,Actual
P10430,Outdoor Product 431,Sports,Outdoor,300.46,380.7,Brand A,0.7892303651168899,304.31972928183353,300.46,Actual
P10431,Action Figures Product 432,Toys,Action Figures,680.16,881.52,Brand C,0.7715763680914783,703.9339860712823,680.16,Actual
P10432,Mobiles Product 433,Electronics,Mobiles,14591.91,17831.73,Brand C,0.8183115154839155,14260.153868802527,14591.91,Actual
P10433,Personal Care Product 434,Beauty,Personal Care,1030.09,1167.29,Brand D,0.8824627984476865,931.365895555713,1030.09,Actual
P10434,Beverages Product 435,Grocery,Beverages,309.55,385.44,Brand D,0.8031081361560813,312.44521507228194,309.55,Actual
P10435,Laptops Product 436,Electronics,Laptops,9935.71,11601.48,Brand C,0.8564174570830618,9277.781230751874,9935.71,Actual
P10436,Children Product 437,Books,Children,1917.13,2487.35,Brand D,0.770752005146039,1982.8007115291848,1917.13,Actual
P10437,Beverages Product 438,Grocery,Beverages,1119.27,1497.69,Brand A,0.7473308895699377,1214.0568549232203,1119.27,Actual
P10438,Accessories Product 439,Fashion,Accessories,256.56,288.32,Brand A,0.8898446170921199,231.3379266735575,256.56,Actual
P10439,Haircare Product 440,Beauty,Haircare,851.14,1087.5,Brand A,0.7826574712643678,867.702465896939,851.14,Actual
P10440,Packaged Foods Product 441,Grocery,Packaged Foods,150.5,176.09,Brand B,0.854676585836788,142.7420037413816,150.5,Actual
P10441,Makeup Product 442,Beauty,Makeup,180.71,221.21,Brand B,0.8169160526196827,176.50065515499944,180.71,Actual
P10442,Staples Product 443,Grocery,Staples,2163.8,2538.49,Brand D,0.8523965034331434,2057.7497250125493,2163.8,Actual
P10443,Storage Product 444,Home & Kitchen,Storage,284.5,364.91,Brand B,0.7796442958537722,291.1435979818816,284.5,Actual
P10444,Home Decor Product 445,Home & Kitchen,Home Decor,272.21,343.5,Brand B,0.7924599708879184,274.06162041812047,272.21,Actual
P10445,Home Decor Product 446,Home & Kitchen,Home Decor,283.7,356.16,Brand A,0.7965521114106019,284.16240677763545,283.7,Actual
P10446,Children Product 447,Books,Children,233.47,320.31,Brand B,0.7288876400986544,255.33636034732274,233.47,Actual
P10447,Cookware Product 448,Home & Kitchen,Cookware,3109.13,4193.82,Brand C,0.7413599057661036,3346.0410624218975,3109.13,Actual
P10448,Skincare Product 449,Beauty,Skincare,985.62,1184.4,Private Label,0.8321681864235055,945.0177476858249,985.62,Actual
P10449,Home Decor Product 450,Home & Kitchen,Home Decor,1670.56,2093.36,Private Label,0.7980280505980815,1670.1881622080834,1670.56,Actual
P10450,Games Product 451,Toys,Games,1246.11,1536.33,Brand B,0.8110952725000488,1226.829681482999,1246.11,Actual
P10451,Snacks Product 452,Grocery,Snacks,1179.78,1610.74,Brand A,0.7324459565168804,1305.6973996614972,1179.78,Actual
P10452,Home Decor Product 453,Home & Kitchen,Home Decor,5796.23,6981.5,Private Label,0.830227028575521,5570.192730565089,5796.23,Actual
P10453,Snacks Product 454,Grocery,Snacks,144.35,183.02,Private Label,0.7887116162168069,148.35959750552368,144.35,Actual
P10454,Academic Product 455,Books,Academic,537.41,671.17,Brand C,0.8007062294202661,535.0257718282681,537.41,Actual
P10455,Games Product 456,Toys,Games,1302.0,1501.27,Private Label,0.867265715027943,1198.8326700122902,1302.0,Actual
P10456,Games Product 457,Toys,Games,712.19,938.44,Brand D,0.7589084011764204,749.387206063089,712.19,Actual
P10457,Accessories Product 458,Electronics,Accessories,4415.41,5173.49,Brand A,0.8534683550175993,4137.2745907834615,4415.41,Actual
P10458,Educational Product 459,Toys,Educational,405.85,477.49,Private Label,0.8499654443024985,381.29757578861125,405.85,Actual
P10459,Action Figures Product 460,Toys,Action Figures,2983.29,3392.69,Brand B,0.879328792197342,2709.2179362966003,2983.29,Actual
P10460,Fitness Product 461,Sports,Fitness,11022.15,14223.15,Brand B,0.7749443688634374,11369.543361005808,11022.15,Actual
P10461,Men Product 462,Fashion,Men,3763.85,4814.34,Private Label,0.7817997897946551,3862.8587468839305,3763.85,Actual
P10462,Educational Product 463,Toys,Educational,189.79,217.72,Brand B,0.8717159654602241,173.8593650143384,189.79,Actual
P10463,Games Product 464,Toys,Games,318.09,428.35,Private Label,0.7425936733979221,342.057041171651,318.09,Actual
P10464,Beverages Product 465,Grocery,Beverages,1022.97,1190.79,Private Label,0.85906834958305,965.2777025112148,1022.97,Actual
P10465,Makeup Product 466,Beauty,Makeup,199.75,232.16,Brand B,0.8603980013783598,185.23752136334102,199.75,Actual
P10466,Sportswear Product 467,Sports,Sportswear,490.41,675.09,Private Label,0.7264364751366484,539.6459312867692,490.41,Actual
P10467,Games Product 468,Toys,Games,4837.49,6328.97,Brand D,0.7643408011098172,5053.971639696846,4837.49,Actual
P10468,Educational Product 469,Toys,Educational,1003.24,1363.31,Brand B,0.7358854552522904,1088.665308275297,1003.24,Actual
P10469,Beverages Product 470,Grocery,Beverages,64.49,74.13,Brand A,0.8699581815729124,60.091230264913506,64.49,Actual
P10470,Snacks Product 471,Grocery,Snacks,203.59,272.93,Brand B,0.7459421829773202,221.24240491302905,203.59,Actual
P10471,Fiction Product 472,Books,Fiction,335.14,408.65,Brand D,0.8201150128471798,325.7569343945972,335.14,Actual
P10472,Outdoor Toys Product 473,Toys,Outdoor Toys,1479.82,1864.62,Brand C,0.7936308738509723,1488.9842421138878,1479.82,Actual
P10473,Equipment Product 474,Sports,Equipment,701.95,825.65,Private Label,0.8501786471265065,659.9989085409663,701.95,Actual
P10474,Action Figures Product 475,Toys,Action Figures,261.4,326.48,Brand D,0.8006616025483949,260.70919295370754,261.4,Actual
P10475,Equipment Product 476,Sports,Equipment,882.3,1024.95,Brand D,0.8608224791453241,819.3131245794991,882.3,Actual
P10476,Outdoor Toys Product 477,Toys,Outdoor Toys,371.87,463.09,Brand B,0.8030188516271136,369.79851802539946,371.87,Actual
P10477,Staples Product 478,Grocery,Staples,964.06,1307.08,Brand C,0.737567708173945,1059.544654723636,964.06,Actual
P10478,Men Product 479,Fashion,Men,597.52,731.05,Private Label,0.8173449148485056,586.5690597069374,597.52,Actual
P10479,Educational Product 480,Toys,Educational,771.16,919.39,Brand C,0.8387735346262195,734.1749108971734,771.16,Actual
P10480,Non-Fiction Product 481,Books,Non-Fiction,691.15,847.62,Brand B,0.8154007692126188,675.6835745296672,691.15,Actual
P10481,Accessories Product 482,Fashion,Accessories,1415.16,1734.94,Brand B,0.8156823867107796,1392.055433209704,1415.16,Actual
P10482,Sportswear Product 483,Sports,Sportswear,1144.89,1477.27,Brand D,0.7750038923148782,1180.8836524196854,1144.89,Actual
P10483,Home Decor Product 484,Home & Kitchen,Home Decor,228.03,297.36,Brand C,0.7668482647296206,237.24880188510133,228.03,Actual
P10484,Outdoor Product 485,Sports,Outdoor,3056.44,4174.6,Brand C,0.7321515833852345,3337.0452898868994,3056.44,Actual
P10485,Mobiles Product 486,Electronics,Mobiles,21497.41,28318.22,Brand A,0.7591370502807027,22646.27013142309,21497.41,Actual
P10486,Children Product 487,Books,Children,120.27,165.94,Brand C,0.724780040978667,132.2797153883261,120.27,Actual
P10487,Educational Product 488,Toys,Educational,1627.96,2237.77,Brand D,0.7274921015117729,1786.9615618598937,1627.96,Actual
P10488,Personal Care Product 489,Beauty,Personal Care,1226.17,1376.08,Brand A,0.8910601127841405,1097.9567901346757,1226.17,Actual
P10489,Action Figures Product 490,Toys,Action Figures,310.69,413.35,Brand B,0.7516390468126285,330.0788560016387,310.69,Actual
P10490,Packaged Foods Product 491,Grocery,Packaged Foods,651.02,846.57,Brand C,0.7690090600895377,686.2462269711025,651.02,Actual
P10491,Mobiles Product 492,Electronics,Mobiles,45093.77,53152.43,Brand B,0.8483858593106655,42506.35413954538,45093.77,Actual
P10492,Accessories Product 493,Electronics,Accessories,871.05,1179.66,Brand C,0.738390722750623,943.3820001128096,871.05,Actual
P10493,Fitness Product 494,Sports,Fitness,8425.69,11570.62,Brand C,0.7281969332671888,9249.193448970238,8425.69,Actual
P10494,Men Product 495,Fashion,Men,259.51,334.45,Brand D,0.7759306323815219,268.3510321031191,259.51,Actual
P10495,Fitness Product 496,Sports,Fitness,11680.66,15776.08,Brand D,0.7404031926815787,12610.907262223664,11680.66,Actual
P10496,Makeup Product 497,Beauty,Makeup,576.5,713.53,Brand D,0.8079548161955349,569.3165429806371,576.5,Actual
P10497,Games Product 498,Toys,Games,1611.79,1966.79,Brand A,0.8195028447368555,1570.5716540352316,1611.79,Actual
P10498,Educational Product 499,Toys,Educational,6188.75,7987.42,Private Label,0.774812142093442,6378.319719377305,6188.75,Actual
P10499,Personal Care Product 500,Beauty,Personal Care,1030.26,1205.75,Brand A,0.854455732946299,962.0526420737785,1030.26,Actual
P10500,Academic Product 501,Books,Academic,129.72,150.9,Brand C,0.8596421471172961,120.29052098408106,129.72,Actual
P10501,Non-Fiction Product 502,Books,Non-Fiction,186.88,244.84,Private Label,0.7632739748407122,195.175156777617,186.88,Actual
P10502,Men Product 503,Fashion,Men,7538.28,9145.34,Brand D,0.8242755326756577,7337.902311059768,7538.28,Actual
P10503,Kitchen Appliances Product 504,Home & Kitchen,Kitchen Appliances,274.22,377.39,Private Label,0.7266223270356926,301.10077126519496,274.22,Actual
P10504,Outdoor Product 505,Sports,Outdoor,225.32,259.4,Brand C,0.8686198920585968,207.3562852001776,225.32,Actual
P10505,Accessories Product 506,Fashion,Accessories,292.03,397.16,Private Label,0.7352955987511329,318.6673521006871,292.03,Actual
P10506,Kitchen Appliances Product 507,Home & Kitchen,Kitchen Appliances,471.63,530.32,Private Label,0.8893309699803891,423.11603650695093,471.63,Actual
P10507,Skincare Product 508,Beauty,Skincare,1215.01,1472.57,Brand A,0.8250949021099168,1174.944938120327,1215.01,Actual
P10508,Accessories Product 509,Electronics,Accessories,1241.73,1494.42,Brand C,0.8309109888786285,1195.0976795081506,1241.73,Actual
P10509,Personal Care Product 510,Beauty,Personal Care,4346.3,4934.94,Brand A,0.8807199276992224,3937.526075451439,4346.3,Actual
P10510,Snacks Product 511,Grocery,Snacks,192.52,231.76,Brand B,0.830686917500863,187.86919636039866,192.52,Actual
P10511,Outdoor Toys Product 512,Toys,Outdoor Toys,5110.81,6147.26,Private Label,0.8313964270260247,4908.867904547317,5110.81,Actual
P10512,Laptops Product 513,Electronics,Laptops,5089.67,6296.86,Brand D,0.8082869874826502,5035.641101020926,5089.67,Actual
P10513,Accessories Product 514,Fashion,Accessories,7568.73,10101.38,Brand C,0.7492768314824312,8104.995511035447,7568.73,Actual
P10514,Snacks Product 515,Grocery,Snacks,436.08,600.91,Brand B,0.7256993559767686,487.1094182987882,436.08,Actual
P10515,Accessories Product 516,Fashion,Accessories,2456.36,3299.33,Private Label,0.7445026717545684,2647.26748616769,2456.36,Actual
P10516,Sportswear Product 517,Sports,Sportswear,7289.23,8997.81,Brand D,0.8101115715935322,7192.569223350078,7289.23,Actual
P10517,Snacks Product 518,Grocery,Snacks,841.44,962.87,Brand D,0.8738874406721573,780.5212853794317,841.44,Actual
P10518,Accessories Product 519,Fashion,Accessories,335.71,449.03,Brand D,0.7476337883883036,360.2860336231531,335.71,Actual
P10519,Games Product 520,Toys,Games,1853.39,2097.86,Brand A,0.8834669615703622,1675.2370360507991,1853.39,Actual
P10520,Women Product 521,Fashion,Women,6387.42,7737.49,Brand D,0.8255157680333028,6208.292502280051,6387.42,Actual
P10521,Laptops Product 522,Electronics,Laptops,19259.1,24261.81,Brand A,0.7938031004282037,19402.331895764004,19259.1,Actual
P10522,Academic Product 523,Books,Academic,983.8,1281.44,Brand A,0.7677300536895991,1021.5048721659432,983.8,Actual
P10523,Action Figures Product 524,Toys,Action Figures,2285.04,3120.65,Brand C,0.7322320670373159,2491.981570053257,2285.04,Actual
P10524,Storage Product 525,Home & Kitchen,Storage,1978.92,2245.95,Brand B,0.8811059907834102,1791.9321583059027,1978.92,Actual
P10525,Men Product 526,Fashion,Men,1484.61,2003.36,Brand C,0.7410600191677981,1607.4262929409617,1484.61,Actual
P10526,Storage Product 527,Home & Kitchen,Storage,6558.25,8341.68,Brand D,0.7862025395364003,6655.4129193869785,6558.25,Actual
P10527,Storage Product 528,Home & Kitchen,Storage,455.75,568.96,Brand C,0.8010229190101237,453.94497686490195,455.75,Actual
P10528,Beverages Product 529,Grocery,Beverages,3445.39,4194.4,Brand B,0.8214261872973488,3400.0628115898176,3445.39,Actual
P10529,Skincare Product 530,Beauty,Skincare,2726.65,3488.88,Private Label,0.7815258764990484,2783.7331303158735,2726.65,Actual
P10530,Kitchen Appliances Product 531,Home & Kitchen,Kitchen Appliances,739.83,859.65,Brand C,0.8606176932472519,685.8721164263093,739.83,Actual
P10531,Accessories Product 532,Electronics,Accessories,5968.36,7133.51,Brand B,0.8366652601594445,5704.715707597721,5968.36,Actual
P10532,Kitchen Appliances Product 533,Home & Kitchen,Kitchen Appliances,13604.28,15744.98,Private Label,0.864039204876729,12562.138958517899,13604.28,Actual
P10533,Action Figures Product 534,Toys,Action Figures,405.5,533.18,Brand D,0.7605311527064031,425.76858459647684,405.5,Actual
P10534,Haircare Product 535,Beauty,Haircare,425.85,576.6,Brand D,0.7385535900104059,460.0618315734943,425.85,Actual
P10535,Educational Product 536,Toys,Educational,1631.32,1832.82,Brand C,0.8900601259261685,1463.5904895534618,1631.32,Actual
P10536,Equipment Product 537,Sports,Equipment,,522.38,Private Label,,417.57431095940166,417.57431095940166,Estimated
P10537,Outdoor Toys Product 538,Toys,Outdoor Toys,2456.11,2959.92,Brand B,0.8297893186302333,2363.6313232281855,2456.11,Actual
P10538,Packaged Foods Product 539,Grocery,Packaged Foods,249.76,290.61,Brand C,0.8594336051753209,235.57415927811297,249.76,Actual
P10539,Packaged Foods Product 540,Grocery,Packaged Foods,2052.29,2672.93,Brand B,0.7678053671439208,2166.7294227977236,2052.29,Actual
P10540,Women Product 541,Fashion,Women,6251.34,7280.24,Brand A,0.8586722415744537,5841.411026935003,6251.34,Actual
P10541,Skincare Product 542,Beauty,Skincare,1607.5,2210.02,Private Label,0.727368983086126,1763.3469459140717,1607.5,Actual
P10542,Outdoor Product 543,Sports,Outdoor,2936.78,3576.15,Private Label,0.8212127567355956,2858.6629888921175,2936.78,Actual
P10543,Educational Product 544,Toys,Educational,2756.27,3184.4,Brand C,0.8655539505087301,2542.8888570258096,2756.27,Actual
P10544,Children Product 545,Books,Children,1759.32,2401.84,Brand D,0.7324884255404189,1914.636082971539,1759.32,Actual
P10545,Laptops Product 546,Electronics,Laptops,7043.46,8013.22,Brand A,0.8789799855738392,6408.2256844717695,7043.46,Actual
P10546,Makeup Product 547,Beauty,Makeup,4537.5,5957.51,Brand D,0.7616437068506808,4753.4217173385505,4537.5,Actual
P10547,Women Product 548,Fashion,Women,266.46,352.91,Brand B,0.7550366949080501,283.1626931963276,266.46,Actual
P10548,Cookware Product 549,Home & Kitchen,Cookware,6328.06,8160.31,Brand B,0.7754680888348604,6510.7067881053645,6328.06,Actual
P10549,Educational Product 550,Toys,Educational,1270.69,1426.13,Private Label,0.891005728790503,1138.8299477673088,1270.69,Actual
P10550,Kitchen Appliances Product 551,Home & Kitchen,Kitchen Appliances,3955.46,5150.85,Private Label,0.7679237407418192,4109.607853073292,3955.46,Actual
P10551,Educational Product 552,Toys,Educational,205.32,253.89,Brand B,0.8086966796644216,202.74276218762805,205.32,Actual
P10552,Beverages Product 553,Grocery,Beverages,65.73,90.26,Brand C,0.7282295590516287,73.16652426428023,65.73,Actual
P10553,Accessories Product 554,Electronics,Accessories,10133.11,12638.52,Brand D,0.8017639723638528,10107.109061988831,10133.11,Actual
P10554,Haircare Product 555,Beauty,Haircare,513.12,685.02,Brand C,0.7490584216519226,546.5687753459505,513.12,Actual
P10555,Outdoor Product 556,Sports,Outdoor,1155.67,1304.5,Brand D,0.8859103104637793,1042.7766925352032,1155.67,Actual
P10556,Outdoor Product 557,Sports,Outdoor,902.07,1226.94,Brand C,0.735219326128417,980.7776428816729,902.07,Actual
P10557,Academic Product 558,Books,Academic,1488.24,1791.09,Brand D,0.8309130194462591,1427.7743487698988,1488.24,Actual
P10558,Skincare Product 559,Beauty,Skincare,933.07,1090.32,Brand C,0.8557762858610317,869.9525081533337,933.07,Actual
P10559,Audio Product 560,Electronics,Audio,50936.29,67434.75,Brand B,0.7553418675089624,53928.021067178066,50936.29,Actual
P10560,Children Product 561,Books,Children,1554.61,2112.05,Brand D,0.7360668544778768,1683.6288591413413,1554.61,Actual
P10561,Outdoor Toys Product 562,Toys,Outdoor Toys,1645.11,2236.69,Brand C,0.7355109559214732,1786.099132527653,1645.11,Actual
P10562,Academic Product 563,Books,Academic,124.52,147.41,Brand A,0.8447188114781901,117.50845393150024,124.52,Actual
P10563,Fiction Product 564,Books,Fiction,2372.92,2754.1,Brand A,0.8615954395265242,2195.44150988905,2372.92,Actual
P10564,Skincare Product 565,Beauty,Skincare,947.65,1092.62,Brand B,0.867318921491461,871.7876490007479,947.65,Actual
P10565,Action Figures Product 566,Toys,Action Figures,621.17,775.61,Brand A,0.8008793078995886,619.3600133142156,621.17,Actual
P10566,Accessories Product 567,Electronics,Accessories,43024.39,56944.02,Brand B,0.7555558950702813,45538.51404816966,43024.39,Actual
P10567,Footwear Product 568,Fashion,Footwear,1970.44,2553.84,Private Label,0.7715596905052783,2049.1122733629236,1970.44,Actual
P10568,Beverages Product 569,Grocery,Beverages,192.79,260.62,Brand A,0.739736014120175,211.26367775046214,192.79,Actual
P10569,Skincare Product 570,Beauty,Skincare,5770.43,7950.86,Brand B,0.7257617414971463,6343.890416552953,5770.43,Actual
P10570,Haircare Product 571,Beauty,Haircare,969.78,1270.45,Brand D,0.7633358258884647,1013.6759519988655,969.78,Actual
P10571,Action Figures Product 572,Toys,Action Figures,242.25,290.23,Brand B,0.8346828377493711,231.76191212617783,242.25,Actual
P10572,Snacks Product 573,Grocery,Snacks,203.16,247.47,Private Label,0.8209479936962056,200.60403013163557,203.16,Actual
P10573,Fitness Product 574,Sports,Fitness,2291.01,2705.47,Brand D,0.8468066546662874,2162.668500079123,2291.01,Actual
P10574,Action Figures Product 575,Toys,Action Figures,5834.62,6948.33,Brand D,0.8397154424156595,5548.558890823434,5834.62,Actual
P10575,Equipment Product 576,Sports,Equipment,414.62,568.62,Brand C,0.7291688649713342,454.53712756563226,414.62,Actual
P10576,Packaged Foods Product 577,Grocery,Packaged Foods,64.95,83.99,Private Label,0.7733063459935707,68.08393943005646,64.95,Actual
P10577,Kitchen Appliances Product 578,Home & Kitchen,Kitchen Appliances,1246.7,1464.02,Brand D,0.8515594049261622,1168.0689767817662,1246.7,Actual
P10578,Sportswear Product 579,Sports,Sportswear,362.88,494.53,Brand D,0.7337876367460013,395.31188789531166,362.88,Actual
P10579,Personal Care Product 580,Beauty,Personal Care,3042.78,4162.02,Private Label,0.7310825032075771,3320.8230042412674,3042.78,Actual
P10580,Audio Product 581,Electronics,Audio,3368.36,4117.86,Brand B,0.8179879840499678,3293.0802120818994,3368.36,Actual
P10581,Beverages Product 582,Grocery,Beverages,1225.83,1417.79,Brand D,0.8646061828620599,1149.2883496194754,1225.83,Actual
P10582,Fitness Product 583,Sports,Fitness,804.4,902.33,Brand D,0.8914698613589263,721.2945135878037,804.4,Actual
P10583,Accessories Product 584,Electronics,Accessories,12798.58,15246.05,Brand C,0.8394685836659331,12192.36826104123,12798.58,Actual
P10584,Outdoor Product 585,Sports,Outdoor,960.36,1298.4,Brand D,0.7396487985212569,1037.900542420627,960.36,Actual
P10585,Fiction Product 586,Books,Fiction,1100.18,1442.97,Brand D,0.7624413535970949,1150.2691389290883,1100.18,Actual
P10586,Sportswear Product 587,Sports,Sportswear,427.31,543.32,Brand B,0.7864794228079216,434.31309512320945,427.31,Actual
P10587,Women Product 588,Fashion,Women,518.87,681.22,Brand D,0.7616775784621708,546.5872031373503,518.87,Actual
P10588,Academic Product 589,Books,Academic,1304.04,1512.55,Brand B,0.86214670589402,1205.7351061263869,1304.04,Actual
P10589,Academic Product 590,Books,Academic,1471.69,1803.45,Brand A,0.8160414760597743,1437.6271707670044,1471.69,Actual
P10590,Outdoor Toys Product 591,Toys,Outdoor Toys,6534.07,8203.08,Brand B,0.7965386172023191,6550.534080294962,6534.07,Actual
P10591,Cookware Product 592,Home & Kitchen,Cookware,206.56,245.76,Brand D,0.8404947916666667,196.07972004063254,206.56,Actual
P10592,Non-Fiction Product 593,Books,Non-Fiction,918.72,1156.19,Brand C,0.7946098824587654,921.6613482875061,918.72,Actual
P10593,Audio Product 594,Electronics,Audio,53416.11,62336.39,Brand D,0.8569009209548387,49850.82844040837,53416.11,Actual
P10594,Audio Product 595,Electronics,Audio,27719.04,36531.29,Private Label,0.7587752855155129,29214.31719893959,27719.04,Actual
P10595,Storage Product 596,Home & Kitchen,Storage,1948.03,2278.04,Private Label,0.8551342382047725,1817.535178390961,1948.03,Actual
P10596,Outdoor Toys Product 597,Toys,Outdoor Toys,308.96,389.52,Brand D,0.7931813514068597,311.0495124948792,308.96,Actual
P10597,Makeup Product 598,Beauty,Makeup,4121.74,4985.17,Brand B,0.8268002896591289,3977.603955784316,4121.74,Actual
P10598,Haircare Product 599,Beauty,Haircare,633.12,853.48,Brand B,0.7418100014060083,680.9808741091674,633.12,Actual
P10599,Haircare Product 600,Beauty,Haircare,2556.28,3148.26,Brand C,0.8119659748559522,2511.956749687078,2556.28,Actual
P10600,Non-Fiction Product 601,Books,Non-Fiction,105.19,139.82,Brand D,0.7523244171077099,111.45805595754945,105.19,Actual
P10601,Personal Care Product 602,Beauty,Personal Care,1115.45,1310.11,Brand A,0.8514170565830351,1045.3201633068861,1115.45,Actual
P10602,Kitchen Appliances Product 603,Home & Kitchen,Kitchen Appliances,8335.26,9437.35,Private Label,0.8832203955559559,7529.593692730566,8335.26,Actual
P10603,Men Product 604,Fashion,Men,5112.83,6845.78,Brand D,0.7468586486857597,5492.815453882166,5112.83,Actual
P10604,Audio Product 605,Electronics,Audio,917.91,1098.76,Brand C,0.8354053660490006,878.6857284674826,917.91,Actual
P10605,Staples Product 606,Grocery,Staples,1860.45,2496.11,Private Label,0.7453397486488976,2023.395666755069,1860.45,Actual
P10606,Non-Fiction Product 607,Books,Non-Fiction,448.58,592.44,Brand B,0.757173722233475,472.26584659913175,448.58,Actual
P10607,Mobiles Product 608,Electronics,Mobiles,15342.46,18803.72,Brand A,0.8159268485172082,15037.46077951379,15342.46,Actual
P10608,Makeup Product 609,Beauty,Makeup,349.04,471.35,Private Label,0.740511297337435,376.08419062116985,349.04,Actual
P10609,Accessories Product 610,Fashion,Accessories,911.86,1118.24,Brand C,0.8154421233366719,897.2368310330152,911.86,Actual
P10610,Fitness Product 611,Sports,Fitness,4902.08,6012.98,Brand B,0.8152496765331001,4806.589035400787,4902.08,Actual
P10611,Games Product 612,Toys,Games,462.52,555.3,Brand C,0.8329191428056907,443.432414993855,462.52,Actual
P10612,Home Decor Product 613,Home & Kitchen,Home Decor,2186.29,2506.32,Brand D,0.8723107983018927,1999.6684730315683,2186.29,Actual
P10613,Home Decor Product 614,Home & Kitchen,Home Decor,389.12,488.42,Brand D,0.7966913721796814,389.68610376890365,389.12,Actual
P10614,Personal Care Product 615,Beauty,Personal Care,5116.84,6654.1,Brand A,0.7689755188530379,5309.222049034319,5116.84,Actual
P10615,Laptops Product 616,Electronics,Laptops,36398.54,47030.54,Brand C,0.7739341287597378,37610.63771899148,36398.54,Actual
P10616,Outdoor Product 617,Sports,Outdoor,212.69,288.13,Private Label,0.7381737410196786,230.32215287096062,212.69,Actual
P10617,Educational Product 618,Toys,Educational,2511.85,3169.53,Private Label,0.7924992033519165,2531.0144827939375,2511.85,Actual
P10618,Academic Product 619,Books,Academic,834.43,1133.55,Brand A,0.7361210356843545,903.6137843704776,834.43,Actual
P10619,Storage Product 620,Home & Kitchen,Storage,481.91,556.69,Brand D,0.865670301244858,444.1553521704905,481.91,Actual
P10620,Accessories Product 621,Fashion,Accessories,3160.13,3751.37,Brand B,0.8423935788791829,3009.9686389615126,3160.13,Actual
P10621,Haircare Product 622,Beauty,Haircare,174.11,237.81,Brand B,0.7321391026449687,189.7455847493803,174.11,Actual
P10622,Outdoor Toys Product 623,Toys,Outdoor Toys,2119.88,2657.62,Private Label,0.7976610651635675,2122.230964768538,2119.88,Actual
P10623,Kitchen Appliances Product 624,Home & Kitchen,Kitchen Appliances,1073.74,1362.35,Brand B,0.7881528241641282,1086.9515242405425,1073.74,Actual
P10624,Cookware Product 625,Home & Kitchen,Cookware,465.76,629.31,Brand B,0.7401121863628419,502.0952499136168,465.76,Actual
P10625,Academic Product 626,Books,Academic,738.29,835.39,Private Label,0.8837668633811753,665.9343825373854,738.29,Actual
P10626,Snacks Product 627,Grocery,Snacks,272.41,370.37,Brand D,0.7355077355077355,300.22917783914767,272.41,Actual
P10627,Skincare Product 628,Beauty,Skincare,996.51,1163.15,Brand D,0.8567338692344065,928.0626420303676,996.51,Actual
P10628,Beverages Product 629,Grocery,Beverages,1342.35,1580.04,Brand B,0.8495670995670995,1280.8113782243888,1342.35,Actual
P10629,Outdoor Toys Product 630,Toys,Outdoor Toys,1051.78,1318.45,Brand D,0.7977397701846866,1052.8425491601804,1051.78,Actual
P10630,Home Decor Product 631,Home & Kitchen,Home Decor,277.74,335.78,Brand A,0.8271487283340283,267.90221514991697,277.74,Actual
P10631,Mobiles Product 632,Electronics,Mobiles,5916.29,6844.65,Brand B,0.8643670604048418,5473.712431609228,5916.29,Actual
P10632,Action Figures Product 633,Toys,Action Figures,2624.35,3385.86,Brand B,0.7750911142220883,2703.7638693158547,2624.35,Actual
P10633,Equipment Product 634,Sports,Equipment,2419.04,3001.91,Brand A,0.8058336192624029,2399.633408270105,2419.04,Actual
P10634,Storage Product 635,Home & Kitchen,Storage,594.84,792.7,Brand D,0.7503973760565157,632.4560305835345,594.84,Actual
P10635,Home Decor Product 636,Home & Kitchen,Home Decor,2997.44,3660.89,Brand B,0.8187735769170885,2920.842636310023,2997.44,Actual
P10636,Accessories Product 637,Fashion,Accessories,244.16,280.86,Brand C,0.8693299152602719,225.35228248312762,244.16,Actual
P10637,Staples Product 638,Grocery,Staples,1041.72,1238.42,Brand A,0.8411685857786534,1003.8875136203183,1041.72,Actual
P10638,Equipment Product 639,Sports,Equipment,1496.3,1836.22,Brand C,0.8148805698663558,1467.8171087520054,1496.3,Actual
P10639,Academic Product 640,Books,Academic,596.41,679.15,Brand C,0.8781712434660973,541.3870598166908,596.41,Actual
P10640,Men Product 641,Fashion,Men,4571.16,5882.26,Brand D,0.7771094783297575,4719.720562412598,4571.16,Actual
P10641,Children Product 642,Books,Children,1194.11,1381.7,Brand A,0.8642324672504884,1101.4275205016884,1194.11,Actual
P10642,Footwear Product 643,Fashion,Footwear,1510.02,1779.71,Private Label,0.8484640756078237,1427.9773220040129,1510.02,Actual
P10643,Beverages Product 644,Grocery,Beverages,2327.84,2881.35,Brand B,0.8078990750863312,2335.678757909194,2327.84,Actual
P10644,Beverages Product 645,Grocery,Beverages,419.78,499.9,Brand C,0.8397279455891178,405.22873343356616,419.78,Actual
P10645,Men Product 646,Fashion,Men,6564.58,8608.43,Private Label,0.7625757542316078,6907.104426035144,6564.58,Actual
P10646,Fiction Product 647,Books,Fiction,356.64,427.52,Private Label,0.8342065868263473,340.7992281717318,356.64,Actual
P10647,Action Figures Product 648,Toys,Action Figures,4398.32,5323.69,Private Label,0.8261788346053207,4251.209640516182,4398.32,Actual
P10648,Haircare Product 649,Beauty,Haircare,351.73,482.66,Private Label,0.7287324410558157,385.10829626649803,351.73,Actual
P10649,Footwear Product 650,Fashion,Footwear,6980.31,9109.42,Brand B,0.7662738132614371,7309.0813540463305,6980.31,Actual
P10650,Kitchen Appliances Product 651,Home & Kitchen,Kitchen Appliances,1765.32,2051.75,Brand B,0.8603972218837578,1636.9896060928054,1765.32,Actual
P10651,Personal Care Product 652,Beauty,Personal Care,484.96,633.35,Brand B,0.7657061656272203,505.3419372651277,484.96,Actual
P10652,Haircare Product 653,Beauty,Haircare,273.81,345.77,Private Label,0.7918847788992683,275.88550035235363,273.81,Actual
P10653,Outdoor Toys Product 654,Toys,Outdoor Toys,514.41,619.01,Brand D,0.8310205004765674,494.3077601392872,514.41,Actual
P10654,Games Product 655,Toys,Games,827.66,1091.02,Brand A,0.7586112078605342,871.229305612454,827.66,Actual
P10655,Makeup Product 656,Beauty,Makeup,105.88,141.11,Brand A,0.7503366168237544,112.58988042548697,105.88,Actual
P10656,Makeup Product 657,Beauty,Makeup,4926.01,5564.5,Brand D,0.8852565369754696,4439.844019754958,4926.01,Actual
P10657,Snacks Product 658,Grocery,Snacks,199.77,233.79,Brand B,0.8544847940459387,189.51475412969282,199.77,Actual
P10658,Fitness Product 659,Sports,Fitness,5009.9,6246.97,Brand B,0.8019727964117003,4993.633357582706,5009.9,Actual
P10659,Outdoor Toys Product 660,Toys,Outdoor Toys,389.72,517.38,Brand B,0.753256793845916,413.15156288406394,389.72,Actual
P10660,Audio Product 661,Electronics,Audio,1417.9,1940.88,Brand A,0.7305449074646552,1552.1347306672683,1417.9,Actual
P10661,Action Figures Product 662,Toys,Action Figures,4998.28,6570.25,Brand A,0.7607442639168981,5246.6447408848835,4998.28,Actual
P10662,Children Product 663,Books,Children,613.2,796.33,Brand B,0.7700325242047895,634.7975518572118,613.2,Actual
P10663,Cookware Product 664,Home & Kitchen,Cookware,537.92,672.98,Brand D,0.7993105292876459,536.9373779009802,537.92,Actual
P10664,Action Figures Product 665,Toys,Action Figures,1172.89,1492.77,Brand D,0.7857138072174549,1192.0450317492832,1172.89,Actual
P10665,Haircare Product 666,Beauty,Haircare,138.19,157.49,Brand A,0.8774525366689948,125.65927480837603,138.19,Actual
P10666,Makeup Product 667,Beauty,Makeup,5130.07,7041.66,Private Label,0.7285313406213876,5618.451260696864,5130.07,Actual
P10667,Packaged Foods Product 668,Grocery,Packaged Foods,102.52,139.08,Brand D,0.7371297095197008,112.74097268641806,102.52,Actual
P10668,Laptops Product 669,Electronics,Laptops,1395.51,1802.59,Brand D,0.7741693896005193,1441.5432917818262,1395.51,Actual
P10669,Fiction Product 670,Books,Fiction,858.73,1158.46,Brand D,0.7412685807019664,923.4708876025085,858.73,Actual
P10670,Educational Product 671,Toys,Educational,1863.46,2196.81,Brand C,0.8482572457335865,1754.2531308889802,1863.46,Actual
P10671,Laptops Product 672,Electronics,Laptops,8954.03,12090.05,Private Label,0.7406114945761185,9668.493930847762,8954.03,Actual
P10672,Makeup Product 673,Beauty,Makeup,2194.89,2473.44,Brand B,0.8873835629730253,1973.526425055747,2194.89,Actual
P10673,Accessories Product 674,Electronics,Accessories,6199.27,7525.97,Private Label,0.8237170756726375,6018.568597213604,6199.27,Actual
P10674,Laptops Product 675,Electronics,Laptops,703.44,837.72,Brand C,0.8397077782552643,669.9302927407073,703.44,Actual
P10675,Equipment Product 676,Sports,Equipment,11187.82,13198.21,Brand C,0.8476770713604345,10550.238230115021,11187.82,Actual
P10676,Storage Product 677,Home & Kitchen,Storage,5921.35,7189.01,Brand D,0.82366695831554,5735.754671912874,5921.35,Actual
P10677,Men Product 678,Fashion,Men,351.34,402.47,Private Label,0.8729594752403904,322.92791116921023,351.34,Actual
P10678,Accessories Product 679,Electronics,Accessories,14755.5,17954.06,Private Label,0.8218475375486101,14357.981988831858,14755.5,Actual
P10679,Cookware Product 680,Home & Kitchen,Cookware,181.69,247.67,Brand B,0.7335971252069287,197.60361434921657,181.69,Actual
P10680,Kitchen Appliances Product 681,Home & Kitchen,Kitchen Appliances,1424.4,1704.06,Brand B,0.8358860603499878,1359.58499240088,1424.4,Actual
P10681,Accessories Product 682,Fashion,Accessories,3941.37,5121.84,Brand B,0.7695222810552458,4109.586037575242,3941.37,Actual
P10682,Kitchen Appliances Product 683,Home & Kitchen,Kitchen Appliances,2621.04,3040.01,Brand A,0.8621813744033736,2425.473265465183,2621.04,Actual
P10683,Skincare Product 684,Beauty,Skincare,547.69,689.39,Private Label,0.794455968319819,550.0555429560375,547.69,Actual
P10684,Non-Fiction Product 685,Books,Non-Fiction,1420.27,1942.11,Private Label,0.7313025523785985,1548.160528219971,1420.27,Actual
P10685,Children Product 686,Books,Children,330.1,401.44,Brand B,0.8222897568752492,320.0094548962856,330.1,Actual
P10686,Women Product 687,Fashion,Women,5101.85,6084.02,Brand A,0.8385656194424081,4881.6057597130175,5101.85,Actual
P10687,Cookware Product 688,Home & Kitchen,Cookware,488.74,593.33,Brand B,0.8237237287849931,473.3885916817567,488.74,Actual
P10688,Children Product 689,Books,Children,1171.28,1423.1,Brand D,0.8230482748928396,1134.4296912686927,1171.28,Actual
P10689,Sportswear Product 690,Sports,Sportswear,293.17,382.7,Brand C,0.7660569636791221,305.9184670243176,293.17,Actual
P10690,Haircare Product 691,Beauty,Haircare,147.83,189.09,Brand D,0.7817970278703263,150.87251427719744,147.83,Actual
P10691,Makeup Product 692,Beauty,Makeup,106.41,146.33,Brand D,0.727191963370464,116.75485226179227,106.41,Actual
P10692,Games Product 693,Toys,Games,1001.26,1351.55,Brand C,0.740823498945655,1079.2744111020074,1001.26,Actual
P10693,Non-Fiction Product 694,Books,Non-Fiction,447.03,556.02,Private Label,0.8039818711557138,443.233502170767,447.03,Actual
P10694,Home Decor Product 695,Home & Kitchen,Home Decor,323.33,399.69,Brand B,0.8089519377517576,318.8928357057309,323.33,Actual
P10695,Home Decor Product 696,Home & Kitchen,Home Decor,309.25,386.91,Brand D,0.7992814866506422,308.69630729541484,309.25,Actual
P10696,Outdoor Product 697,Sports,Outdoor,909.65,1049.29,Private Label,0.8669195360672455,838.7697629055297,909.65,Actual
P10697,Non-Fiction Product 698,Books,Non-Fiction,1174.86,1344.46,Private Label,0.8738526992249676,1071.7415098890497,1174.86,Actual
P10698,Skincare Product 699,Beauty,Skincare,492.63,580.26,Brand B,0.8489814910557336,462.9820991828578,492.63,Actual
P10699,Sportswear Product 700,Sports,Sportswear,1878.75,2191.36,Brand D,0.8573442976051401,1751.7049696848933,1878.75,Actual
P10700,Footwear Product 701,Fashion,Footwear,245.9,329.78,Private Label,0.745648614227667,264.6039867453031,245.9,Actual
P10701,Snacks Product 702,Grocery,Snacks,127.75,157.33,Brand A,0.811987542108943,127.5347802182496,127.75,Actual
P10702,Home Decor Product 703,Home & Kitchen,Home Decor,5109.03,6516.43,Brand C,0.7840228468655382,5199.1364341812305,5109.03,Actual
P10703,Equipment Product 704,Sports,Equipment,266.81,346.7,Brand A,0.7695702336313817,277.1411876596052,266.81,Actual
P10704,Educational Product 705,Toys,Educational,529.28,609.99,Brand C,0.8676863555140247,487.10487812371986,529.28,Actual
P10705,Kitchen Appliances Product 706,Home & Kitchen,Kitchen Appliances,2658.88,3504.99,Brand B,0.7585984553450937,2796.4577553109402,2658.88,Actual
P10706,Mobiles Product 707,Electronics,Mobiles,6713.45,8165.36,Private Label,0.8221866519051212,6529.893061086355,6713.45,Actual
P10707,Kitchen Appliances Product 708,Home & Kitchen,Kitchen Appliances,15070.66,19575.45,Brand C,0.7698755328740846,15618.28106961833,15070.66,Actual
P10708,Accessories Product 709,Electronics,Accessories,2824.19,3247.65,Brand B,0.8696103336258525,2597.1674488126796,2824.19,Actual
P10709,Snacks Product 710,Grocery,Snacks,90.16,118.52,Brand A,0.7607154910563618,96.0746338998725,90.16,Actual
P10710,Kitchen Appliances Product 711,Home & Kitchen,Kitchen Appliances,2928.54,4002.53,Brand A,0.7316722173225434,3193.420254940727,2928.54,Actual
P10711,Educational Product 712,Toys,Educational,220.92,250.32,Brand C,0.8825503355704698,199.8919541171651,220.92,Actual
P10712,Games Product 713,Toys,Games,372.69,482.35,Brand D,0.7726547113092153,385.1785077836953,372.69,Actual
P10713,Games Product 714,Toys,Games,898.51,1192.91,Brand B,0.7532085404598837,952.5931247439576,898.51,Actual
P10714,Educational Product 715,Toys,Educational,398.74,488.65,Brand C,0.8160032743272281,390.2093455551004,398.74,Actual
P10715,Accessories Product 716,Electronics,Accessories,2348.63,2902.94,Brand A,0.8090522022501326,2321.5005538947485,2348.63,Actual
P10716,Snacks Product 717,Grocery,Snacks,968.78,1170.93,Brand B,0.8273594493266035,949.178797438219,968.78,Actual
P10717,Men Product 718,Fashion,Men,2923.73,3655.63,Brand B,0.7997882717889939,2933.1501973004197,2923.73,Actual
P10718,Footwear Product 719,Fashion,Footwear,1735.41,2328.85,Brand C,0.7451789509843915,1868.5881330941813,1735.41,Actual
P10719,Staples Product 720,Grocery,Staples,813.51,997.52,Private Label,0.8155325206512151,808.6092542001419,813.51,Actual
P10720,Cookware Product 721,Home & Kitchen,Cookware,404.45,499.18,Brand D,0.8102287751913138,398.27097432406805,404.45,Actual
P10721,Accessories Product 722,Fashion,Accessories,5237.4,7134.59,Brand D,0.7340856307089825,5724.546539490485,5237.4,Actual
P10722,Non-Fiction Product 723,Books,Non-Fiction,1887.07,2499.04,Brand A,0.7551179652986747,1992.1194404245057,1887.07,Actual
P10723,Home Decor Product 724,Home & Kitchen,Home Decor,689.71,945.8,Brand A,0.7292345104673293,754.6069303972586,689.71,Actual
P10724,Personal Care Product 725,Beauty,Personal Care,174.07,230.38,Brand D,0.7555777411233614,183.8172819249074,174.07,Actual
P10725,Fitness Product 726,Sports,Fitness,6606.66,8984.06,Brand B,0.7353757655224921,7181.5779013705005,6606.66,Actual
P10726,Accessories Product 727,Electronics,Accessories,4146.63,5488.02,Brand D,0.7555785146555588,4388.806337638897,4146.63,Actual
P10727,Cookware Product 728,Home & Kitchen,Cookware,4067.76,4808.6,Brand B,0.8459343675913987,3836.5435456843497,4067.76,Actual
P10728,Snacks Product 729,Grocery,Snacks,243.58,324.49,Brand C,0.7506548738019662,263.0379510139186,243.58,Actual
P10729,Non-Fiction Product 730,Books,Non-Fiction,153.05,171.94,Brand A,0.8901360939862744,137.06263868789196,153.05,Actual
P10730,Packaged Foods Product 731,Grocery,Packaged Foods,2680.35,3236.06,Brand D,0.8282757427241769,2623.213632956644,2680.35,Actual
P10731,Cookware Product 732,Home & Kitchen,Cookware,422.17,559.06,Brand C,0.7551425607269346,446.04625767381197,422.17,Actual
P10732,Accessories Product 733,Electronics,Accessories,3063.04,4142.49,Brand B,0.7394200106699111,3312.7769879857856,3063.04,Actual
P10733,Personal Care Product 734,Beauty,Personal Care,150.99,177.83,Private Label,0.8490693358825845,141.8883029981174,150.99,Actual
P10734,Sportswear Product 735,Sports,Sportswear,387.42,522.22,Brand A,0.7418712420052851,417.446411940003,387.42,Actual
P10735,Packaged Foods Product 736,Grocery,Packaged Foods,2426.87,2989.59,Brand D,0.8117735207837863,2423.4202224157934,2426.87,Actual
P10736,Games Product 737,Toys,Games,270.01,362.87,Brand B,0.7440956816490754,289.76827017615733,270.01,Actual
P10737,Laptops Product 738,Electronics,Laptops,2768.38,3818.34,Private Label,0.7250218681416531,3053.5520627220935,2768.38,Actual
P10738,Staples Product 739,Grocery,Staples,437.96,577.42,Private Label,0.75847736482976,468.0679641112418,437.96,Actual
P10739,Packaged Foods Product 740,Grocery,Packaged Foods,233.23,312.43,Private Label,0.7465032167205453,253.26187874904798,233.23,Actual
P10740,Sportswear Product 741,Sports,Sportswear,741.27,876.86,Brand D,0.8453687019592637,700.9345884372698,741.27,Actual
P10741,Cookware Product 742,Home & Kitchen,Cookware,1002.12,1201.1,Brand D,0.8343351927399885,958.2981434765777,1002.12,Actual
P10742,Academic Product 743,Books,Academic,288.45,378.75,Brand B,0.7615841584158416,301.9220332850941,288.45,Actual
P10743,Fiction Product 744,Books,Fiction,1877.38,2152.19,Brand B,0.8723114594901008,1715.6266160154366,1877.38,Actual
P10744,Kitchen Appliances Product 745,Home & Kitchen,Kitchen Appliances,1195.05,1534.69,Brand D,0.7786914621193857,1224.453066199375,1195.05,Actual
P10745,Skincare Product 746,Beauty,Skincare,474.53,654.47,Brand A,0.7250599721912386,522.1933175683399,474.53,Actual
P10746,Outdoor Product 747,Sports,Outdoor,5287.43,7229.7,Brand A,0.7313484653581753,5779.197128418366,5287.43,Actual
P10747,Equipment Product 748,Sports,Equipment,1445.96,1959.9,Brand B,0.7377723353232307,1566.6830507472173,1445.96,Actual
P10748,Games Product 749,Toys,Games,3969.07,4968.18,Brand A,0.7988981880688703,3967.3186665301114,3969.07,Actual
P10749,Women Product 750,Fashion,Women,285.37,328.32,Brand C,0.8691825048732944,263.43253359275246,285.37,Actual
P10750,Women Product 751,Fashion,Women,3183.83,3796.55,Brand D,0.8386113708498505,3046.2194974767435,3183.83,Actual
P10751,Packaged Foods Product 752,Grocery,Packaged Foods,1506.66,1718.13,Brand D,0.876918510240785,1392.7498375159294,1506.66,Actual
P10752,Academic Product 753,Books,Academic,1775.35,2028.96,Brand A,0.8750049286333885,1617.3933429811868,1775.35,Actual
P10753,Skincare Product 754,Beauty,Skincare,4388.73,5900.95,Brand A,0.7437327887882459,4708.293210238659,4388.73,Actual
P10754,Fitness Product 755,Sports,Fitness,8908.87,12168.88,Brand D,0.7321027078909482,9727.423869879482,8908.87,Actual
P10755,Games Product 756,Toys,Games,3990.23,5091.83,Brand A,0.7836534212650462,4066.0588396149124,3990.23,Actual
P10756,Sportswear Product 757,Sports,Sportswear,642.42,780.6,Private Label,0.8229823212913143,623.9873408915138,642.42,Actual
P10757,Outdoor Toys Product 758,Toys,Outdoor Toys,1112.12,1459.62,Brand A,0.7619243364711363,1165.573242523556,1112.12,Actual
P10758,Snacks Product 759,Grocery,Snacks,327.23,424.44,Brand D,0.7709688059560833,344.05937911290823,327.23,Actual
P10759,Storage Product 760,Home & Kitchen,Storage,5686.44,6395.57,Brand A,0.8891216889190486,5102.708232016065,5686.44,Actual
P10760,Fitness Product 761,Sports,Fitness,230.18,283.45,Brand B,0.8120656200388076,226.58110655354798,230.18,Actual
P10761,Audio Product 762,Electronics,Audio,10952.54,13254.17,Brand D,0.8263467271055073,10599.448488916463,10952.54,Actual
P10762,Beverages Product 763,Grocery,Beverages,2614.03,3085.27,Brand C,0.8472613417950455,2500.9803048621297,2614.03,Actual
P10763,Non-Fiction Product 764,Books,Non-Fiction,401.44,544.15,Brand D,0.7377377561334191,433.77128557645926,401.44,Actual
P10764,Staples Product 765,Grocery,Staples,129.2,173.28,Brand B,0.7456140350877192,140.46416269127496,129.2,Actual
P10765,Action Figures Product 766,Toys,Action Figures,464.56,554.57,Brand D,0.8376940692789007,442.84947664891445,464.56,Actual
P10766,Non-Fiction Product 767,Books,Non-Fiction,163.27,193.92,Brand C,0.8419451320132014,154.58408104196815,163.27,Actual
P10767,Academic Product 768,Books,Academic,252.4,310.61,Private Label,0.8125945719712823,247.6039676796913,252.4,Actual
P10768,Audio Product 769,Electronics,Audio,1825.49,2364.75,Brand D,0.7719589808647849,1891.1064075807997,1825.49,Actual
P10769,Outdoor Product 770,Sports,Outdoor,843.52,1130.3,Brand A,0.7462797487392727,903.526635164845,843.52,Actual
P10770,Games Product 771,Toys,Games,386.96,493.08,Brand C,0.7847813742191936,393.746902908644,386.96,Actual
P10771,Non-Fiction Product 772,Books,Non-Fiction,636.14,799.74,Brand A,0.7954335158926651,637.5158465991317,636.14,Actual
P10772,Cookware Product 773,Home & Kitchen,Cookware,1320.95,1486.85,Brand C,0.888421831388506,1186.2839019466735,1320.95,Actual
P10773,Haircare Product 774,Beauty,Haircare,449.49,556.68,Private Label,0.8074477258029749,444.1679160602372,449.49,Actual
P10774,Cookware Product 775,Home & Kitchen,Cookware,494.01,638.86,Brand B,0.7732680086403907,509.71472145653695,494.01,Actual
P10775,Mobiles Product 776,Electronics,Mobiles,5499.61,6755.76,Brand D,0.8140623704808932,5402.626503468893,5499.61,Actual
P10776,Accessories Product 777,Electronics,Accessories,5791.36,6840.84,Brand D,0.8465860917665081,5470.665549100344,5791.36,Actual
P10777,Accessories Product 778,Fashion,Accessories,7833.06,10352.93,Brand C,0.7566032031511852,8306.830470298535,7833.06,Actual
P10778,Accessories Product 779,Electronics,Accessories,9066.31,12036.03,Brand C,0.7532641576998395,9625.293775170625,9066.31,Actual
P10779,Laptops Product 780,Electronics,Laptops,2911.37,3630.69,Brand D,0.801877879962211,2903.4871013593547,2911.37,Actual
P10780,Staples Product 781,Grocery,Staples,1975.34,2240.47,Brand D,0.8816632224488612,1816.1688745667172,1975.34,Actual
P10781,Games Product 782,Toys,Games,246.15,282.82,Brand B,0.8703415600028287,225.84468865219173,246.15,Actual
P10782,Equipment Product 783,Sports,Equipment,243.02,327.46,Brand B,0.74213644414585,261.7613305769089,243.02,Actual
P10783,Skincare Product 784,Beauty,Skincare,448.18,537.95,Brand B,0.8331257551817083,429.22348646368584,448.18,Actual
P10784,Kitchen Appliances Product 785,Home & Kitchen,Kitchen Appliances,13059.13,16332.78,Brand D,0.79956565875497,13031.115437358572,13059.13,Actual
P10785,Accessories Product 786,Fashion,Accessories,8784.41,11888.43,Brand C,0.7389041277948392,9538.862193409133,8784.41,Actual
P10786,Accessories Product 787,Fashion,Accessories,396.71,465.58,Brand B,0.852076979251686,373.56517723597005,396.71,Actual
P10787,Fitness Product 788,Sports,Fitness,9053.06,11205.89,Brand D,0.8078840681106096,8957.639640562138,9053.06,Actual
P10788,Accessories Product 789,Electronics,Accessories,56961.73,66644.67,Brand C,0.8547079608916963,53296.188801398835,56961.73,Actual
P10789,Outdoor Toys Product 790,Toys,Outdoor Toys,3199.78,3650.51,Brand A,0.8765295807982995,2915.0989829987716,3199.78,Actual
P10790,Academic Product 791,Books,Academic,259.91,342.3,Brand B,0.7593047034764827,272.8657742402316,259.91,Actual
P10791,Sportswear Product 792,Sports,Sportswear,11452.82,15577.88,Brand B,0.7351976007004805,12452.472351943497,11452.82,Actual
P10792,Packaged Foods Product 793,Grocery,Packaged Foods,117.54,143.63,Private Label,0.8183527118290052,116.42929182449112,117.54,Actual
P10793,Staples Product 794,Grocery,Staples,1320.79,1544.34,Brand C,0.8552456065374205,1251.8722588333537,1320.79,Actual
P10794,Educational Product 795,Toys,Educational,430.83,589.04,Private Label,0.7314104305310336,470.37534616960266,430.83,Actual
P10795,Storage Product 796,Home & Kitchen,Storage,270.93,305.75,Private Label,0.8861161079313165,243.9427669369442,270.93,Actual
P10796,Storage Product 797,Home & Kitchen,Storage,4586.57,5956.6,Brand D,0.7699979854279286,4752.475831681445,4586.57,Actual
P10797,Accessories Product 798,Electronics,Accessories,49079.84,61348.38,Brand D,0.8000185171963791,49060.710228439275,49079.84,Actual
P10798,Haircare Product 799,Beauty,Haircare,107.07,132.05,Private Label,0.8108292313517605,105.36102126132488,107.07,Actual
P10799,Women Product 800,Fashion,Women,1747.7,2017.6,Brand D,0.8662272006344172,1618.8519730041953,1747.7,Actual
P10800,Haircare Product 801,Beauty,Haircare,691.16,833.02,Brand B,0.8297039686922283,664.6560994404305,691.16,Actual
P10801,Fitness Product 802,Sports,Fitness,252.36,317.71,Brand C,0.7943092757546191,253.96748408229928,252.36,Actual
P10802,Women Product 803,Fashion,Women,2603.05,3273.95,Brand C,0.7950793384138427,2626.903458077461,2603.05,Actual
P10803,Beverages Product 804,Grocery,Beverages,246.99,306.58,Brand B,0.8056298519146716,248.519754142954,246.99,Actual
P10804,Footwear Product 805,Fashion,Footwear,696.65,894.75,Brand A,0.7785973735680357,717.9162385237429,696.65,Actual
P10805,Non-Fiction Product 806,Books,Non-Fiction,1366.71,1725.71,Brand B,0.7919696820439124,1375.6564278822964,1366.71,Actual
P10806,Skincare Product 807,Beauty,Skincare,163.64,193.74,Brand D,0.8446371425621967,154.582690338274,163.64,Actual
P10807,Accessories Product 808,Fashion,Accessories,1547.62,2073.91,Private Label,0.7462329609288735,1664.0331558946918,1547.62,Actual
P10808,Accessories Product 809,Fashion,Accessories,4939.49,6612.46,Brand A,0.7469973353335975,5305.607611722503,4939.49,Actual
P10809,Academic Product 810,Books,Academic,150.82,197.21,Brand A,0.7647685208660818,157.2067173178968,150.82,Actual
P10810,Men Product 811,Fashion,Men,253.93,307.72,Brand B,0.8251982321591056,246.9038110293671,253.93,Actual
P10811,Fiction Product 812,Books,Fiction,1611.73,2143.17,Private Label,0.7520308701596233,1708.4362879884227,1611.73,Actual
P10812,Accessories Product 813,Electronics,Accessories,885.95,1071.74,Brand A,0.8266463881165208,857.0776535619606,885.95,Actual
P10813,Skincare Product 814,Beauty,Skincare,881.95,1069.29,Brand D,0.824799633401603,853.1729377093682,881.95,Actual
P10814,Snacks Product 815,Grocery,Snacks,93.24,110.46,Brand D,0.844106463878327,89.54103999814306,93.24,Actual
P10815,Beverages Product 816,Grocery,Beverages,1815.98,2485.65,Private Label,0.7305855611208336,2014.9165858354547,1815.98,Actual
P10816,Storage Product 817,Home & Kitchen,Storage,2633.32,3492.1,Private Label,0.7540792073537413,2786.1734633540564,2633.32,Actual
P10817,Makeup Product 818,Beauty,Makeup,459.19,534.79,Private Label,0.8586361001514614,426.70216251680364,459.19,Actual
P10818,Snacks Product 819,Grocery,Snacks,930.05,1258.38,Brand D,0.7390851730002065,1020.0674806523926,930.05,Actual
P10819,Footwear Product 820,Fashion,Footwear,241.66,304.54,Brand A,0.7935246601431667,244.35228977929108,241.66,Actual
P10820,Staples Product 821,Grocery,Staples,403.91,524.43,Brand A,0.7701885857025724,425.1132319955293,403.91,Actual
P10821,Sportswear Product 822,Sports,Sportswear,571.3,691.51,Brand D,0.826163034518662,552.771568152563,571.3,Actual
P10822,Equipment Product 823,Sports,Equipment,10872.38,13180.56,Brand D,0.8248799747506934,10536.129369537599,10872.38,Actual
P10823,Kitchen Appliances Product 824,Home & Kitchen,Kitchen Appliances,288.54,388.59,Private Label,0.7425306878715356,310.03669600663005,288.54,Actual
P10824,Women Product 825,Fashion,Women,231.78,279.07,Brand C,0.8305443078797434,223.91604882349364,231.78,Actual
P10825,Fiction Product 826,Books,Fiction,1045.27,1268.95,Private Label,0.8237282792860239,1011.5484201640136,1045.27,Actual
P10826,Accessories Product 827,Electronics,Accessories,1924.67,2513.64,Private Label,0.7656903932146211,2010.1747374358395,1924.67,Actual
P10827,Sportswear Product 828,Sports,Sportswear,4582.28,5391.48,Brand C,0.8499113415982253,4309.781281923877,4582.28,Actual
P10828,Equipment Product 829,Sports,Equipment,554.1,751.74,Brand B,0.737089951312954,600.9175552674693,554.1,Actual
P10829,Makeup Product 830,Beauty,Makeup,2509.91,2833.33,Brand B,0.8858516304136828,2260.6780944365737,2509.91,Actual
P10830,Outdoor Product 831,Sports,Outdoor,200.97,257.09,Brand D,0.7817106849741337,205.50974310760859,200.97,Actual
P10831,Home Decor Product 832,Home & Kitchen,Home Decor,4292.38,5314.71,Private Label,0.8076414329286076,4240.343623442181,4292.38,Actual
P10832,Accessories Product 833,Fashion,Accessories,7827.86,9446.5,Private Label,0.828651881649288,7579.542606554387,7827.86,Actual
P10833,Kitchen Appliances Product 834,Home & Kitchen,Kitchen Appliances,12122.46,16479.91,Brand C,0.7355901822279369,13148.50317014494,12122.46,Actual
P10834,Non-Fiction Product 835,Books,Non-Fiction,454.22,580.25,Brand C,0.7828005170185266,462.54854076218044,454.22,Actual
P10835,Accessories Product 836,Electronics,Accessories,18330.62,23226.48,Brand D,0.7892121406256996,18574.371562975914,18330.62,Actual
P10836,Laptops Product 837,Electronics,Laptops,731.06,946.22,Brand D,0.772611020692862,756.6984691747983,731.06,Actual
P10837,Laptops Product 838,Electronics,Laptops,17409.94,21969.15,Brand D,0.7924721712037105,17568.87634384342,17409.94,Actual
P10838,Fitness Product 839,Sports,Fitness,1846.53,2507.32,Brand D,0.7364556578338624,2004.2735582425191,1846.53,Actual
P10839,Makeup Product 840,Beauty,Makeup,465.6,605.51,Brand B,0.7689385807005665,483.128754138166,465.6,Actual
P10840,Games Product 841,Toys,Games,5037.84,6046.14,Brand B,0.8332324425170439,4828.118965587874,5037.84,Actual
P10841,Makeup Product 842,Beauty,Makeup,5643.91,6895.66,Brand B,0.818472778530264,5501.95971125231,5643.91,Actual
P10842,Mobiles Product 843,Electronics,Mobiles,5551.69,7025.25,Brand A,0.7902480338777979,5618.139460770489,5551.69,Actual
P10843,Packaged Foods Product 844,Grocery,Packaged Foods,2787.76,3330.32,Brand D,0.8370847245910303,2699.6226355840654,2787.76,Actual
P10844,Academic Product 845,Books,Academic,113.34,154.62,Brand C,0.73302289483896,123.25593342981188,113.34,Actual
P10845,Accessories Product 846,Fashion,Accessories,560.95,682.36,Private Label,0.8220733923442172,547.5018994345473,560.95,Actual
P10846,Accessories Product 847,Electronics,Accessories,14856.76,16688.21,Brand B,0.8902548565723946,13345.673268655873,14856.76,Actual
P10847,Mobiles Product 848,Electronics,Mobiles,7130.58,9657.08,Private Label,0.7383784746527936,7722.831532517344,7130.58,Actual
P10848,Outdoor Product 849,Sports,Outdoor,7548.82,9870.7,Brand B,0.7647704823366123,7890.330317368518,7548.82,Actual
P10849,Personal Care Product 850,Beauty,Personal Care,380.61,468.19,Brand B,0.8129391913539376,373.5628666742877,380.61,Actual
P10850,Home Decor Product 851,Home & Kitchen,Home Decor,12592.22,15668.34,Brand C,0.8036728843004427,12500.991702072935,12592.22,Actual
P10851,Packaged Foods Product 852,Grocery,Packaged Foods,408.68,461.93,Brand A,0.8847227934968501,374.44950757144875,408.68,Actual
P10852,Outdoor Product 853,Sports,Outdoor,570.26,719.33,Brand B,0.7927654901088512,575.0100101505158,570.26,Actual
P10853,Sportswear Product 854,Sports,Sportswear,298.2,380.11,Brand C,0.7845097471784482,303.8481016478008,298.2,Actual
P10854,Storage Product 855,Home & Kitchen,Storage,2907.12,3882.01,Brand D,0.748869786528113,3097.2633219194986,2907.12,Actual
P10855,Equipment Product 856,Sports,Equipment,547.06,649.07,Brand D,0.8428366740105072,518.8463532570521,547.06,Actual
P10856,Fiction Product 857,Books,Fiction,240.61,312.93,Brand D,0.7688940018534497,249.45336468885674,240.61,Actual
P10857,Staples Product 858,Grocery,Staples,719.16,827.6,Brand C,0.8689705171580473,670.8687733339056,719.16,Actual
P10858,Men Product 859,Fashion,Men,1709.95,2334.26,Brand A,0.7325447893550846,1872.9289286800026,1709.95,Actual
P10859,Mobiles Product 860,Electronics,Mobiles,21803.54,29517.37,Brand D,0.738668113046657,23605.238415026226,21803.54,Actual
P10860,Men Product 861,Fashion,Men,847.5,984.8,Private Label,0.8605808285946386,790.1692223505806,847.5,Actual
P10861,Women Product 862,Fashion,Women,7298.26,8177.5,Brand C,0.8924805869764598,6561.341202042926,7298.26,Actual
P10862,Non-Fiction Product 863,Books,Non-Fiction,666.66,814.96,Brand D,0.8180278786688916,649.6485287023638,666.66,Actual
P10863,Personal Care Product 864,Beauty,Personal Care,135.61,174.01,Private Label,0.7793230274122178,138.84037341675986,135.61,Actual
P10864,Skincare Product 865,Beauty,Skincare,356.58,407.44,Brand C,0.8751718044374631,325.09121168280353,356.58,Actual
P10865,Audio Product 866,Electronics,Audio,52406.57,67607.88,Brand C,0.77515476006643,54066.47428732585,52406.57,Actual
P10866,Outdoor Product 867,Sports,Outdoor,301.72,353.58,Brand D,0.8533288081905086,282.6408454937502,301.72,Actual
P10867,Children Product 868,Books,Children,111.24,128.15,Brand C,0.8680452594615684,102.15527013989389,111.24,Actual
P10868,Equipment Product 869,Sports,Equipment,3183.77,3779.23,Brand A,0.8424388036716474,3020.998819263945,3183.77,Actual
P10869,Accessories Product 870,Fashion,Accessories,1420.65,1840.16,Private Label,0.7720252586731589,1476.4802967106464,1420.65,Actual
P10870,Home Decor Product 871,Home & Kitchen,Home Decor,11535.84,14103.57,Private Label,0.8179375860154557,11252.53929513942,11535.84,Actual
P10871,Audio Product 872,Electronics,Audio,39476.74,48585.74,Brand A,0.8125170060186384,38854.34157143663,39476.74,Actual
P10872,Sportswear Product 873,Sports,Sportswear,297.9,376.72,Brand A,0.7907729878955191,301.1382411742904,297.9,Actual
P10873,Accessories Product 874,Fashion,Accessories,7455.74,8755.19,Brand B,0.8515794631527128,7024.85953882167,7455.74,Actual
P10874,Makeup Product 875,Beauty,Makeup,527.5,647.99,Brand C,0.8140557724656244,517.0230077025816,527.5,Actual
P10875,Audio Product 876,Electronics,Audio,43699.75,54805.49,Brand D,0.7973608118456746,43828.3172891872,43699.75,Actual
P10876,Makeup Product 877,Beauty,Makeup,557.21,764.39,Brand B,0.7289603474666074,609.8970923282402,557.21,Actual
P10877,Packaged Foods Product 878,Grocery,Packaged Foods,286.09,351.64,Brand D,0.8135877602093049,285.0462729037392,286.09,Actual
P10878,Women Product 879,Fashion,Women,359.2,419.42,Brand D,0.8564207715416527,336.5280008512191,359.2,Actual
P10879,Women Product 880,Fashion,Women,2042.38,2738.45,Private Label,0.7458160638317297,2197.236907946738,2042.38,Actual
P10880,Accessories Product 881,Fashion,Accessories,562.67,692.32,Brand A,0.812731107002542,555.493456557427,562.67,Actual
P10881,Educational Product 882,Toys,Educational,1025.07,1267.19,Brand B,0.808931573007994,1011.9090977058585,1025.07,Actual
P10882,Equipment Product 883,Sports,Equipment,10751.56,13099.65,Private Label,0.8207516994728866,10471.452434165409,10751.56,Actual
P10883,Children Product 884,Books,Children,1391.81,1652.98,Private Label,0.8420005081731176,1317.6794259527255,1391.81,Actual
P10884,Snacks Product 885,Grocery,Snacks,1672.4,2185.05,Brand C,0.7653829431820782,1771.244336845397,1672.4,Actual
P10885,Academic Product 886,Books,Academic,116.33,160.05,Brand A,0.7268353639487659,127.58447901591897,116.33,Actual
P10886,Makeup Product 887,Beauty,Makeup,760.28,976.78,Brand D,0.7783533651385164,779.3603812770685,760.28,Actual
P10887,Sportswear Product 888,Sports,Sportswear,476.85,642.75,Brand B,0.7418903150525088,513.7943419908025,476.85,Actual
P10888,Packaged Foods Product 889,Grocery,Packaged Foods,110.36,131.54,Brand D,0.8389843393644519,106.62890097189697,110.36,Actual
P10889,Outdoor Toys Product 890,Toys,Outdoor Toys,185.23,244.72,Brand B,0.7569058515854854,195.42009832036052,185.23,Actual
P10890,Educational Product 891,Toys,Educational,695.07,887.17,Brand C,0.7834687827586596,708.445769151987,695.07,Actual
P10891,Accessories Product 892,Fashion,Accessories,3827.62,5210.7,Brand B,0.7345692517320129,4180.884206846234,3827.62,Actual
P10892,Skincare Product 893,Beauty,Skincare,310.59,367.3,Brand A,0.8456030492785188,293.06401445880067,310.59,Actual
P10893,Non-Fiction Product 894,Books,Non-Fiction,941.29,1163.32,Brand D,0.809141078980848,927.3450554751568,941.29,Actual
P10894,Games Product 895,Toys,Games,982.23,1237.6,Brand D,0.7936570782159018,988.280131093814,982.23,Actual
P10895,Kitchen Appliances Product 896,Home & Kitchen,Kitchen Appliances,1264.29,1492.71,Brand B,0.8469763048415297,1190.9593054274603,1264.29,Actual
P10896,Equipment Product 897,Sports,Equipment,1732.54,2002.33,Private Label,0.865261969805177,1600.6002719540156,1732.54,Actual
P10897,Packaged Foods Product 898,Grocery,Packaged Foods,864.0,1174.55,Brand A,0.7356008684176919,952.1132403568616,864.0,Actual
P10898,Accessories Product 899,Fashion,Accessories,6399.37,7309.67,Brand D,0.875466334321522,5865.024633975801,6399.37,Actual
P10899,Personal Care Product 900,Beauty,Personal Care,138.19,163.66,Brand C,0.8443724795307345,130.5822396033959,138.19,Actual
P10900,Accessories Product 901,Electronics,Accessories,51390.45,69191.03,Brand B,0.7427328369009683,55332.52994190309,51390.45,Actual
P10901,Skincare Product 902,Beauty,Skincare,471.82,635.91,Brand C,0.741960340299728,507.38452881703216,471.82,Actual
P10902,Accessories Product 903,Electronics,Accessories,1305.26,1482.88,Brand C,0.880219572723349,1185.8690642450224,1305.26,Actual
P10903,Mobiles Product 904,Electronics,Mobiles,782.39,882.5,Brand D,0.8865609065155807,705.7411585537819,782.39,Actual
P10904,Haircare Product 905,Beauty,Haircare,2731.85,3520.56,Brand D,0.7759703001795168,2809.010200770692,2731.85,Actual
P10905,Men Product 906,Fashion,Men,783.22,955.79,Brand B,0.8194477866476947,766.8926086824345,783.22,Actual
P10906,Cookware Product 907,Home & Kitchen,Cookware,551.77,703.9,Brand B,0.783875550504333,561.6069129907278,551.77,Actual
P10907,Mobiles Product 908,Electronics,Mobiles,19972.71,26712.45,Private Label,0.747692929701319,21362.1251113994,19972.71,Actual
P10908,Fiction Product 909,Books,Fiction,1874.76,2278.81,Brand B,0.8226925456707668,1816.5622407139413,1874.76,Actual
P10909,Audio Product 910,Electronics,Audio,1087.73,1363.46,Private Label,0.7977718451586405,1090.368090698855,1087.73,Actual
P10910,Skincare Product 911,Beauty,Skincare,139.6,182.56,Brand D,0.7646801051709027,145.66231004519096,139.6,Actual
P10911,Equipment Product 912,Sports,Equipment,667.86,791.06,Brand B,0.8442596010416404,632.3487392847052,667.86,Actual
P10912,Makeup Product 913,Beauty,Makeup,1632.75,2047.6,Brand B,0.797396952529791,1633.7540865936296,1632.75,Actual
P10913,Academic Product 914,Books,Academic,168.88,213.98,Brand B,0.7892326385643518,170.57498794018332,168.88,Actual
P10914,Laptops Product 915,Electronics,Laptops,1624.96,1955.89,Brand C,0.8308033682875826,1564.1383281628969,1624.96,Actual
P10915,Storage Product 916,Home & Kitchen,Storage,252.69,296.62,Brand C,0.8518980513788685,236.65839257182793,252.69,Actual
P10916,Games Product 917,Toys,Games,163.7,183.36,Brand B,0.8927792321116927,146.42133551823025,163.7,Actual
P10917,Academic Product 918,Books,Academic,2486.81,3111.95,Brand A,0.7991163097093462,2480.7030270139894,2486.81,Actual
P10918,Skincare Product 919,Beauty,Skincare,469.47,597.32,Brand D,0.7859606241210741,476.59405694672154,469.47,Actual
P10919,Action Figures Product 920,Toys,Action Figures,3482.12,4051.37,Brand A,0.859491974319798,3235.20400348218,3482.12,Actual
P10920,Storage Product 921,Home & Kitchen,Storage,7417.22,9881.6,Brand C,0.7506092130829015,7884.038743300434,7417.22,Actual
P10921,Sportswear Product 922,Sports,Sportswear,772.79,973.79,Brand C,0.7935899937358157,778.4174131267578,772.79,Actual
P10922,Audio Product 923,Electronics,Audio,45815.21,58705.29,Brand D,0.7804272834696839,46947.01345930396,45815.21,Actual
P10923,Children Product 924,Books,Children,974.58,1193.65,Brand B,0.8164704896745277,951.5227327544623,974.58,Actual
P10924,Audio Product 925,Electronics,Audio,20802.36,27933.51,Brand D,0.7447098484937984,22338.614968695354,20802.36,Actual
P10925,Outdoor Product 926,Sports,Outdoor,1792.79,2117.53,Private Label,0.8466420782704376,1692.6875659210957,1792.79,Actual
P10926,Outdoor Product 927,Sports,Outdoor,252.4,285.47,Brand D,0.8841559533401058,228.1958316734569,252.4,Actual
P10927,Makeup Product 928,Beauty,Makeup,3301.54,4133.32,Private Label,0.7987622540717874,3297.9236380148373,3301.54,Actual
P10928,Audio Product 929,Electronics,Audio,13361.93,15029.27,Brand B,0.8890604799833924,12019.007843646004,13361.93,Actual
P10929,Snacks Product 930,Grocery,Snacks,53.73,67.5,Brand A,0.7959999999999999,54.71682237800704,53.73,Actual
P10930,Action Figures Product 931,Toys,Action Figures,579.26,759.48,Brand D,0.7627060620424501,606.4794715280624,579.26,Actual
P10931,Outdoor Toys Product 932,Toys,Outdoor Toys,2732.89,3332.78,Brand D,0.820003120518006,2661.377064727571,2732.89,Actual
P10932,Cookware Product 933,Home & Kitchen,Cookware,359.24,477.16,Brand A,0.7528711543297846,380.70230800206804,359.24,Actual
P10933,Skincare Product 934,Beauty,Skincare,1253.1,1456.07,Brand D,0.8606042291922779,1161.7797972584422,1253.1,Actual
P10934,Mobiles Product 935,Electronics,Mobiles,3065.85,3937.38,Private Label,0.7786523017844353,3148.749147724068,3065.85,Actual
P10935,Equipment Product 936,Sports,Equipment,257.55,293.35,Brand D,0.8779614794613942,234.49485837884393,257.55,Actual
P10936,Games Product 937,Toys,Games,4653.99,5808.07,Brand A,0.8012971606747163,4638.009196026219,4653.99,Actual
P10937,Snacks Product 938,Grocery,Snacks,3122.51,3612.65,Brand B,0.8643267407581693,2928.484864650476,3122.51,Actual
P10938,Packaged Foods Product 939,Grocery,Packaged Foods,137.43,179.97,Private Label,0.7636272712118687,145.88720775362853,137.43,Actual
P10939,Skincare Product 940,Beauty,Skincare,958.46,1181.17,Brand D,0.8114496643158902,942.4405716261954,958.46,Actual
P10940,Men Product 941,Fashion,Men,1742.15,2342.39,Brand C,0.7437489060318735,1879.4521575363287,1742.15,Actual
P10941,Sportswear Product 942,Sports,Sportswear,269.21,354.59,Brand B,0.7592148678755746,283.44820805370466,269.21,Actual
P10942,Cookware Product 943,Home & Kitchen,Cookware,3206.35,4422.59,Private Label,0.7249937253962044,3528.565303769943,3206.35,Actual
P10943,Outdoor Product 944,Sports,Outdoor,6897.37,8989.32,Private Label,0.7672849559254761,7185.782581633233,6897.37,Actual
P10944,Snacks Product 945,Grocery,Snacks,60.89,79.31,Private Label,0.7677468162905056,64.29023974518131,60.89,Actual
P10945,Mobiles Product 946,Electronics,Mobiles,23252.39,30164.98,Brand B,0.7708405574941538,24123.13646793389,23252.39,Actual
P10946,Staples Product 947,Grocery,Staples,65.09,89.42,Brand B,0.7279132185193469,72.48560380802058,65.09,Actual
P10947,Fiction Product 948,Books,Fiction,140.32,166.13,Brand B,0.8446397399626798,132.4311746261457,140.32,Actual
P10948,Sportswear Product 949,Sports,Sportswear,4901.57,5565.21,Brand B,0.8807520291237886,4448.655635924752,4901.57,Actual
P10949,Sportswear Product 950,Sports,Sportswear,1171.38,1614.41,Private Label,0.7255777652517019,1290.5090994218149,1171.38,Actual
P10950,Fitness Product 951,Sports,Fitness,6246.9,8186.18,Brand A,0.7631031812151698,6543.7774663839255,6246.9,Actual
P10951,Haircare Product 952,Beauty,Haircare,3851.91,4769.55,Brand D,0.807604490989716,3805.563490775858,3851.91,Actual
P10952,Beverages Product 953,Grocery,Beverages,79.77,101.42,Brand D,0.7865312561624925,82.21303889744405,79.77,Actual
P10953,Makeup Product 954,Beauty,Makeup,191.49,257.76,Brand D,0.7429003724394786,205.6634368823862,191.49,Actual
P10954,Accessories Product 955,Electronics,Accessories,1284.09,1668.56,Brand C,0.7695797573955986,1334.3586034181285,1284.09,Actual
P10955,Academic Product 956,Books,Academic,337.02,408.29,Brand B,0.825442700041637,325.4699589966233,337.02,Actual
P10956,Cookware Product 957,Home & Kitchen,Cookware,716.74,836.05,Private Label,0.8572932240894684,667.0428464354283,716.74,Actual
P10957,Sportswear Product 958,Sports,Sportswear,7040.35,9210.72,Brand B,0.7643647836434069,7362.762849726215,7040.35,Actual
P10958,Games Product 959,Toys,Games,972.74,1138.8,Brand D,0.8541798384264138,909.3838181073331,972.74,Actual
P10959,Non-Fiction Product 960,Books,Non-Fiction,694.99,933.63,Brand C,0.74439553142037,744.2467800289436,694.99,Actual
P10960,Staples Product 961,Grocery,Staples,400.08,467.39,Brand A,0.8559875050814095,378.87549053713644,400.08,Actual
P10961,Laptops Product 962,Electronics,Laptops,6561.54,7779.98,Brand A,0.84338777220507,6221.702094872807,6561.54,Actual
P10962,Action Figures Product 963,Toys,Action Figures,1193.07,1530.89,Private Label,0.7793309774053001,1222.4855929946746,1193.07,Actual
P10963,Educational Product 964,Toys,Educational,269.9,306.36,Brand C,0.8809896853375113,244.64245391233106,269.9,Actual
P10964,Storage Product 965,Home & Kitchen,Storage,11137.26,13431.36,Brand D,0.8291982345793725,10716.216262064414,11137.26,Actual
P10965,Non-Fiction Product 966,Books,Non-Fiction,503.8,627.35,Brand A,0.8030604925480195,500.0944886637724,503.8,Actual
P10966,Educational Product 967,Toys,Educational,1174.1,1431.87,Private Label,0.8199766738600571,1143.4135999590333,1174.1,Actual
P10967,Accessories Product 968,Electronics,Accessories,2151.26,2437.69,Brand C,0.882499415430182,1949.4370139319758,2151.26,Actual
P10968,Games Product 969,Toys,Games,1058.42,1188.78,Brand B,0.8903413583674019,949.2951310938141,1058.42,Actual
P10969,Home Decor Product 970,Home & Kitchen,Home Decor,372.63,437.92,Brand B,0.8509088417975885,349.39465739011155,372.63,Actual
P10970,Equipment Product 971,Sports,Equipment,231.11,303.56,Brand B,0.761332191329556,242.65641455422485,231.11,Actual
P10971,Makeup Product 972,Beauty,Makeup,466.98,599.16,Brand A,0.7793911476066494,478.0621696246528,466.98,Actual
P10972,Home Decor Product 973,Home & Kitchen,Home Decor,2088.73,2652.0,Brand C,0.787605580693816,2115.8993227040914,2088.73,Actual
P10973,Footwear Product 974,Fashion,Footwear,3199.78,3994.93,Brand A,0.8009602170751429,3205.392700492491,3199.78,Actual
P10974,Equipment Product 975,Sports,Equipment,8493.84,9726.28,Brand D,0.8732876289804529,7774.885464983747,8493.84,Actual
P10975,Footwear Product 976,Fashion,Footwear,6182.46,7784.23,Private Label,0.7942288447283804,6245.79505046513,6182.46,Actual
P10976,Outdoor Product 977,Sports,Outdoor,1544.87,1936.07,Brand A,0.7979411901429183,1547.6340905455202,1544.87,Actual
P10977,Women Product 978,Fashion,Women,321.93,389.52,Brand D,0.826478743068392,312.5372821791208,321.93,Actual
P10978,Academic Product 979,Books,Academic,542.25,747.13,Private Label,0.7257773078313011,595.5775808007719,542.25,Actual
P10979,Women Product 980,Fashion,Women,1076.32,1401.09,Private Label,0.7682018999493252,1124.1858202103726,1076.32,Actual
P10980,Home Decor Product 981,Home & Kitchen,Home Decor,2318.59,2859.41,Brand C,0.8108630801459044,2281.381479009542,2318.59,Actual
P10981,Haircare Product 982,Beauty,Haircare,1244.07,1443.63,Private Label,0.8617651337254004,1151.8540789359063,1244.07,Actual
P10982,Sportswear Product 983,Sports,Sportswear,1012.5,1190.13,Brand D,0.8507473973431473,951.3528747312546,1012.5,Actual
P10983,Kitchen Appliances Product 984,Home & Kitchen,Kitchen Appliances,6687.74,7976.13,Brand C,0.8384692827223227,6363.758697134158,6687.74,Actual
P10984,Haircare Product 985,Beauty,Haircare,132.84,169.16,Brand D,0.7852920312130528,134.97061989069076,132.84,Actual
P10985,Fitness Product 986,Sports,Fitness,292.41,399.02,Brand B,0.7328204100045111,318.9641670029872,292.41,Actual
P10986,Women Product 987,Fashion,Women,664.53,838.05,Private Label,0.7929479148022195,672.422133215784,664.53,Actual
P10987,Outdoor Product 988,Sports,Outdoor,2719.06,3461.58,Brand C,0.785496796260667,2767.07929731392,2719.06,Actual
P10988,Academic Product 989,Books,Academic,2487.91,3223.32,Brand D,0.7718470396981992,2569.4820549927645,2487.91,Actual
P10989,Mobiles Product 990,Electronics,Mobiles,26502.63,36197.19,Brand C,0.7321736853054063,28947.13519205821,26502.63,Actual
P10990,Fiction Product 991,Books,Fiction,142.52,177.79,Brand C,0.8016198886326567,141.72598890496866,142.52,Actual
P10991,Kitchen Appliances Product 992,Home & Kitchen,Kitchen Appliances,295.03,362.44,Brand C,0.8140105948570797,289.17290743622584,295.03,Actual
P10992,Children Product 993,Books,Children,2415.24,3220.08,Brand C,0.7500558992323172,2566.8992764109985,2415.24,Actual
P10993,Educational Product 994,Toys,Educational,539.68,712.22,Brand C,0.7577433938951447,568.7402027857437,539.68,Actual
P10994,Academic Product 995,Books,Academic,168.8,203.5,Brand D,0.8294840294840296,162.2208152436083,168.8,Actual
P10995,Accessories Product 996,Fashion,Accessories,1988.56,2579.37,Brand B,0.7709479446531518,2069.5966562290996,1988.56,Actual
P10996,Mobiles Product 997,Electronics,Mobiles,9519.43,12172.07,Brand B,0.7820715786222064,9734.085873991764,9519.43,Actual
P10997,Storage Product 998,Home & Kitchen,Storage,4656.66,5884.49,Brand D,0.7913447044688665,4694.942837654223,4656.66,Actual
P10998,Personal Care Product 999,Beauty,Personal Care,337.15,437.26,Brand A,0.7710515482779124,348.8842117131913,337.15,Actual
P10999,Accessories Product 1000,Fashion,Accessories,3836.75,5293.59,Brand B,0.7247916820154187,4247.392256034535,3836.75,Actual
P11000,Outdoor Toys Product 1001,Toys,Outdoor Toys,164.95,199.6,Brand B,0.8264028056112224,159.38971732896354,164.95,Actual
P11001,Games Product 1002,Toys,Games,1706.34,1967.92,Brand A,0.8670779299971543,1571.4740106513727,1706.34,Actual
P11002,Home Decor Product 1003,Home & Kitchen,Home Decor,217.25,292.12,Brand A,0.7437012186772559,233.06806566678705,217.25,Actual
P11003,Fitness Product 1004,Sports,Fitness,1349.95,1802.53,Brand D,0.7489195741541057,1440.886371479862,1349.95,Actual
P11004,Audio Product 1005,Electronics,Audio,20716.32,23757.79,Brand A,0.8719800957917382,18999.26372722658,20716.32,Actual
P11005,Outdoor Toys Product 1006,Toys,Outdoor Toys,424.26,488.68,Brand D,0.8681754931652614,390.23330192544046,424.26,Actual
P11006,Fitness Product 1007,Sports,Fitness,416.13,507.38,Brand D,0.8201545192952028,405.5837778907715,416.13,Actual
P11007,Kitchen Appliances Product 1008,Home & Kitchen,Kitchen Appliances,1445.4,1910.4,Brand B,0.7565954773869347,1524.2134487533547,1445.4,Actual
P11008,Outdoor Toys Product 1009,Toys,Outdoor Toys,626.07,825.97,Private Label,0.7579815247527151,659.5747736583369,626.07,Actual
P11009,Outdoor Product 1010,Sports,Outdoor,204.05,235.36,Brand B,0.8669697484704283,188.1394575355197,204.05,Actual
P11010,Fiction Product 1011,Books,Fiction,1123.29,1333.71,Private Label,0.8422295701464336,1063.1721056439942,1123.29,Actual
P11011,Skincare Product 1012,Beauty,Skincare,2054.47,2794.94,Brand A,0.7350676579819244,2230.0472000312557,2054.47,Actual
P11012,Games Product 1013,Toys,Games,3925.5,4507.54,Private Label,0.8708741353376787,3599.4765854158136,3925.5,Actual
P11013,Personal Care Product 1014,Beauty,Personal Care,3013.21,3725.68,Brand D,0.8087677954091602,2972.6728488670415,3013.21,Actual
P11014,Fiction Product 1015,Books,Fiction,1344.17,1617.64,Brand B,0.8309450804876239,1289.508007718283,1344.17,Actual
P11015,Accessories Product 1016,Electronics,Accessories,7514.74,10003.36,Private Label,0.7512215895459126,7999.753966946811,7514.74,Actual
P11016,Equipment Product 1017,Sports,Equipment,499.23,672.07,Brand A,0.7428244081717678,537.2318372956183,499.23,Actual
P11017,Haircare Product 1018,Beauty,Haircare,2795.3,3665.5,Brand A,0.7625971900150048,2924.655989650786,2795.3,Actual
P11018,Staples Product 1019,Grocery,Staples,1802.31,2189.92,Private Label,0.8230026667640826,1775.192054252521,1802.31,Actual
P11019,Home Decor Product 1020,Home & Kitchen,Home Decor,7502.87,9338.34,Brand B,0.8034479361428262,7450.598522315432,7502.87,Actual
P11020,Educational Product 1021,Toys,Educational,1505.11,2030.03,Brand A,0.7414225405535878,1621.0716827120034,1505.11,Actual
P11021,Action Figures Product 1022,Toys,Action Figures,444.5,536.39,Brand A,0.8286880814332855,428.33191622285955,444.5,Actual
P11022,Personal Care Product 1023,Beauty,Personal Care,1152.75,1453.57,Brand B,0.7930474624545086,1159.7850789460356,1152.75,Actual
P11023,Women Product 1024,Fashion,Women,579.87,694.7,Brand C,0.8347056283287749,557.403085669119,579.87,Actual
P11024,Men Product 1025,Fashion,Men,491.23,622.09,Brand C,0.7896445851886383,499.1433504590503,491.23,Actual
P11025,Snacks Product 1026,Grocery,Snacks,50.68,63.03,Private Label,0.8040615579882595,51.093352807196794,50.68,Actual
P11026,Mobiles Product 1027,Electronics,Mobiles,1525.55,1796.81,Brand D,0.849032451956523,1436.9209870833097,1525.55,Actual
P11027,Women Product 1028,Fashion,Women,1173.55,1582.23,Brand B,0.741706325881825,1269.5262476439473,1173.55,Actual
P11028,Academic Product 1029,Books,Academic,2053.31,2353.81,Brand D,0.8723346404340198,1876.3487819585143,2053.31,Actual
P11029,Home Decor Product 1030,Home & Kitchen,Home Decor,7968.91,9180.57,Brand D,0.8680190881394074,7324.721661024699,7968.91,Actual
P11030,Equipment Product 1031,Sports,Equipment,,1013.27,Brand C,,809.9764961633924,809.9764961633924,Estimated
P11031,Women Product 1032,Fashion,Women,593.22,670.25,Brand D,0.8850727340544573,537.7852571897611,593.22,Actual
P11032,Audio Product 1033,Electronics,Audio,29530.34,34549.61,Brand B,0.8547228174210939,27629.55443510632,29530.34,Actual
P11033,Storage Product 1034,Home & Kitchen,Storage,1879.16,2176.26,Brand B,0.8634813854962182,1736.3299623031699,1879.16,Actual
P11034,Sportswear Product 1035,Sports,Sportswear,3701.5,5018.2,Brand A,0.7376150811047786,4011.3928696666594,3701.5,Actual
P11035,Home Decor Product 1036,Home & Kitchen,Home Decor,291.23,366.97,Private Label,0.7936071068479712,292.78716985396704,291.23,Actual
P11036,Fiction Product 1037,Books,Fiction,489.54,646.04,Brand B,0.7577549377747509,514.99329474192,489.54,Actual
P11037,Educational Product 1038,Toys,Educational,1469.97,1660.47,Brand B,0.8852734466747366,1325.9611419500206,1469.97,Actual
P11038,Audio Product 1039,Electronics,Audio,1064.9,1354.52,Brand B,0.7861825591353395,1083.2187128433638,1064.9,Actual
P11039,Non-Fiction Product 1040,Books,Non-Fiction,1214.8,1600.07,Brand D,0.7592167842656884,1275.5020139893875,1214.8,Actual
P11040,Storage Product 1041,Home & Kitchen,Storage,16237.73,18500.57,Brand D,0.8776880928533554,14760.687606576032,16237.73,Actual
P11041,Cookware Product 1042,Home & Kitchen,Cookware,9050.59,12055.91,Brand C,0.7507181125273829,9618.812897278085,9050.59,Actual
P11042,Skincare Product 1043,Beauty,Skincare,2676.52,3457.75,Private Label,0.7740640589979032,2758.8948978897847,2676.52,Actual
P11043,Academic Product 1044,Books,Academic,2069.71,2351.89,Private Label,0.8800198988898291,1874.8182465026532,2069.71,Actual
P11044,Packaged Foods Product 1045,Grocery,Packaged Foods,1720.73,2337.12,Private Label,0.7362608680769495,1894.5152580161155,1720.73,Actual
P11045,Non-Fiction Product 1046,Books,Non-Fiction,118.86,162.21,Private Label,0.7327538376179027,129.30633140376267,118.86,Actual
P11046,Footwear Product 1047,Fashion,Footwear,1096.14,1433.1,Brand A,0.7648733514758218,1149.8695293974583,1096.14,Actual
P11047,Fitness Product 1048,Sports,Fitness,1436.46,1826.58,Brand D,0.7864205236014848,1460.1111928332323,1436.46,Actual
P11048,Personal Care Product 1049,Beauty,Personal Care,436.65,577.4,Brand C,0.7562348458607551,460.7001414334644,436.65,Actual
P11049,Fiction Product 1050,Books,Fiction,412.29,521.06,Brand A,0.791252446935094,415.3650024119633,412.29,Actual
P11050,Action Figures Product 1051,Toys,Action Figures,2330.98,2638.44,Brand A,0.8834690195721714,2106.914858664482,2330.98,Actual
P11051,Action Figures Product 1052,Toys,Action Figures,167.89,227.86,Private Label,0.7368120775915035,181.95661818926672,167.89,Actual
P11052,Kitchen Appliances Product 1053,Home & Kitchen,Kitchen Appliances,325.66,441.93,Brand C,0.7369040345756116,352.59403758771464,325.66,Actual
P11053,Outdoor Product 1054,Sports,Outdoor,1238.18,1510.24,Private Label,0.8198564466574849,1207.2388441045346,1238.18,Actual
P11054,Mobiles Product 1055,Electronics,Mobiles,966.02,1319.42,Brand C,0.732155037819648,1055.1490078402617,966.02,Actual
P11055,Games Product 1056,Toys,Games,6770.97,7981.05,Brand D,0.848380852143515,6373.23298340844,6770.97,Actual
P11056,Snacks Product 1057,Grocery,Snacks,2669.46,3049.55,Brand C,0.8753619386466855,2472.02497307928,2669.46,Actual
P11057,Accessories Product 1058,Electronics,Accessories,40856.88,53287.8,Brand A,0.76672108812899,42614.610434880706,40856.88,Actual
P11058,Cookware Product 1059,Home & Kitchen,Cookware,638.79,832.84,Private Label,0.7670020652226117,664.4817465764992,638.79,Actual
P11059,Fitness Product 1060,Sports,Fitness,6674.97,7610.68,Brand C,0.8770530359967834,6083.740680984148,6674.97,Actual
P11060,Accessories Product 1061,Electronics,Accessories,3536.68,4679.19,Brand D,0.7558316717209603,3741.979571323819,3536.68,Actual
P11061,Kitchen Appliances Product 1062,Home & Kitchen,Kitchen Appliances,4000.27,4605.03,Private Label,0.868674036868381,3674.125135004533,4000.27,Actual
P11062,Storage Product 1063,Home & Kitchen,Storage,2095.81,2405.6,Brand C,0.87122131692717,1919.3089783925197,2095.81,Actual
P11063,Audio Product 1064,Electronics,Audio,920.96,1109.89,Private Label,0.8297759237401904,887.5864639855604,920.96,Actual
P11064,Skincare Product 1065,Beauty,Skincare,3636.67,4778.69,Brand C,0.7610181869926697,3812.856180926017,3636.67,Actual
P11065,Audio Product 1066,Electronics,Audio,1283.52,1753.08,Brand C,0.7321514135122185,1401.9498133002423,1283.52,Actual
P11066,Men Product 1067,Fashion,Men,2333.04,3136.03,Private Label,0.7439469647930663,2516.2412534200766,2333.04,Actual
P11067,Fitness Product 1068,Sports,Fitness,2031.17,2371.56,Brand B,0.856470002867311,1895.7512402827035,2031.17,Actual
P11068,Laptops Product 1069,Electronics,Laptops,49671.06,56089.13,Brand D,0.8855737288134082,44854.852791471596,49671.06,Actual
P11069,Accessories Product 1070,Fashion,Accessories,3314.55,4104.46,Brand C,0.8075483742075694,3293.275757888977,3314.55,Actual
P11070,Haircare Product 1071,Beauty,Haircare,4642.03,5939.33,Brand D,0.7815746894009931,4738.916125770728,4642.03,Actual
P11071,Equipment Product 1072,Sports,Equipment,1267.92,1742.72,Brand C,0.7275523319867793,1393.0761192908774,1267.92,Actual
P11072,Personal Care Product 1073,Beauty,Personal Care,3564.21,4302.83,Private Label,0.8283408826284097,3433.173518469265,3564.21,Actual
P11073,Snacks Product 1074,Grocery,Snacks,330.28,402.15,Brand A,0.8212855899539973,325.99066843430415,330.28,Actual
P11074,Action Figures Product 1075,Toys,Action Figures,5592.18,6661.97,Brand C,0.8394183702418354,5319.887350471119,5592.18,Actual
P11075,Footwear Product 1076,Fashion,Footwear,239.16,326.06,Brand C,0.7334846347298043,261.619188301818,239.16,Actual
P11076,Women Product 1077,Fashion,Women,346.32,414.96,Brand C,0.8345864661654135,332.94945217972884,346.32,Actual
P11077,Haircare Product 1078,Beauty,Haircare,1456.94,1900.71,Brand C,0.7665240883669787,1516.5524174298585,1456.94,Actual
P11078,Home Decor Product 1079,Home & Kitchen,Home Decor,5598.37,7224.33,Brand D,0.7749327619308641,5763.9347488653275,5598.37,Actual
P11079,Accessories Product 1080,Electronics,Accessories,1565.76,1821.91,Brand B,0.8594057884308226,1456.9936251339614,1565.76,Actual
P11080,Equipment Product 1081,Sports,Equipment,5020.17,6359.92,Brand A,0.7893448345262205,5083.922071589491,5020.17,Actual
P11081,Accessories Product 1082,Electronics,Accessories,11856.01,14149.33,Brand B,0.8379202407463816,11315.313934232048,11856.01,Actual
P11082,Fitness Product 1083,Sports,Fitness,903.44,1135.38,Brand A,0.7957159717451425,907.5874290307545,903.44,Actual
P11083,Audio Product 1084,Electronics,Audio,4570.78,5137.38,Brand A,0.8897103192677979,4108.397182018162,4570.78,Actual
P11084,Audio Product 1085,Electronics,Audio,49939.18,65003.73,Brand A,0.7682509911354317,51983.91809690338,49939.18,Actual
P11085,Cookware Product 1086,Home & Kitchen,Cookware,2849.43,3683.4,Brand A,0.7735869034044632,2938.802249339461,2849.43,Actual
P11086,Beverages Product 1087,Grocery,Beverages,129.51,146.99,Brand A,0.8810803456017415,119.1529736495297,129.51,Actual
P11087,Staples Product 1088,Grocery,Staples,347.39,437.94,Brand A,0.7932365164177742,355.00274358850965,347.39,Actual
P11088,Outdoor Product 1089,Sports,Outdoor,3312.72,3908.21,Brand B,0.8476310126630862,3124.1014162767397,3312.72,Actual
P11089,Footwear Product 1090,Fashion,Footwear,410.19,524.5,Private Label,0.7820591039084843,420.8405332279443,410.19,Actual
P11090,Equipment Product 1091,Sports,Equipment,499.37,647.91,Brand D,0.7707397632387215,517.9190853664113,499.37,Actual
P11091,Laptops Product 1092,Electronics,Laptops,8870.23,11246.1,Private Label,0.7887383181725219,8993.581465395679,8870.23,Actual
P11092,Accessories Product 1093,Electronics,Accessories,21656.95,26923.27,Brand A,0.8043952313370553,21530.71927689097,21656.95,Actual
P11093,Equipment Product 1094,Sports,Equipment,4459.7,5458.11,Brand A,0.8170777063855438,4363.0432298147325,4459.7,Actual
P11094,Outdoor Product 1095,Sports,Outdoor,367.94,464.06,Private Label,0.7928716114295565,370.9551183885676,367.94,Actual
P11095,Equipment Product 1096,Sports,Equipment,2711.91,3575.07,Brand B,0.7585613708263054,2857.7996705111764,2711.91,Actual
P11096,Sportswear Product 1097,Sports,Sportswear,222.75,303.18,Private Label,0.7347120522461904,242.3526543831529,222.75,Actual
P11097,Cookware Product 1098,Home & Kitchen,Cookware,2518.75,2990.36,Brand D,0.8422898915180781,2385.859991946232,2518.75,Actual
P11098,Children Product 1099,Books,Children,1635.54,2039.85,Brand A,0.8017942495771748,1626.0743487698987,1635.54,Actual
P11099,Mobiles Product 1100,Electronics,Mobiles,43915.26,55689.67,Private Label,0.7885710222380561,44535.401954989,43915.26,Actual
P11100,Games Product 1101,Toys,Games,257.42,336.6,Brand C,0.7647653000594177,268.79047521507584,257.42,Actual
P11101,Sportswear Product 1102,Sports,Sportswear,1316.81,1608.25,Brand C,0.8187843929737292,1285.584987174964,1316.81,Actual
P11102,Men Product 1103,Fashion,Men,205.57,231.63,Brand B,0.887492984501144,185.85184501732837,205.57,Actual
P11103,Men Product 1104,Fashion,Men,3545.58,4487.58,Brand C,0.7900873076357413,3600.677902961026,3545.58,Actual
P11104,Equipment Product 1105,Sports,Equipment,8379.39,11272.05,Brand B,0.7433776464795667,9010.525885083509,8379.39,Actual
P11105,Home Decor Product 1106,Home & Kitchen,Home Decor,2475.27,3122.7,Brand C,0.7926698049764627,2491.4475169713673,2475.27,Actual
P11106,Audio Product 1107,Electronics,Audio,8563.76,10657.49,Brand C,0.8035437987743831,8522.866107507472,8563.76,Actual
P11107,Academic Product 1108,Books,Academic,1939.75,2658.49,Brand D,0.7296435194414875,2119.225627110468,1939.75,Actual
P11108,Action Figures Product 1109,Toys,Action Figures,616.97,745.42,Brand D,0.8276810388774115,595.2519192953708,616.97,Actual
P11109,Accessories Product 1110,Fashion,Accessories,1847.14,2498.3,Private Label,0.7393587639594924,2004.5489116556212,1847.14,Actual
P11110,Home Decor Product 1111,Home & Kitchen,Home Decor,5925.62,7993.49,Brand B,0.7413057375439264,6377.609380483382,5925.62,Actual
P11111,Women Product 1112,Fashion,Women,367.39,470.17,Brand D,0.7813982176659505,377.24803337994774,367.39,Actual
P11112,Kitchen Appliances Product 1113,Home & Kitchen,Kitchen Appliances,3090.16,3825.9,Brand D,0.8076949214563893,3052.4959346657556,3090.16,Actual
P11113,Outdoor Toys Product 1114,Toys,Outdoor Toys,1485.57,1726.58,Brand D,0.8604119125670401,1378.7529967226549,1485.57,Actual
P11114,Sportswear Product 1115,Sports,Sportswear,204.79,264.0,Private Label,0.7757196969696969,211.03338200789088,204.79,Actual
P11115,Skincare Product 1116,Beauty,Skincare,144.09,163.28,Brand A,0.8824718275355218,130.27904241991007,144.09,Actual
P11116,Mobiles Product 1117,Electronics,Mobiles,30391.76,37685.9,Brand B,0.8064490963463788,30137.66654633651,30391.76,Actual
P11117,Makeup Product 1118,Beauty,Makeup,269.19,340.84,Private Label,0.7897840629034152,271.95191584028754,269.19,Actual
P11118,Haircare Product 1119,Beauty,Haircare,1823.95,2482.76,Brand B,0.7346461196410446,1980.9627349243995,1823.95,Actual
P11119,Academic Product 1120,Books,Academic,214.64,285.55,Brand C,0.7516722115216249,227.62729136517126,214.64,Actual
P11120,Kitchen Appliances Product 1121,Home & Kitchen,Kitchen Appliances,455.05,540.05,Private Label,0.842607166003148,430.8791211260726,455.05,Actual
P11121,Academic Product 1122,Books,Academic,287.59,365.15,Private Label,0.7875941393947693,291.0807404727448,287.59,Actual
P11122,Storage Product 1123,Home & Kitchen,Storage,423.15,557.79,Brand D,0.7586188350454472,445.0329876361671,423.15,Actual
P11123,Mobiles Product 1124,Electronics,Mobiles,3978.35,4839.74,Brand D,0.8220172984499168,3870.3724812454166,3978.35,Actual
P11124,Packaged Foods Product 1125,Grocery,Packaged Foods,1433.34,1972.16,Brand D,0.7267868732760019,1598.6715321631166,1433.34,Actual
P11125,Cookware Product 1126,Home & Kitchen,Cookware,186.29,215.64,Brand A,0.8638935262474494,172.04846528955892,186.29,Actual
P11126,Skincare Product 1127,Beauty,Skincare,2302.39,2615.49,Brand B,0.8802901177217272,2086.8663195666986,2302.39,Actual
P11127,Equipment Product 1128,Sports,Equipment,685.47,908.46,Brand B,0.7545406512119411,726.1946447685173,685.47,Actual
P11128,Men Product 1129,Fashion,Men,8781.36,10692.16,Brand B,0.821289617813426,8579.016807928498,8781.36,Actual
P11129,Fitness Product 1130,Sports,Fitness,1142.49,1492.02,Brand D,0.7657337033015643,1192.6743432705052,1142.49,Actual
P11130,Packaged Foods Product 1131,Grocery,Packaged Foods,319.48,366.92,Brand B,0.870707511174098,297.4325402509384,319.48,Actual
P11131,Audio Product 1132,Electronics,Audio,47635.21,60471.68,Private Label,0.7877275776032682,48359.607368717916,47635.21,Actual
P11132,Outdoor Toys Product 1133,Toys,Outdoor Toys,227.73,256.79,Brand A,0.8868335994392303,205.05854465383044,227.73,Actual
P11133,Cookware Product 1134,Home & Kitchen,Cookware,1267.67,1430.91,Brand A,0.8859187510046055,1141.652149264899,1267.67,Actual
P11134,Haircare Product 1135,Beauty,Haircare,4482.18,5694.23,Brand A,0.7871441792832394,4543.353942422369,4482.18,Actual
P11135,Equipment Product 1136,Sports,Equipment,3086.56,4177.75,Brand A,0.7388091676141464,3339.563301831311,3086.56,Actual
P11136,Fitness Product 1137,Sports,Fitness,337.68,390.1,Private Label,0.865624198923353,311.8337966715085,337.68,Actual
P11137,Outdoor Product 1138,Sports,Outdoor,841.92,1030.74,Brand B,0.8168112230048314,823.9414703439903,841.92,Actual
P11138,Games Product 1139,Toys,Games,4112.03,4631.81,Brand C,0.8877803709564942,3698.7118568209758,4112.03,Actual
P11139,Cookware Product 1140,Home & Kitchen,Cookware,4264.71,5335.26,Brand B,0.7993443618492819,4256.739449641867,4264.71,Actual
P11140,Non-Fiction Product 1141,Books,Non-Fiction,536.69,663.97,Private Label,0.8083045920749432,529.2862638687892,536.69,Actual
P11141,Action Figures Product 1142,Toys,Action Figures,3927.53,4941.99,Brand C,0.7947264158770051,3946.4047552232696,3927.53,Actual
P11142,Non-Fiction Product 1143,Books,Non-Fiction,1513.86,2013.62,Brand B,0.7518101727237513,1605.1650024119633,1513.86,Actual
P11143,Equipment Product 1144,Sports,Equipment,3892.11,4485.9,Brand B,0.8676319133284291,3585.8888195045365,3892.11,Actual
P11144,Cookware Product 1145,Home & Kitchen,Cookware,1067.22,1203.98,Brand C,0.8864100732570308,960.5959526958039,1067.22,Actual
P11145,Games Product 1146,Toys,Games,6556.8,8240.91,Brand B,0.7956402872983688,6580.743063293733,6556.8,Actual
P11146,Staples Product 1147,Grocery,Staples,890.26,1019.14,Brand C,0.8735404360539278,826.1348497529199,890.26,Actual
P11147,Haircare Product 1148,Beauty,Haircare,791.96,962.25,Private Label,0.8230293582748767,767.7670784453605,791.96,Actual
P11148,Laptops Product 1149,Electronics,Laptops,1856.21,2478.65,Brand D,0.7488794303350614,1982.1930001692142,1856.21,Actual
P11149,Outdoor Product 1150,Sports,Outdoor,4094.14,5181.97,Brand D,0.7900740451990266,4142.305509709964,4094.14,Actual
P11150,Academic Product 1151,Books,Academic,129.68,150.45,Brand A,0.8619474908607512,119.9318017366136,129.68,Actual
P11151,Personal Care Product 1152,Beauty,Personal Care,5932.13,7209.55,Brand B,0.8228155710134475,5752.408563684852,5932.13,Actual
P11152,Mobiles Product 1153,Electronics,Mobiles,54132.3,71822.61,Brand A,0.7536944146140053,57437.02208697614,54132.3,Actual
P11153,Non-Fiction Product 1154,Books,Non-Fiction,771.61,897.33,Private Label,0.8598954676651844,715.3100940665703,771.61,Actual
P11154,Storage Product 1155,Home & Kitchen,Storage,11384.47,13115.15,Brand D,0.8680396335535621,10463.927979699309,11384.47,Actual
P11155,Women Product 1156,Fashion,Women,1367.39,1729.41,Brand A,0.7906684938794155,1387.6183538031253,1367.39,Actual
P11156,Kitchen Appliances Product 1157,Home & Kitchen,Kitchen Appliances,2415.53,3140.16,Brand B,0.7692378732293896,2505.377985362926,2415.53,Actual
P11157,Women Product 1158,Fashion,Women,468.07,536.34,Brand A,0.8727113398217548,430.3405368760261,468.07,Actual
P11158,Kitchen Appliances Product 1159,Home & Kitchen,Kitchen Appliances,5314.9,6207.41,Brand A,0.8562186161378095,4952.584696359956,5314.9,Actual
P11159,Personal Care Product 1160,Beauty,Personal Care,149.65,180.77,Brand C,0.8278475410742933,144.23409173350774,149.65,Actual
P11160,Games Product 1161,Toys,Games,927.3,1167.85,Private Label,0.7940232050348932,932.5815700532569,927.3,Actual
P11161,Equipment Product 1162,Sports,Equipment,558.43,761.93,Brand C,0.7329150971874057,609.0631240654253,558.43,Actual
P11162,Academic Product 1163,Books,Academic,704.99,825.98,Brand D,0.8535194556768929,658.4331644958997,704.99,Actual
P11163,Cookware Product 1164,Home & Kitchen,Cookware,4235.52,4927.23,Brand A,0.8596148342983788,3931.19254140546,4235.52,Actual
P11164,Games Product 1165,Toys,Games,2184.17,2738.59,Brand A,0.7975527552499644,2186.889208316264,2184.17,Actual
P11165,Fiction Product 1166,Books,Fiction,477.99,573.38,Brand A,0.8336356343088354,457.07209358417754,477.99,Actual
P11166,Women Product 1167,Fashion,Women,4169.61,4672.79,Brand C,0.8923170097522036,3749.283956648629,4169.61,Actual
P11167,Fiction Product 1168,Books,Fiction,858.65,1164.38,Brand D,0.7374310792009481,928.1900385914136,858.65,Actual
P11168,Storage Product 1169,Home & Kitchen,Storage,574.98,713.47,Brand C,0.8058923290397634,569.2423415421147,574.98,Actual
P11169,Skincare Product 1170,Beauty,Skincare,913.85,1243.84,Brand B,0.7347006045793671,992.4441702816079,913.85,Actual
P11170,Skincare Product 1171,Beauty,Skincare,1991.4,2481.64,Brand D,0.8024532164213989,1980.069101120441,1991.4,Actual
P11171,Cookware Product 1172,Home & Kitchen,Cookware,1816.71,2357.85,Brand C,0.7704943062535785,1881.2116206779194,1816.71,Actual
P11172,Educational Product 1173,Toys,Educational,2348.84,3158.24,Brand A,0.7437180201631289,2521.9989020893076,2348.84,Actual
P11173,Laptops Product 1174,Electronics,Laptops,2894.79,3566.71,Brand C,0.8116135037611693,2852.3218669975745,2894.79,Actual
P11174,Accessories Product 1175,Fashion,Accessories,4234.38,5492.19,Brand A,0.770982067262786,4406.741979388338,4234.38,Actual
P11175,Fiction Product 1176,Books,Fiction,464.54,525.09,Brand B,0.8846864347064313,418.5775325615051,464.54,Actual
P11176,Accessories Product 1177,Fashion,Accessories,232.28,308.88,Brand A,0.752007252007252,247.83455463002372,232.28,Actual
P11177,Fiction Product 1178,Books,Fiction,1273.78,1719.44,Brand C,0.7408109617084632,1370.65827303425,1273.78,Actual
P11178,Footwear Product 1179,Fashion,Footwear,206.85,240.62,Brand C,0.8596542265813315,193.06510792241747,206.85,Actual
P11179,Academic Product 1180,Books,Academic,521.88,644.61,Brand A,0.8096058081630754,513.8533646888568,521.88,Actual
P11180,Beverages Product 1181,Grocery,Beverages,2236.27,2597.69,Private Label,0.8608686948789116,2105.7384047870387,2236.27,Actual
P11181,Women Product 1182,Fashion,Women,212.21,282.56,Brand A,0.7510263306908268,226.71630327719342,212.21,Actual
P11182,Makeup Product 1183,Beauty,Makeup,3230.69,3864.15,Brand B,0.8360674404461524,3083.156306754627,3230.69,Actual
P11183,Games Product 1184,Toys,Games,813.66,929.22,Brand B,0.8756376315619552,742.0246149119215,813.66,Actual
P11184,Skincare Product 1185,Beauty,Skincare,2822.26,3685.13,Brand D,0.7658508655054231,2940.318517839804,2822.26,Actual
P11185,Games Product 1186,Toys,Games,2127.14,2681.32,Brand D,0.7933182164008771,2141.1564973371574,2127.14,Actual
P11186,Outdoor Product 1187,Sports,Outdoor,328.39,410.21,Brand C,0.8005411862216913,327.9091046721853,328.39,Actual
P11187,Action Figures Product 1188,Toys,Action Figures,784.05,1075.19,Brand D,0.7292199518224685,858.5883275297011,784.05,Actual
P11188,Packaged Foods Product 1189,Grocery,Packaged Foods,362.69,428.54,Brand C,0.8463387315069771,347.382919435128,362.69,Actual
P11189,Laptops Product 1190,Electronics,Laptops,2384.06,2983.93,Brand B,0.7989664636905022,2386.2687991426474,2384.06,Actual
P11190,Audio Product 1191,Electronics,Audio,7363.36,9954.9,Brand C,0.7396719203608273,7961.0001804952335,7363.36,Actual
P11191,Staples Product 1192,Grocery,Staples,223.39,302.7,Brand B,0.737991410637595,245.3745501307071,223.39,Actual
P11192,Cookware Product 1193,Home & Kitchen,Cookware,4073.03,4788.83,Brand C,0.8505271642551522,3820.7700428148696,4073.03,Actual
P11193,Women Product 1194,Fashion,Women,237.7,291.01,Brand C,0.816810418885949,233.49628898887335,237.7,Actual
P11194,Packaged Foods Product 1195,Grocery,Packaged Foods,378.3,494.86,Brand A,0.7644586347653882,401.14321069600834,378.3,Actual
P11195,Accessories Product 1196,Electronics,Accessories,867.82,1018.51,Brand A,0.8520485807699483,814.509266174065,867.82,Actual
P11196,Home Decor Product 1197,Home & Kitchen,Home Decor,290.53,326.01,Brand A,0.8911689825465476,260.10721651386154,290.53,Actual
P11197,Haircare Product 1198,Beauty,Haircare,3514.72,4395.69,Brand D,0.7995832281166324,3507.2653354653016,3514.72,Actual
P11198,Outdoor Toys Product 1199,Toys,Outdoor Toys,1415.8,1693.89,Private Label,0.8358275921104675,1352.648538508808,1415.8,Actual
P11199,Cookware Product 1200,Home & Kitchen,Cookware,8273.38,10816.72,Brand B,0.7648695722917853,8630.124631176395,8273.38,Actual
P11200,Equipment Product 1201,Sports,Equipment,303.93,398.19,Private Label,0.7632788367362314,318.3006908398563,303.93,Actual
P11201,Kitchen Appliances Product 1202,Home & Kitchen,Kitchen Appliances,10208.93,12153.41,Brand A,0.8400053976620554,9696.603313553971,10208.93,Actual
P11202,Haircare Product 1203,Beauty,Haircare,1700.06,2343.62,Brand A,0.7253991688072299,1869.9446925290888,1700.06,Actual
P11203,Children Product 1204,Books,Children,1503.73,2013.57,Brand C,0.7467979757346405,1605.1251447178004,1503.73,Actual
P11204,Accessories Product 1205,Electronics,Accessories,10571.17,13284.99,Brand B,0.795722842094725,10624.095449263918,10571.17,Actual
P11205,Accessories Product 1206,Electronics,Accessories,5031.62,6342.72,Brand A,0.7932905756520862,5072.315650064866,5031.62,Actual
P11206,Children Product 1207,Books,Children,162.42,213.87,Private Label,0.75943330060317,170.48730101302462,162.42,Actual
P11207,Fitness Product 1208,Sports,Fitness,6512.88,8859.87,Brand C,0.7350988219917447,7082.304281250957,6512.88,Actual
P11208,Skincare Product 1209,Beauty,Skincare,2172.96,2956.55,Brand D,0.734964739307639,2358.9937706184783,2172.96,Actual
P11209,Sportswear Product 1210,Sports,Sportswear,4391.99,5046.69,Brand C,0.870271405614373,4034.166888808344,4391.99,Actual
P11210,Outdoor Toys Product 1211,Toys,Outdoor Toys,1612.44,2008.19,Brand C,0.8029319934866721,1603.6314451044657,1612.44,Actual
P11211,Beverages Product 1212,Grocery,Beverages,1469.13,1948.08,Private Label,0.7541425403474191,1579.1518124170066,1469.13,Actual
P11212,Storage Product 1213,Home & Kitchen,Storage,671.71,850.68,Brand A,0.7896153665303053,678.7153981289277,671.71,Actual
P11213,Educational Product 1214,Toys,Educational,443.33,606.41,Brand D,0.7310730363945186,484.24608459647686,443.33,Actual
P11214,Men Product 1215,Fashion,Men,2095.35,2453.69,Brand C,0.8539587315431044,1968.7554012889889,2095.35,Actual
P11215,Children Product 1216,Books,Children,297.36,338.74,Brand B,0.8778414122926138,270.0279064158225,297.36,Actual
P11216,Non-Fiction Product 1217,Books,Non-Fiction,250.4,288.05,Brand D,0.8692935254296129,229.6201760733237,250.4,Actual
P11217,Sportswear Product 1218,Sports,Sportswear,5022.37,6709.61,Private Label,0.74853381940232,5363.453372174109,5022.37,Actual
P11218,Skincare Product 1219,Beauty,Skincare,4236.22,5199.02,Brand C,0.8148112528899677,4148.23216022759,4236.22,Actual
P11219,Accessories Product 1220,Electronics,Accessories,3004.98,3515.0,Brand C,0.8549018492176387,2810.9690337864513,3004.98,Actual
P11220,Educational Product 1221,Toys,Educational,5301.48,6276.79,Brand A,0.8446164361082654,5012.303526218763,5301.48,Actual
P11221,Accessories Product 1222,Fashion,Accessories,8848.02,11554.43,Brand A,0.7657686272710986,9270.872225633855,8848.02,Actual
P11222,Snacks Product 1223,Grocery,Snacks,438.14,516.19,Private Label,0.8487959859741567,418.4337265674586,438.14,Actual
P11223,Academic Product 1224,Books,Academic,1569.94,2110.06,Brand A,0.744026236220771,1682.0425229136517,1569.94,Actual
P11224,Storage Product 1225,Home & Kitchen,Storage,1147.06,1519.97,Brand D,0.7546596314400942,1212.7087079677744,1147.06,Actual
P11225,Beverages Product 1226,Grocery,Beverages,849.33,1002.72,Private Label,0.8470260890378172,812.8244760722255,849.33,Actual
P11226,Staples Product 1227,Grocery,Staples,364.4,444.88,Brand A,0.8190972846610322,360.6284435485596,364.4,Actual
P11227,Personal Care Product 1228,Beauty,Personal Care,3242.08,3961.16,Brand A,0.8184673176544245,3160.5593561492587,3242.08,Actual
P11228,Fiction Product 1229,Books,Fiction,226.21,291.19,Brand D,0.7768467323740513,232.12323926676316,226.21,Actual
P11229,Fitness Product 1230,Sports,Fitness,2318.92,2777.12,Brand A,0.8350089301146512,2219.9432797036134,2318.92,Actual
P11230,Mobiles Product 1231,Electronics,Mobiles,3794.43,5119.04,Brand A,0.741238591610927,4093.730561227367,3794.43,Actual
P11231,Cookware Product 1232,Home & Kitchen,Cookware,7778.51,9778.82,Private Label,0.7954446446503771,7802.0356767893,7778.51,Actual
P11232,Personal Care Product 1233,Beauty,Personal Care,3789.07,4269.88,Brand A,0.8873949619193046,3406.883131111744,3789.07,Actual
P11233,Footwear Product 1234,Fashion,Footwear,315.54,366.44,Brand D,0.8610959502237747,294.0186939867453,315.54,Actual
P11234,Men Product 1235,Fashion,Men,1434.65,1764.19,Brand B,0.8132060605717072,1415.5246145193653,1434.65,Actual
P11235,Makeup Product 1236,Beauty,Makeup,1258.55,1710.55,Brand D,0.735757504896086,1364.8261637149508,1258.55,Actual
P11236,Men Product 1237,Fashion,Men,6666.67,8764.95,Brand C,0.7606055938710431,7032.690622909954,6666.67,Actual
P11237,Makeup Product 1238,Beauty,Makeup,2295.59,2608.05,Brand A,0.8801940146853012,2080.9300378689763,2295.59,Actual
P11238,Audio Product 1239,Electronics,Audio,2585.55,3191.57,Brand C,0.8101185310051167,2552.319897343336,2585.55,Actual
P11239,Cookware Product 1240,Home & Kitchen,Cookware,158.54,218.66,Brand A,0.7250525930668618,174.45797356805303,158.54,Actual
P11240,Academic Product 1241,Books,Academic,103.89,136.34,Private Label,0.7619920786269619,108.68396044380127,103.89,Actual
P11241,Educational Product 1242,Toys,Educational,248.75,279.21,Brand B,0.8909064861573727,222.96193875460878,248.75,Actual
P11242,Audio Product 1243,Electronics,Audio,1507.72,1968.94,Brand A,0.7657521305880322,1574.5745005358451,1507.72,Actual
P11243,Cookware Product 1244,Home & Kitchen,Cookware,14801.37,17937.96,Brand B,0.8251423238762937,14311.808979899353,14801.37,Actual
P11244,Haircare Product 1245,Beauty,Haircare,120.03,150.45,Brand D,0.7978065802592224,120.0421480406386,120.03,Actual
P11245,Cookware Product 1246,Home & Kitchen,Cookware,864.47,1042.5,Brand B,0.8292278177458033,831.7590663344704,864.47,Actual
P11246,Mobiles Product 1247,Electronics,Mobiles,15226.23,20269.74,Brand C,0.7511803308774557,16209.846788876981,15226.23,Actual
P11247,Children Product 1248,Books,Children,1392.12,1576.06,Brand A,0.8832912452571602,1256.3623492522913,1392.12,Actual
P11248,Accessories Product 1249,Fashion,Accessories,3322.71,4275.66,Brand B,0.7771221285134927,3430.640675503131,3322.71,Actual
P11249,Kitchen Appliances Product 1250,Home & Kitchen,Kitchen Appliances,3985.31,5004.63,Brand C,0.7963246034172357,3992.9461641721637,3985.31,Actual
P11250,Children Product 1251,Books,Children,229.2,257.93,Brand A,0.8886131896250921,205.60990110950314,229.2,Actual
P11251,Educational Product 1252,Toys,Educational,206.32,282.38,Brand D,0.7306466463630569,225.49332855387138,206.32,Actual
P11252,Accessories Product 1253,Fashion,Accessories,1519.27,2056.2,Brand D,0.7388726777550823,1649.8232686812182,1519.27,Actual
P11253,Men Product 1254,Fashion,Men,4483.04,5092.98,Brand C,0.8802390741766118,4086.429778683042,4483.04,Actual
P11254,Equipment Product 1255,Sports,Equipment,2120.94,2653.26,Brand D,0.7993713394088781,2120.933451311578,2120.94,Actual
P11255,Packaged Foods Product 1256,Grocery,Packaged Foods,245.28,281.87,Brand C,0.8701883847163586,228.48934405464954,245.28,Actual
P11256,Laptops Product 1257,Electronics,Laptops,2411.69,2773.25,Brand D,0.8696258902010277,2217.7865925884144,2411.69,Actual
P11257,Home Decor Product 1258,Home & Kitchen,Home Decor,220.38,251.29,Private Label,0.876994707310279,200.4918328817161,220.38,Actual
P11258,Fiction Product 1259,Books,Fiction,308.06,390.34,Private Label,0.7892094071834811,311.16104679208877,308.06,Actual
P11259,Fiction Product 1260,Books,Fiction,2466.93,3314.23,Brand B,0.7443448402796425,2641.9513145200194,2466.93,Actual
P11260,Packaged Foods Product 1261,Grocery,Packaged Foods,193.22,249.9,Brand A,0.7731892757102841,202.57383573724383,193.22,Actual
P11261,Outdoor Toys Product 1262,Toys,Outdoor Toys,2812.19,3835.47,Brand A,0.7332060999043143,3062.7979916018026,2812.19,Actual
P11262,Personal Care Product 1263,Beauty,Personal Care,200.97,274.38,Private Label,0.7324513448502078,218.92432422326632,200.97,Actual
P11263,Children Product 1264,Books,Children,245.2,317.13,Brand C,0.7731844984706587,252.80141099855283,245.2,Actual
P11264,Beverages Product 1265,Grocery,Beverages,102.43,128.47,Private Label,0.7973067642251109,104.14029882818613,102.43,Actual
P11265,Games Product 1266,Toys,Games,2089.74,2789.56,Brand D,0.7491288948794791,2227.591081523966,2089.74,Actual
P11266,Non-Fiction Product 1267,Books,Non-Fiction,2035.16,2300.42,Brand D,0.8846906217125569,1833.788736131211,2035.16,Actual
P11267,Fitness Product 1268,Sports,Fitness,4272.16,5825.54,Brand A,0.7333500413695554,4656.7553341751845,4272.16,Actual
P11268,Outdoor Toys Product 1269,Toys,Outdoor Toys,464.82,547.91,Brand B,0.848351006552171,437.53116243342896,464.82,Actual
P11269,Kitchen Appliances Product 1270,Home & Kitchen,Kitchen Appliances,281.34,368.13,Brand D,0.7642408931627414,293.7126763450442,281.34,Actual
P11270,Women Product 1271,Fashion,Women,2352.18,2906.39,Private Label,0.8093132717907783,2331.986115096978,2352.18,Actual
P11271,Makeup Product 1272,Beauty,Makeup,676.71,771.85,Brand A,0.8767377081039062,615.8493317724619,676.71,Actual
P11272,Footwear Product 1273,Fashion,Footwear,481.79,564.74,Private Label,0.8531182491057833,453.12770778865445,481.79,Actual
P11273,Non-Fiction Product 1274,Books,Non-Fiction,116.71,142.35,Brand D,0.8198805760449596,113.47485528219971,116.71,Actual
P11274,Skincare Product 1275,Beauty,Skincare,122.27,165.01,Private Label,0.740985394824556,131.65938749209553,122.27,Actual
P11275,Non-Fiction Product 1276,Books,Non-Fiction,211.14,285.29,Brand D,0.740089032212836,227.42003135552343,211.14,Actual
P11276,Haircare Product 1277,Beauty,Haircare,2828.06,3244.51,Brand A,0.871644716767709,2588.7534047147383,2828.06,Actual
P11277,Accessories Product 1278,Electronics,Accessories,768.4,1048.72,Brand B,0.7327027233198565,838.6684054374189,768.4,Actual
P11278,Outdoor Toys Product 1279,Toys,Outdoor Toys,5425.15,6649.75,Brand C,0.8158427008534155,5310.129122285949,5425.15,Actual
P11279,Footwear Product 1280,Fashion,Footwear,3809.72,4995.86,Brand C,0.7625754124415016,4008.504073083237,3809.72,Actual
P11280,Makeup Product 1281,Beauty,Makeup,153.65,172.78,Brand D,0.8892811668017132,137.85897200705574,153.65,Actual
P11281,Staples Product 1282,Grocery,Staples,951.47,1222.07,Brand D,0.7785724222016742,990.6338833109786,951.47,Actual
P11282,Staples Product 1283,Grocery,Staples,50.92,59.84,Brand D,0.8509358288770054,48.50747631259172,50.92,Actual
P11283,Accessories Product 1284,Fashion,Accessories,589.92,810.05,Private Label,0.7282513425097216,649.9559083723475,589.92,Actual
P11284,Skincare Product 1285,Beauty,Skincare,611.08,692.07,Brand C,0.8829742656089702,552.1938809869375,611.08,Actual
P11285,Outdoor Toys Product 1286,Toys,Outdoor Toys,291.27,389.7,Brand C,0.7474210931485759,311.19325071691935,291.27,Actual
P11286,Personal Care Product 1287,Beauty,Personal Care,702.57,802.95,Brand B,0.8749859891649543,640.663627578802,702.57,Actual
P11287,Makeup Product 1288,Beauty,Makeup,2283.0,3049.8,Brand D,0.7485736769624237,2433.3967636712505,2283.0,Actual
P11288,Women Product 1289,Fashion,Women,2555.34,3152.75,Brand C,0.8105114582507336,2529.6567991123,2555.34,Actual
P11289,Academic Product 1290,Books,Academic,1555.46,1926.89,Brand C,0.8072386072894664,1536.0278461167393,1555.46,Actual
P11290,Accessories Product 1291,Fashion,Accessories,2536.01,3119.47,Brand B,0.8129618172317735,2502.9540861555297,2536.01,Actual
P11291,Women Product 1292,Fashion,Women,5464.78,7149.23,Brand A,0.764387213727912,5736.293165622909,5464.78,Actual
P11292,Skincare Product 1293,Beauty,Skincare,3444.27,4610.76,Brand C,0.747007001015017,3678.8669624450304,3444.27,Actual
P11293,Mobiles Product 1294,Electronics,Mobiles,14645.71,18722.46,Brand C,0.7822535072848333,14972.476613458175,14645.71,Actual
P11294,Cookware Product 1295,Home & Kitchen,Cookware,3648.4,4920.7,Private Label,0.7414392261263641,3925.982578141034,3648.4,Actual
P11295,Packaged Foods Product 1296,Grocery,Packaged Foods,1432.27,1743.27,Private Label,0.8215996374629289,1413.1288140282716,1432.27,Actual
P11296,Makeup Product 1297,Beauty,Makeup,1325.07,1639.9,Brand A,0.8080187816330263,1308.455424206336,1325.07,Actual
P11297,Beverages Product 1298,Grocery,Beverages,260.02,316.25,Brand B,0.822197628458498,256.3584455858478,260.02,Actual
P11298,Academic Product 1299,Books,Academic,264.03,352.78,Brand A,0.7484267815635807,281.21994693680654,264.03,Actual
P11299,Makeup Product 1300,Beauty,Makeup,261.54,343.78,Brand B,0.7607772412589447,274.29770457567787,261.54,Actual
P11300,Educational Product 1301,Toys,Educational,290.91,384.91,Brand B,0.7557870671065964,307.36821691929543,290.91,Actual
P11301,Men Product 1302,Fashion,Men,6392.81,8756.66,Brand B,0.7300511838988839,7026.03901562595,6392.81,Actual
P11302,Fiction Product 1303,Books,Fiction,1262.01,1618.52,Brand B,0.779730865234906,1290.2095031355525,1262.01,Actual
P11303,Non-Fiction Product 1304,Books,Non-Fiction,131.13,152.39,Brand D,0.8604895334339524,121.47828027013989,131.13,Actual
P11304,Haircare Product 1305,Beauty,Haircare,145.99,182.75,Private Label,0.7988508891928865,145.8139086369339,145.99,Actual
P11305,Snacks Product 1306,Grocery,Snacks,535.03,599.71,Brand C,0.892147871471211,486.136674789846,535.03,Actual
P11306,Cookware Product 1307,Home & Kitchen,Cookware,,279.93,Brand A,,223.34226900624296,223.34226900624296,Estimated
P11307,Audio Product 1308,Electronics,Audio,1955.8,2644.4,Brand C,0.7396006655574043,2114.744384906086,1955.8,Actual
P11308,Cookware Product 1309,Home & Kitchen,Cookware,192.59,229.82,Brand C,0.8380036550343748,183.3619842925544,192.59,Actual
P11309,Accessories Product 1310,Fashion,Accessories,569.16,680.33,Brand B,0.836594005850102,545.8730981333982,569.16,Actual
P11310,Men Product 1311,Fashion,Men,342.24,387.53,Brand A,0.8831316285190824,310.9405754848908,342.24,Actual
P11311,Fitness Product 1312,Sports,Fitness,9020.47,10753.47,Brand A,0.8388427177459927,8595.989175834828,9020.47,Actual
P11312,Mobiles Product 1313,Electronics,Mobiles,824.19,999.4,Private Label,0.824684810886532,799.2268712279316,824.19,Actual
P11313,Outdoor Toys Product 1314,Toys,Outdoor Toys,4572.83,5173.99,Brand C,0.883811139951952,4131.667352519459,4572.83,Actual
P11314,Action Figures Product 1315,Toys,Action Figures,178.79,217.23,Brand A,0.8230446991667818,173.468077632118,178.79,Actual
P11315,Audio Product 1316,Electronics,Audio,2493.63,3059.85,Brand A,0.8149517133192804,2446.982531445654,2493.63,Actual
P11316,Skincare Product 1317,Beauty,Skincare,4835.33,5892.87,Private Label,0.8205390582178124,4701.846280652961,4835.33,Actual
P11317,Educational Product 1318,Toys,Educational,722.47,911.88,Brand A,0.7922862657367198,728.1778328553872,722.47,Actual
P11318,Storage Product 1319,Home & Kitchen,Storage,6374.2,8393.26,Brand A,0.7594426956867772,6696.56604422298,6374.2,Actual
P11319,Games Product 1320,Toys,Games,1045.91,1321.74,Brand B,0.7913129662414696,1055.4697644408031,1045.91,Actual
P11320,Makeup Product 1321,Beauty,Makeup,2944.97,3946.73,Brand C,0.7461797488047066,3149.045842050047,2944.97,Actual
P11321,Packaged Foods Product 1322,Grocery,Packaged Foods,2332.67,2859.11,Brand D,0.8158727715967556,2317.650578210129,2332.67,Actual
P11322,Packaged Foods Product 1323,Grocery,Packaged Foods,424.11,476.34,Brand D,0.8903514296510896,386.13053587466476,424.11,Actual
P11323,Action Figures Product 1324,Toys,Action Figures,3862.99,4829.8,Brand A,0.7998240092757464,3856.815915608358,3862.99,Actual
P11324,Non-Fiction Product 1325,Books,Non-Fiction,1060.66,1426.22,Brand C,0.7436861073326696,1136.916811384467,1060.66,Actual
P11325,Packaged Foods Product 1326,Grocery,Packaged Foods,395.04,506.22,Brand A,0.7803721702026787,410.35184924732926,395.04,Actual
P11326,Beverages Product 1327,Grocery,Beverages,3400.71,4527.16,Brand C,0.7511795474425468,3669.8045866195307,3400.71,Actual
P11327,Accessories Product 1328,Fashion,Accessories,3588.18,4182.52,Brand C,0.8578990656350716,3355.9083832917863,3588.18,Actual
P11328,Accessories Product 1329,Electronics,Accessories,715.32,942.22,Brand D,0.7591857527965868,753.499642393818,715.32,Actual
P11329,Academic Product 1330,Books,Academic,194.15,247.34,Brand C,0.7849518880892699,197.16804148576944,194.15,Actual
P11330,Staples Product 1331,Grocery,Staples,64.73,80.4,Brand A,0.8050995024875622,65.17381509913727,64.73,Actual
P11331,Fiction Product 1332,Books,Fiction,1091.33,1245.33,Private Label,0.87633799876338,992.7196454413893,1091.33,Actual
P11332,Men Product 1333,Fashion,Men,963.59,1271.73,Private Label,0.7577001407531473,1020.3918614336961,963.59,Actual
P11333,Staples Product 1334,Grocery,Staples,2157.24,2893.11,Brand B,0.7456474174849901,2345.211644296829,2157.24,Actual
P11334,Women Product 1335,Fashion,Women,3815.78,4977.57,Brand A,0.7665949449229243,3993.828814069435,3815.78,Actual
P11335,Personal Care Product 1336,Beauty,Personal Care,421.72,487.52,Brand D,0.8650311782080736,388.9860286658167,421.72,Actual
P11336,Games Product 1337,Toys,Games,,417.83,Private Label,,333.6563406390824,333.6563406390824,Estimated
P11337,Snacks Product 1338,Grocery,Snacks,100.49,125.38,Private Label,0.8014834901898229,101.63548429265958,100.49,Actual
P11338,Home Decor Product 1339,Home & Kitchen,Home Decor,3454.26,3874.04,Brand D,0.8916428328050304,3090.9044540454597,3454.26,Actual
P11339,Cookware Product 1340,Home & Kitchen,Cookware,15360.9,18384.36,Brand B,0.8355417322115102,14667.96940887941,15360.9,Actual
P11340,Skincare Product 1341,Beauty,Skincare,4126.79,5091.86,Private Label,0.8104680804264062,4062.7305544845863,4126.79,Actual
P11341,Footwear Product 1342,Fashion,Footwear,289.71,366.39,Brand C,0.7907148120854827,293.9785757280963,289.71,Actual
P11342,Home Decor Product 1343,Home & Kitchen,Home Decor,5245.35,6658.1,Brand A,0.7878148420720626,5312.167903656151,5245.35,Actual
P11343,Academic Product 1344,Books,Academic,1439.76,1771.35,Brand B,0.8128037937166568,1412.038531114327,1439.76,Actual
P11344,Staples Product 1345,Grocery,Staples,52.69,60.09,Brand B,0.8768513895822931,48.71013121028805,52.69,Actual
P11345,Accessories Product 1346,Fashion,Accessories,455.58,583.43,Brand D,0.7808648852475876,468.12391287164826,455.58,Actual
P11346,Games Product 1347,Toys,Games,5167.04,6423.15,Brand A,0.8044401890038377,5129.178671650963,5167.04,Actual
P11347,Children Product 1348,Books,Children,233.63,306.25,Private Label,0.7628734693877551,244.12837674867345,233.63,Actual
P11348,Fitness Product 1349,Sports,Fitness,463.59,575.55,Brand C,0.8054730258014073,460.07675384333936,463.59,Actual
P11349,Personal Care Product 1350,Beauty,Personal Care,552.1,684.04,Brand C,0.8071165428922286,545.786845767487,552.1,Actual
P11350,Snacks Product 1351,Grocery,Snacks,1274.5,1666.69,Brand A,0.7646892943498791,1351.0515657659341,1274.5,Actual
P11351,Action Figures Product 1352,Toys,Action Figures,4387.57,5324.11,Brand C,0.8240945435011673,4251.545029700943,4387.57,Actual
P11352,Women Product 1353,Fashion,Women,5367.86,6514.96,Private Label,0.8239283126834239,5227.377007356965,5367.86,Actual
P11353,Games Product 1354,Toys,Games,3879.95,4928.26,Private Label,0.7872859792299919,3935.4407230643187,3879.95,Actual
P11354,Mobiles Product 1355,Electronics,Mobiles,26571.75,31767.2,Private Label,0.8364523785539801,25404.442529189462,26571.75,Actual
P11355,Educational Product 1356,Toys,Educational,158.22,203.35,Brand C,0.7780673715269241,162.38426362146663,158.22,Actual
P11356,Footwear Product 1357,Fashion,Footwear,351.73,465.47,Brand C,0.755644832105184,373.47691706694235,351.73,Actual
P11357,Skincare Product 1358,Beauty,Skincare,211.22,260.82,Brand A,0.8098305344682156,208.10497209677206,211.22,Actual
P11358,Equipment Product 1359,Sports,Equipment,1664.52,2279.14,Brand A,0.7303281062155024,1821.8735692025168,1664.52,Actual
P11359,Educational Product 1360,Toys,Educational,3898.88,5360.91,Brand C,0.727279510381633,4280.931510651373,3898.88,Actual
P11360,Cookware Product 1361,Home & Kitchen,Cookware,356.99,490.0,Private Label,0.7285510204081633,390.94670743778465,356.99,Actual
P11361,Men Product 1362,Fashion,Men,263.93,328.94,Brand A,0.8023651729798748,263.93,263.93,Actual
P11362,Fiction Product 1363,Books,Fiction,432.61,487.85,Brand C,0.8867684739161628,388.8915219488664,432.61,Actual
P11363,Staples Product 1364,Grocery,Staples,601.03,693.85,Brand C,0.8662246883332132,562.4484030663731,601.03,Actual
P11364,Makeup Product 1365,Beauty,Makeup,1538.82,1814.81,Brand A,0.8479234740826863,1448.0138962155622,1538.82,Actual
P11365,Kitchen Appliances Product 1366,Home & Kitchen,Kitchen Appliances,580.03,760.15,Brand C,0.7630467670854436,606.4859993037387,580.03,Actual
P11366,Children Product 1367,Books,Children,126.29,161.53,Brand C,0.7818361914195506,128.7642667631452,126.29,Actual
P11367,Outdoor Product 1368,Sports,Outdoor,736.85,876.5,Brand B,0.8406731317741015,700.6468156436226,736.85,Actual
P11368,Educational Product 1369,Toys,Educational,151.31,201.25,Brand C,0.7518509316770187,160.7073176976649,151.31,Actual
P11369,Action Figures Product 1370,Toys,Action Figures,2091.27,2560.25,Brand B,0.8168225759203203,2044.4765721015979,2091.27,Actual
P11370,Haircare Product 1371,Beauty,Haircare,2189.6,2866.01,Brand C,0.7639889602618273,2286.753052216355,2189.6,Actual
P11371,Makeup Product 1372,Beauty,Makeup,703.86,858.03,Brand A,0.8203209677983287,684.6112614377477,703.86,Actual
P11372,Cookware Product 1373,Home & Kitchen,Cookware,226.71,264.02,Brand C,0.8586849481099917,210.6484687708651,226.71,Actual
P11373,Home Decor Product 1374,Home & Kitchen,Home Decor,896.92,1021.82,Private Label,0.8777671214108159,815.2595195797492,896.92,Actual
P11374,Academic Product 1375,Books,Academic,252.05,327.49,Brand A,0.7696418211243091,261.0599252291365,252.05,Actual
P11375,Women Product 1376,Fashion,Women,4764.56,6030.06,Private Label,0.7901347581947775,4838.310134979024,4764.56,Actual
P11376,Snacks Product 1377,Grocery,Snacks,91.57,120.43,Brand A,0.7603587146059951,97.62291731827241,91.57,Actual
P11377,Women Product 1378,Fashion,Women,5292.32,6758.02,Brand A,0.7831169484553167,5422.399886301453,5292.32,Actual
P11378,Packaged Foods Product 1379,Grocery,Packaged Foods,590.49,791.15,Brand B,0.7463692093787525,641.3216892497817,590.49,Actual
P11379,Action Figures Product 1380,Toys,Action Figures,2366.89,2675.51,Brand B,0.8846500293402004,2136.5169469479724,2366.89,Actual
P11380,Snacks Product 1381,Grocery,Snacks,1533.5,1836.2,Brand C,0.8351486766147478,1488.4596925999485,1533.5,Actual
P11381,Non-Fiction Product 1382,Books,Non-Fiction,220.99,281.8,Brand A,0.7842086586231369,224.6379643029426,220.99,Actual
P11382,Skincare Product 1383,Beauty,Skincare,765.17,950.12,Private Label,0.8053403780575085,758.088705193563,765.17,Actual
P11383,Staples Product 1384,Grocery,Staples,78.28,97.5,Private Label,0.8028717948717948,79.03541010156572,78.28,Actual
P11384,Accessories Product 1385,Electronics,Accessories,4747.7,5364.73,Brand A,0.8849839600501797,4290.210499182131,4747.7,Actual
P11385,Educational Product 1386,Toys,Educational,3250.13,3679.96,Private Label,0.883197099968478,2938.6161532158953,3250.13,Actual
P11386,Academic Product 1387,Books,Academic,226.4,300.71,Private Label,0.7528848392138606,239.7121442354076,226.4,Actual
P11387,Sportswear Product 1388,Sports,Sportswear,2759.21,3699.84,Brand A,0.7457646817159661,2957.536924576042,2759.21,Actual
P11388,Games Product 1389,Toys,Games,2288.24,3073.08,Brand B,0.7446080154112485,2453.9947521507584,2288.24,Actual
P11389,Makeup Product 1390,Beauty,Makeup,5349.41,7332.46,Brand B,0.729551882996975,5850.476894796018,5349.41,Actual
P11390,Fitness Product 1391,Sports,Fitness,582.57,799.76,Brand B,0.7284310293087927,639.3032484645107,582.57,Actual
P11391,Fiction Product 1392,Books,Fiction,841.72,959.61,Brand D,0.877148008044935,764.9568379160637,841.72,Actual
P11392,Sportswear Product 1393,Sports,Sportswear,1842.9,2304.82,Brand D,0.7995852170668425,1842.4013618160118,1842.9,Actual
P11393,Fitness Product 1394,Sports,Fitness,2110.86,2456.84,Brand D,0.8591768287719184,1963.9214176222222,2110.86,Actual
P11394,Makeup Product 1395,Beauty,Makeup,608.61,781.23,Brand B,0.7790407434430321,623.3335148806121,608.61,Actual
P11395,Non-Fiction Product 1396,Books,Non-Fiction,2290.32,2835.04,Brand A,0.8078616174727694,2259.963145200193,2290.32,Actual
P11396,Fiction Product 1397,Books,Fiction,532.64,648.47,Private Label,0.8213795549524264,516.9303786782441,532.64,Actual
P11397,Snacks Product 1398,Grocery,Snacks,86.54,103.84,Brand C,0.8333975346687211,84.17473830714445,86.54,Actual
P11398,Outdoor Product 1399,Sports,Outdoor,533.6,687.65,Brand A,0.7759761506580383,549.6860043095688,533.6,Actual
P11399,Sportswear Product 1400,Sports,Sportswear,1776.55,2279.19,Brand D,0.7794655118704452,1821.913537646079,1776.55,Actual
P11400,Audio Product 1401,Electronics,Audio,8782.67,11066.33,Brand C,0.793638902870238,8849.818192791472,8782.67,Actual
P11401,Cookware Product 1402,Home & Kitchen,Cookware,5586.07,7416.79,Brand C,0.7531654529789842,5917.48904134181,5586.07,Actual
P11402,Packaged Foods Product 1403,Grocery,Packaged Foods,2980.92,3993.88,Private Label,0.7463719490820956,3237.517371245552,2980.92,Actual
P11403,Snacks Product 1404,Grocery,Snacks,98.15,120.38,Brand A,0.8153347732181426,97.58238633873314,98.15,Actual
P11404,Audio Product 1405,Electronics,Audio,24085.34,27542.47,Brand A,0.8744800302950316,22025.89766258672,24085.34,Actual
P11405,Games Product 1406,Toys,Games,1722.0,2200.29,Brand C,0.7826241086402247,1757.032069848423,1722.0,Actual
P11406,Makeup Product 1407,Beauty,Makeup,398.1,546.12,Brand B,0.7289606679850583,435.7422259086311,398.1,Actual
P11407,Footwear Product 1408,Fashion,Footwear,648.69,847.67,Brand C,0.7652624252362359,680.1408861798504,648.69,Actual
P11408,Snacks Product 1409,Grocery,Snacks,1170.39,1559.98,Private Label,0.7502596187130605,1264.550349233236,1170.39,Actual
P11409,Equipment Product 1410,Sports,Equipment,237.23,286.5,Private Label,0.8280279232111692,229.01918161083614,237.23,Actual
P11410,Outdoor Toys Product 1411,Toys,Outdoor Toys,160.71,205.74,Brand A,0.7811315252260134,164.2927877918886,160.71,Actual
P11411,Accessories Product 1412,Fashion,Accessories,4109.58,5661.5,Brand A,0.7258818334363685,4542.590426825561,4109.58,Actual
P11412,Laptops Product 1413,Electronics,Laptops,21992.24,26027.73,Brand C,0.8449542084538298,20814.54994303119,21992.24,Actual
P11413,Women Product 1414,Fashion,Women,508.93,685.06,Brand B,0.7428984322541092,549.6682854015929,508.93,Actual
P11414,Equipment Product 1415,Sports,Equipment,6523.59,7982.49,Brand B,0.817237478531135,6380.95402100064,6523.59,Actual
P11415,Packaged Foods Product 1416,Grocery,Packaged Foods,3191.49,4012.06,Brand D,0.7954741454514638,3252.2544354060283,3191.49,Actual
P11416,Action Figures Product 1417,Toys,Action Figures,3678.87,4240.89,Brand A,0.8674759307598169,3386.5443803768953,3678.87,Actual
P11417,Children Product 1418,Books,Children,2490.41,2961.64,Brand D,0.840888831863427,2360.8828268210323,2490.41,Actual
P11418,Skincare Product 1419,Beauty,Skincare,770.38,963.95,Brand B,0.7991908293998651,769.1234868977972,770.38,Actual
P11419,Storage Product 1420,Home & Kitchen,Storage,14126.25,18564.71,Brand B,0.7609195080343297,14811.861732729214,14126.25,Actual
P11420,Kitchen Appliances Product 1421,Home & Kitchen,Kitchen Appliances,1474.72,1781.16,Brand D,0.8279548159626311,1421.0992600405807,1474.72,Actual
P11421,Footwear Product 1422,Fashion,Footwear,587.89,729.72,Brand C,0.8056377788740886,585.5019140268743,587.89,Actual
P11422,Men Product 1423,Fashion,Men,8472.07,10331.36,Brand D,0.8200343420420931,8289.523453517359,8472.07,Actual
P11423,Fiction Product 1424,Books,Fiction,1563.68,2049.33,Brand D,0.7630201090112378,1633.6313675832128,1563.68,Actual
P11424,Fiction Product 1425,Books,Fiction,221.13,281.84,Brand A,0.7845940959409594,224.66985045827303,221.13,Actual
P11425,Audio Product 1426,Electronics,Audio,862.5,1084.29,Brand A,0.7954514013778602,867.1139725872863,862.5,Actual
P11426,Haircare Product 1427,Beauty,Haircare,317.3,384.61,Brand D,0.8249915498816983,306.875444053905,317.3,Actual
P11427,Children Product 1428,Books,Children,1381.34,1642.22,Brand D,0.8411418689335167,1309.1020501688374,1381.34,Actual
P11428,Non-Fiction Product 1429,Books,Non-Fiction,2266.77,2959.45,Brand D,0.765942996164828,2359.137059816691,2266.77,Actual
P11429,Audio Product 1430,Electronics,Audio,2378.01,3001.61,Brand C,0.7922448286086468,2400.4076135145806,2378.01,Actual
P11430,Personal Care Product 1431,Beauty,Personal Care,2145.09,2774.25,Brand A,0.7732143822654772,2213.5389112777775,2145.09,Actual
P11431,Laptops Product 1432,Electronics,Laptops,21653.61,25132.32,Brand C,0.8615842071086156,20098.484571041794,21653.61,Actual
P11432,Sportswear Product 1433,Sports,Sportswear,1270.62,1576.65,Brand C,0.8058985824374464,1260.3249308437166,1270.62,Actual
P11433,Personal Care Product 1434,Beauty,Personal Care,3038.0,3654.0,Brand D,0.8314176245210728,2915.480285413715,3038.0,Actual
P11434,Games Product 1435,Toys,Games,178.73,229.7,Brand C,0.7781018720069656,183.42594223678822,178.73,Actual
P11435,Storage Product 1436,Home & Kitchen,Storage,4244.29,5533.74,Brand C,0.766983992742702,4415.09680166687,4244.29,Actual
P11436,Audio Product 1437,Electronics,Audio,714.34,896.52,Brand D,0.796792040333735,716.9530464211178,714.34,Actual
P11437,Home Decor Product 1438,Home & Kitchen,Home Decor,187.42,216.32,Private Label,0.8664016272189349,172.59100357743176,187.42,Actual
P11438,Men Product 1439,Fashion,Men,3058.08,3842.25,Brand B,0.7959086472769861,3082.8875858819238,3058.08,Actual
P11439,Cookware Product 1440,Home & Kitchen,Cookware,247.77,317.07,Brand C,0.7814362759012206,252.97443372918036,247.77,Actual
P11440,Educational Product 1441,Toys,Educational,2895.66,3259.58,Brand C,0.8883537142822081,2602.923521097911,2895.66,Actual
P11441,Haircare Product 1442,Beauty,Haircare,118.89,159.48,Brand A,0.7454853273137698,127.24707058505179,118.89,Actual
P11442,Audio Product 1443,Electronics,Audio,46229.82,56300.68,Brand D,0.8211236525029538,45024.03074285069,46229.82,Actual
P11443,Mobiles Product 1444,Electronics,Mobiles,9109.58,10714.57,Private Label,0.8502049078964439,8568.513365672063,9109.58,Actual
P11444,Academic Product 1445,Books,Academic,595.68,678.79,Brand D,0.8775615433344628,541.1000844187168,595.68,Actual
P11445,Games Product 1446,Toys,Games,2855.04,3361.53,Brand B,0.8493275383530713,2684.3352529700946,2855.04,Actual
P11446,Beverages Product 1447,Grocery,Beverages,2470.41,2930.08,Private Label,0.8431203243597444,2375.180250568161,2470.41,Actual
P11447,Staples Product 1448,Grocery,Staples,320.15,440.28,Brand D,0.7271509039702008,356.8995934309472,320.15,Actual
P11448,Storage Product 1449,Home & Kitchen,Storage,348.32,443.85,Brand C,0.7847696293792947,354.12591040053206,348.32,Actual
P11449,Footwear Product 1450,Fashion,Footwear,371.77,491.07,Brand D,0.757061111450506,394.0174654952271,371.77,Actual
P11450,Non-Fiction Product 1451,Books,Non-Fiction,1407.23,1731.8,Private Label,0.8125822843284444,1380.5110950313556,1407.23,Actual
P11451,Fitness Product 1452,Sports,Fitness,6794.95,7934.97,Brand B,0.8563296395575534,6342.96801223922,6794.95,Actual
P11452,Mobiles Product 1453,Electronics,Mobiles,818.08,987.44,Brand C,0.828485781414567,789.6623791528006,818.08,Actual
P11453,Footwear Product 1454,Fashion,Footwear,506.98,689.65,Brand D,0.7351265134488509,553.3511415455706,506.98,Actual
P11454,Snacks Product 1455,Grocery,Snacks,174.41,214.9,Brand D,0.8115867845509539,174.2021500597587,174.41,Actual
P11455,Footwear Product 1456,Fashion,Footwear,4669.53,5232.04,Brand C,0.8924874427565538,4198.006679637624,4669.53,Actual
P11456,Fiction Product 1457,Books,Fiction,675.41,929.99,Brand B,0.7262551210228066,741.3451398938737,675.41,Actual
P11457,Packaged Foods Product 1458,Grocery,Packaged Foods,90.51,122.93,Brand D,0.7362726755063858,99.64946629523564,90.51,Actual
P11458,Home Decor Product 1459,Home & Kitchen,Home Decor,2627.04,3483.27,Brand C,0.7541878751862474,2779.1284441159432,2627.04,Actual
P11459,Mobiles Product 1460,Electronics,Mobiles,38629.9,50119.23,Brand A,0.7707600455952734,40080.683791528005,38629.9,Actual
P11460,Men Product 1461,Fashion,Men,552.16,625.22,Brand A,0.8831451329132145,501.6547534504773,552.16,Actual
P11461,Snacks Product 1462,Grocery,Snacks,225.03,304.16,Brand C,0.7398408732246186,246.55805473325367,225.03,Actual
P11462,Cookware Product 1463,Home & Kitchen,Cookware,2043.08,2814.55,Brand C,0.7258993444778028,2245.5899090184016,2043.08,Actual
P11463,Outdoor Product 1464,Sports,Outdoor,3030.91,3543.0,Private Label,0.8554642957945243,2832.1639108104446,3030.91,Actual
P11464,Accessories Product 1465,Electronics,Accessories,29267.53,35376.76,Brand D,0.8273095105374262,28291.03182807829,29267.53,Actual
P11465,Games Product 1466,Toys,Games,4287.94,4811.52,Brand B,0.8911819965416332,3842.2185006145032,4287.94,Actual
P11466,Snacks Product 1467,Grocery,Snacks,,702.32,Brand B,,569.3143510003246,569.3143510003246,Estimated
P11467,Accessories Product 1468,Electronics,Accessories,64566.35,81622.21,Private Label,0.7910389831395155,65273.827817699814,64566.35,Actual
P11468,Sportswear Product 1469,Sports,Sportswear,2426.46,3294.68,Brand B,0.736478201221363,2633.6646327036283,2426.46,Actual
P11469,Women Product 1470,Fashion,Women,273.05,367.85,Brand A,0.7422862579855919,295.15002888064697,273.05,Actual
P11470,Mobiles Product 1471,Electronics,Mobiles,2542.58,3192.37,Brand B,0.7964552981014106,2552.9596626995317,2542.58,Actual
P11471,Fitness Product 1472,Sports,Fitness,861.56,1055.11,Brand B,0.8165594108671134,843.4220897361581,861.56,Actual
P11472,Haircare Product 1473,Beauty,Haircare,4101.14,4611.88,Brand D,0.8892555747330807,3679.760596248989,4101.14,Actual
P11473,Accessories Product 1474,Electronics,Accessories,20360.98,26845.73,Private Label,0.7584438940568947,21468.710019741666,20360.98,Actual
P11474,Mobiles Product 1475,Electronics,Mobiles,19223.82,26328.73,Brand B,0.7301461179479602,21055.261658299958,19223.82,Actual
P11475,Laptops Product 1476,Electronics,Laptops,27304.13,32530.05,Brand B,0.839351000075315,26014.49878165717,27304.13,Actual
P11476,Snacks Product 1477,Grocery,Snacks,2291.22,2844.89,Brand D,0.8053808758862381,2306.123567629162,2291.22,Actual
P11477,Skincare Product 1478,Beauty,Skincare,1189.46,1509.56,Brand D,0.7879514560534195,1204.4587902706971,1189.46,Actual
P11478,Non-Fiction Product 1479,Books,Non-Fiction,1118.06,1461.88,Brand B,0.7648096971023612,1165.3433188615534,1118.06,Actual
P11479,Staples Product 1480,Grocery,Staples,286.36,351.25,Private Label,0.8152597864768684,284.7301312633329,286.36,Actual
P11480,Mobiles Product 1481,Electronics,Mobiles,1068.64,1457.04,Brand C,0.7334321638390162,1165.2046432398893,1068.64,Actual
P11481,Action Figures Product 1482,Toys,Action Figures,5170.21,6729.27,Brand A,0.7683166227540282,5373.629474600574,5170.21,Actual
P11482,Outdoor Product 1483,Sports,Outdoor,248.69,333.37,Brand B,0.7459879413264541,266.4856006059492,248.69,Actual
P11483,Outdoor Product 1484,Sports,Outdoor,703.94,964.85,Private Label,0.7295849095714361,771.2710554178543,703.94,Actual
P11484,Laptops Product 1485,Electronics,Laptops,50249.19,68026.73,Brand A,0.7386683146463163,54401.431436629246,50249.19,Actual
P11485,Footwear Product 1486,Fashion,Footwear,274.64,309.4,Brand B,0.8876535229476407,248.25178451997323,274.64,Actual
P11486,Educational Product 1487,Toys,Educational,2367.25,3096.57,Brand A,0.7644748867295104,2472.7525901269973,2367.25,Actual
P11487,Outdoor Toys Product 1488,Toys,Outdoor Toys,671.52,915.04,Private Label,0.7338695576149676,730.7012371978698,671.52,Actual
P11488,Skincare Product 1489,Beauty,Skincare,137.45,172.25,Brand C,0.7979680696661828,137.4360917248255,137.45,Actual
P11489,Laptops Product 1490,Electronics,Laptops,4543.34,5687.67,Brand D,0.7988051346157565,4548.467779344576,4543.34,Actual
P11490,Staples Product 1491,Grocery,Staples,648.69,785.59,Private Label,0.8257360709785003,636.8146443250156,648.69,Actual
P11491,Women Product 1492,Fashion,Women,6794.66,8519.11,Brand B,0.797578620301886,6835.437168784581,6794.66,Actual
P11492,Games Product 1493,Toys,Games,206.31,246.7,Private Label,0.8362788812322659,197.00121876280215,206.31,Actual
P11493,Action Figures Product 1494,Toys,Action Figures,1878.44,2274.64,Brand C,0.8258185910737524,1816.4039410077837,1878.44,Actual
P11494,Makeup Product 1495,Beauty,Makeup,339.86,421.51,Brand C,0.8062916656781571,336.3174863450287,339.86,Actual
P11495,Accessories Product 1496,Electronics,Accessories,2373.12,2827.88,Brand B,0.8391869527702731,2261.474569349653,2373.12,Actual
P11496,Snacks Product 1497,Grocery,Snacks,2076.46,2684.11,Brand A,0.7736121097868567,2175.7921498227033,2076.46,Actual
P11497,Packaged Foods Product 1498,Grocery,Packaged Foods,1639.04,1855.94,Brand D,0.8831319978016531,1504.4613233220502,1639.04,Actual
P11498,Haircare Product 1499,Beauty,Haircare,1194.42,1518.05,Brand A,0.7868120285893088,1211.2328536596306,1194.42,Actual
P11499,Kitchen Appliances Product 1500,Home & Kitchen,Kitchen Appliances,16868.2,20148.92,Brand B,0.8371763846399709,16075.824351892505,16868.2,Actual
P11500,Audio Product 1501,Electronics,Audio,6699.09,7961.92,Brand A,0.8413912724568948,6367.200731005697,6699.09,Actual
P11501,Beverages Product 1502,Grocery,Beverages,324.58,366.61,Private Label,0.8853550094105452,297.181248177795,324.58,Actual
P11502,Snacks Product 1503,Grocery,Snacks,155.54,178.25,Brand D,0.8725946704067321,144.49294205747785,155.54,Actual
P11503,Action Figures Product 1504,Toys,Action Figures,3030.75,3628.67,Brand D,0.83522337385323,2897.6587453912334,3030.75,Actual
P11504,Kitchen Appliances Product 1505,Home & Kitchen,Kitchen Appliances,1011.01,1207.31,Brand A,0.8374071282437816,963.2527946055342,1011.01,Actual
P11505,Accessories Product 1506,Fashion,Accessories,8832.09,11847.73,Brand B,0.7454668531440201,9506.205930868851,8832.09,Actual
P11506,Outdoor Toys Product 1507,Toys,Outdoor Toys,6857.28,9422.17,Brand C,0.7277813921846029,7524.033130888981,6857.28,Actual
P11507,Fitness Product 1508,Sports,Fitness,558.32,695.93,Brand D,0.8022645955771415,556.3047785634526,558.32,Actual
P11508,Action Figures Product 1509,Toys,Action Figures,2330.24,2909.35,Brand A,0.800948665509478,2323.248868291684,2330.24,Actual
P11509,Fitness Product 1510,Sports,Fitness,1098.34,1407.58,Private Label,0.7803037837991447,1125.1756357828297,1098.34,Actual
P11510,Accessories Product 1511,Electronics,Accessories,54254.28,67075.22,Brand A,0.8088572799313964,53640.50251903661,54254.28,Actual
P11511,Cookware Product 1512,Home & Kitchen,Cookware,265.05,301.94,Brand A,0.87782340862423,240.90295682400958,265.05,Actual
P11512,Fitness Product 1513,Sports,Fitness,569.14,669.18,Private Label,0.8505036014226367,534.9216612577288,569.14,Actual
P11513,Accessories Product 1514,Electronics,Accessories,13639.08,18015.87,Brand B,0.7570591928116711,14407.411859664955,13639.08,Actual
P11514,Games Product 1515,Toys,Games,581.78,662.31,Private Label,0.8784104120426991,528.8847879967227,581.78,Actual
P11515,Action Figures Product 1516,Toys,Action Figures,1133.7,1287.21,Brand A,0.8807420700584986,1027.895982179435,1133.7,Actual
P11516,Accessories Product 1517,Fashion,Accessories,6296.74,8068.06,Private Label,0.7804527978225249,6473.530357512009,6296.74,Actual
P11517,Women Product 1518,Fashion,Women,794.11,962.71,Brand B,0.8248693791484455,772.4449756794553,794.11,Actual
P11518,Makeup Product 1519,Beauty,Makeup,3632.99,4915.18,Brand B,0.7391367152372852,3921.7598219101765,3632.99,Actual
P11519,Haircare Product 1520,Beauty,Haircare,502.61,668.75,Brand B,0.7515663551401869,533.5871485688073,502.61,Actual
P11520,Skincare Product 1521,Beauty,Skincare,2080.98,2469.0,Private Label,0.8428432563791008,1969.9838053329127,2080.98,Actual
P11521,Educational Product 1522,Toys,Educational,171.81,224.81,Brand A,0.7642453627507673,179.52105387136422,171.81,Actual
P11522,Accessories Product 1523,Fashion,Accessories,499.63,619.82,Private Label,0.8060888645090509,497.321981516386,499.63,Actual
P11523,Men Product 1524,Fashion,Men,1523.77,2040.92,Brand B,0.74660937224389,1637.563128838086,1523.77,Actual
P11524,Makeup Product 1525,Beauty,Makeup,3174.42,4084.02,Brand B,0.7772782699399121,3258.5877928941763,3174.42,Actual
P11525,Personal Care Product 1526,Beauty,Personal Care,2169.09,2800.0,Brand C,0.774675,2234.084509895567,2169.09,Actual
P11526,Personal Care Product 1527,Beauty,Personal Care,345.83,453.02,Brand B,0.76338792989272,361.45891595460347,345.83,Actual
P11527,Women Product 1528,Fashion,Women,6779.6,8907.52,Private Label,0.7611097140393734,7147.083825621694,6779.6,Actual
P11528,Accessories Product 1529,Fashion,Accessories,275.03,335.66,Brand A,0.8193707918727282,269.3218939624248,275.03,Actual
P11529,Accessories Product 1530,Electronics,Accessories,18104.38,24840.02,Brand D,0.7288391877301227,19864.730304021658,18104.38,Actual
P11530,Footwear Product 1531,Fashion,Footwear,1812.01,2318.8,Brand B,0.7814429877522856,1860.5243631057338,1812.01,Actual
P11531,Games Product 1532,Toys,Games,3779.38,4364.0,Brand C,0.8660357470210815,3484.853338795576,3779.38,Actual
P11532,Women Product 1533,Fashion,Women,886.9,1044.02,Brand D,0.8495047987586445,837.6852878944488,886.9,Actual
P11533,Makeup Product 1534,Beauty,Makeup,455.47,576.2,Brand D,0.7904720583130858,459.74267664350924,455.47,Actual
P11534,Men Product 1535,Fashion,Men,535.75,723.05,Brand D,0.7409584399419128,580.1501383230984,535.75,Actual
P11535,Outdoor Product 1536,Sports,Outdoor,1126.24,1369.29,Brand B,0.8224992514368761,1094.5678017029732,1126.24,Actual
P11536,Outdoor Toys Product 1537,Toys,Outdoor Toys,330.76,372.81,Brand C,0.8872079611598401,297.7058142154855,330.76,Actual
P11537,Educational Product 1538,Toys,Educational,6219.38,7113.76,Brand C,0.874274645194665,5680.662302335109,6219.38,Actual
P11538,Personal Care Product 1539,Beauty,Personal Care,3550.77,4655.81,Brand C,0.7626535447108022,3714.8117864346004,3550.77,Actual
P11539,Haircare Product 1540,Beauty,Haircare,4360.38,5011.44,Brand C,0.8700852449595327,3998.5644558110857,4360.38,Actual
P11540,Outdoor Toys Product 1541,Toys,Outdoor Toys,4718.31,5417.08,Brand A,0.8710061509152534,4325.7858213846785,4718.31,Actual
P11541,Haircare Product 1542,Beauty,Haircare,153.88,177.35,Private Label,0.867662813645334,141.5053170821353,153.88,Actual
P11542,Staples Product 1543,Grocery,Staples,1189.16,1404.48,Brand C,0.8466905901116428,1138.4990028661234,1189.16,Actual
P11543,Packaged Foods Product 1544,Grocery,Packaged Foods,485.03,559.67,Brand C,0.8666356960351635,453.6794663748029,485.03,Actual
P11544,Academic Product 1545,Books,Academic,2028.92,2630.04,Private Label,0.7714407385439005,2096.5465991316933,2028.92,Actual
P11545,Snacks Product 1546,Grocery,Snacks,82.69,106.48,Brand D,0.7765777610818932,86.31477402681762,82.69,Actual
P11546,Games Product 1547,Toys,Games,5937.1,8151.28,Brand A,0.7283641342218646,6509.169414174519,5937.1,Actual
P11547,Beverages Product 1548,Grocery,Beverages,2627.56,3034.39,Brand D,0.8659269243571196,2459.7359800829745,2627.56,Actual
P11548,Cookware Product 1549,Home & Kitchen,Cookware,6176.18,7108.88,Brand A,0.8687978978404475,5671.822917490446,6176.18,Actual
P11549,Accessories Product 1550,Electronics,Accessories,5115.45,6773.56,Brand C,0.7552084871175571,5416.861282644255,5115.45,Actual
P11550,Educational Product 1551,Toys,Educational,3205.4,4415.75,Private Label,0.7259016022193285,3526.1780776321184,3205.4,Actual
P11551,Accessories Product 1552,Fashion,Accessories,1472.75,1768.38,Brand D,0.8328243929472172,1418.886524594151,1472.75,Actual
P11552,Storage Product 1553,Home & Kitchen,Storage,1457.13,1666.72,Brand A,0.8742500239992321,1329.7932575932743,1457.13,Actual
P11553,Cookware Product 1554,Home & Kitchen,Cookware,15856.39,18189.72,Brand D,0.8717225993583188,14512.675802480042,15856.39,Actual
P11554,Makeup Product 1555,Beauty,Makeup,149.75,188.83,Brand B,0.7930413599533972,150.66506357270714,149.75,Actual
P11555,Mobiles Product 1556,Electronics,Mobiles,15810.45,20481.52,Brand C,0.7719373366820431,16379.208672795983,15810.45,Actual
P11556,Academic Product 1557,Books,Academic,1841.56,2129.35,Brand B,0.8648460797896071,1697.4196213217558,1841.56,Actual
P11557,Accessories Product 1558,Fashion,Accessories,2287.15,2913.31,Private Label,0.7850692168015077,2337.538482093999,2287.15,Actual
P11558,Men Product 1559,Fashion,Men,1186.06,1631.29,Brand D,0.7270687615322843,1308.8902830303398,1186.06,Actual
P11559,Outdoor Product 1560,Sports,Outdoor,1923.3,2225.74,Brand C,0.8641171026265423,1779.1872714781932,1923.3,Actual
P11560,Snacks Product 1561,Grocery,Snacks,2879.68,3955.65,Brand D,0.7279916069419691,3206.5273842898305,2879.68,Actual
P11561,Storage Product 1562,Home & Kitchen,Storage,300.06,337.31,Private Label,0.8895674601998161,269.1229262976309,300.06,Actual
P11562,Men Product 1563,Fashion,Men,1804.37,2251.26,Brand B,0.8014933859261035,1806.332619322673,1804.37,Actual
P11563,Makeup Product 1564,Beauty,Makeup,2026.86,2394.78,Brand A,0.8463658457144287,1910.7646080741808,2026.86,Actual
P11564,Children Product 1565,Books,Children,463.07,573.79,Brand B,0.8070374178706495,457.3989266763145,463.07,Actual
P11565,Home Decor Product 1566,Home & Kitchen,Home Decor,5405.37,6471.54,Private Label,0.8352525055859965,5163.320928677389,5405.37,Actual
P11566,Makeup Product 1567,Beauty,Makeup,470.01,584.38,Brand A,0.8042883055546048,466.2693949617041,470.01,Actual
P11567,Makeup Product 1568,Beauty,Makeup,381.75,444.93,Brand C,0.8580001348526735,355.00400749565523,381.75,Actual
P11568,Educational Product 1569,Toys,Educational,232.93,309.41,Private Label,0.752819883003135,247.07801823023357,232.93,Actual
P11569,Storage Product 1570,Home & Kitchen,Storage,907.04,1044.9,Brand D,0.8680639295626374,833.6739073504923,907.04,Actual
P11570,Outdoor Product 1571,Sports,Outdoor,2365.31,3169.03,Brand C,0.7463829626100099,2533.2239340320702,2365.31,Actual
P11571,Haircare Product 1572,Beauty,Haircare,892.93,1182.82,Brand D,0.7549162171759016,943.7570857123837,892.93,Actual
P11572,Packaged Foods Product 1573,Grocery,Packaged Foods,59.5,74.9,Private Label,0.794392523364486,60.715407349818186,59.5,Actual
P11573,Beverages Product 1574,Grocery,Beverages,887.27,1174.12,Brand C,0.7556893673559772,951.7646739328239,887.27,Actual
P11574,Skincare Product 1575,Beauty,Skincare,174.86,212.1,Private Label,0.8244224422442246,169.2319016245892,174.86,Actual
P11575,Outdoor Product 1576,Sports,Outdoor,1626.96,1893.56,Brand D,0.859206996345508,1513.6529198290223,1626.96,Actual
P11576,Fiction Product 1577,Books,Fiction,512.73,655.3,Brand B,0.7824355257134138,522.3749397009166,512.73,Actual
P11577,Mobiles Product 1578,Electronics,Mobiles,841.43,954.92,Brand C,0.8811523478406568,763.6559174234304,841.43,Actual
P11578,Non-Fiction Product 1579,Books,Non-Fiction,919.98,1043.46,Brand C,0.8816629291012592,831.7981910274965,919.98,Actual
P11579,Action Figures Product 1580,Toys,Action Figures,3990.54,4887.79,Brand B,0.8164303294535976,3903.1235794756253,3990.54,Actual
P11580,Women Product 1581,Fashion,Women,897.71,1026.85,Brand C,0.8742367434386717,823.9086778743844,897.71,Actual
P11581,Action Figures Product 1582,Toys,Action Figures,1187.23,1401.57,Brand C,0.8470714983910901,1119.2176659156084,1187.23,Actual
P11582,Sportswear Product 1583,Sports,Sportswear,446.05,587.22,Brand C,0.7595960628044004,469.4053885707337,446.05,Actual
P11583,Audio Product 1584,Electronics,Audio,13742.95,18850.49,Brand A,0.7290500140845145,15074.863061650403,13742.95,Actual
P11584,Equipment Product 1585,Sports,Equipment,8219.76,10684.93,Private Label,0.7692853392581889,8541.200433399901,8219.76,Actual
P11585,Audio Product 1586,Electronics,Audio,14611.61,19875.74,Private Label,0.735147974364728,15894.762350950421,14611.61,Actual
P11586,Accessories Product 1587,Electronics,Accessories,6379.84,7871.26,Brand A,0.8105233469609694,6294.699322014778,6379.84,Actual
P11587,Children Product 1588,Books,Children,189.76,213.61,Private Label,0.8883479237863395,170.28004100337677,189.76,Actual
P11588,Footwear Product 1589,Fashion,Footwear,3785.02,4380.21,Brand C,0.864118387017974,3514.527954338177,3785.02,Actual
P11589,Haircare Product 1590,Beauty,Haircare,568.22,752.88,Brand B,0.7547285091913718,600.7134092179194,568.22,Actual
P11590,Cookware Product 1591,Home & Kitchen,Cookware,232.73,309.92,Brand A,0.750935725348477,247.26980320228208,232.73,Actual
P11591,Fitness Product 1592,Sports,Fitness,1302.88,1679.06,Brand C,0.775957976486844,1342.1882969476108,1302.88,Actual
P11592,Academic Product 1593,Books,Academic,2334.53,3208.5,Brand A,0.7276079164718716,2557.668234442837,2334.53,Actual
P11593,Staples Product 1594,Grocery,Staples,1327.74,1661.42,Private Label,0.7991597549084518,1346.7796005224957,1327.74,Actual
P11594,Snacks Product 1595,Grocery,Snacks,85.69,116.7,Brand C,0.7342759211653813,94.59930624464329,85.69,Actual
P11595,Action Figures Product 1596,Toys,Action Figures,5199.02,6675.34,Brand D,0.778839729511905,5330.56390618599,5199.02,Actual
P11596,Outdoor Toys Product 1597,Toys,Outdoor Toys,5477.72,6653.13,Private Label,0.823329771100219,5312.828206677592,5477.72,Actual
P11597,Accessories Product 1598,Fashion,Accessories,1112.08,1251.63,Private Label,0.8885053889727793,1004.2643214568008,1112.08,Actual
P11598,Non-Fiction Product 1599,Books,Non-Fiction,192.79,247.44,Brand C,0.779138376980278,197.24775687409553,192.79,Actual
P11599,Outdoor Product 1600,Sports,Outdoor,571.89,656.66,Brand A,0.870907318856029,524.9135629897789,571.89,Actual
P11600,Staples Product 1601,Grocery,Staples,713.99,931.6,Private Label,0.766412623443538,755.1732107755756,713.99,Actual
P11601,Storage Product 1602,Home & Kitchen,Storage,156.5,197.12,Brand A,0.7939326298701298,157.27227544925736,156.5,Actual
P11602,Packaged Foods Product 1603,Grocery,Packaged Foods,1087.67,1409.88,Brand B,0.7714628195307403,1142.876348656364,1087.67,Actual
P11603,Educational Product 1604,Toys,Educational,441.46,579.63,Brand B,0.7616237944895882,462.86103133961495,441.46,Actual
P11604,Makeup Product 1605,Beauty,Makeup,3300.45,4406.71,Brand C,0.748960108561716,3516.058053786391,3300.45,Actual
P11605,Makeup Product 1606,Beauty,Makeup,1435.87,1727.04,Brand B,0.8314051788030387,1377.9833257035857,1435.87,Actual
P11606,Personal Care Product 1607,Beauty,Personal Care,238.09,326.37,Brand B,0.7295094524619297,260.4064862480772,238.09,Actual
P11607,Accessories Product 1608,Fashion,Accessories,206.71,280.21,Brand D,0.7376967274544093,224.8307451206907,206.71,Actual
P11608,Action Figures Product 1609,Toys,Action Figures,507.89,606.68,Brand A,0.8371629194962749,484.4616919295371,507.89,Actual
P11609,Non-Fiction Product 1610,Books,Non-Fiction,135.43,159.6,Brand D,0.8485588972431078,127.22575976845152,135.43,Actual
P11610,Haircare Product 1611,Beauty,Haircare,3209.05,3657.51,Brand C,0.8773865279930881,2918.280869924334,3209.05,Actual
P11611,Sportswear Product 1612,Sports,Sportswear,409.77,477.33,Private Label,0.8584626987618629,381.5627433099491,409.77,Actual
P11612,Audio Product 1613,Electronics,Audio,57282.7,66412.18,Brand A,0.8625330474018471,53110.2649918213,57282.7,Actual
P11613,Beverages Product 1614,Grocery,Beverages,64.81,76.07,Private Label,0.8519784409096886,61.66383227103696,64.81,Actual
P11614,Non-Fiction Product 1615,Books,Non-Fiction,953.68,1126.85,Brand B,0.8463238230465457,898.272853352629,953.68,Actual
P11615,Cookware Product 1616,Home & Kitchen,Cookware,358.15,466.89,Private Label,0.7670971749234294,372.50838415434134,358.15,Actual
P11616,Children Product 1617,Books,Children,340.98,453.0,Brand D,0.7527152317880795,361.11070911722146,340.98,Actual
P11617,Snacks Product 1618,Grocery,Snacks,156.2,181.8,Brand C,0.8591859185918591,147.37064160476564,156.2,Actual
P11618,Home Decor Product 1619,Home & Kitchen,Home Decor,182.22,225.2,Brand D,0.8091474245115453,179.67591533671245,182.22,Actual
P11619,Educational Product 1620,Toys,Educational,1498.78,1969.82,Brand D,0.7608715517153851,1572.9912474395742,1498.78,Actual
P11620,Mobiles Product 1621,Electronics,Mobiles,5014.8,6293.95,Brand D,0.7967651474829003,5033.313954537763,5014.8,Actual
P11621,Beverages Product 1622,Grocery,Beverages,346.79,393.81,Brand B,0.8806023209161778,319.23010104715485,346.79,Actual
P11622,Games Product 1623,Toys,Games,1875.55,2555.49,Brand C,0.7339296964574309,2040.675494674314,1875.55,Actual
P11623,Men Product 1624,Fashion,Men,807.06,935.07,Brand A,0.8631011582020597,750.2676022982915,807.06,Actual
P11624,Haircare Product 1625,Beauty,Haircare,272.01,372.67,Brand C,0.729895081439343,297.34866939385034,272.01,Actual
P11625,Personal Care Product 1626,Beauty,Personal Care,319.37,387.04,Private Label,0.8251601901612237,308.81431025356443,319.37,Actual
P11626,Packaged Foods Product 1627,Grocery,Packaged Foods,149.92,179.47,Brand C,0.8353485262160806,145.4818979582359,149.92,Actual
P11627,Sportswear Product 1628,Sports,Sportswear,215.59,250.04,Brand C,0.8622220444728844,199.87419256535242,215.59,Actual
P11628,Fitness Product 1629,Sports,Fitness,634.25,748.68,Brand A,0.8471576641555806,598.4714865214687,634.25,Actual
P11629,Staples Product 1630,Grocery,Staples,55.23,70.38,Brand A,0.7847399829497016,57.051406799468666,55.23,Actual
P11630,Outdoor Toys Product 1631,Toys,Outdoor Toys,1294.96,1765.44,Brand D,0.733505528366866,1409.7844817697667,1294.96,Actual
P11631,Action Figures Product 1632,Toys,Action Figures,423.94,524.45,Brand B,0.8083516064448469,418.7972808275298,423.94,Actual
P11632,Mobiles Product 1633,Electronics,Mobiles,31165.47,40596.17,Brand B,0.7676948342663853,32465.028950307402,31165.47,Actual
P11633,Beverages Product 1634,Grocery,Beverages,669.15,904.13,Brand A,0.7401037461427007,732.9054906167038,669.15,Actual
P11634,Home Decor Product 1635,Home & Kitchen,Home Decor,418.18,540.47,Brand B,0.7737339722833829,431.21421830387646,418.18,Actual
P11635,Accessories Product 1636,Fashion,Accessories,1518.78,1835.79,Brand C,0.8273168499664995,1472.9739609047242,1518.78,Actual
P11636,Staples Product 1637,Grocery,Staples,117.18,140.61,Private Label,0.8333688926818861,113.98122066031956,117.18,Actual
P11637,Staples Product 1638,Grocery,Staples,583.68,707.74,Brand A,0.8247096391330149,573.7079091823807,583.68,Actual
P11638,Children Product 1639,Books,Children,2405.01,3250.58,Brand B,0.7398710383993011,2591.2124698504585,2405.01,Actual
P11639,Staples Product 1640,Grocery,Staples,2607.45,3054.78,Brand B,0.8535639227702158,2476.2645135390867,2607.45,Actual
P11640,Audio Product 1641,Electronics,Audio,8989.5,11625.21,Brand C,0.7732763537174813,9296.75827063004,8989.5,Actual
P11641,Academic Product 1642,Books,Academic,274.21,368.87,Private Label,0.743378426003741,294.0461529184757,274.21,Actual
P11642,Outdoor Toys Product 1643,Toys,Outdoor Toys,1859.75,2297.93,Brand C,0.8093153403280344,1835.002069848423,1859.75,Actual
P11643,Outdoor Toys Product 1644,Toys,Outdoor Toys,158.64,210.75,Private Label,0.7527402135231316,168.2935016386727,158.64,Actual
P11644,Fitness Product 1645,Sports,Fitness,659.61,843.32,Private Label,0.7821586112033392,674.1237564958127,659.61,Actual
P11645,Haircare Product 1646,Beauty,Haircare,136.61,174.97,Private Label,0.7807624164142425,139.60634524872407,136.61,Actual
P11646,Non-Fiction Product 1647,Books,Non-Fiction,906.81,1228.9,Brand B,0.7379038164211896,979.6224071394116,906.81,Actual
P11647,Games Product 1648,Toys,Games,551.62,700.22,Brand A,0.787780983119591,559.1576546497338,551.62,Actual
P11648,Cookware Product 1649,Home & Kitchen,Cookware,161.95,197.09,Private Label,0.82170581967629,157.2483399365571,161.95,Actual
P11649,Women Product 1650,Fashion,Women,223.85,277.93,Private Label,0.8054186305904364,223.00135252629659,223.85,Actual
P11650,Audio Product 1651,Electronics,Audio,16539.48,18800.73,Brand A,0.8797254149173995,15035.069656495007,16539.48,Actual
P11651,Non-Fiction Product 1652,Books,Non-Fiction,135.21,158.4,Brand D,0.8535984848484849,126.26917510853836,135.21,Actual
P11652,Children Product 1653,Books,Children,1125.62,1515.79,Brand A,0.7425962699318507,1208.3178847081524,1125.62,Actual
P11653,Non-Fiction Product 1654,Books,Non-Fiction,727.64,866.7,Brand B,0.8395523249105803,690.8932706222866,727.64,Actual
P11654,Equipment Product 1655,Sports,Equipment,1048.57,1266.94,Brand D,0.8276398250903751,1012.7523977313534,1048.57,Actual
P11655,Sportswear Product 1656,Sports,Sportswear,8059.84,9203.25,Private Label,0.8757601934099367,7356.791564258037,8059.84,Actual
P11656,Skincare Product 1657,Beauty,Skincare,1245.01,1628.31,Private Label,0.7646025633939484,1299.207910110018,1245.01,Actual
P11657,Action Figures Product 1658,Toys,Action Figures,254.05,350.1,Brand B,0.7256498143387603,279.5708418680869,254.05,Actual
P11658,Non-Fiction Product 1659,Books,Non-Fiction,2466.21,3093.79,Brand D,0.7971484813125649,2466.2267124939704,2466.21,Actual
P11659,Home Decor Product 1660,Home & Kitchen,Home Decor,3612.32,4621.79,Brand A,0.7815846241391323,3687.4971080997525,3612.32,Actual
P11660,Games Product 1661,Toys,Games,687.14,842.98,Brand B,0.8151320316021732,673.1580356411308,687.14,Actual
P11661,Women Product 1662,Fashion,Women,8785.63,11778.16,Brand A,0.745925509587236,9450.38538578464,8785.63,Actual
P11662,Packaged Foods Product 1663,Grocery,Packaged Foods,58.61,71.2,Brand D,0.8231741573033707,57.71611486391261,58.61,Actual
P11663,Footwear Product 1664,Fashion,Footwear,4803.93,6317.36,Brand B,0.7604331556219688,5068.829649176141,4803.93,Actual
P11664,Games Product 1665,Toys,Games,160.44,194.09,Private Label,0.8266268226080684,154.98973064317906,160.44,Actual
P11665,Home Decor Product 1666,Home & Kitchen,Home Decor,11305.85,13443.43,Private Label,0.8409944485893853,10725.846316674157,11305.85,Actual
P11666,Non-Fiction Product 1667,Books,Non-Fiction,849.39,1075.27,Brand B,0.7899318310749858,857.155656054028,849.39,Actual
P11667,Staples Product 1668,Grocery,Staples,51.87,70.93,Brand B,0.73128436486677,57.49724757440059,51.87,Actual
P11668,Storage Product 1669,Home & Kitchen,Storage,161.89,208.07,Brand C,0.7780554621040996,166.00873758485682,161.89,Actual
P11669,Children Product 1670,Books,Children,113.48,155.45,Brand D,0.7300096494049534,123.91757115291847,113.48,Actual
P11670,Cookware Product 1671,Home & Kitchen,Cookware,2469.07,3364.77,Brand C,0.7338005272277155,2684.5831689498664,2469.07,Actual
P11671,Accessories Product 1672,Fashion,Accessories,1947.44,2473.92,Brand B,0.7871879446384685,1984.9872487383718,1947.44,Actual
P11672,Snacks Product 1673,Grocery,Snacks,577.72,716.48,Private Label,0.8063309513175525,580.7927244058442,577.72,Actual
P11673,Women Product 1674,Fashion,Women,428.23,517.94,Private Label,0.8267946094142178,415.57701769319635,428.23,Actual
P11674,Snacks Product 1675,Grocery,Snacks,166.1,192.77,Brand B,0.8616485967733568,156.26313851568025,166.1,Actual
P11675,Accessories Product 1676,Fashion,Accessories,3193.66,4055.59,Brand A,0.7874711201082949,3254.0641718854504,3193.66,Actual
P11676,Home Decor Product 1677,Home & Kitchen,Home Decor,279.85,318.36,Brand B,0.8790363110943586,254.00366077529208,279.85,Actual
P11677,Makeup Product 1678,Beauty,Makeup,1486.6,1937.52,Brand D,0.7672694991535571,1545.9226498617354,1486.6,Actual
P11678,Home Decor Product 1679,Home & Kitchen,Home Decor,4554.88,5923.71,Private Label,0.7689235293422534,4726.234531257713,4554.88,Actual
P11679,Kitchen Appliances Product 1680,Home & Kitchen,Kitchen Appliances,10481.04,12414.42,Brand B,0.8442633647000827,9904.850252550576,10481.04,Actual
P11680,Audio Product 1681,Electronics,Audio,4254.79,4943.7,Brand C,0.8606489066893218,3953.5099892830954,4254.79,Actual
P11681,Audio Product 1682,Electronics,Audio,7926.07,9400.56,Private Label,0.8431487060345342,7517.690771053076,7926.07,Actual
P11682,Accessories Product 1683,Fashion,Accessories,1321.65,1740.56,Private Label,0.7593245851909731,1396.5647254818507,1321.65,Actual
P11683,Home Decor Product 1684,Home & Kitchen,Home Decor,2761.39,3588.22,Brand A,0.7695709850566577,2862.8628460457294,2761.39,Actual
P11684,Staples Product 1685,Grocery,Staples,50.0,62.8,Private Label,0.7961783439490446,50.906910301316174,50.0,Actual
P11685,Fiction Product 1686,Books,Fiction,351.11,445.59,Brand C,0.787966516304226,355.2037988422576,351.11,Actual
P11686,Non-Fiction Product 1687,Books,Non-Fiction,1931.74,2402.76,Private Label,0.8039671044964957,1915.3694645441392,1931.74,Actual
P11687,Audio Product 1688,Electronics,Audio,4123.97,5316.41,Brand A,0.7757057864235453,4251.568671667888,4123.97,Actual
P11688,Audio Product 1689,Electronics,Audio,12686.89,16290.94,Brand C,0.7787696719771848,13027.973789835862,12686.89,Actual
P11689,Outdoor Product 1690,Sports,Outdoor,1639.79,1854.48,Brand C,0.8842316983736681,1482.4135843408844,1639.79,Actual
P11690,Accessories Product 1691,Fashion,Accessories,2338.22,2974.43,Brand C,0.7861069179641141,2386.579041466529,2338.22,Actual
P11691,Packaged Foods Product 1692,Grocery,Packaged Foods,1474.67,1846.65,Brand A,0.7985649689979152,1496.930667323655,1474.67,Actual
P11692,Children Product 1693,Books,Children,223.27,273.35,Private Label,0.8167916590451801,217.9020139893874,223.27,Actual
P11693,Accessories Product 1694,Fashion,Accessories,6034.12,7760.38,Private Label,0.777554707372577,6226.658641089561,6034.12,Actual
P11694,Haircare Product 1695,Beauty,Haircare,278.28,353.66,Brand C,0.7868574336933777,282.1808313463094,278.28,Actual
P11695,Fitness Product 1696,Sports,Fitness,2639.73,3052.6,Private Label,0.8647480836008649,2440.1534163533624,2639.73,Actual
P11696,Children Product 1697,Books,Children,1455.61,1861.22,Brand B,0.7820730488604248,1483.678750602991,1455.61,Actual
P11697,Audio Product 1698,Electronics,Audio,767.14,869.22,Brand D,0.882561376866616,695.1210536409272,767.14,Actual
P11698,Action Figures Product 1699,Toys,Action Figures,249.65,294.41,Brand C,0.847967120682042,235.09983306022127,249.65,Actual
P11699,Laptops Product 1700,Electronics,Laptops,735.62,933.42,Brand D,0.7880911058258876,746.4622234756613,735.62,Actual
P11700,Academic Product 1701,Books,Academic,670.21,781.93,Brand D,0.8571227603493919,623.3185359382537,670.21,Actual
P11701,Cookware Product 1702,Home & Kitchen,Cookware,648.84,728.26,Brand B,0.8909455414275123,581.042549303349,648.84,Actual
P11702,Mobiles Product 1703,Electronics,Mobiles,5621.43,7722.97,Brand D,0.7278844796755652,6176.110816176885,5621.43,Actual
P11703,Packaged Foods Product 1704,Grocery,Packaged Foods,1140.78,1467.66,Brand B,0.7772781161849474,1189.713948611938,1140.78,Actual
P11704,Fiction Product 1705,Books,Fiction,382.01,494.96,Brand A,0.7717997413932439,394.5592860588519,382.01,Actual
P11705,Audio Product 1706,Electronics,Audio,24057.08,31163.87,Brand A,0.7719541892582662,24921.955488747248,24057.08,Actual
P11706,Non-Fiction Product 1707,Books,Non-Fiction,265.08,346.61,Brand C,0.7647788580825711,276.3015074770864,265.08,Actual
P11707,Outdoor Toys Product 1708,Toys,Outdoor Toys,181.38,215.34,Brand D,0.8422959041515742,171.95882630069647,181.38,Actual
P11708,Non-Fiction Product 1709,Books,Non-Fiction,208.19,255.29,Brand A,0.8155039366994399,203.50541485769418,208.19,Actual
P11709,Fiction Product 1710,Books,Fiction,659.05,894.65,Private Label,0.7366567931593361,713.1737216594308,659.05,Actual
P11710,Academic Product 1711,Books,Academic,236.55,282.92,Brand A,0.8361020783260286,225.5307766521949,236.55,Actual
P11711,Outdoor Product 1712,Sports,Outdoor,563.95,684.99,Brand D,0.8232966904626345,547.559683112065,563.95,Actual
P11712,Children Product 1713,Books,Children,462.27,631.71,Brand A,0.7317756565512655,503.57007959479023,462.27,Actual
P11713,Staples Product 1714,Grocery,Staples,353.39,424.31,Brand C,0.8328580518960194,343.9539985661062,353.39,Actual
P11714,Kitchen Appliances Product 1715,Home & Kitchen,Kitchen Appliances,303.85,355.39,Brand D,0.854976223303976,283.5480619516618,303.85,Actual
P11715,Cookware Product 1716,Home & Kitchen,Cookware,290.1,328.51,Brand C,0.8830781406958693,262.1018425722176,290.1,Actual
P11716,Men Product 1717,Fashion,Men,761.57,976.05,Brand D,0.7802571589570207,783.1485270870068,761.57,Actual
P11717,Audio Product 1718,Electronics,Audio,747.65,913.75,Brand D,0.8182216142270862,730.7319927801906,747.65,Actual
P11718,Makeup Product 1719,Beauty,Makeup,980.49,1192.54,Brand A,0.8221862579032989,951.5125505110212,980.49,Actual
P11719,Men Product 1720,Fashion,Men,568.31,750.73,Brand C,0.7570098437520812,602.3596063111814,568.31,Actual
P11720,Fitness Product 1721,Sports,Fitness,513.57,644.94,Brand C,0.7963066331751791,515.5449598188226,513.57,Actual
P11721,Equipment Product 1722,Sports,Equipment,5655.07,6703.36,Private Label,0.8436172307618865,5358.457316728846,5655.07,Actual
P11722,Equipment Product 1723,Sports,Equipment,252.17,331.11,Brand A,0.7615898039926308,264.67902695694227,252.17,Actual
P11723,Equipment Product 1724,Sports,Equipment,530.87,691.83,Brand A,0.7673416879869331,553.0273661913604,530.87,Actual
P11724,Games Product 1725,Toys,Games,1744.22,2055.69,Brand D,0.8484839640218126,1641.5623648095045,1744.22,Actual
P11725,Educational Product 1726,Toys,Educational,431.95,538.76,Brand A,0.8017484594253471,430.22446947972145,431.95,Actual
P11726,Footwear Product 1727,Fashion,Footwear,7624.15,10169.17,Brand B,0.7497317873533434,8159.387846111753,7624.15,Actual
P11727,Audio Product 1728,Electronics,Audio,933.76,1183.54,Brand A,0.7889551683931257,946.4848620903604,933.76,Actual
P11728,Footwear Product 1729,Fashion,Footwear,1900.09,2313.86,Brand B,0.8211775993361741,1856.5606791512132,1900.09,Actual
P11729,Women Product 1730,Fashion,Women,1459.89,1825.33,Brand A,0.7997951055425595,1464.5812211953548,1459.89,Actual
P11730,Fiction Product 1731,Books,Fiction,180.27,212.94,Private Label,0.8465765004226543,169.7459479015919,180.27,Actual
P11731,Staples Product 1732,Grocery,Staples,2801.9,3184.37,Brand D,0.8798914698982845,2581.312706308952,2801.9,Actual
P11732,Personal Care Product 1733,Beauty,Personal Care,152.21,170.73,Brand A,0.8915246295320097,136.2233029908822,152.21,Actual
P11733,Beverages Product 1734,Grocery,Beverages,61.0,70.36,Brand B,0.8669698692438885,57.035194407652966,61.0,Actual
P11734,Home Decor Product 1735,Home & Kitchen,Home Decor,1989.89,2551.05,Brand A,0.7800278316771525,2035.3563224676745,1989.89,Actual
P11735,Men Product 1736,Fashion,Men,8678.11,11504.25,Private Label,0.7543394832344569,9230.609541253723,8678.11,Actual
P11736,Men Product 1737,Fashion,Men,1883.74,2208.68,Brand A,0.8528804534835287,1772.1679102571895,1883.74,Actual
P11737,Women Product 1738,Fashion,Women,361.89,475.31,Brand C,0.7613767856767162,381.37219036906424,361.89,Actual
P11738,Non-Fiction Product 1739,Books,Non-Fiction,1310.77,1777.4,Brand C,0.737464836277709,1416.8613121080562,1310.77,Actual
P11739,Equipment Product 1740,Sports,Equipment,11293.21,13486.05,Brand D,0.8373993867737403,10780.32856601332,11293.21,Actual
P11740,Sportswear Product 1741,Sports,Sportswear,1756.67,2278.36,Brand B,0.7710238943801682,1821.2500614829482,1756.67,Actual
P11741,Games Product 1742,Toys,Games,2783.03,3838.33,Private Label,0.7250627225902933,3065.0818322408854,2783.03,Actual
P11742,Sportswear Product 1743,Sports,Sportswear,8040.51,10022.56,Brand A,0.802241143979183,8011.722474155329,8040.51,Actual
P11743,Footwear Product 1744,Fashion,Footwear,221.13,249.4,Brand B,0.8866479550922213,200.10987414118077,221.13,Actual
P11744,Kitchen Appliances Product 1745,Home & Kitchen,Kitchen Appliances,3888.16,5265.75,Brand A,0.7383867445283198,4201.280866715336,3888.16,Actual
P11745,Children Product 1746,Books,Children,148.59,200.92,Brand B,0.7395480788373483,160.164158224795,148.59,Actual
P11746,Children Product 1747,Books,Children,1107.93,1291.18,Brand C,0.8580755587911832,1029.269150988905,1107.93,Actual
P11747,Staples Product 1748,Grocery,Staples,2786.04,3307.32,Private Label,0.842385980189398,2680.9783849960036,2786.04,Actual
P11748,Mobiles Product 1749,Electronics,Mobiles,8164.7,11244.42,Brand C,0.7261112622972105,8992.237958147667,8164.7,Actual
P11749,Personal Care Product 1750,Beauty,Personal Care,1622.09,2053.7,Brand C,0.7898378536300337,1638.621199275902,1622.09,Actual
P11750,Accessories Product 1751,Fashion,Accessories,880.26,1166.75,Private Label,0.7544546818084422,936.1595655742689,880.26,Actual
P11751,Staples Product 1752,Grocery,Staples,1075.72,1437.22,Private Label,0.7484727459957418,1165.0386882684338,1075.72,Actual
P11752,Fiction Product 1753,Books,Fiction,1710.08,2136.14,Brand C,0.8005467806417182,1702.8322961890979,1710.08,Actual
P11753,Skincare Product 1754,Beauty,Skincare,218.7,249.98,Brand A,0.874869989599168,199.45587349417636,218.7,Actual
P11754,Audio Product 1755,Electronics,Audio,1050.23,1217.69,Private Label,0.8624773136019841,973.7948457329799,1050.23,Actual
P11755,Staples Product 1756,Grocery,Staples,2974.85,3880.17,Brand B,0.7666803258620112,3145.341817577357,2974.85,Actual
P11756,Academic Product 1757,Books,Academic,804.45,1072.51,Brand D,0.7500629364761168,854.9555113362277,804.45,Actual
P11757,Equipment Product 1758,Sports,Equipment,269.19,348.9,Brand C,0.7715391229578676,278.8997991763376,269.19,Actual
P11758,Children Product 1759,Books,Children,1105.2,1400.81,Brand D,0.7889720947166283,1116.6611312108057,1105.2,Actual
P11759,Haircare Product 1760,Beauty,Haircare,248.01,281.46,Brand A,0.8811554039650394,224.57336648400224,248.01,Actual
P11760,Laptops Product 1761,Electronics,Laptops,17576.14,22216.79,Brand C,0.7911196892080269,17766.91570985391,17576.14,Actual
P11761,Snacks Product 1762,Grocery,Snacks,1100.07,1268.88,Brand D,0.8669614147909966,1028.578986355638,1100.07,Actual
P11762,Skincare Product 1763,Beauty,Skincare,1192.39,1506.14,Brand D,0.7916860318429894,1201.7300156193248,1192.39,Actual
P11763,Outdoor Toys Product 1764,Toys,Outdoor Toys,328.94,432.38,Private Label,0.7607659928766363,345.2751802539943,328.94,Actual
P11764,Action Figures Product 1765,Toys,Action Figures,183.37,231.46,Brand A,0.7922319191220946,184.83138263006967,183.37,Actual
P11765,Packaged Foods Product 1766,Grocery,Packaged Foods,139.25,162.74,Brand C,0.8556593339068452,131.92023220439802,139.25,Actual
P11766,Fiction Product 1767,Books,Fiction,1422.73,1752.86,Brand D,0.8116620836803853,1397.2991558128317,1422.73,Actual
P11767,Footwear Product 1768,Fashion,Footwear,903.19,1134.33,Brand A,0.7962321370324333,910.1468866662613,903.19,Actual
P11768,Audio Product 1769,Electronics,Audio,3954.01,5402.86,Private Label,0.7318364717945681,4320.703315471826,3954.01,Actual
P11769,Men Product 1770,Fashion,Men,257.3,339.68,Brand A,0.757477626000942,272.54740195780386,257.3,Actual
P11770,Action Figures Product 1771,Toys,Action Figures,190.3,244.57,Brand C,0.7781003393711412,195.3003164686604,190.3,Actual
P11771,Packaged Foods Product 1772,Grocery,Packaged Foods,1105.44,1505.62,Private Label,0.734209163002617,1220.4850682781473,1105.44,Actual
P11772,Children Product 1773,Books,Children,169.22,229.86,Brand B,0.7361872444096406,183.2337916063676,169.22,Actual
P11773,Academic Product 1774,Books,Academic,421.37,568.35,Private Label,0.7413917480425793,453.06240955137486,421.37,Actual
P11774,Games Product 1775,Toys,Games,3348.07,4320.83,Brand A,0.7748673287308226,3450.3801218762806,3348.07,Actual
P11775,Cookware Product 1776,Home & Kitchen,Cookware,12420.73,15509.99,Brand B,0.8008212771252593,12374.652087536664,12420.73,Actual
P11776,Home Decor Product 1777,Home & Kitchen,Home Decor,1090.48,1368.82,Brand D,0.7966569746204761,1092.113616479568,1090.48,Actual
P11777,Non-Fiction Product 1778,Books,Non-Fiction,801.7,1034.15,Brand D,0.7752260310399846,824.3766883743368,801.7,Actual
P11778,Action Figures Product 1779,Toys,Action Figures,808.76,947.04,Brand C,0.8539871599932422,756.254698893896,808.76,Actual
P11779,Personal Care Product 1780,Beauty,Personal Care,229.47,314.59,Brand A,0.7294256015766554,251.00737356001656,229.47,Actual
P11780,Academic Product 1781,Books,Academic,1368.76,1708.74,Private Label,0.8010346805248312,1362.1287264833575,1368.76,Actual
P11781,Non-Fiction Product 1782,Books,Non-Fiction,1162.11,1311.35,Brand A,0.886193617264651,1045.3477448142787,1162.11,Actual
P11782,Outdoor Toys Product 1783,Toys,Outdoor Toys,2140.85,2794.55,Brand C,0.7660804065055196,2231.5758244571903,2140.85,Actual
P11783,Fiction Product 1784,Books,Fiction,522.55,620.54,Private Label,0.8420891481612789,494.66587071876506,522.55,Actual
P11784,Cookware Product 1785,Home & Kitchen,Cookware,157.39,201.49,Brand C,0.7811305771998609,160.75888179926375,157.39,Actual
P11785,Kitchen Appliances Product 1786,Home & Kitchen,Kitchen Appliances,795.81,982.16,Brand B,0.8102651299177324,783.6167717899889,795.81,Actual
P11786,Personal Care Product 1787,Beauty,Personal Care,160.46,194.26,Brand D,0.8260063831977763,154.99759174725457,160.46,Actual
P11787,Accessories Product 1788,Fashion,Accessories,7875.76,9281.85,Brand A,0.8485118807134353,7447.433180823251,7875.76,Actual
P11788,Staples Product 1789,Grocery,Staples,969.31,1308.13,Brand D,0.7409890454312644,1060.3958052939608,969.31,Actual
P11789,Staples Product 1790,Grocery,Staples,188.95,244.39,Brand D,0.773149474201072,198.10732179201688,188.95,Actual
P11790,Home Decor Product 1791,Home & Kitchen,Home Decor,7130.45,9708.41,Brand D,0.7344611527531285,7745.859028481761,7130.45,Actual
P11791,Personal Care Product 1792,Beauty,Personal Care,3936.1,4864.29,Brand B,0.809182840661227,3881.1553359428244,3936.1,Actual
P11792,Equipment Product 1793,Sports,Equipment,4977.96,6768.86,Brand A,0.7354207355448333,5410.815977795198,4977.96,Actual
P11793,Accessories Product 1794,Electronics,Accessories,27427.32,31730.67,Brand B,0.8643788486029448,25375.229243612157,27427.32,Actual
P11794,Personal Care Product 1795,Beauty,Personal Care,4603.29,5867.86,Brand A,0.7844921317141172,4681.891118655643,4603.29,Actual
P11795,Accessories Product 1796,Electronics,Accessories,4172.49,4951.11,Brand C,0.842738295048989,3959.435815894861,4172.49,Actual
P11796,Kitchen Appliances Product 1797,Home & Kitchen,Kitchen Appliances,912.78,1169.95,Brand D,0.7801871874866447,933.4451027894615,912.78,Actual
P11797,Laptops Product 1798,Electronics,Laptops,910.49,1041.81,Brand A,0.8739501444601223,833.1424321732753,910.49,Actual
P11798,Staples Product 1799,Grocery,Staples,537.46,725.44,Brand B,0.7408745037494486,588.0558759392804,537.46,Actual
P11799,Action Figures Product 1800,Toys,Action Figures,389.85,488.2,Private Label,0.7985456780008194,389.85,389.85,Actual
P11800,Accessories Product 1801,Fashion,Accessories,6054.84,8010.89,Brand A,0.755826131678253,6427.6591405727495,6054.84,Actual
P11801,Accessories Product 1802,Fashion,Accessories,242.92,285.44,Brand C,0.851036995515695,229.02711497537544,242.92,Actual
P11802,Audio Product 1803,Electronics,Audio,1707.79,2196.06,Brand A,0.7776609017968543,1756.2038851599073,1707.79,Actual
P11803,Games Product 1804,Toys,Games,1762.25,2387.35,Brand A,0.7381615598885795,1906.4080243752562,1762.25,Actual
P11804,Non-Fiction Product 1805,Books,Non-Fiction,369.18,506.44,Brand B,0.7289708553826713,403.7106126386879,369.18,Actual
P11805,Home Decor Product 1806,Home & Kitchen,Home Decor,1475.69,2021.27,Brand A,0.7300805928945663,1612.6711251893284,1475.69,Actual
P11806,Children Product 1807,Books,Children,146.51,168.64,Private Label,0.8687737191650854,134.4320308731307,146.51,Actual
P11807,Accessories Product 1808,Fashion,Accessories,3802.54,4486.34,Brand C,0.8475817704409384,3599.6829701465313,3802.54,Actual
P11808,Men Product 1809,Fashion,Men,918.54,1185.47,Brand D,0.7748319232034552,951.1798416124522,918.54,Actual
P11809,Cookware Product 1810,Home & Kitchen,Cookware,10652.42,13188.08,Brand A,0.8077309206495563,10522.115211073671,10652.42,Actual
P11810,Cookware Product 1811,Home & Kitchen,Cookware,12730.38,15376.21,Private Label,0.8279270379371769,12267.915657901915,12730.38,Actual
P11811,Educational Product 1812,Toys,Educational,1848.74,2409.42,Brand B,0.7672966938101285,1924.0319274887345,1848.74,Actual
P11812,Educational Product 1813,Toys,Educational,3910.97,5382.41,Private Label,0.7266206030384159,4298.10024272839,3910.97,Actual
P11813,Personal Care Product 1814,Beauty,Personal Care,1782.57,2241.35,Brand A,0.7953108617574229,1788.3447558051532,1782.57,Actual
P11814,Outdoor Product 1815,Sports,Outdoor,251.59,317.93,Brand C,0.7913377158494008,254.14334523397255,251.59,Actual
P11815,Educational Product 1816,Toys,Educational,263.25,339.7,Brand B,0.7749484839564321,271.26596681687835,263.25,Actual
P11816,Staples Product 1817,Grocery,Staples,1233.67,1438.63,Private Label,0.8575311233604193,1166.181661891441,1233.67,Actual
P11817,Personal Care Product 1818,Beauty,Personal Care,122.69,162.37,Brand C,0.7556198805198004,129.552964954194,122.69,Actual
P11818,Educational Product 1819,Toys,Educational,192.08,233.77,Brand B,0.8216623176626598,186.67602314625157,192.08,Actual
P11819,Beverages Product 1820,Grocery,Beverages,2909.62,3710.43,Brand C,0.7841732629371798,3007.7472482374615,2909.62,Actual
P11820,Women Product 1821,Fashion,Women,2323.72,2827.51,Brand C,0.8218255638353179,2268.695550252326,2323.72,Actual
P11821,Outdoor Toys Product 1822,Toys,Outdoor Toys,332.07,378.02,Brand C,0.8784455848896884,301.86623719786974,332.07,Actual
P11822,Mobiles Product 1823,Electronics,Mobiles,1346.13,1835.5,Brand D,0.7333859983655681,1467.8616391223418,1346.13,Actual
P11823,Beverages Product 1824,Grocery,Beverages,60.38,74.19,Private Label,0.8138563148672329,60.139867440360625,60.38,Actual
P11824,Home Decor Product 1825,Home & Kitchen,Home Decor,266.87,300.16,Brand B,0.8890924840085287,239.4827830704601,266.87,Actual
P11825,Women Product 1826,Fashion,Women,256.05,306.65,Brand C,0.8349910321213111,246.04528029427857,256.05,Actual
P11826,Educational Product 1827,Toys,Educational,1531.65,2063.57,Private Label,0.7422331202721497,1647.854904752151,1531.65,Actual
P11827,Audio Product 1828,Electronics,Audio,954.41,1073.32,Brand D,0.8892129094771364,858.3411901404478,954.41,Actual
P11828,Staples Product 1829,Grocery,Staples,65.3,76.72,Brand D,0.8511470281543274,62.19073500504741,65.3,Actual
P11829,Haircare Product 1830,Beauty,Haircare,1515.8,1739.96,Brand A,0.8711694521713143,1388.292029942104,1515.8,Actual
P11830,Sportswear Product 1831,Sports,Sportswear,5999.0,6855.22,Brand C,0.87509955916805,5479.849473515658,5999.0,Actual
P11831,Accessories Product 1832,Electronics,Accessories,1868.25,2505.22,Brand C,0.7457428888480853,2003.4412070618757,1868.25,Actual
P11832,Cookware Product 1833,Home & Kitchen,Cookware,5800.03,7013.33,Brand D,0.8270008683464203,5595.588309540078,5800.03,Actual
P11833,Kitchen Appliances Product 1834,Home & Kitchen,Kitchen Appliances,1576.87,1784.21,Brand C,0.8837917061332465,1423.532703831775,1576.87,Actual
P11834,Accessories Product 1835,Fashion,Accessories,5085.9,6231.38,Private Label,0.8161755501991532,4999.842291603332,5085.9,Actual
P11835,Home Decor Product 1836,Home & Kitchen,Home Decor,984.36,1142.16,Private Label,0.8618407228409329,911.2728395247758,984.36,Actual
P11836,Educational Product 1837,Toys,Educational,2108.89,2480.28,Brand A,0.850262873546535,1980.6168742318725,2108.89,Actual
P11837,Academic Product 1838,Books,Academic,198.3,248.76,Brand D,0.7971538832609745,198.3,198.3,Actual
P11838,Footwear Product 1839,Fashion,Footwear,1206.39,1488.0,Brand A,0.8107459677419355,1193.9193773940535,1206.39,Actual
P11839,Packaged Foods Product 1840,Grocery,Packaged Foods,455.08,536.85,Brand C,0.8476855732513737,435.18112731308264,455.08,Actual
P11840,Accessories Product 1841,Fashion,Accessories,3388.2,3908.24,Private Label,0.8669375473358852,3135.8356636468657,3388.2,Actual
P11841,Non-Fiction Product 1842,Books,Non-Fiction,236.66,307.46,Brand A,0.7697261432381448,245.0929329474192,236.66,Actual
P11842,Outdoor Toys Product 1843,Toys,Outdoor Toys,356.66,443.05,Brand D,0.8050107211375691,353.7956626382631,356.66,Actual
P11843,Kitchen Appliances Product 1844,Home & Kitchen,Kitchen Appliances,8363.98,10062.02,Brand B,0.831242633188962,8027.9869166798735,8363.98,Actual
P11844,Accessories Product 1845,Electronics,Accessories,1667.71,1917.47,Brand A,0.8697450286054019,1533.413596931581,1667.71,Actual
P11845,Men Product 1846,Fashion,Men,1903.42,2289.6,Brand B,0.8313329839273236,1837.095300054721,1903.42,Actual
P11846,Non-Fiction Product 1847,Books,Non-Fiction,146.62,181.57,Brand C,0.8075122542270199,144.73923058369513,146.62,Actual
P11847,Women Product 1848,Fashion,Women,2663.64,3285.01,Brand A,0.8108468467371484,2635.7776168906184,2663.64,Actual
P11848,Children Product 1849,Books,Children,357.13,467.4,Brand A,0.7640778776208815,372.58972503617946,357.13,Actual
P11849,Audio Product 1850,Electronics,Audio,3643.0,4264.68,Private Label,0.8542258739225451,3410.493149077782,3643.0,Actual
P11850,Action Figures Product 1851,Toys,Action Figures,2018.42,2778.54,Private Label,0.726431867095669,2218.7911081523966,2018.42,Actual
P11851,Beverages Product 1852,Grocery,Beverages,1029.73,1193.23,Brand B,0.8629769616922136,967.2556143127309,1029.73,Actual
P11852,Kitchen Appliances Product 1853,Home & Kitchen,Kitchen Appliances,3943.89,5023.05,Brand A,0.7851584196852509,4007.642568970131,3943.89,Actual
P11853,Men Product 1854,Fashion,Men,2326.13,2858.54,Brand B,0.8137475774346346,2293.592941569891,2326.13,Actual
P11854,Children Product 1855,Books,Children,456.81,592.68,Private Label,0.7707531889046366,472.4571635311143,456.81,Actual
P11855,Staples Product 1856,Grocery,Staples,1382.7,1781.46,Brand D,0.776161126267219,1444.0863762003617,1382.7,Actual
P11856,Staples Product 1857,Grocery,Staples,873.15,1046.75,Private Label,0.8341533317411034,848.5160566545018,873.15,Actual
P11857,Personal Care Product 1858,Beauty,Personal Care,4847.39,5718.04,Brand D,0.8477362872592707,4562.351639629732,4847.39,Actual
P11858,Skincare Product 1859,Beauty,Skincare,116.56,140.6,Private Label,0.829018492176387,112.18295788975597,116.56,Actual
P11859,Outdoor Toys Product 1860,Toys,Outdoor Toys,334.38,383.94,Private Label,0.8709173308329426,306.5936276116346,334.38,Actual
P11860,Kitchen Appliances Product 1861,Home & Kitchen,Kitchen Appliances,157.19,186.91,Brand A,0.8409929912792253,149.12622262693128,157.19,Actual
P11861,Haircare Product 1862,Beauty,Haircare,1458.7,1952.59,Brand D,0.7470590344107059,1557.9468118489233,1458.7,Actual
P11862,Outdoor Product 1863,Sports,Outdoor,3840.36,5243.63,Brand A,0.7323857709258662,4191.594594310746,3840.36,Actual
P11863,Accessories Product 1864,Electronics,Accessories,3651.59,4320.66,Brand B,0.845146343382724,3455.2607298776015,3651.59,Actual
P11864,Fiction Product 1865,Books,Fiction,1813.4,2399.55,Brand B,0.7557250317767915,1912.8106005788713,1813.4,Actual
P11865,Non-Fiction Product 1866,Books,Non-Fiction,413.94,507.2,Brand C,0.816127760252366,404.3164495899662,413.94,Actual
P11866,Laptops Product 1867,Electronics,Laptops,49692.22,68533.04,Brand D,0.7250841346013545,54806.33093349878,49692.22,Actual
P11867,Laptops Product 1868,Electronics,Laptops,27676.83,33782.87,Brand D,0.8192563272451393,27016.387323594114,27676.83,Actual
P11868,Footwear Product 1869,Fashion,Footwear,735.34,897.09,Private Label,0.8196947909351348,719.7937730285158,735.34,Actual
P11869,Games Product 1870,Toys,Games,257.84,348.34,Brand C,0.7401963598782798,278.16540147480544,257.84,Actual
P11870,Fitness Product 1871,Sports,Fitness,1794.87,2029.42,Brand D,0.8844251066807264,1622.2551746759618,1794.87,Actual
P11871,Outdoor Product 1872,Sports,Outdoor,663.46,878.12,Brand A,0.7555459390516103,701.9417932150346,663.46,Actual
P11872,Men Product 1873,Fashion,Men,1955.83,2613.44,Brand B,0.7483737908656789,2096.933237672524,1955.83,Actual
P11873,Skincare Product 1874,Beauty,Skincare,356.11,483.31,Brand C,0.7368148807183795,385.62692302772376,356.11,Actual
P11874,Staples Product 1875,Grocery,Staples,2755.49,3600.76,Brand B,0.7652523356180361,2918.846597716039,2755.49,Actual
P11875,Makeup Product 1876,Beauty,Makeup,101.7,125.2,Brand A,0.8123003194888179,99.89549308533036,101.7,Actual
P11876,Personal Care Product 1877,Beauty,Personal Care,1181.04,1498.14,Private Label,0.7883375385477992,1195.3469170196233,1181.04,Actual
P11877,Educational Product 1878,Toys,Educational,1473.71,1735.61,Brand B,0.8491020448142153,1385.963864195002,1473.71,Actual
P11878,Sportswear Product 1879,Sports,Sportswear,302.54,366.34,Private Label,0.8258448435879239,292.8407922907983,302.54,Actual
P11879,Home Decor Product 1880,Home & Kitchen,Home Decor,2834.85,3342.32,Brand D,0.8481683381603197,2666.6714269458294,2834.85,Actual
P11880,Fitness Product 1881,Sports,Fitness,320.92,380.82,Brand C,0.8427078409747388,304.4156535463826,320.92,Actual
P11881,Audio Product 1882,Electronics,Audio,1661.53,2053.08,Brand C,0.8092865353517642,1641.861821873766,1661.53,Actual
P11882,Beverages Product 1883,Grocery,Beverages,82.57,97.47,Brand B,0.8471324510105673,79.01109151384216,82.57,Actual
P11883,Outdoor Toys Product 1884,Toys,Outdoor Toys,4675.19,5346.28,Brand A,0.8744753361215649,4269.248787382221,4675.19,Actual
P11884,Accessories Product 1885,Electronics,Accessories,11163.23,13722.58,Brand D,0.8134935267274812,10974.039102036211,11163.23,Actual
P11885,Games Product 1886,Toys,Games,222.2,271.26,Brand B,0.819140308191403,216.61350061450227,222.2,Actual
P11886,Accessories Product 1887,Electronics,Accessories,48188.99,62806.31,Brand D,0.7672635122171642,50226.62661063793,48188.99,Actual
P11887,Sportswear Product 1888,Sports,Sportswear,5528.64,7617.55,Brand D,0.7257766604748246,6089.232345129581,5528.64,Actual
P11888,Men Product 1889,Fashion,Men,222.15,298.57,Brand B,0.7440466222326423,239.5621696966012,222.15,Actual
P11889,Fiction Product 1890,Books,Fiction,814.29,956.77,Brand B,0.8510822872790743,762.6929208876026,814.29,Actual
P11890,Educational Product 1891,Toys,Educational,1720.87,2257.02,Brand D,0.7624522600597248,1802.3335661614094,1720.87,Actual
P11891,Staples Product 1892,Grocery,Staples,2434.36,2795.57,Brand B,0.8707920030619873,2266.1438094116315,2434.36,Actual
P11892,Footwear Product 1893,Fashion,Footwear,475.07,570.36,Private Label,0.8329300792481941,457.63700006080137,475.07,Actual
P11893,Games Product 1894,Toys,Games,468.13,524.79,Brand C,0.8920330036776616,419.06878635805,468.13,Actual
P11894,Educational Product 1895,Toys,Educational,6302.37,8109.43,Brand A,0.7771655961023154,6475.750277550185,6302.37,Actual
P11895,Accessories Product 1896,Electronics,Accessories,778.54,943.41,Brand A,0.8252403514908683,754.4512933611596,778.54,Actual
P11896,Storage Product 1897,Home & Kitchen,Storage,601.19,784.27,Private Label,0.7665599857192039,625.7301515147578,601.19,Actual
P11897,Storage Product 1898,Home & Kitchen,Storage,1334.55,1515.53,Brand C,0.8805830303590163,1209.1662520881341,1334.55,Actual
P11898,Storage Product 1899,Home & Kitchen,Storage,1261.45,1634.49,Private Label,0.771769787517819,1304.0785384489482,1261.45,Actual
P11899,Fiction Product 1900,Books,Fiction,158.74,186.42,Brand C,0.8515180774595001,148.60542691751084,158.74,Actual
P11900,Games Product 1901,Toys,Games,1003.35,1182.27,Brand A,0.8486640107589637,944.0965987300287,1003.35,Actual
P11901,Packaged Foods Product 1902,Grocery,Packaged Foods,651.02,829.24,Brand A,0.7850803145048478,672.1981894627934,651.02,Actual
P11902,Kitchen Appliances Product 1903,Home & Kitchen,Kitchen Appliances,6148.57,8413.49,Brand C,0.7307989906685572,6712.706558287197,6148.57,Actual
P11903,Action Figures Product 1904,Toys,Action Figures,1425.84,1618.57,Brand D,0.8809257554507991,1292.5020780417863,1425.84,Actual
P11904,Outdoor Product 1905,Sports,Outdoor,862.58,970.62,Brand A,0.888689703488492,775.8834138049207,862.58,Actual
P11905,Snacks Product 1906,Grocery,Snacks,993.86,1323.45,Brand A,0.7509615021345725,1072.8144974247914,993.86,Actual
P11906,Storage Product 1907,Home & Kitchen,Storage,1649.01,2013.8,Brand A,0.8188549011818452,1606.7111825269606,1649.01,Actual
P11907,Kitchen Appliances Product 1908,Home & Kitchen,Kitchen Appliances,1427.21,1718.61,Brand D,0.8304443707414714,1371.1937160605123,1427.21,Actual
P11908,Outdoor Product 1909,Sports,Outdoor,1212.32,1478.79,Private Label,0.8198053814267069,1182.0986931039733,1212.32,Actual
P11909,Outdoor Product 1910,Sports,Outdoor,9303.16,11611.13,Brand D,0.8012277874763266,9281.57588194425,9303.16,Actual
P11910,Games Product 1911,Toys,Games,1646.86,2058.33,Private Label,0.8000952228262718,1643.6705253994267,1646.86,Actual
P11911,Accessories Product 1912,Fashion,Accessories,876.05,999.92,Brand C,0.8761200896071686,802.3009837660363,876.05,Actual
P11912,Sportswear Product 1913,Sports,Sportswear,4133.19,4668.09,Brand A,0.8854135203048783,3731.525834156119,4133.19,Actual
P11913,Women Product 1914,Fashion,Women,277.49,331.03,Brand C,0.8382623931365738,265.6069432115279,277.49,Actual
P11914,Beverages Product 1915,Grocery,Beverages,1263.24,1533.46,Private Label,0.8237841221812111,1243.0527176856099,1263.24,Actual
P11915,Educational Product 1916,Toys,Educational,483.48,614.0,Private Label,0.7874267100977199,490.3070462925031,483.48,Actual
P11916,Makeup Product 1917,Beauty,Makeup,3340.22,4373.13,Brand D,0.7638053293636365,3489.2649974141436,3340.22,Actual
P11917,Action Figures Product 1918,Toys,Action Figures,484.83,614.39,Brand C,0.7891241719429027,490.6184791069234,484.83,Actual
P11918,Packaged Foods Product 1919,Grocery,Packaged Foods,2003.96,2355.3,Private Label,0.8508300428820107,1909.2523221765923,2003.96,Actual
P11919,Laptops Product 1920,Electronics,Laptops,23145.75,26169.23,Brand D,0.8844643117126488,20927.70844040837,23145.75,Actual
P11920,Personal Care Product 1921,Beauty,Personal Care,172.45,231.45,Brand D,0.7450853316050983,184.6710213626175,172.45,Actual
P11921,Men Product 1922,Fashion,Men,2574.95,2951.55,Brand C,0.8724060239535159,2368.2209263087493,2574.95,Actual
P11922,Educational Product 1923,Toys,Educational,783.67,1047.17,Brand C,0.7483694147082135,836.2130776321181,783.67,Actual
P11923,Accessories Product 1924,Fashion,Accessories,439.31,520.97,Private Label,0.8432539301687237,418.0081841673254,439.31,Actual
P11924,Outdoor Toys Product 1925,Toys,Outdoor Toys,809.11,1059.41,Brand A,0.763736419327739,845.9872767308482,809.11,Actual
P11925,Cookware Product 1926,Home & Kitchen,Cookware,310.47,403.19,Brand D,0.7700339790173368,321.68531218742936,310.47,Actual
P11926,Storage Product 1927,Home & Kitchen,Storage,944.54,1155.75,Brand A,0.8172528661042613,922.1156267779992,944.54,Actual
P11927,Skincare Product 1928,Beauty,Skincare,194.63,230.0,Brand D,0.8462173913043478,183.51408474142158,194.63,Actual
P11928,Cookware Product 1929,Home & Kitchen,Cookware,347.62,403.86,Private Label,0.8607438221165751,322.2198719710688,347.62,Actual
P11929,Mobiles Product 1930,Electronics,Mobiles,8608.6,11305.73,Brand D,0.7614368996959949,9041.267975633142,8608.6,Actual
P11930,Sportswear Product 1931,Sports,Sportswear,2947.89,3743.49,Brand D,0.7874710497423527,2992.429375805755,2947.89,Actual
P11931,Academic Product 1932,Books,Academic,1101.71,1237.45,Brand D,0.8903066790577397,986.4380728412929,1101.71,Actual
P11932,Men Product 1933,Fashion,Men,832.24,965.51,Brand A,0.8619693219127715,774.6915981637989,832.24,Actual
P11933,Educational Product 1934,Toys,Educational,1157.06,1409.35,Brand B,0.8209883989072977,1125.4303512904548,1157.06,Actual
P11934,Mobiles Product 1935,Electronics,Mobiles,1291.93,1694.47,Brand B,0.7624389927233884,1355.0790038919283,1291.93,Actual
P11935,Haircare Product 1936,Beauty,Haircare,1086.86,1379.01,Brand C,0.788145118599575,1100.2945999968165,1086.86,Actual
P11936,Cookware Product 1937,Home & Kitchen,Cookware,2401.53,2776.12,Brand C,0.8650670720285868,2214.9285172493524,2401.53,Actual
P11937,Packaged Foods Product 1938,Grocery,Packaged Foods,68.91,85.21,Brand A,0.8087078981340219,69.0728953308145,68.91,Actual
P11938,Cookware Product 1939,Home & Kitchen,Cookware,2526.9,2971.26,Brand B,0.8504472849902062,2370.621048860392,2526.9,Actual
P11939,Beverages Product 1940,Grocery,Beverages,56.16,72.18,Brand B,0.7780548628428926,58.510522062882195,56.16,Actual
P11940,Fiction Product 1941,Books,Fiction,171.62,194.36,Private Label,0.8830006174109899,154.934828750603,171.62,Actual
P11941,Accessories Product 1942,Electronics,Accessories,829.57,943.41,Brand D,0.8793313617621183,754.4512933611596,829.57,Actual
P11942,Children Product 1943,Books,Children,493.93,626.59,Brand C,0.7882826090425956,499.488651712494,493.93,Actual
P11943,Children Product 1944,Books,Children,234.39,295.92,Brand A,0.7920721816707217,235.89377713458757,234.39,Actual
P11944,Packaged Foods Product 1945,Grocery,Packaged Foods,142.06,190.89,Brand A,0.7441982293467443,154.7391736850039,142.06,Actual
P11945,Footwear Product 1946,Fashion,Footwear,889.92,1200.99,Brand A,0.7409886843354232,963.6325490970997,889.92,Actual
P11946,Personal Care Product 1947,Beauty,Personal Care,573.34,729.17,Brand A,0.7862912626685136,581.7955007430538,573.34,Actual
P11947,Mobiles Product 1948,Electronics,Mobiles,2022.01,2721.18,Brand A,0.743063670907474,2176.145864967003,2022.01,Actual
P11948,Storage Product 1949,Home & Kitchen,Storage,181.4,233.95,Brand C,0.7753793545629408,186.6571065409586,181.4,Actual
P11949,Personal Care Product 1950,Beauty,Personal Care,1077.84,1219.9,Brand D,0.8835478317894908,973.3427477220009,1077.84,Actual
P11950,Sportswear Product 1951,Sports,Sportswear,2679.96,3121.62,Brand D,0.8585157706575433,2495.3258558464863,2679.96,Actual
P11951,Footwear Product 1952,Fashion,Footwear,615.89,707.23,Brand A,0.8708482389038926,567.4567212865568,615.89,Actual
P11952,Fiction Product 1953,Books,Fiction,1075.11,1427.16,Brand D,0.7533212814260488,1137.6661360347323,1075.11,Actual
P11953,Haircare Product 1954,Beauty,Haircare,173.17,194.58,Private Label,0.8899681364991262,155.25291569124266,173.17,Actual
P11954,Personal Care Product 1955,Beauty,Personal Care,249.16,311.68,Brand D,0.7994096509240246,248.68552144437513,249.16,Actual
P11955,Action Figures Product 1956,Toys,Action Figures,1357.84,1704.23,Brand D,0.7967469179629509,1360.9055008193366,1357.84,Actual
P11956,Footwear Product 1957,Fashion,Footwear,893.14,1030.15,Brand C,0.866999951463379,826.556482945218,893.14,Actual
P11957,Accessories Product 1958,Electronics,Accessories,3755.24,4932.57,Brand A,0.761315095376244,3944.6092537650175,3755.24,Actual
P11958,Staples Product 1959,Grocery,Staples,2241.95,2752.33,Private Label,0.8145643872646084,2231.0926183060756,2241.95,Actual
P11959,Storage Product 1960,Home & Kitchen,Storage,8995.86,12219.0,Brand B,0.7362190031917506,9748.934322821002,8995.86,Actual
P11960,Home Decor Product 1961,Home & Kitchen,Home Decor,930.47,1170.99,Brand B,0.7946011494547349,934.2748672297377,930.47,Actual
P11961,Haircare Product 1962,Beauty,Haircare,153.07,181.72,Brand B,0.8423398635263042,144.9920846922223,153.07,Actual
P11962,Home Decor Product 1963,Home & Kitchen,Home Decor,1217.74,1404.7,Brand A,0.866903965259486,1120.7404896690941,1217.74,Actual
P11963,Audio Product 1964,Electronics,Audio,19445.5,26204.55,Brand D,0.7420657862852063,20955.954080884425,19445.5,Actual
P11964,Educational Product 1965,Toys,Educational,4018.07,5320.77,Brand C,0.755167015300417,4248.87788713642,4018.07,Actual
P11965,Fiction Product 1966,Books,Fiction,1187.31,1550.58,Brand B,0.7657199241574121,1236.0508683068017,1187.31,Actual
P11966,Men Product 1967,Fashion,Men,5487.69,7538.93,Brand D,0.7279136429174962,6048.974873533168,5487.69,Actual
P11967,Children Product 1968,Books,Children,266.17,315.27,Brand A,0.8442604751482857,251.3187047756874,266.17,Actual
P11968,Sportswear Product 1969,Sports,Sportswear,3279.05,4245.98,Brand C,0.7722716546003515,3394.1042399161533,3279.05,Actual
P11969,Academic Product 1970,Books,Academic,403.33,453.67,Brand A,0.8890382877421914,361.6448022190063,403.33,Actual
P11970,Packaged Foods Product 1971,Grocery,Packaged Foods,68.69,86.19,Brand D,0.7969602042000232,69.8673025297841,68.69,Actual
P11971,Academic Product 1972,Books,Academic,1726.39,2217.38,Brand C,0.7785720084063174,1767.5930776652197,1726.39,Actual
P11972,Audio Product 1973,Electronics,Audio,23810.04,31738.58,Brand D,0.7501923526509378,25381.554923571548,23810.04,Actual
P11973,Audio Product 1974,Electronics,Audio,2804.79,3658.83,Brand D,0.7665811201941605,2925.990847763551,2804.79,Actual
P11974,Women Product 1975,Fashion,Women,829.71,1086.58,Brand D,0.7635977102468295,871.8339496564722,829.71,Actual
P11975,Packaged Foods Product 1976,Grocery,Packaged Foods,65.7,89.6,Brand C,0.7332589285714286,72.63151533436194,65.7,Actual
P11976,Skincare Product 1977,Beauty,Skincare,293.83,365.62,Private Label,0.8036485969038892,291.7235637528633,293.83,Actual
P11977,Men Product 1978,Fashion,Men,4057.24,4556.5,Brand D,0.8904290573905409,3655.9769106827994,4057.24,Actual
P11978,Children Product 1979,Books,Children,104.71,141.34,Brand A,0.7408376963350785,112.66972986010613,104.71,Actual
P11979,Packaged Foods Product 1980,Grocery,Packaged Foods,2320.44,2611.48,Brand B,0.8885536171060089,2116.9168489439676,2320.44,Actual
P11980,Makeup Product 1981,Beauty,Makeup,620.81,724.79,Brand A,0.8565377557637385,578.3007542597171,620.81,Actual
P11981,Cookware Product 1982,Home & Kitchen,Cookware,11127.23,14296.4,Brand B,0.7783239137125431,11406.388792272539,11127.23,Actual
P11982,Footwear Product 1983,Fashion,Footwear,285.07,351.83,Private Label,0.8102492681124407,282.29613880950933,285.07,Actual
P11983,Beverages Product 1984,Grocery,Beverages,1622.79,2151.68,Private Label,0.7541967207019632,1744.1939611008916,1622.79,Actual
P11984,Home Decor Product 1985,Home & Kitchen,Home Decor,659.79,812.94,Brand B,0.8116097128939405,648.6045231519851,659.79,Actual
P11985,Outdoor Toys Product 1986,Toys,Outdoor Toys,391.59,536.87,Brand A,0.7293944530333227,428.7152181482999,391.59,Actual
P11986,Cookware Product 1987,Home & Kitchen,Cookware,798.85,898.07,Brand A,0.8895186344048904,716.525529691125,798.85,Actual
P11987,Fitness Product 1988,Sports,Fitness,1421.94,1807.09,Brand D,0.7868672838652199,1444.5314935327256,1421.94,Actual
P11988,Children Product 1989,Books,Children,142.11,173.21,Private Label,0.8204491657525548,138.07502411963338,142.11,Actual
P11989,Women Product 1990,Fashion,Women,212.28,240.43,Brand C,0.8829181050617643,192.9126585395513,212.28,Actual
P11990,Fitness Product 1991,Sports,Fitness,4266.43,5410.41,Brand B,0.7885594622219019,4324.913334656489,4266.43,Actual
P11991,Outdoor Product 1992,Sports,Outdoor,1855.89,2161.23,Brand B,0.8587193403756195,1727.6199855943714,1855.89,Actual
P11992,Action Figures Product 1993,Toys,Action Figures,4276.03,4841.93,Private Label,0.8831251174634906,3866.502274682508,4276.03,Actual
P11993,Women Product 1994,Fashion,Women,2418.54,2875.14,Brand C,0.8411903420355183,2306.912203441357,2418.54,Actual
P11994,Home Decor Product 1995,Home & Kitchen,Home Decor,12138.41,16464.84,Brand A,0.7372321868903676,13136.479564265172,12138.41,Actual
P11995,Skincare Product 1996,Beauty,Skincare,1997.31,2308.1,Private Label,0.8653481218318098,1841.6037347464137,1997.31,Actual
P11996,Outdoor Toys Product 1997,Toys,Outdoor Toys,2571.66,3027.81,Private Label,0.8493465574127834,2417.844589307661,2571.66,Actual
P11997,Fitness Product 1998,Sports,Fitness,1835.26,2258.01,Brand C,0.8127776227740354,1804.9829049531734,1835.26,Actual
P11998,Outdoor Product 1999,Sports,Outdoor,10669.6,13840.45,Private Label,0.7708997901079806,11063.62489398149,10669.6,Actual
P11999,Outdoor Product 2000,Sports,Outdoor,2109.21,2649.77,Private Label,0.7959973884525827,2118.143653950943,2109.21,Actual
P12000,Personal Care Product 2001,Beauty,Personal Care,643.02,787.77,Brand D,0.816253474999048,628.5516979858681,643.02,Actual
P12001,Packaged Foods Product 2002,Grocery,Packaged Foods,59.15,80.56,Brand A,0.734235352532274,65.30351423366292,59.15,Actual
P12002,Non-Fiction Product 2003,Books,Non-Fiction,226.69,262.85,Brand D,0.8624310443218565,209.53189821514715,226.69,Actual
P12003,Action Figures Product 2004,Toys,Action Figures,195.02,225.84,Brand B,0.8635317038611406,180.34355591970507,195.02,Actual
P12004,Makeup Product 2005,Beauty,Makeup,5977.52,7054.88,Private Label,0.8472886852788425,5628.999331132871,5977.52,Actual
P12005,Equipment Product 2006,Sports,Equipment,4459.24,5416.09,Brand C,0.8233319608795274,4329.453749845143,4459.24,Actual
P12006,Women Product 2007,Fashion,Women,1794.53,2130.15,Brand B,0.8424430204445695,1709.1581732230802,1794.53,Actual
P12007,Home Decor Product 2008,Home & Kitchen,Home Decor,4006.43,5155.51,Brand C,0.7771161340003219,4113.325836046068,4006.43,Actual
P12008,Mobiles Product 2009,Electronics,Mobiles,24229.36,30785.56,Brand D,0.7870365197189851,24619.418448869084,24229.36,Actual
P12009,Women Product 2010,Fashion,Women,1927.21,2182.7,Brand C,0.8829477252943603,1751.3224630631726,1927.21,Actual
P12010,Laptops Product 2011,Electronics,Laptops,11369.36,13718.13,Private Label,0.8287835149542978,10970.48040724237,11369.36,Actual
P12011,Games Product 2012,Toys,Games,883.76,1190.09,Brand D,0.7425992992126647,950.3412259319952,883.76,Actual
P12012,Storage Product 2013,Home & Kitchen,Storage,458.52,609.46,Brand B,0.7523381353985494,486.25791901026986,458.52,Actual
P12013,Personal Care Product 2014,Beauty,Personal Care,156.68,208.17,Brand C,0.7526540807993468,166.09620443748577,156.68,Actual
P12014,Equipment Product 2015,Sports,Equipment,8432.48,11619.37,Private Label,0.7257260935833869,9288.162681443286,8432.48,Actual
P12015,Storage Product 2016,Home & Kitchen,Storage,608.56,754.21,Brand C,0.8068840243433525,601.7467677890849,608.56,Actual
P12016,Action Figures Product 2017,Toys,Action Figures,4309.13,5872.69,Brand A,0.7337574433521947,4689.611217738632,4309.13,Actual
P12017,Cookware Product 2018,Home & Kitchen,Cookware,358.56,476.7,Brand D,0.7521711768407804,380.33529680733045,358.56,Actual
P12018,Non-Fiction Product 2019,Books,Non-Fiction,149.9,201.04,Brand B,0.7456227616394748,160.2598166907863,149.9,Actual
P12019,Accessories Product 2020,Electronics,Accessories,8843.79,10056.0,Brand B,0.8794540572792363,8041.850527384511,8843.79,Actual
P12020,Personal Care Product 2021,Beauty,Personal Care,4526.71,5214.14,Brand A,0.8681604253050359,4160.296216581026,4526.71,Actual
P12021,Children Product 2022,Books,Children,1199.85,1531.89,Brand A,0.7832481444490138,1221.1520622286544,1199.85,Actual
P12022,Accessories Product 2023,Fashion,Accessories,4023.06,5287.0,Brand C,0.7609343673160582,4242.1046695445975,4023.06,Actual
P12023,Beverages Product 2024,Grocery,Beverages,75.83,95.2,Brand C,0.7965336134453781,77.17098504275955,75.83,Actual
P12024,Footwear Product 2025,Fashion,Footwear,5117.04,6557.82,Brand B,0.7802958910125621,5261.766378670882,5117.04,Actual
P12025,Personal Care Product 2026,Beauty,Personal Care,347.49,470.31,Private Label,0.7388530968935383,375.25438780320866,347.49,Actual
P12026,Audio Product 2027,Electronics,Audio,24043.43,33013.1,Brand B,0.7282996749775089,26400.797100795306,24043.43,Actual
P12027,Mobiles Product 2028,Electronics,Mobiles,47768.56,65499.42,Brand D,0.7292974502674985,52380.32470866941,47768.56,Actual
P12028,Equipment Product 2029,Sports,Equipment,206.93,281.35,Private Label,0.7354896036964634,224.9024319239398,206.93,Actual
P12029,Games Product 2030,Toys,Games,488.68,655.29,Brand B,0.745746158189504,523.278997337157,488.68,Actual
P12030,Accessories Product 2031,Electronics,Accessories,755.05,985.95,Brand C,0.7658096252345453,788.4708161768854,755.05,Actual
P12031,Beverages Product 2032,Grocery,Beverages,321.88,443.53,Private Label,0.7257231754334543,359.5341071009994,321.88,Actual
P12032,Skincare Product 2033,Beauty,Skincare,5768.72,7243.23,Brand C,0.7964292173519273,5779.281408789596,5768.72,Actual
P12033,Cookware Product 2034,Home & Kitchen,Cookware,2247.72,2792.0,Brand B,0.8050573065902578,2227.59838197203,2247.72,Actual
P12034,Accessories Product 2035,Electronics,Accessories,5674.31,6981.47,Brand B,0.8127672252405296,5583.1283016526595,5674.31,Actual
P12035,Educational Product 2036,Toys,Educational,3906.14,5223.87,Brand D,0.7477483168608713,4171.49881093814,3906.14,Actual
P12036,Home Decor Product 2037,Home & Kitchen,Home Decor,625.85,719.37,Private Label,0.8699973588000612,573.949659039835,625.85,Actual
P12037,Men Product 2038,Fashion,Men,1037.53,1203.11,Private Label,0.8623733490703261,965.333563263817,1037.53,Actual
P12038,Storage Product 2039,Home & Kitchen,Storage,796.04,1059.78,Private Label,0.7511370284398649,845.5459216498273,796.04,Actual
P12039,Outdoor Toys Product 2040,Toys,Outdoor Toys,472.99,601.41,Brand C,0.7864684657721023,480.2533562064728,472.99,Actual
P12040,Footwear Product 2041,Fashion,Footwear,3544.73,4668.76,Brand D,0.7592444246438026,3746.05042500152,3544.73,Actual
P12041,Packaged Foods Product 2042,Grocery,Packaged Foods,2895.34,3517.8,Brand C,0.8230541815907669,2851.5975964644913,2895.34,Actual
P12042,Home Decor Product 2043,Home & Kitchen,Home Decor,944.63,1237.61,Brand D,0.7632695275571465,987.4276624328094,944.63,Actual
P12043,Staples Product 2044,Grocery,Staples,117.89,145.04,Private Label,0.8128102592388308,117.57226544749838,117.89,Actual
P12044,Children Product 2045,Books,Children,228.88,299.81,Brand B,0.7634168306594176,238.99470574047277,228.88,Actual
P12045,Storage Product 2046,Home & Kitchen,Storage,844.86,1091.7,Brand C,0.7738939269029953,871.0133071629174,844.86,Actual
P12046,Outdoor Product 2047,Sports,Outdoor,3475.99,4765.4,Brand C,0.7294225038821505,3809.3124190166786,3475.99,Actual
P12047,Personal Care Product 2048,Beauty,Personal Care,446.1,597.32,Brand A,0.7468358668720284,476.59405694672154,446.1,Actual
P12048,Laptops Product 2049,Electronics,Laptops,2340.1,2947.78,Private Label,0.793851644288244,2357.359402109538,2340.1,Actual
P12049,Action Figures Product 2050,Toys,Action Figures,564.33,731.03,Private Label,0.7719655828078192,583.760846988939,564.33,Actual
P12050,Educational Product 2051,Toys,Educational,5263.59,6253.66,Brand D,0.8416815113069787,4993.8331646866045,5263.59,Actual
P12051,Beverages Product 2052,Grocery,Beverages,330.23,416.3,Brand C,0.7932500600528465,337.460935643916,330.23,Actual
P12052,Fiction Product 2053,Books,Fiction,215.27,241.74,Brand B,0.8905021924381568,192.703979739508,215.27,Actual
P12053,Mobiles Product 2054,Electronics,Mobiles,29966.61,38024.68,Brand C,0.7880831607261389,30408.591180551637,29966.61,Actual
P12054,Haircare Product 2055,Beauty,Haircare,627.71,815.4,Brand A,0.7698184939906795,650.5973247745876,627.71,Actual
P12055,Academic Product 2056,Books,Academic,338.34,412.07,Brand A,0.8210740893537505,328.48320067534974,338.34,Actual
P12056,Accessories Product 2057,Electronics,Accessories,22172.29,27206.86,Private Label,0.814952184853379,21757.50809859552,22172.29,Actual
P12057,Academic Product 2058,Books,Academic,1674.3,1943.65,Private Label,0.8614205232423532,1549.388145200193,1674.3,Actual
P12058,Home Decor Product 2059,Home & Kitchen,Home Decor,559.82,679.4,Private Label,0.8239917574330292,542.0595776188385,559.82,Actual
P12059,Outdoor Toys Product 2060,Toys,Outdoor Toys,923.42,1063.4,Brand C,0.8683656197103629,849.1734739860715,923.42,Actual
P12060,Kitchen Appliances Product 2061,Home & Kitchen,Kitchen Appliances,216.62,250.93,Brand A,0.8632686406567569,200.20460672931287,216.62,Actual
P12061,Action Figures Product 2062,Toys,Action Figures,318.07,410.36,Private Label,0.7750999122721512,327.6912044244163,318.07,Actual
P12062,Haircare Product 2063,Beauty,Haircare,2425.03,3090.8,Brand D,0.7845962210430957,2466.110143994721,2425.03,Actual
P12063,Action Figures Product 2064,Toys,Action Figures,5272.57,6443.36,Brand D,0.8182951131086886,5145.317279803359,5272.57,Actual
P12064,Audio Product 2065,Electronics,Audio,23318.5,31214.84,Brand D,0.7470325012077589,24962.71653900389,23318.5,Actual
P12065,Accessories Product 2066,Electronics,Accessories,3855.97,4626.2,Private Label,0.833506981972245,3699.6031135427825,3855.97,Actual
P12066,Outdoor Toys Product 2067,Toys,Outdoor Toys,486.96,657.18,Brand A,0.7409842052405734,524.7882486685785,486.96,Actual
P12067,Audio Product 2068,Electronics,Audio,845.04,1158.32,Brand B,0.7295393328268527,926.3162592362794,845.04,Actual
P12068,Outdoor Product 2069,Sports,Outdoor,1499.9,2013.44,Brand D,0.7449439764780674,1609.4812601135145,1499.9,Actual
P12069,Academic Product 2070,Books,Academic,1902.04,2623.69,Private Label,0.7249484504648034,2091.4846719729862,1902.04,Actual
P12070,Outdoor Product 2071,Sports,Outdoor,209.51,264.38,Brand C,0.7924578258567214,211.33714217896286,209.51,Actual
P12071,Kitchen Appliances Product 2072,Home & Kitchen,Kitchen Appliances,7467.65,9214.68,Brand D,0.8104079577370022,7351.936338964909,7467.65,Actual
P12072,Beverages Product 2073,Grocery,Beverages,677.96,767.48,Brand B,0.8833585240006254,622.1343235358939,677.96,Actual
P12073,Laptops Product 2074,Electronics,Laptops,2317.52,2915.59,Brand B,0.7948717069272428,2331.616843589599,2317.52,Actual
P12074,Mobiles Product 2075,Electronics,Mobiles,6490.64,8556.32,Brand C,0.7585784542887597,6842.546390659371,6490.64,Actual
P12075,Mobiles Product 2076,Electronics,Mobiles,1102.66,1259.26,Private Label,0.8756412496227944,1007.0386530543177,1102.66,Actual
P12076,Staples Product 2077,Grocery,Staples,106.75,125.56,Private Label,0.85019114367633,101.78139581900095,106.75,Actual
P12077,Academic Product 2078,Books,Academic,117.36,133.83,Brand B,0.8769334229993274,106.68310419681622,117.36,Actual
P12078,Women Product 2079,Fashion,Women,321.51,361.06,Brand C,0.8904614191547111,289.7019693561136,321.51,Actual
P12079,Fiction Product 2080,Books,Fiction,1774.52,2101.94,Brand C,0.8442296164495656,1675.5696333815727,1774.52,Actual
P12080,Personal Care Product 2081,Beauty,Personal Care,203.58,271.87,Brand B,0.7488137712877478,216.92162703760994,203.58,Actual
P12081,Packaged Foods Product 2082,Grocery,Packaged Foods,2882.49,3747.25,Brand C,0.7692281006071118,3037.594261570176,2882.49,Actual
P12082,Snacks Product 2083,Grocery,Snacks,120.98,137.5,Private Label,0.8798545454545454,111.4601937329773,120.98,Actual
P12083,Packaged Foods Product 2084,Grocery,Packaged Foods,67.17,76.12,Brand A,0.8824224908039937,61.704363250576236,67.17,Actual
P12084,Accessories Product 2085,Fashion,Accessories,7604.08,9030.85,Brand B,0.8420115493004534,7246.039522405302,7604.08,Actual
P12085,Snacks Product 2086,Grocery,Snacks,188.43,217.39,Brand D,0.8667832006992042,176.22059284081405,188.43,Actual
P12086,Games Product 2087,Toys,Games,1363.04,1537.81,Brand C,0.8863513698051124,1228.01152908644,1363.04,Actual
P12087,Personal Care Product 2088,Beauty,Personal Care,200.54,256.57,Brand A,0.7816190513310207,204.7139509656806,200.54,Actual
P12088,Staples Product 2089,Grocery,Staples,330.59,413.25,Private Label,0.7999758015728977,334.98854589202085,330.59,Actual
P12089,Accessories Product 2090,Fashion,Accessories,510.94,578.88,Brand D,0.8826354339414041,464.4731513345899,510.94,Actual
P12090,Skincare Product 2091,Beauty,Skincare,1747.76,1984.06,Private Label,0.8809007792103062,1583.0563259654996,1747.76,Actual
P12091,Men Product 2092,Fashion,Men,357.64,442.34,Brand A,0.8085183343129719,354.91821061591776,357.64,Actual
P12092,Sportswear Product 2093,Sports,Sportswear,646.4,783.88,Brand C,0.8246160126549982,626.6092707891876,646.4,Actual
P12093,Mobiles Product 2094,Electronics,Mobiles,1038.99,1400.78,Brand C,0.7417224689101787,1120.2131445654013,1038.99,Actual
P12094,Mobiles Product 2095,Electronics,Mobiles,701.88,958.38,Brand C,0.7323608589494772,766.4229025889784,701.88,Actual
P12095,Footwear Product 2096,Fashion,Footwear,262.46,347.57,Brand A,0.7551284633311275,278.87806317261504,262.46,Actual
P12096,Skincare Product 2097,Beauty,Skincare,284.86,332.62,Brand A,0.8564127232277073,265.3932820290941,284.86,Actual
P12097,Academic Product 2098,Books,Academic,156.48,194.86,Brand D,0.803038078620548,155.3334056922335,156.48,Actual
P12098,Staples Product 2099,Grocery,Staples,1336.1,1616.69,Brand D,0.826441680223172,1310.5205862266696,1336.1,Actual
P12099,Skincare Product 2100,Beauty,Skincare,119.78,140.95,Brand B,0.8498048953529621,112.46221845349291,119.78,Actual
P12100,Fitness Product 2101,Sports,Fitness,973.91,1140.05,Private Label,0.8542695495811587,911.3204816594546,973.91,Actual
P12101,Beverages Product 2102,Grocery,Beverages,624.32,847.6,Brand D,0.7365738555922605,687.0811651496114,624.32,Actual
P12102,Games Product 2103,Toys,Games,635.23,734.44,Brand D,0.86491748815424,586.4838877509219,635.23,Actual
P12103,Kitchen Appliances Product 2104,Home & Kitchen,Kitchen Appliances,1715.01,1963.4,Brand A,0.8734898645207293,1566.499521190503,1715.01,Actual
P12104,Audio Product 2105,Electronics,Audio,904.28,1182.15,Brand A,0.7649452269170578,945.3732697839698,904.28,Actual
P12105,Beverages Product 2106,Grocery,Beverages,116.54,132.76,Brand A,0.8778246459777043,107.61785687265503,116.54,Actual
P12106,Action Figures Product 2107,Toys,Action Figures,1105.73,1345.83,Private Label,0.8215970813550003,1074.7067298238428,1105.73,Actual
P12107,Accessories Product 2108,Electronics,Accessories,4218.65,5741.85,Brand C,0.7347196461070908,4591.7958880929555,4218.65,Actual
P12108,Non-Fiction Product 2109,Books,Non-Fiction,273.72,334.38,Brand C,0.8185896285663019,266.55231548480464,273.72,Actual
P12109,Kitchen Appliances Product 2110,Home & Kitchen,Kitchen Appliances,352.57,469.54,Brand C,0.7508838437619798,374.6226877761988,352.57,Actual
P12110,Mobiles Product 2111,Electronics,Mobiles,4985.27,6813.65,Private Label,0.73165924284341,5448.92152405663,4985.27,Actual
P12111,Audio Product 2112,Electronics,Audio,17309.05,20115.06,Private Label,0.8605020318109913,16086.148157256473,17309.05,Actual
P12112,Outdoor Product 2113,Sports,Outdoor,2728.34,3433.14,Private Label,0.7947068864071958,2744.3452466157974,2728.34,Actual
P12113,Skincare Product 2114,Beauty,Skincare,105.61,131.58,Brand B,0.8026295789633682,104.98601421859242,105.61,Actual
P12114,Sportswear Product 2115,Sports,Sportswear,4779.1,6059.93,Brand D,0.7886394727331834,4844.1194039056,4779.1,Actual
P12115,Storage Product 2116,Home & Kitchen,Storage,12406.86,16353.28,Private Label,0.7586771583437696,13047.471371037092,12406.86,Actual
P12116,Snacks Product 2117,Grocery,Snacks,2210.7,2842.87,Brand D,0.7776296489111355,2304.4861160557757,2210.7,Actual
P12117,Sportswear Product 2118,Sports,Sportswear,414.85,471.08,Brand B,0.880635985395262,376.5666878646865,414.85,Actual
P12118,Women Product 2119,Fashion,Women,205.95,283.91,Brand B,0.7254059385016377,227.79949626071627,205.95,Actual
P12119,Games Product 2120,Toys,Games,761.85,995.97,Brand B,0.7649326786951415,795.3275389184762,761.85,Actual
P12120,Educational Product 2121,Toys,Educational,758.72,870.35,Private Label,0.8717412535186994,695.0142308480132,758.72,Actual
P12121,Laptops Product 2122,Electronics,Laptops,5542.92,7219.12,Brand C,0.7678110351400171,5773.178597777652,5542.92,Actual
P12122,Laptops Product 2123,Electronics,Laptops,18320.32,24456.22,Brand B,0.7491067712017637,19557.802874386598,18320.32,Actual
P12123,Children Product 2124,Books,Children,373.02,495.85,Brand C,0.7522839568417867,395.2687530149542,373.02,Actual
P12124,Women Product 2125,Fashion,Women,1601.96,1870.56,Brand D,0.8564066375844668,1500.8721979692345,1601.96,Actual
P12125,Staples Product 2126,Grocery,Staples,1420.03,1729.97,Brand B,0.8208408238293149,1402.3475734708272,1420.03,Actual
P12126,Cookware Product 2127,Home & Kitchen,Cookware,1481.3,1988.77,Brand B,0.7448322329882289,1586.7409864306999,1481.3,Actual
P12127,Snacks Product 2128,Grocery,Snacks,573.7,785.33,Brand A,0.7305209275081813,636.6038832314114,573.7,Actual
P12128,Packaged Foods Product 2129,Grocery,Packaged Foods,168.01,224.38,Private Label,0.7487744005704609,181.88682378040323,168.01,Actual
P12129,Equipment Product 2130,Sports,Equipment,1611.35,1834.29,Brand C,0.8784597855300961,1466.2743268305082,1611.35,Actual
P12130,Staples Product 2131,Grocery,Staples,138.36,183.09,Brand B,0.755693921022448,148.41634087687865,138.36,Actual
P12131,Women Product 2132,Fashion,Women,4572.3,5766.98,Brand A,0.7928413138245668,4627.223905271478,4572.3,Actual
P12132,Educational Product 2133,Toys,Educational,190.35,244.69,Brand A,0.7779230863541624,195.3961419500205,190.35,Actual
P12133,Snacks Product 2134,Grocery,Snacks,755.91,930.46,Brand C,0.812404617071126,754.2491044420805,755.91,Actual
P12134,Academic Product 2135,Books,Academic,244.55,325.61,Private Label,0.751051871871257,259.5612759286059,244.55,Actual
P12135,Footwear Product 2136,Fashion,Footwear,4481.78,5841.78,Private Label,0.7671942455895292,4687.2408202103725,4481.78,Actual
P12136,Home Decor Product 2137,Home & Kitchen,Home Decor,9138.8,12487.82,Private Label,0.7318170825652516,9963.41247362391,9138.8,Actual
P12137,Accessories Product 2138,Electronics,Accessories,900.96,1077.04,Brand A,0.836514892668796,861.3160990467595,900.96,Actual
P12138,Women Product 2139,Fashion,Women,2167.81,2498.92,Brand B,0.8674987594640884,2005.0463780628686,2167.81,Actual
P12139,Home Decor Product 2140,Home & Kitchen,Home Decor,4965.4,6825.01,Brand B,0.7275300695530116,5445.337117816234,4965.4,Actual
P12140,Academic Product 2141,Books,Academic,310.9,369.35,Private Label,0.8417490185460944,294.42878678244097,310.9,Actual
P12141,Packaged Foods Product 2142,Grocery,Packaged Foods,,2843.39,Brand D,,2304.907638242984,2304.907638242984,Estimated
P12142,Staples Product 2143,Grocery,Staples,897.25,1201.57,Brand D,0.7467313598042561,974.0161816998802,897.25,Actual
P12143,Skincare Product 2144,Beauty,Skincare,1429.59,1814.83,Brand C,0.7877266741237471,1448.0298539620615,1429.59,Actual
P12144,Kitchen Appliances Product 2145,Home & Kitchen,Kitchen Appliances,13430.09,15343.9,Private Label,0.8752722580308787,12242.137110723721,13430.09,Actual
P12145,Games Product 2146,Toys,Games,5329.98,6283.03,Brand C,0.8483136321169881,5017.286451249488,5329.98,Actual
P12146,Fiction Product 2147,Books,Fiction,100.87,121.52,Private Label,0.8300691244239632,96.87013989387361,100.87,Actual
P12147,Beverages Product 2148,Grocery,Beverages,194.57,238.9,Brand B,0.8144411887819171,193.65702023860564,194.57,Actual
P12148,Snacks Product 2149,Grocery,Snacks,1356.34,1704.38,Brand C,0.7957967120008448,1381.6038181426318,1356.34,Actual
P12149,Outdoor Product 2150,Sports,Outdoor,452.17,513.3,Brand C,0.8809078511591663,410.3160416085242,452.17,Actual
P12150,Personal Care Product 2151,Beauty,Personal Care,125.65,157.67,Private Label,0.7969176127354602,125.8028945268693,125.65,Actual
P12151,Mobiles Product 2152,Electronics,Mobiles,2481.93,2852.6,Brand D,0.870058893640889,2281.2433188561113,2481.93,Actual
P12152,Laptops Product 2153,Electronics,Laptops,4229.26,5050.34,Private Label,0.8374208469132771,4038.7907112640305,4229.26,Actual
P12153,Outdoor Toys Product 2154,Toys,Outdoor Toys,315.23,430.07,Brand A,0.7329737019554957,343.4305397378124,315.23,Actual
P12154,Audio Product 2155,Electronics,Audio,21857.53,27880.23,Brand A,0.7839795439277222,22296.0065959727,21857.53,Actual
P12155,Outdoor Product 2156,Sports,Outdoor,252.44,338.96,Brand B,0.7447486429077178,270.954072596192,252.44,Actual
P12156,Storage Product 2157,Home & Kitchen,Storage,9261.23,10946.01,Brand C,0.8460827278615678,8733.278712410336,9261.23,Actual
P12157,Action Figures Product 2158,Toys,Action Figures,2158.8,2788.48,Brand A,0.7741852191875144,2226.728652191725,2158.8,Actual
P12158,Packaged Foods Product 2159,Grocery,Packaged Foods,93.08,108.93,Private Label,0.8544937115578811,88.30079202424159,93.08,Actual
P12159,Sportswear Product 2160,Sports,Sportswear,3798.54,5050.72,Brand D,0.7520789115215256,4037.38834535945,3798.54,Actual
P12160,Accessories Product 2161,Electronics,Accessories,3977.6,5077.37,Brand D,0.7833977039293966,4060.406783236505,3977.6,Actual
P12161,Women Product 2162,Fashion,Women,4578.8,6057.47,Brand A,0.7558931369036909,4860.302964370402,4578.8,Actual
P12162,Beverages Product 2163,Grocery,Beverages,1570.99,1845.09,Brand D,0.8514435610187038,1495.6661007620296,1570.99,Actual
P12163,Fiction Product 2164,Books,Fiction,254.41,288.96,Brand A,0.8804332779623478,230.34558610709118,254.41,Actual
P12164,Laptops Product 2165,Electronics,Laptops,11596.15,14840.72,Brand B,0.7813738147475324,11868.223146257544,11596.15,Actual
P12165,Fitness Product 2166,Sports,Fitness,350.53,458.28,Brand C,0.7648817316924151,366.33476631278876,350.53,Actual
P12166,Packaged Foods Product 2167,Grocery,Packaged Foods,1668.64,1949.52,Brand C,0.8559235093766672,1580.3191046277375,1668.64,Actual
P12167,Staples Product 2168,Grocery,Staples,70.14,89.98,Brand B,0.7795065570126695,72.93955077886035,70.14,Actual
P12168,Accessories Product 2169,Fashion,Accessories,6330.01,7206.31,Private Label,0.878398237100541,5782.092169696602,6330.01,Actual
P12169,Educational Product 2170,Toys,Educational,3355.5,4482.77,Brand D,0.7485327152631074,3579.696608971734,3355.5,Actual
P12170,Haircare Product 2171,Beauty,Haircare,850.32,1030.83,Private Label,0.8248886819359158,822.4861911913026,850.32,Actual
P12171,Equipment Product 2172,Sports,Equipment,4506.42,5700.86,Brand C,0.7904807344856741,4557.09002330873,4506.42,Actual
P12172,Accessories Product 2173,Fashion,Accessories,304.03,345.43,Brand A,0.880149379034826,277.1610017024381,304.03,Actual
P12173,Equipment Product 2174,Sports,Equipment,1069.73,1328.65,Brand A,0.8051255033304482,1062.081450775698,1069.73,Actual
P12174,Storage Product 2175,Home & Kitchen,Storage,4340.65,5544.31,Brand B,0.7829017497217867,4423.5300806416,4340.65,Actual
P12175,Snacks Product 2176,Grocery,Snacks,1962.1,2579.62,Brand D,0.7606159046681294,2091.090508781548,1962.1,Actual
P12176,Academic Product 2177,Books,Academic,147.52,167.65,Brand A,0.8799284223083805,133.6428485287024,147.52,Actual
P12177,Cookware Product 2178,Home & Kitchen,Cookware,1072.88,1463.28,Brand B,0.7332021212618228,1167.4785674684929,1072.88,Actual
P12178,Action Figures Product 2179,Toys,Action Figures,4012.1,5328.73,Brand D,0.7529186128777401,4255.234310733306,4012.1,Actual
P12179,Skincare Product 2180,Beauty,Skincare,960.88,1146.1,Private Label,0.8383910653520635,914.4586631397533,960.88,Actual
P12180,Action Figures Product 2181,Toys,Action Figures,1925.51,2162.22,Brand A,0.8905245534681948,1726.6314358869317,1925.51,Actual
P12181,Non-Fiction Product 2182,Books,Non-Fiction,500.15,571.67,Brand A,0.8748928577675932,455.70896044380123,500.15,Actual
P12182,Outdoor Product 2183,Sports,Outdoor,1494.37,1893.89,Brand D,0.7890479383702326,1513.9167115565322,1494.37,Actual
P12183,Skincare Product 2184,Beauty,Skincare,4880.19,6037.8,Private Label,0.8082728808506409,4817.484090659806,4880.19,Actual
P12184,Sportswear Product 2185,Sports,Sportswear,556.91,670.74,Brand D,0.8302919163908519,536.1686766968664,556.91,Actual
P12185,Sportswear Product 2186,Sports,Sportswear,940.73,1123.4,Brand C,0.8373954068007833,898.0109899532752,940.73,Actual
P12186,Educational Product 2187,Toys,Educational,4978.8,5614.84,Brand D,0.8867216162882646,4483.706214666121,4978.8,Actual
P12187,Outdoor Product 2188,Sports,Outdoor,231.35,266.16,Brand D,0.8692140066125638,212.76001876977367,231.35,Actual
P12188,Home Decor Product 2189,Home & Kitchen,Home Decor,872.21,1085.08,Brand B,0.8038209164301251,865.7315373603905,872.21,Actual
P12189,Men Product 2190,Fashion,Men,546.53,667.98,Brand D,0.8181831791370998,535.9638882470967,546.53,Actual
P12190,Accessories Product 2191,Fashion,Accessories,916.42,1156.77,Brand B,0.792223173145915,928.1519611479297,916.42,Actual
P12191,Accessories Product 2192,Electronics,Accessories,2620.23,2977.44,Brand B,0.8800278091246171,2381.078702690507,2620.23,Actual
P12192,Men Product 2193,Fashion,Men,3451.38,4523.52,Brand D,0.7629854626485568,3629.5149072779236,3451.38,Actual
P12193,Audio Product 2194,Electronics,Audio,1780.83,2433.65,Brand B,0.7317527171121566,1946.2061988831858,1780.83,Actual
P12194,Snacks Product 2195,Grocery,Snacks,496.21,655.77,Brand A,0.7566829833630694,531.5800090492693,496.21,Actual
P12195,Accessories Product 2196,Fashion,Accessories,7868.8,8816.96,Brand B,0.8924618008928249,7074.421635556636,7868.8,Actual
P12196,Packaged Foods Product 2197,Grocery,Packaged Foods,194.11,243.45,Brand A,0.7973300472376259,197.3453393766787,194.11,Actual
P12197,Educational Product 2198,Toys,Educational,369.74,471.03,Private Label,0.7849606182196464,376.13897070872594,369.74,Actual
P12198,Fitness Product 2199,Sports,Fitness,487.86,630.31,Private Label,0.7740000951912552,503.8501932325519,487.86,Actual
P12199,Staples Product 2200,Grocery,Staples,133.52,180.48,Brand B,0.7398049645390072,146.30062374492903,133.52,Actual
P12200,Kitchen Appliances Product 2201,Home & Kitchen,Kitchen Appliances,902.46,1208.8,Brand B,0.7465751158173396,964.4415917363144,902.46,Actual
P12201,Home Decor Product 2202,Home & Kitchen,Home Decor,1790.05,2176.09,Brand C,0.8225992491119393,1736.1943277312016,1790.05,Actual
P12202,Haircare Product 2203,Beauty,Haircare,2644.74,3643.04,Brand A,0.7259706179454521,2906.7354403321237,2644.74,Actual
P12203,Fiction Product 2204,Books,Fiction,193.11,253.24,Brand C,0.7625572579371348,201.8712493970092,193.11,Actual
P12204,Skincare Product 2205,Beauty,Skincare,1486.34,2007.49,Private Label,0.7403972124394144,1601.7508259893757,1486.34,Actual
P12205,Skincare Product 2206,Beauty,Skincare,3700.27,4750.26,Brand B,0.7789615726297087,3790.1722442773275,3700.27,Actual
P12206,Women Product 2207,Fashion,Women,650.97,797.75,Brand D,0.8160075211532435,640.086816744695,650.97,Actual
P12207,Outdoor Toys Product 2208,Toys,Outdoor Toys,6054.99,7982.34,Brand C,0.7585482452513924,6374.263107333061,6054.99,Actual
P12208,Snacks Product 2209,Grocery,Snacks,240.97,296.55,Private Label,0.8125779801045354,240.3892396473776,240.97,Actual
P12209,Cookware Product 2210,Home & Kitchen,Cookware,204.21,269.58,Brand A,0.7575116848430893,215.08451712464893,204.21,Actual
P12210,Women Product 2211,Fashion,Women,774.13,1059.57,Brand D,0.7306076993497362,850.1620663342859,774.13,Actual
P12211,Storage Product 2212,Home & Kitchen,Storage,215.87,249.05,Brand A,0.8667737402128086,198.70464793342913,215.87,Actual
P12212,Makeup Product 2213,Beauty,Makeup,1038.77,1349.03,Brand C,0.7700125275197734,1076.3739379944345,1038.77,Actual
P12213,Accessories Product 2214,Electronics,Accessories,2334.02,3158.66,Brand A,0.7389272666257211,2526.00155000282,2334.02,Actual
P12214,Skincare Product 2215,Beauty,Skincare,566.95,780.32,Private Label,0.72656089809309,622.6074374148961,566.95,Actual
P12215,Academic Product 2216,Books,Academic,176.83,224.39,Brand A,0.7880475957039085,178.87335986493005,176.83,Actual
P12216,Outdoor Toys Product 2217,Toys,Outdoor Toys,312.39,397.17,Brand A,0.7865397688647178,317.1583869315855,312.39,Actual
P12217,Home Decor Product 2218,Home & Kitchen,Home Decor,526.43,654.93,Brand A,0.8037958255080695,522.5361777596495,526.43,Actual
P12218,Audio Product 2219,Electronics,Audio,7053.04,8753.92,Brand B,0.8057007603450796,7000.568433639799,7053.04,Actual
P12219,Outdoor Product 2220,Sports,Outdoor,347.39,401.43,Private Label,0.8653812619883915,320.89064598268044,347.39,Actual
P12220,Fiction Product 2221,Books,Fiction,148.12,181.36,Brand C,0.8167181296868107,144.57182826821034,148.12,Actual
P12221,Cookware Product 2222,Home & Kitchen,Cookware,1445.04,1722.02,Brand B,0.8391540167942301,1373.91438600411,1445.04,Actual
P12222,Educational Product 2223,Toys,Educational,1047.5,1190.99,Brand C,0.8795203989957934,951.0599170421959,1047.5,Actual
P12223,Skincare Product 2224,Beauty,Skincare,108.74,139.96,Brand D,0.7769362675050013,111.67231000177985,108.74,Actual
P12224,Skincare Product 2225,Beauty,Skincare,3380.77,4054.4,Brand B,0.8338521112865035,3234.9543703287814,3380.77,Actual
P12225,Women Product 2226,Fashion,Women,2919.69,3958.57,Brand A,0.7375617963052314,3176.218702802943,2919.69,Actual
P12226,Kitchen Appliances Product 2227,Home & Kitchen,Kitchen Appliances,1148.51,1286.8,Private Label,0.8925318619832142,1026.6739247570229,1148.51,Actual
P12227,Personal Care Product 2228,Beauty,Personal Care,3858.05,4883.59,Private Label,0.7900028462667833,3896.5545613146046,3858.05,Actual
P12228,Cookware Product 2229,Home & Kitchen,Cookware,10666.91,14254.95,Private Label,0.7482951536133062,11373.317892224997,10666.91,Actual
P12229,Equipment Product 2230,Sports,Equipment,254.54,326.33,Brand C,0.7800079673949682,260.8580437524054,254.54,Actual
P12230,Non-Fiction Product 2231,Books,Non-Fiction,2323.15,2760.11,Brand C,0.8416874689776856,2200.2324047274483,2323.15,Actual
P12231,Games Product 2232,Toys,Games,1339.57,1642.28,Private Label,0.8156769856540906,1311.4355960671858,1339.57,Actual
P12232,Skincare Product 2233,Beauty,Skincare,1186.96,1334.12,Brand B,0.8896950799028575,1064.4774379792407,1186.96,Actual
P12233,Personal Care Product 2234,Beauty,Personal Care,454.65,530.98,Private Label,0.8562469396210779,423.6622118086958,454.65,Actual
P12234,Accessories Product 2235,Fashion,Accessories,282.22,348.43,Brand C,0.8099761788594554,279.56809722137774,282.22,Actual
P12235,Children Product 2236,Books,Children,197.68,243.41,Brand C,0.8121276857976254,194.03522672455378,197.68,Actual
P12236,Educational Product 2237,Toys,Educational,2694.06,3044.5,Brand C,0.8848940712760716,2431.1723166734946,2694.06,Actual
P12237,Packaged Foods Product 2238,Grocery,Packaged Foods,342.44,450.4,Brand C,0.7603019538188277,365.10306368969435,342.44,Actual
P12238,Non-Fiction Product 2239,Books,Non-Fiction,1352.05,1817.54,Brand B,0.7438900932029006,1448.8590689821515,1352.05,Actual
P12239,Outdoor Toys Product 2240,Toys,Outdoor Toys,905.09,1209.27,Brand A,0.7484598145988903,965.6573320360509,905.09,Actual
P12240,Storage Product 2241,Home & Kitchen,Storage,294.86,365.02,Private Label,0.8077913538984166,291.23136152844927,294.86,Actual
P12241,Snacks Product 2242,Grocery,Snacks,347.47,412.78,Brand C,0.8417801250060566,334.6075546843518,347.47,Actual
P12242,Haircare Product 2243,Beauty,Haircare,825.32,1015.7,Brand D,0.8125627645958452,810.414155964617,825.32,Actual
P12243,Audio Product 2244,Electronics,Audio,8141.67,10756.12,Private Label,0.7569337270316805,8601.741178859496,8141.67,Actual
P12244,Accessories Product 2245,Electronics,Accessories,31459.85,37708.88,Brand B,0.8342822698526183,30156.04380619324,31459.85,Actual
P12245,Skincare Product 2246,Beauty,Skincare,4802.08,5693.99,Brand B,0.843359401755184,4543.162449464378,4802.08,Actual
P12246,Accessories Product 2247,Fashion,Accessories,6283.62,7875.66,Private Label,0.7978531323089113,6319.15529823068,6283.62,Actual
P12247,Makeup Product 2248,Beauty,Makeup,5799.05,7707.65,Brand A,0.7523758862947851,6149.836240248774,5799.05,Actual
P12248,Men Product 2249,Fashion,Men,807.65,1014.68,Brand C,0.7959652304174716,814.1438937192192,807.65,Actual
P12249,Footwear Product 2250,Fashion,Footwear,911.01,1136.34,Brand D,0.8017054754738899,911.7596406639508,911.01,Actual
P12250,Makeup Product 2251,Beauty,Makeup,5803.9,7007.28,Brand C,0.8282671735680607,5591.019894464646,5803.9,Actual
P12251,Skincare Product 2252,Beauty,Skincare,3671.58,4564.01,Brand B,0.8044636186160854,3641.5657300030243,3671.58,Actual
P12252,Storage Product 2253,Home & Kitchen,Storage,14438.57,18455.44,Private Label,0.782347643838348,14724.680616970587,14438.57,Actual
P12253,Mobiles Product 2254,Electronics,Mobiles,1004.51,1218.4,Brand D,0.8244500984898226,974.362637486604,1004.51,Actual
P12254,Personal Care Product 2255,Beauty,Personal Care,1158.45,1351.49,Private Label,0.8571650548653709,1078.3367408138429,1158.45,Actual
P12255,Accessories Product 2256,Electronics,Accessories,37004.73,42281.15,Private Label,0.875206327169436,33812.518737661456,37004.73,Actual
P12256,Accessories Product 2257,Fashion,Accessories,735.31,917.34,Brand A,0.8015675758170361,736.0416677813583,735.31,Actual
P12257,Accessories Product 2258,Electronics,Accessories,8744.63,11463.13,Brand D,0.7628483668945567,9167.141809464718,8744.63,Actual
P12258,Footwear Product 2259,Fashion,Footwear,2875.16,3225.28,Private Label,0.8914450838376822,2587.8523451085307,2875.16,Actual
P12259,Non-Fiction Product 2260,Books,Non-Fiction,1492.67,1821.09,Brand A,0.8196574578960952,1451.688965267728,1492.67,Actual
P12260,Snacks Product 2261,Grocery,Snacks,2378.93,2730.48,Brand D,0.8712497436348188,2213.380580247417,2378.93,Actual
P12261,Home Decor Product 2262,Home & Kitchen,Home Decor,6659.03,7467.1,Brand B,0.8917826197586747,5957.628896140167,6659.03,Actual
P12262,Fitness Product 2263,Sports,Fitness,226.22,275.95,Private Label,0.8197861931509332,220.5858400192329,226.22,Actual
P12263,Packaged Foods Product 2264,Grocery,Packaged Foods,759.47,915.11,Brand D,0.8299220858694584,741.8060937235263,759.47,Actual
P12264,Equipment Product 2265,Sports,Equipment,2333.67,2969.13,Private Label,0.7859777106425114,2373.430096670792,2333.67,Actual
P12265,Personal Care Product 2266,Beauty,Personal Care,4535.48,5205.77,Brand B,0.8712409499459253,4153.617899671089,4535.48,Actual
P12266,Haircare Product 2267,Beauty,Haircare,217.95,277.78,Brand A,0.7846137230902153,221.6371411281395,217.95,Actual
P12267,Haircare Product 2268,Beauty,Haircare,337.01,399.6,Brand B,0.8433683683683683,318.83577505509595,337.01,Actual
P12268,Footwear Product 2269,Fashion,Footwear,373.2,497.9,Brand D,0.7495481020285198,399.49761962667964,373.2,Actual
P12269,Fiction Product 2270,Books,Fiction,261.96,332.46,Private Label,0.787944414365638,265.02178002894357,261.96,Actual
P12270,Personal Care Product 2271,Beauty,Personal Care,115.26,158.87,Brand B,0.7254988355259017,126.76035931682456,115.26,Actual
P12271,Women Product 2272,Fashion,Women,288.41,333.76,Brand A,0.8641239213806329,267.797400133763,288.41,Actual
P12272,Home Decor Product 2273,Home & Kitchen,Home Decor,835.2,1069.98,Brand C,0.7805753378567823,853.68399596792,835.2,Actual
P12273,Accessories Product 2274,Electronics,Accessories,2214.38,2630.65,Brand D,0.841761541824264,2103.748417846466,2214.38,Actual
P12274,Outdoor Product 2275,Sports,Outdoor,,236.54,Brand A,,189.08271280358525,189.08271280358525,Estimated
P12275,Storage Product 2276,Home & Kitchen,Storage,6086.32,7552.47,Brand A,0.8058714566228001,6025.741386780909,6086.32,Actual
P12276,Haircare Product 2277,Beauty,Haircare,1283.4,1619.42,Brand A,0.7925059589235652,1292.1146917910999,1283.4,Actual
P12277,Beverages Product 2278,Grocery,Beverages,758.58,1010.56,Brand D,0.7506531032298924,819.179733663982,758.58,Actual
P12278,Sportswear Product 2279,Sports,Sportswear,257.39,293.1,Brand C,0.8781644489935174,234.29501616103343,257.39,Actual
P12279,Fiction Product 2280,Books,Fiction,2410.38,2871.0,Brand D,0.8395611285266458,2288.6287988422578,2410.38,Actual
P12280,Outdoor Product 2281,Sports,Outdoor,1624.51,2111.03,Brand B,0.7695343031600687,1687.4916682580226,1624.51,Actual
P12281,Games Product 2282,Toys,Games,749.79,855.21,Brand A,0.8767320307292945,682.9242492830808,749.79,Actual
P12282,Snacks Product 2283,Grocery,Snacks,69.44,95.38,Private Label,0.7280352275110086,77.3168965691009,69.44,Actual
P12283,Home Decor Product 2284,Home & Kitchen,Home Decor,7113.78,9699.88,Brand A,0.7333884542901562,7739.053364370649,7113.78,Actual
P12284,Men Product 2285,Fashion,Men,435.89,600.14,Brand C,0.7263138600993102,481.531434912142,435.89,Actual
P12285,Sportswear Product 2286,Sports,Sportswear,2425.06,3333.06,Brand D,0.7275776613682322,2664.344409981897,2425.06,Actual
P12286,Academic Product 2287,Books,Academic,411.12,527.14,Brand C,0.7799066661607922,420.2116980221901,411.12,Actual
P12287,Equipment Product 2288,Sports,Equipment,8502.5,10570.99,Brand D,0.8043239091135268,8450.120344210585,8502.5,Actual
P12288,Men Product 2289,Fashion,Men,4145.58,5206.18,Brand A,0.7962805742406139,4177.257516264364,4145.58,Actual
P12289,Audio Product 2290,Electronics,Audio,3933.04,4410.85,Brand A,0.8916739403969756,3527.3862767217556,3933.04,Actual
P12290,Audio Product 2291,Electronics,Audio,49453.05,55422.31,Brand C,0.8922949981695099,44321.592372948275,49453.05,Actual
P12291,Sportswear Product 2292,Sports,Sportswear,3212.27,3829.49,Brand B,0.8388244909896618,3061.175098732568,3212.27,Actual
P12292,Outdoor Product 2293,Sports,Outdoor,8755.84,11692.74,Brand B,0.7488270499472323,9346.812375526311,8755.84,Actual
P12293,Home Decor Product 2294,Home & Kitchen,Home Decor,185.15,247.91,Private Label,0.7468436126013474,197.79509845081876,185.15,Actual
P12294,Haircare Product 2295,Beauty,Haircare,2246.55,2575.16,Brand B,0.8723923950356484,2054.687523750953,2246.55,Actual
P12295,Snacks Product 2296,Grocery,Snacks,1488.19,1886.56,Private Label,0.7888378848274108,1529.2824951918956,1488.19,Actual
P12296,Packaged Foods Product 2297,Grocery,Packaged Foods,341.67,397.41,Brand B,0.8597418283384917,322.1483315739819,341.67,Actual
P12297,Children Product 2298,Books,Children,100.42,119.92,Brand D,0.8373915943962642,95.59469368065606,100.42,Actual
P12298,Storage Product 2299,Home & Kitchen,Storage,5813.5,7849.85,Brand A,0.740587399759231,6263.006145674477,5813.5,Actual
P12299,Kitchen Appliances Product 2300,Home & Kitchen,Kitchen Appliances,479.69,545.94,Brand D,0.8786496684617356,435.5784601195595,479.69,Actual
P12300,Beverages Product 2301,Grocery,Beverages,1502.02,1725.46,Brand A,0.8705040974580691,1398.6916791163856,1502.02,Actual
P12301,Sportswear Product 2302,Sports,Sportswear,536.5,656.19,Private Label,0.8175985613922796,524.5378596202952,536.5,Actual
P12302,Home Decor Product 2303,Home & Kitchen,Home Decor,333.21,442.55,Brand D,0.7529318721048468,353.08870485018696,333.21,Actual
P12303,Equipment Product 2304,Sports,Equipment,890.7,1170.96,Brand A,0.7606579217052675,936.0289734695451,890.7,Actual
P12304,Equipment Product 2305,Sports,Equipment,3814.98,4987.71,Brand B,0.7648760653686763,3987.0201127824903,3814.98,Actual
P12305,Storage Product 2306,Home & Kitchen,Storage,16290.16,19270.55,Private Label,0.8453396503991842,15375.016475541226,16290.16,Actual
P12306,Staples Product 2307,Grocery,Staples,1265.37,1727.02,Brand B,0.7326898356706928,1399.9562456780106,1265.37,Actual
P12307,Children Product 2308,Books,Children,101.84,120.53,Brand D,0.8449348709864765,96.08095754944526,101.84,Actual
P12308,Academic Product 2309,Books,Academic,2274.09,2928.84,Brand C,0.7764473306838202,2334.7361794500725,2274.09,Actual
P12309,Makeup Product 2310,Beauty,Makeup,913.73,1133.63,Brand B,0.8060213649956335,904.5090081974686,913.73,Actual
P12310,Audio Product 2311,Electronics,Audio,7479.03,8808.46,Brand B,0.8490735043356047,7044.184436798465,7479.03,Actual
P12311,Makeup Product 2312,Beauty,Makeup,2560.27,3047.41,Brand B,0.8401462225299517,2431.4898129645894,2560.27,Actual
P12312,Accessories Product 2313,Fashion,Accessories,4599.49,6027.58,Brand C,0.7630740695270739,4836.320269350033,4599.49,Actual
P12313,Accessories Product 2314,Fashion,Accessories,699.45,804.52,Brand D,0.86940038780888,645.5188289657689,699.45,Actual
P12314,Home Decor Product 2315,Home & Kitchen,Home Decor,557.57,680.16,Brand A,0.8197629969418961,542.6659439405787,557.57,Actual
P12315,Fitness Product 2316,Sports,Fitness,9762.01,10955.96,Brand A,0.8910227857713976,8757.853378572621,9762.01,Actual
P12316,Men Product 2317,Fashion,Men,252.13,336.96,Brand D,0.7482490503323836,270.3649686872986,252.13,Actual
P12317,Outdoor Toys Product 2318,Toys,Outdoor Toys,661.25,745.09,Brand C,0.8874766806694493,594.9883992216306,661.25,Actual
P12318,Men Product 2319,Fashion,Men,1433.52,1678.27,Brand D,0.854165301173232,1346.5853988569345,1433.52,Actual
P12319,Accessories Product 2320,Fashion,Accessories,377.42,486.35,Brand B,0.7760254960419452,390.2303018787621,377.42,Actual
P12320,Equipment Product 2321,Sports,Equipment,347.85,460.78,Brand D,0.7549155779330701,368.3331884908938,347.85,Actual
P12321,Snacks Product 2322,Grocery,Snacks,2089.9,2861.16,Private Label,0.7304380041661425,2319.312348371239,2089.9,Actual
P12322,Audio Product 2323,Electronics,Audio,52876.95,61278.33,Private Label,0.8628980261048236,49004.69077443736,52876.95,Actual
P12323,Fiction Product 2324,Books,Fiction,388.05,523.74,Brand C,0.74092106770535,417.50137481910275,388.05,Actual
P12324,Laptops Product 2325,Electronics,Laptops,3166.75,3922.47,Brand A,0.8073356838930572,3136.8255208979635,3166.75,Actual
P12325,Cookware Product 2326,Home & Kitchen,Cookware,1132.53,1472.79,Brand D,0.768969099464282,1175.0661249944792,1132.53,Actual
P12326,Cookware Product 2327,Home & Kitchen,Cookware,,327.74,Private Label,,261.48749774624395,261.48749774624395,Estimated
P12327,Personal Care Product 2328,Beauty,Personal Care,818.22,990.56,Private Label,0.8260176062025522,790.3552686150546,818.22,Actual
P12328,Mobiles Product 2329,Electronics,Mobiles,1918.08,2336.22,Brand A,0.8210185684567378,1868.2907755654576,1918.08,Actual
P12329,Accessories Product 2330,Fashion,Accessories,1051.38,1254.35,Brand B,0.8381871088611633,1006.4467547273058,1051.38,Actual
P12330,Non-Fiction Product 2331,Books,Non-Fiction,2135.92,2731.44,Brand D,0.7819758076326041,2177.378002894356,2135.92,Actual
P12331,Makeup Product 2332,Beauty,Makeup,1922.75,2633.05,Private Label,0.7302367976301247,2100.877220993044,1922.75,Actual
P12332,Beverages Product 2333,Grocery,Beverages,712.07,964.7,Brand A,0.7381258422307453,782.0047192305688,712.07,Actual
P12333,Snacks Product 2334,Grocery,Snacks,75.85,101.45,Brand D,0.7476589452932478,82.23735748516762,75.85,Actual
P12334,Footwear Product 2335,Fashion,Footwear,1902.58,2473.85,Private Label,0.7690765406148311,1984.931083176263,1902.58,Actual
P12335,Beverages Product 2336,Grocery,Beverages,1173.81,1445.42,Brand A,0.8120892197423586,1171.685768912873,1173.81,Actual
P12336,Women Product 2337,Fashion,Women,701.05,820.95,Private Label,0.8539496924295022,658.7016887578283,701.05,Actual
P12337,Footwear Product 2338,Fashion,Footwear,2231.06,2749.01,Brand A,0.8115867166725474,2205.7098841734055,2231.06,Actual
P12338,Accessories Product 2339,Fashion,Accessories,234.63,320.95,Brand C,0.7310484499143168,257.5191022678908,234.63,Actual
P12339,Staples Product 2340,Grocery,Staples,1441.62,1762.32,Brand D,0.8180239684052839,1428.5711172327312,1441.62,Actual
P12340,Accessories Product 2341,Electronics,Accessories,5353.21,6412.72,Brand D,0.8347799373744682,5128.295118732021,5353.21,Actual
P12341,Personal Care Product 2342,Beauty,Personal Care,119.65,160.8,Brand A,0.744092039800995,128.30028185400258,119.65,Actual
P12342,Haircare Product 2343,Beauty,Haircare,2243.53,2840.43,Private Label,0.7898557612755817,2266.343094443809,2243.53,Actual
P12343,Children Product 2344,Books,Children,486.03,664.5,Brand D,0.7314221218961625,529.7087554269175,486.03,Actual
P12344,Educational Product 2345,Toys,Educational,4439.67,5399.16,Brand B,0.8222890227368702,4311.475882834904,4439.67,Actual
P12345,Women Product 2346,Fashion,Women,1119.92,1402.48,Brand D,0.7985283212594833,1125.3011078008149,1119.92,Actual
P12346,Haircare Product 2347,Beauty,Haircare,287.82,337.54,Brand B,0.8526989393849617,269.31888766791064,287.82,Actual
P12347,Laptops Product 2348,Electronics,Laptops,2204.65,2794.54,Brand A,0.7889133810931317,2234.8123481301823,2204.65,Actual
P12348,Action Figures Product 2349,Toys,Action Figures,2281.54,2626.23,Brand A,0.8687510233300206,2097.164615936092,2281.54,Actual
P12349,Equipment Product 2350,Sports,Equipment,447.04,598.72,Brand A,0.7466595403527525,478.5981305900168,447.04,Actual
P12350,Accessories Product 2351,Fashion,Accessories,4012.53,5383.01,Brand D,0.7454063804451413,4319.139749802396,4012.53,Actual
P12351,Accessories Product 2352,Electronics,Accessories,43442.77,53831.29,Private Label,0.8070170712981242,43049.24302667945,43442.77,Actual
P12352,Laptops Product 2353,Electronics,Laptops,1002.06,1261.45,Private Label,0.7943715565420745,1008.7900107169045,1002.06,Actual
P12353,Accessories Product 2354,Electronics,Accessories,752.36,885.41,Private Label,0.8497306332659447,708.068305036945,752.36,Actual
P12354,Cookware Product 2355,Home & Kitchen,Cookware,5819.14,6862.19,Brand A,0.84800041969109,5475.001196556104,5819.14,Actual
P12355,Fiction Product 2356,Books,Fiction,166.24,190.59,Brand C,0.8722388372947164,151.92955861070914,166.24,Actual
P12356,Mobiles Product 2357,Electronics,Mobiles,30906.74,37538.85,Private Label,0.8233267668029256,30020.06967680072,30906.74,Actual
P12357,Accessories Product 2358,Fashion,Accessories,4985.62,5785.52,Brand C,0.8617410362422045,4642.099755578525,4985.62,Actual
P12358,Mobiles Product 2359,Electronics,Mobiles,1108.2,1479.46,Brand B,0.7490570883971179,1183.1340673472841,1108.2,Actual
P12359,Home Decor Product 2360,Home & Kitchen,Home Decor,6968.84,8155.29,Brand D,0.8545177424714511,6506.701578980185,6968.84,Actual
P12360,Makeup Product 2361,Beauty,Makeup,2728.94,3474.58,Brand B,0.7854014010326428,2772.323341568907,2728.94,Actual
P12361,Packaged Foods Product 2362,Grocery,Packaged Foods,233.32,311.05,Brand A,0.7501044848095161,252.14322371376429,233.32,Actual
P12362,Cookware Product 2363,Home & Kitchen,Cookware,201.54,232.89,Brand C,0.865387092618833,185.81138509221563,201.54,Actual
P12363,Cookware Product 2364,Home & Kitchen,Cookware,225.18,284.64,Private Label,0.7911045531197303,227.10014450018573,225.18,Actual
P12364,Outdoor Product 2365,Sports,Outdoor,8934.23,11748.66,Brand D,0.7604467232858896,9391.513082806165,8934.23,Actual
P12365,Packaged Foods Product 2366,Grocery,Packaged Foods,2755.01,3170.46,Private Label,0.8689622326097791,2570.036987801129,2755.01,Actual
P12366,Storage Product 2367,Home & Kitchen,Storage,468.25,640.11,Brand B,0.731514895877271,510.712034485715,468.25,Actual
P12367,Laptops Product 2368,Electronics,Laptops,799.67,1091.16,Brand D,0.7328622750100809,872.6079575836201,799.67,Actual
P12368,Personal Care Product 2369,Beauty,Personal Care,1258.6,1563.39,Brand A,0.8050454461138934,1247.4090649734396,1258.6,Actual
P12369,Equipment Product 2370,Sports,Equipment,451.62,572.9,Brand A,0.7883051143305988,457.95842633454805,451.62,Actual
P12370,Staples Product 2371,Grocery,Staples,1096.82,1491.15,Brand D,0.7355530966032927,1208.7554027994845,1096.82,Actual
P12371,Footwear Product 2372,Fashion,Footwear,1349.5,1596.38,Brand D,0.8453501046116839,1280.8797148416124,1349.5,Actual
P12372,Kitchen Appliances Product 2373,Home & Kitchen,Kitchen Appliances,574.56,787.75,Brand B,0.7293684544589019,628.5066709879895,574.56,Actual
P12373,Makeup Product 2374,Beauty,Makeup,276.05,349.47,Brand A,0.7899104358027871,278.83768345471566,276.05,Actual
P12374,Games Product 2375,Toys,Games,3151.01,3756.63,Brand C,0.838786359050532,2999.8406503482183,3151.01,Actual
P12375,Equipment Product 2376,Sports,Equipment,1876.08,2159.64,Brand B,0.8687003389453798,1726.3489890890964,1876.08,Actual
P12376,Beverages Product 2377,Grocery,Beverages,63.97,72.17,Private Label,0.8863793820146875,58.50241586697434,63.97,Actual
P12377,Personal Care Product 2378,Beauty,Personal Care,268.77,313.67,Brand D,0.856855931392865,250.27331722105092,268.77,Actual
P12378,Skincare Product 2379,Beauty,Skincare,490.14,595.33,Brand B,0.8233080812322576,475.0062611700457,490.14,Actual
P12379,Kitchen Appliances Product 2380,Home & Kitchen,Kitchen Appliances,293.84,348.25,Private Label,0.8437616654702081,277.85140992899693,293.84,Actual
P12380,Sportswear Product 2381,Sports,Sportswear,1963.1,2455.82,Brand D,0.7993664030751438,1963.1060613735553,1963.1,Actual
P12381,Audio Product 2382,Electronics,Audio,3224.3,3993.29,Private Label,0.8074294629240552,3193.4607490552203,3224.3,Actual
P12382,Storage Product 2383,Home & Kitchen,Storage,7122.63,9282.36,Brand D,0.7673296446162398,7405.934855616724,7122.63,Actual
P12383,Sportswear Product 2384,Sports,Sportswear,2477.47,3027.91,Private Label,0.8182112414173472,2420.4169989223974,2477.47,Actual
P12384,Staples Product 2385,Grocery,Staples,2068.36,2583.28,Brand D,0.8006720138738348,2094.0573764838227,2068.36,Actual
P12385,Outdoor Toys Product 2386,Toys,Outdoor Toys,193.0,242.15,Brand C,0.7970266363824076,193.36783592789843,193.0,Actual
P12386,Women Product 2387,Fashion,Women,1848.1,2096.48,Brand A,0.881525223231321,1682.1425378488477,1848.1,Actual
P12387,Academic Product 2388,Books,Academic,186.87,222.21,Private Label,0.8409612528689078,177.13556439942116,186.87,Actual
P12388,Academic Product 2389,Books,Academic,368.11,491.13,Brand D,0.7495164213141123,391.5061866859624,368.11,Actual
P12389,Laptops Product 2390,Electronics,Laptops,6311.8,8132.8,Brand D,0.7760918748770411,6503.854611089176,6311.8,Actual
P12390,Mobiles Product 2391,Electronics,Mobiles,2443.24,2845.61,Brand D,0.8585997378417983,2275.6533690563483,2443.24,Actual
P12391,Audio Product 2392,Electronics,Audio,3537.79,4119.91,Brand D,0.8587056513370438,3294.7196108071516,3537.79,Actual
P12392,Snacks Product 2393,Grocery,Snacks,225.52,299.4,Brand D,0.7532398129592519,242.69950548111564,225.52,Actual
P12393,Packaged Foods Product 2394,Grocery,Packaged Foods,314.35,395.31,Private Label,0.7951987048139435,320.4460304333328,314.35,Actual
P12394,Audio Product 2395,Electronics,Audio,2126.7,2572.73,Brand C,0.8266316325459725,2057.4294060578713,2126.7,Actual
P12395,Non-Fiction Product 2396,Books,Non-Fiction,121.11,152.9,Brand C,0.7920863309352517,121.884828750603,121.11,Actual
P12396,Staples Product 2397,Grocery,Staples,193.37,248.0,Brand C,0.7797177419354839,201.03365851475178,193.37,Actual
P12397,Skincare Product 2398,Beauty,Skincare,5427.0,7405.27,Brand C,0.7328564657331873,5908.571070926552,5427.0,Actual
P12398,Personal Care Product 2399,Beauty,Personal Care,457.81,608.63,Brand B,0.7521975584509473,485.61816259204966,457.81,Actual
P12399,Outdoor Toys Product 2400,Toys,Outdoor Toys,1734.6,2093.5,Brand B,0.8285646047289228,1671.7553768947155,1734.6,Actual
P12400,Outdoor Product 2401,Sports,Outdoor,664.8,887.1,Private Label,0.74940818397024,709.120125678788,664.8,Actual
P12401,Men Product 2402,Fashion,Men,247.35,333.99,Brand C,0.7405910356597503,267.9819441235484,247.35,Actual
P12402,Children Product 2403,Books,Children,542.17,684.01,Private Label,0.7926346106051081,545.2612276893392,542.17,Actual
P12403,Fitness Product 2404,Sports,Fitness,4146.96,5710.5,Brand B,0.7261991069083268,4564.795939227503,4146.96,Actual
P12404,Children Product 2405,Books,Children,459.39,576.77,Brand B,0.7964873346394576,459.77444524843224,459.39,Actual
P12405,Accessories Product 2406,Electronics,Accessories,6633.48,8591.82,Private Label,0.7720692472607666,6870.935978340572,6633.48,Actual
P12406,Snacks Product 2407,Grocery,Snacks,292.18,363.72,Private Label,0.8033102386451115,294.8385575604255,292.18,Actual
P12407,Personal Care Product 2408,Beauty,Personal Care,2597.33,2935.4,Brand C,0.8848300061320433,2342.118453695517,2597.33,Actual
P12408,Laptops Product 2409,Electronics,Laptops,3278.62,4166.12,Brand C,0.7869720507330562,3331.674057194427,3278.62,Actual
P12409,Outdoor Product 2410,Sports,Outdoor,6431.34,7428.03,Private Label,0.865820412680078,5937.735956651794,6431.34,Actual
P12410,Staples Product 2411,Grocery,Staples,2210.38,2777.77,Brand A,0.7957390280692787,2251.7147806956536,2210.38,Actual
P12411,Makeup Product 2412,Beauty,Makeup,986.83,1232.6,Brand B,0.8006084699010223,983.4759167490271,986.83,Actual
P12412,Footwear Product 2413,Fashion,Footwear,955.85,1150.35,Brand C,0.830921024036163,923.0007767373988,955.85,Actual
P12413,Equipment Product 2414,Sports,Equipment,8680.14,11883.96,Brand D,0.7304080458029142,9499.667691085207,8680.14,Actual
P12414,Haircare Product 2415,Beauty,Haircare,2143.44,2746.44,Brand C,0.7804430462708087,2191.3496647705647,2143.44,Actual
P12415,Storage Product 2416,Home & Kitchen,Storage,732.03,821.88,Brand D,0.8906774711636735,655.7373059366662,732.03,Actual
P12416,Accessories Product 2417,Electronics,Accessories,8430.17,9441.94,Brand D,0.8928429962486523,7550.782634102318,8430.17,Actual
P12417,Personal Care Product 2418,Beauty,Personal Care,1601.9,2143.94,Brand D,0.7471757605156861,1710.6225514805365,1601.9,Actual
P12418,Games Product 2419,Toys,Games,1307.29,1477.59,Brand D,0.88474475328068,1179.9231083572308,1307.29,Actual
P12419,Children Product 2420,Books,Children,1068.61,1450.85,Brand D,0.736540648585312,1156.5507115291848,1068.61,Actual
P12420,Storage Product 2421,Home & Kitchen,Storage,599.92,766.78,Brand A,0.7823886903675109,611.7757476104989,599.92,Actual
P12421,Haircare Product 2422,Beauty,Haircare,1483.22,1950.92,Brand A,0.7602669509769749,1556.6143400162357,1483.22,Actual
P12422,Women Product 2423,Fashion,Women,1354.91,1800.01,Brand B,0.7527235959800224,1444.2653350155044,1354.91,Actual
P12423,Children Product 2424,Books,Children,1908.47,2199.6,Brand D,0.8676441171122022,1753.4196816208394,1908.47,Actual
P12424,Women Product 2425,Fashion,Women,315.11,430.99,Brand D,0.731130652683357,345.8113659025962,315.11,Actual
P12425,Children Product 2426,Books,Children,166.6,199.31,Brand B,0.8358837991069188,158.88074047274483,166.6,Actual
P12426,Haircare Product 2427,Beauty,Haircare,881.18,1199.89,Brand B,0.7343839851986431,957.3770223494972,881.18,Actual
P12427,Men Product 2428,Fashion,Men,860.56,1046.8,Brand D,0.8220863584256782,839.9158630753328,860.56,Actual
P12428,Equipment Product 2429,Sports,Equipment,5241.09,6296.14,Private Label,0.832429075592347,5032.938324981675,5241.09,Actual
P12429,Kitchen Appliances Product 2430,Home & Kitchen,Kitchen Appliances,6001.68,7962.77,Private Label,0.7537176133430954,6353.099415478303,6001.68,Actual
P12430,Sportswear Product 2431,Sports,Sportswear,5295.14,6208.49,Brand D,0.8528869338599242,4962.873643417312,5295.14,Actual
P12431,Action Figures Product 2432,Toys,Action Figures,549.48,618.78,Brand C,0.8880054300397557,494.12409463334706,549.48,Actual
P12432,Outdoor Toys Product 2433,Toys,Outdoor Toys,2244.04,3078.23,Private Label,0.7290033558246135,2458.1072623924624,2244.04,Actual
P12433,Fiction Product 2434,Books,Fiction,1511.14,2037.26,Private Label,0.7417511755985982,1624.009720212253,1511.14,Actual
P12434,Mobiles Product 2435,Electronics,Mobiles,53699.69,65933.25,Brand D,0.8144553772186265,52727.26146426758,53699.69,Actual
P12435,Men Product 2436,Fashion,Men,743.56,906.58,Brand A,0.8201813408634648,727.4082185200949,743.56,Actual
P12436,Skincare Product 2437,Beauty,Skincare,1330.48,1537.09,Private Label,0.8655836678398793,1226.4246283269204,1330.48,Actual
P12437,Footwear Product 2438,Fashion,Footwear,1399.57,1734.64,Brand C,0.8068360005534289,1391.81472365781,1399.57,Actual
P12438,Mobiles Product 2439,Electronics,Mobiles,49922.37,60166.44,Brand C,0.8297378073224875,48115.50489706131,49922.37,Actual
P12439,Children Product 2440,Books,Children,619.11,735.47,Brand A,0.841788244251975,586.2827665219489,619.11,Actual
P12440,Personal Care Product 2441,Beauty,Personal Care,3024.9,4073.35,Brand A,0.7426074361397867,3250.074335136824,3024.9,Actual
P12441,Non-Fiction Product 2442,Books,Non-Fiction,176.83,212.71,Brand B,0.831319637064548,169.5626025084419,176.83,Actual
P12442,Accessories Product 2443,Fashion,Accessories,1560.01,1941.84,Brand A,0.8033669097350966,1558.0647874992399,1560.01,Actual
P12443,Laptops Product 2444,Electronics,Laptops,24333.03,29435.12,Brand D,0.8266665806016759,23539.46253934232,24333.03,Actual
P12444,Storage Product 2445,Home & Kitchen,Storage,308.02,386.31,Brand D,0.7973389246977816,308.21759704140936,308.02,Actual
P12445,Outdoor Product 2446,Sports,Outdoor,1418.01,1636.26,Brand C,0.8666165523816508,1307.9753092584529,1418.01,Actual
P12446,Haircare Product 2447,Beauty,Haircare,5867.34,7319.09,Private Label,0.8016488388583827,5839.809141261267,5867.34,Actual
P12447,Fitness Product 2448,Sports,Fitness,1153.44,1522.63,Brand D,0.7575313766312236,1217.1430244192231,1153.44,Actual
P12448,Packaged Foods Product 2449,Grocery,Packaged Foods,195.81,222.32,Brand A,0.8807574667146456,180.21694742338553,195.81,Actual
P12449,Mobiles Product 2450,Electronics,Mobiles,13569.42,16256.8,Brand C,0.8346919442940801,13000.671803260195,13569.42,Actual
P12450,Fitness Product 2451,Sports,Fitness,1261.32,1466.12,Brand D,0.860311570676343,1171.970689505337,1261.32,Actual
P12451,Fiction Product 2452,Books,Fiction,145.78,165.74,Brand D,0.8795704114878725,132.12028461167392,145.78,Actual
P12452,Accessories Product 2453,Fashion,Accessories,452.86,586.08,Brand C,0.7726931476931477,470.250180580045,452.86,Actual
P12453,Skincare Product 2454,Beauty,Skincare,116.34,141.55,Private Label,0.8219003885552808,112.94095084847055,116.34,Actual
P12454,Personal Care Product 2455,Beauty,Personal Care,399.97,502.9,Brand D,0.7953271028037384,401.2575357237431,399.97,Actual
P12455,Staples Product 2456,Grocery,Staples,408.81,471.43,Brand D,0.867170099484547,382.150393683909,408.81,Actual
P12456,Fitness Product 2457,Sports,Fitness,1013.31,1148.85,Brand D,0.882021151586369,918.3549277263842,1013.31,Actual
P12457,Academic Product 2458,Books,Academic,2378.62,3166.66,Brand D,0.7511447392520826,2524.3153159671974,2378.62,Actual
P12458,Games Product 2459,Toys,Games,179.35,243.29,Private Label,0.7371860742323976,194.27817800081937,179.35,Actual
P12459,Equipment Product 2460,Sports,Equipment,1684.35,1922.74,Brand C,0.8760154779117301,1536.978503491864,1684.35,Actual
P12460,Storage Product 2461,Home & Kitchen,Storage,186.87,247.96,Brand A,0.753629617680271,197.8349909719859,186.87,Actual
P12461,Beverages Product 2462,Grocery,Beverages,348.59,414.66,Brand B,0.8406646409106254,336.1315195150281,348.59,Actual
P12462,Footwear Product 2463,Fashion,Footwear,8045.75,10453.62,Brand A,0.7696616100451327,8387.62061956588,8045.75,Actual
P12463,Staples Product 2464,Grocery,Staples,54.33,66.58,Brand A,0.8160108140582758,53.97105235448457,54.33,Actual
P12464,Audio Product 2465,Electronics,Audio,2145.34,2492.25,Brand B,0.8608044939311867,1993.0690112245472,2145.34,Actual
P12465,Audio Product 2466,Electronics,Audio,10688.24,12974.29,Brand A,0.8238015336484693,10375.626579051272,10688.24,Actual
P12466,Audio Product 2467,Electronics,Audio,28107.36,34600.08,Brand C,0.8123495668218108,27669.91563201534,28107.36,Actual
P12467,Staples Product 2468,Grocery,Staples,,2007.7,Private Label,,1627.4809524196257,1627.4809524196257,Estimated
P12468,Storage Product 2469,Home & Kitchen,Storage,1014.87,1388.21,Brand D,0.7310637439580466,1107.5839361881776,1014.87,Actual
P12469,Makeup Product 2470,Beauty,Makeup,4569.48,5709.43,Brand A,0.800339088140147,4555.481829761803,4569.48,Actual
P12470,Personal Care Product 2471,Beauty,Personal Care,2911.62,3481.52,Brand A,0.8363071302189847,2777.860679604148,2911.62,Actual
P12471,Accessories Product 2472,Electronics,Accessories,11900.3,14891.93,Brand C,0.7991106592631042,11909.176126121045,11900.3,Actual
P12472,Non-Fiction Product 2473,Books,Non-Fiction,405.21,530.15,Brand B,0.764330849759502,422.6111312108056,405.21,Actual
P12473,Personal Care Product 2474,Beauty,Personal Care,113.18,148.14,Private Label,0.7640070203861213,118.19902831997474,113.18,Actual
P12474,Men Product 2475,Fashion,Men,2307.73,2755.73,Brand D,0.8374296465909215,2211.10177813583,2307.73,Actual
P12475,Skincare Product 2476,Beauty,Skincare,510.77,574.45,Brand D,0.8891461397858821,458.3463738248245,510.77,Actual
P12476,Children Product 2477,Books,Children,211.16,266.46,Private Label,0.792464159723786,212.40962373371923,211.16,Actual
P12477,Games Product 2478,Toys,Games,195.79,257.08,Private Label,0.7615917224210362,205.29012290045065,195.79,Actual
P12478,Mobiles Product 2479,Electronics,Mobiles,,57390.81,Brand D,,45895.81500253821,45895.81500253821,Estimated
P12479,Snacks Product 2480,Grocery,Snacks,2581.73,3149.45,Private Label,0.8197399545952468,2553.0058701987296,2581.73,Actual
P12480,Snacks Product 2481,Grocery,Snacks,129.84,160.17,Private Label,0.8106386963850909,129.8369398560798,129.84,Actual
P12481,Women Product 2482,Fashion,Women,274.67,342.5,Private Label,0.801956204379562,274.8100717456071,274.67,Actual
P12482,Non-Fiction Product 2483,Books,Non-Fiction,1112.87,1271.88,Private Label,0.8749803440576154,1013.8840810419683,1112.87,Actual
P12483,Storage Product 2484,Home & Kitchen,Storage,10738.83,14686.1,Brand B,0.7312240826359618,11717.31110224908,10738.83,Actual
P12484,Educational Product 2485,Toys,Educational,2574.44,3347.35,Brand C,0.7690979431490582,2673.011875256043,2574.44,Actual
P12485,Accessories Product 2486,Fashion,Accessories,6803.51,7968.77,Brand D,0.8537716611221055,6393.863519486837,6803.51,Actual
P12486,Personal Care Product 2487,Beauty,Personal Care,113.27,140.5,Brand B,0.8061921708185054,112.1031691572597,113.27,Actual
P12487,Sportswear Product 2488,Sports,Sportswear,1252.14,1725.98,Private Label,0.7254661120059329,1379.694684386286,1252.14,Actual
P12488,Children Product 2489,Books,Children,193.43,262.91,Private Label,0.7357270548857023,209.57972744814282,193.43,Actual
P12489,Home Decor Product 2490,Home & Kitchen,Home Decor,2645.51,3226.09,Brand B,0.8200360188339445,2573.93727224074,2645.51,Actual
P12490,Sportswear Product 2491,Sports,Sportswear,453.6,613.82,Brand C,0.7389788537356228,490.6686005457712,453.6,Actual
P12491,Footwear Product 2492,Fashion,Footwear,952.28,1302.14,Brand C,0.7313192129878507,1044.791786344014,952.28,Actual
P12492,Outdoor Product 2493,Sports,Outdoor,3072.19,4005.87,Private Label,0.7669220419035067,3202.167780242234,3072.19,Actual
P12493,Outdoor Product 2494,Sports,Outdoor,2686.79,3368.4,Brand B,0.7976457665360408,2692.5941058915896,2686.79,Actual
P12494,Outdoor Toys Product 2495,Toys,Outdoor Toys,666.52,776.13,Brand C,0.8587736590519629,619.775257066776,666.52,Actual
P12495,Action Figures Product 2496,Toys,Action Figures,153.11,190.81,Private Label,0.8024212567475499,152.37050081933637,153.11,Actual
P12496,Footwear Product 2497,Fashion,Footwear,3501.89,4339.44,Brand A,0.8069912246741515,3481.8155262357873,3501.89,Actual
P12497,Makeup Product 2498,Beauty,Makeup,103.22,118.39,Brand A,0.8718641777177126,94.46188040233436,103.22,Actual
P12498,Sportswear Product 2499,Sports,Sportswear,230.79,303.64,Private Label,0.7600777236200764,242.7203640639242,230.79,Actual
P12499,Haircare Product 2500,Beauty,Haircare,1695.21,2160.2,Brand D,0.7847467827053052,1723.5961993844298,1695.21,Actual
P12500,Fiction Product 2501,Books,Fiction,369.39,476.44,Brand C,0.7753127361262698,379.7959961408587,369.39,Actual
P12501,Outdoor Product 2502,Sports,Outdoor,460.16,632.23,Brand D,0.7278363886560271,505.3849814653366,460.16,Actual
P12502,Men Product 2503,Fashion,Men,402.28,481.03,Brand C,0.8362887969565308,385.96171915850914,402.28,Actual
P12503,Fitness Product 2504,Sports,Fitness,949.77,1219.22,Brand D,0.7789980479322846,974.6065151956847,949.77,Actual
P12504,Storage Product 2505,Home & Kitchen,Storage,402.97,538.35,Brand B,0.7485279093526517,429.52277540639056,402.97,Actual
P12505,Action Figures Product 2506,Toys,Action Figures,698.18,861.46,Brand C,0.8104613098692915,687.9151597705859,698.18,Actual
P12506,Action Figures Product 2507,Toys,Action Figures,391.48,448.33,Brand B,0.8731960832422546,358.01198381810735,391.48,Actual
P12507,Audio Product 2508,Electronics,Audio,52966.04,60549.72,Brand D,0.8747528477423182,48422.01647921484,52966.04,Actual
P12508,Sportswear Product 2509,Sports,Sportswear,267.44,311.49,Brand B,0.8585829400622813,248.995409703174,267.44,Actual
P12509,Outdoor Product 2510,Sports,Outdoor,954.87,1261.29,Brand C,0.7570582498870204,1008.235963608836,954.87,Actual
P12510,Children Product 2511,Books,Children,265.44,319.93,Brand B,0.8296814928265558,255.03344187168358,265.44,Actual
P12511,Children Product 2512,Books,Children,2025.4,2698.21,Brand A,0.7506457985108647,2150.8885793535937,2025.4,Actual
P12512,Cookware Product 2513,Home & Kitchen,Cookware,6142.06,7698.26,Brand B,0.7978504233424176,6142.06,6142.06,Actual
P12513,Audio Product 2514,Electronics,Audio,6206.42,8143.0,Brand A,0.7621785582709075,6512.011619380675,6206.42,Actual
P12514,Haircare Product 2515,Beauty,Haircare,2765.3,3420.92,Brand C,0.8083498006384248,2729.5087077114085,2765.3,Actual
P12515,Audio Product 2516,Electronics,Audio,39533.12,53527.47,Brand B,0.7385576041610037,42806.27613853009,39533.12,Actual
P12516,Sportswear Product 2517,Sports,Sportswear,2730.34,3285.3,Brand B,0.831077831552674,2626.166552691379,2730.34,Actual
P12517,Non-Fiction Product 2518,Books,Non-Fiction,206.45,258.53,Brand C,0.798553359378022,206.0881934394597,206.45,Actual
P12518,Kitchen Appliances Product 2519,Home & Kitchen,Kitchen Appliances,2916.22,3850.15,Private Label,0.7574302299910393,3071.843807431809,2916.22,Actual
P12519,Laptops Product 2520,Electronics,Laptops,16801.98,21326.9,Brand C,0.7878303926027692,17055.26471882227,16801.98,Actual
P12520,Personal Care Product 2521,Beauty,Personal Care,118.52,142.46,Brand C,0.8319528288642425,113.66702831418661,118.52,Actual
P12521,Non-Fiction Product 2522,Books,Non-Fiction,1212.88,1599.82,Private Label,0.7581352902201499,1275.302725518572,1212.88,Actual
P12522,Equipment Product 2523,Sports,Equipment,6266.76,7653.37,Private Label,0.8188236031970231,6117.865738097469,6266.76,Actual
P12523,Outdoor Product 2524,Sports,Outdoor,949.12,1296.43,Brand A,0.7321027745423971,1036.3257857442802,949.12,Actual
P12524,Makeup Product 2525,Beauty,Makeup,2927.57,3870.86,Brand C,0.7563099672940897,3088.510130705127,2927.57,Actual
P12525,Academic Product 2526,Books,Academic,111.83,136.9,Brand B,0.8168736303871439,109.13036661842742,111.83,Actual
P12526,Accessories Product 2527,Fashion,Accessories,2374.52,2703.47,Brand D,0.8783230440877835,2169.170174195902,2374.52,Actual
P12527,Women Product 2528,Fashion,Women,1067.55,1451.79,Brand D,0.7353336226313723,1164.8657344804524,1067.55,Actual
P12528,Cookware Product 2529,Home & Kitchen,Cookware,8018.59,9066.01,Brand A,0.8844673676733205,7233.319916526591,8018.59,Actual
P12529,Snacks Product 2530,Grocery,Snacks,145.3,190.6,Brand C,0.7623294858342079,154.50409400367616,145.3,Actual
P12530,Men Product 2531,Fashion,Men,1132.1,1356.6,Brand C,0.8345127524694088,1088.488593664498,1132.1,Actual
P12531,Footwear Product 2532,Fashion,Footwear,8643.9,10805.86,Private Label,0.7999270766047311,8670.24572809631,8643.9,Actual
P12532,Personal Care Product 2533,Beauty,Personal Care,3816.89,5010.33,Brand D,0.7618041127031553,3997.6788008803774,3816.89,Actual
P12533,Beverages Product 2534,Grocery,Beverages,161.31,204.71,Private Label,0.7879927702603683,165.9419364296566,161.31,Actual
P12534,Mobiles Product 2535,Electronics,Mobiles,1348.53,1805.22,Brand A,0.7470169840795028,1443.6465203903208,1348.53,Actual
P12535,Fiction Product 2536,Books,Fiction,178.03,228.03,Brand B,0.7807306056220673,181.775,178.03,Actual
P12536,Women Product 2537,Fashion,Women,4218.34,5529.72,Private Label,0.762848751835536,4436.854744330273,4218.34,Actual
P12537,Non-Fiction Product 2538,Books,Non-Fiction,1467.05,1814.81,Brand A,0.8083766344686221,1446.682838880849,1467.05,Actual
P12538,Beverages Product 2539,Grocery,Beverages,2726.96,3447.98,Brand D,0.7908862580409399,2795.0001366358624,2726.96,Actual
P12539,Non-Fiction Product 2540,Books,Non-Fiction,295.58,379.65,Brand C,0.7785591992624786,302.63947178002894,295.58,Actual
P12540,Women Product 2541,Fashion,Women,7549.18,9917.26,Brand C,0.7612163036967873,7957.264035386393,7549.18,Actual
P12541,Storage Product 2542,Home & Kitchen,Storage,14381.79,17293.55,Brand C,0.8316273986544117,13797.666188593266,14381.79,Actual
P12542,Academic Product 2543,Books,Academic,154.89,196.58,Brand B,0.7879234917082103,156.70451037144238,154.89,Actual
P12543,Mobiles Product 2544,Electronics,Mobiles,10269.81,11579.55,Private Label,0.8868919776675259,9260.24366292515,10269.81,Actual
P12544,Makeup Product 2545,Beauty,Makeup,1034.04,1360.02,Brand C,0.7603123483478184,1085.1427196957748,1034.04,Actual
P12545,Audio Product 2546,Electronics,Audio,1009.75,1236.26,Brand D,0.8167780240402505,988.6453990636809,1009.75,Actual
P12546,Action Figures Product 2547,Toys,Action Figures,1899.46,2534.25,Brand A,0.7495156357896814,2023.7143844735767,1899.46,Actual
P12547,Outdoor Product 2548,Sports,Outdoor,770.56,918.87,Brand C,0.8385952310990673,734.5160747181466,770.56,Actual
P12548,Children Product 2549,Books,Children,1077.35,1211.04,Brand B,0.8896072796934865,965.3852387843705,1077.35,Actual
P12549,Outdoor Product 2550,Sports,Outdoor,241.54,318.1,Brand C,0.7593209682489782,254.2792379420837,241.54,Actual
P12550,Skincare Product 2551,Beauty,Skincare,334.5,414.19,Brand B,0.8076003766387406,330.47695112630174,334.5,Actual
P12551,Storage Product 2552,Home & Kitchen,Storage,4993.05,6830.83,Brand D,0.7309580241346952,5449.980607280087,4993.05,Actual
P12552,Skincare Product 2553,Beauty,Skincare,125.64,151.8,Brand C,0.8276679841897233,121.11929592933825,125.64,Actual
P12553,Outdoor Toys Product 2554,Toys,Outdoor Toys,6723.61,8138.76,Brand D,0.8261221611154524,6499.1716222859495,6723.61,Actual
P12554,Games Product 2555,Toys,Games,4588.85,5962.94,Private Label,0.7695616591815447,4761.679965178206,4588.85,Actual
P12555,Mobiles Product 2556,Electronics,Mobiles,24940.89,27967.89,Private Label,0.8917687390789938,22366.10888487788,24940.89,Actual
P12556,Makeup Product 2557,Beauty,Makeup,1693.71,2089.25,Brand C,0.8106784731362929,1666.9860936783264,1693.71,Actual
P12557,Laptops Product 2558,Electronics,Laptops,6027.04,7574.52,Private Label,0.7956992654320009,6057.394357267754,6027.04,Actual
P12558,Mobiles Product 2559,Electronics,Mobiles,37208.9,47049.98,Brand A,0.7908377431828876,37626.18401714705,37208.9,Actual
P12559,Makeup Product 2560,Beauty,Makeup,1209.06,1358.93,Private Label,0.8897147020081976,1084.2730225115654,1209.06,Actual
P12560,Laptops Product 2561,Electronics,Laptops,30250.23,36279.63,Brand B,0.8338075663946959,29013.063012014212,30250.23,Actual
P12561,Sportswear Product 2562,Sports,Sportswear,4175.71,5695.56,Private Label,0.7331517884106216,4552.853368291148,4175.71,Actual
P12562,Accessories Product 2563,Electronics,Accessories,3241.09,3974.74,Brand A,0.8154218892304906,3178.626189858424,3241.09,Actual
P12563,Games Product 2564,Toys,Games,566.74,695.84,Brand B,0.8144688434122787,555.6600245800902,566.74,Actual
P12564,Makeup Product 2565,Beauty,Makeup,437.1,573.12,Brand B,0.7626675041876048,457.2851836826241,437.1,Actual
P12565,Laptops Product 2566,Electronics,Laptops,23599.85,28798.13,Brand B,0.8194924462109171,23030.057371538158,23599.85,Actual
P12566,Children Product 2567,Books,Children,1383.47,1752.33,Private Label,0.7895031187048103,1396.8766642547034,1383.47,Actual
P12567,Haircare Product 2568,Beauty,Haircare,1915.46,2475.0,Private Label,0.7739232323232323,1974.771129282689,1915.46,Actual
P12568,Storage Product 2569,Home & Kitchen,Storage,7969.76,10243.81,Brand D,0.7780074015429806,8173.02814513929,7969.76,Actual
P12569,Cookware Product 2570,Home & Kitchen,Cookware,2776.15,3431.24,Brand D,0.8090806822023526,2737.616286589437,2776.15,Actual
P12570,Kitchen Appliances Product 2571,Home & Kitchen,Kitchen Appliances,2414.74,2731.92,Private Label,0.883898503616504,2179.663528537618,2414.74,Actual
P12571,Footwear Product 2572,Fashion,Footwear,1869.54,2151.25,Private Label,0.8690482277745497,1726.0880783729556,1869.54,Actual
P12572,Haircare Product 2573,Beauty,Haircare,159.97,181.71,Private Label,0.8803588134940289,144.9841058189727,159.97,Actual
P12573,Haircare Product 2574,Beauty,Haircare,5945.83,7218.79,Brand C,0.8236601979002021,5759.781042567507,5945.83,Actual
P12574,Equipment Product 2575,Sports,Equipment,9037.28,11481.3,Brand C,0.7871303772220917,9177.7938213909,9037.28,Actual
P12575,Beverages Product 2576,Grocery,Beverages,123.77,166.68,Brand C,0.7425605951523877,135.11407339209205,123.77,Actual
P12576,Non-Fiction Product 2577,Books,Non-Fiction,682.36,821.92,Brand C,0.8302024527934593,655.1967197298601,682.36,Actual
P12577,Makeup Product 2578,Beauty,Makeup,2090.96,2791.35,Brand C,0.7490855679151666,2227.1827845346397,2090.96,Actual
P12578,Kitchen Appliances Product 2579,Home & Kitchen,Kitchen Appliances,7140.77,9781.62,Brand B,0.7300191583807181,7804.26965797466,7140.77,Actual
P12579,Accessories Product 2580,Fashion,Accessories,4213.01,5582.58,Brand D,0.754670779460393,4479.267767373989,4213.01,Actual
P12580,Outdoor Toys Product 2581,Toys,Outdoor Toys,6149.28,7565.74,Brand D,0.8127797148725703,6041.588977877919,6149.28,Actual
P12581,Kitchen Appliances Product 2582,Home & Kitchen,Kitchen Appliances,2942.05,3985.2,Brand B,0.7382440028103986,3179.5935071042027,2942.05,Actual
P12582,Mobiles Product 2583,Electronics,Mobiles,1122.29,1326.92,Brand C,0.845785729358213,1061.1468080546,1122.29,Actual
P12583,Beverages Product 2584,Grocery,Beverages,1860.84,2120.6,Brand C,0.8775063661227954,1718.9999042192846,1860.84,Actual
P12584,Kitchen Appliances Product 2585,Home & Kitchen,Kitchen Appliances,818.08,1029.91,Brand C,0.7943218339466556,821.7141295045894,818.08,Actual
P12585,Fiction Product 2586,Books,Fiction,2073.0,2376.0,Brand D,0.8724747474747475,1894.0376266280753,2073.0,Actual
P12586,Personal Care Product 2587,Beauty,Personal Care,625.54,815.1,Brand D,0.7674395779658937,650.3579585770989,625.54,Actual
P12587,Fiction Product 2588,Books,Fiction,186.81,240.39,Brand C,0.7771121926868839,191.62782199710566,186.81,Actual
P12588,Staples Product 2589,Grocery,Staples,132.76,177.79,Brand D,0.746723662748186,144.1200570457166,132.76,Actual
P12589,Outdoor Product 2590,Sports,Outdoor,400.34,457.84,Brand D,0.8744102743316442,365.98304400944227,400.34,Actual
P12590,Skincare Product 2591,Beauty,Skincare,1240.8,1541.69,Brand A,0.8048310620163586,1230.094910021749,1240.8,Actual
P12591,Skincare Product 2592,Beauty,Skincare,3224.41,4061.38,Brand A,0.7939198006588893,3240.523623857021,3224.41,Actual
P12592,Equipment Product 2593,Sports,Equipment,812.55,1061.98,Brand A,0.7651274035292566,848.9137538815908,812.55,Actual
P12593,Academic Product 2594,Books,Academic,403.85,472.51,Brand B,0.8546909060125712,376.66318137964305,403.85,Actual
P12594,Home Decor Product 2595,Home & Kitchen,Home Decor,1267.25,1640.05,Brand D,0.7726898570165543,1308.514586802732,1267.25,Actual
P12595,Children Product 2596,Books,Children,119.06,136.61,Brand C,0.8715320986750603,108.89919199228173,119.06,Actual
P12596,Packaged Foods Product 2597,Grocery,Packaged Foods,86.38,112.54,Brand C,0.767549315798827,91.22712874697648,86.38,Actual
P12597,Non-Fiction Product 2598,Books,Non-Fiction,2006.67,2578.38,Brand A,0.7782677495171386,2055.3656295224314,2006.67,Actual
P12598,Action Figures Product 2599,Toys,Action Figures,352.28,466.07,Brand C,0.755852125217242,372.1781841458419,352.28,Actual
P12599,Accessories Product 2600,Electronics,Accessories,51758.14,65137.01,Brand C,0.7946041735719831,52090.50300524564,51758.14,Actual
P12600,Educational Product 2601,Toys,Educational,1102.9,1465.82,Brand B,0.7524116194348557,1170.5242257271611,1102.9,Actual
P12601,Footwear Product 2602,Fashion,Footwear,2226.21,2555.13,Brand C,0.871270737692407,2050.1473244360673,2226.21,Actual
P12602,Outdoor Product 2603,Sports,Outdoor,2227.93,3051.79,Brand D,0.7300404025178665,2439.5059275676567,2227.93,Actual
P12603,Educational Product 2604,Toys,Educational,4952.95,6265.83,Brand B,0.7904698978427439,5003.551465587874,4952.95,Actual
P12604,Audio Product 2605,Electronics,Audio,3049.88,3819.34,Private Label,0.7985358726900459,3054.351769417339,3049.88,Actual
P12605,Outdoor Toys Product 2606,Toys,Outdoor Toys,369.94,458.93,Brand A,0.8060924323970976,366.4765680049161,369.94,Actual
P12606,Mobiles Product 2607,Electronics,Mobiles,2075.02,2388.52,Brand C,0.8687471739822149,1910.1154357267753,2075.02,Actual
P12607,Fitness Product 2608,Sports,Fitness,2995.48,3455.03,Brand B,0.8669910246799594,2761.8434312072854,2995.48,Actual
P12608,Makeup Product 2609,Beauty,Makeup,507.24,587.15,Brand A,0.8639018990036618,468.4795428518508,507.24,Actual
P12609,Women Product 2610,Fashion,Women,346.53,414.05,Brand A,0.8369279072575775,332.21929987231715,346.53,Actual
P12610,Fitness Product 2611,Sports,Fitness,472.94,535.13,Brand B,0.8837852484443033,427.7662640677373,472.94,Actual
P12611,Personal Care Product 2612,Beauty,Personal Care,262.16,337.15,Brand D,0.7775767462553761,269.0077116111751,262.16,Actual
P12612,Action Figures Product 2613,Toys,Action Figures,2545.53,3365.27,Brand D,0.7564118183682143,2687.321813805818,2545.53,Actual
P12613,Packaged Foods Product 2614,Grocery,Packaged Foods,104.86,127.58,Brand D,0.8219156607618749,103.41884739238722,104.86,Actual
P12614,Personal Care Product 2615,Beauty,Personal Care,799.04,1063.99,Brand A,0.7509845017340389,848.9441348870658,799.04,Actual
P12615,Mobiles Product 2616,Electronics,Mobiles,30781.14,37882.48,Brand B,0.8125428958188586,30294.87288848779,30781.14,Actual
P12616,Men Product 2617,Fashion,Men,316.12,354.32,Brand D,0.8921878527884398,284.29402809022923,316.12,Actual
P12617,Non-Fiction Product 2618,Books,Non-Fiction,647.96,877.22,Brand A,0.7386516495291945,699.2793294741921,647.96,Actual
P12618,Outdoor Toys Product 2619,Toys,Outdoor Toys,738.54,938.6,Brand A,0.7868527594289366,749.5149733715691,738.54,Actual
P12619,Women Product 2620,Fashion,Women,1079.53,1218.22,Private Label,0.8861535683209929,977.457301027543,1079.53,Actual
P12620,Audio Product 2621,Electronics,Audio,10080.53,13486.85,Brand C,0.7474339819898642,10785.524242766089,10080.53,Actual
P12621,Footwear Product 2622,Fashion,Footwear,2266.31,2733.14,Brand A,0.8291964553590376,2192.9763488782146,2266.31,Actual
P12622,Children Product 2623,Books,Children,930.86,1137.91,Brand A,0.8180436062606006,907.0893753014956,930.86,Actual
P12623,Games Product 2624,Toys,Games,217.28,265.33,Private Label,0.8189047601100516,211.87812474395741,217.28,Actual
P12624,Sportswear Product 2625,Sports,Sportswear,9730.51,11636.0,Brand B,0.8362418356823651,9301.45618577204,9730.51,Actual
P12625,Beverages Product 2626,Grocery,Beverages,51.7,65.06,Brand D,0.7946510913003382,52.73891057649093,51.7,Actual
P12626,Equipment Product 2627,Sports,Equipment,3230.02,4118.19,Private Label,0.7843300090573773,3291.952891860137,3230.02,Actual
P12627,Makeup Product 2628,Beauty,Makeup,236.46,315.64,Private Label,0.7491445951083513,251.84515525122742,236.46,Actual
P12628,Women Product 2629,Fashion,Women,2137.32,2653.37,Brand D,0.805511481625254,2128.97167902961,2137.32,Actual
P12629,Games Product 2630,Toys,Games,4413.5,5101.27,Brand C,0.8651767108974823,4073.5971108152407,4413.5,Actual
P12630,Snacks Product 2631,Grocery,Snacks,832.62,1033.5,Brand B,0.8056313497822932,837.7753470765966,832.62,Actual
P12631,Haircare Product 2632,Beauty,Haircare,1248.02,1571.09,Brand D,0.7943656951543197,1253.5527973756523,1248.02,Actual
P12632,Footwear Product 2633,Fashion,Footwear,8224.97,10528.18,Private Label,0.781233793495172,8447.444966863259,8224.97,Actual
P12633,Mobiles Product 2634,Electronics,Mobiles,2533.83,3422.63,Brand A,0.7403166570736538,2737.1001263466637,2533.83,Actual
P12634,Kitchen Appliances Product 2635,Home & Kitchen,Kitchen Appliances,226.52,261.59,Private Label,0.8659352421728661,208.709692242143,226.52,Actual
P12635,Personal Care Product 2636,Beauty,Personal Care,295.0,404.89,Brand D,0.7285929511719232,323.0565990041486,295.0,Actual
P12636,Home Decor Product 2637,Home & Kitchen,Home Decor,595.1,707.63,Brand D,0.8409762163842687,564.582895069795,595.1,Actual
P12637,Haircare Product 2638,Beauty,Haircare,145.02,162.88,Brand B,0.8903487229862477,129.959887489925,145.02,Actual
P12638,Men Product 2639,Fashion,Men,300.89,355.35,Brand D,0.8467426480934289,285.1204642183985,300.89,Actual
P12639,Haircare Product 2640,Beauty,Haircare,5284.22,6438.78,Private Label,0.8206865275719936,5137.42095022335,5284.22,Actual
P12640,Outdoor Product 2641,Sports,Outdoor,916.68,1073.21,Brand C,0.854147836863242,857.8906663056385,916.68,Actual
P12641,Kitchen Appliances Product 2642,Home & Kitchen,Kitchen Appliances,187.59,249.33,Brand B,0.7523763686680303,198.928046051965,187.59,Actual
P12642,Beverages Product 2643,Grocery,Beverages,138.41,165.87,Brand C,0.8344486646168686,134.45747152355597,138.41,Actual
P12643,Fitness Product 2644,Sports,Fitness,7815.67,9870.7,Brand A,0.7918050391562907,7890.330317368518,7815.67,Actual
P12644,Beverages Product 2645,Grocery,Beverages,67.55,78.11,Brand B,0.8648060427602099,63.31749623623896,67.55,Actual
P12645,Accessories Product 2646,Electronics,Accessories,8918.66,12011.18,Brand B,0.742529876331884,9605.421063793783,8918.66,Actual
P12646,Mobiles Product 2647,Electronics,Mobiles,10861.44,13254.59,Brand B,0.8194474517883994,10599.784365728467,10861.44,Actual
P12647,Men Product 2648,Fashion,Men,1232.2,1638.92,Brand A,0.7518365753056891,1315.0123293001764,1232.2,Actual
P12648,Outdoor Toys Product 2649,Toys,Outdoor Toys,1748.47,2289.76,Brand B,0.7636040458388651,1828.4779516591566,1748.47,Actual
P12649,Outdoor Toys Product 2650,Toys,Outdoor Toys,1087.67,1427.25,Brand C,0.7620739183744965,1139.7243189266696,1087.67,Actual
P12650,Sportswear Product 2651,Sports,Sportswear,1079.7,1259.58,Brand A,0.857190492068785,1006.8690428390121,1079.7,Actual
P12651,Beverages Product 2652,Grocery,Beverages,73.29,98.8,Brand D,0.7418016194331984,80.0892155695866,73.29,Actual
P12652,Women Product 2653,Fashion,Women,620.46,769.64,Brand A,0.8061691180292085,617.5323317322308,620.46,Actual
P12653,Personal Care Product 2654,Beauty,Personal Care,1766.41,2284.15,Private Label,0.7733336251997461,1822.494333313557,1766.41,Actual
P12654,Equipment Product 2655,Sports,Equipment,11322.98,14066.46,Brand C,0.8049630113049054,11244.290252570896,11322.98,Actual
P12655,Skincare Product 2656,Beauty,Skincare,112.4,147.85,Brand B,0.7602299628001353,117.96764099573556,112.4,Actual
P12656,Cookware Product 2657,Home & Kitchen,Cookware,394.86,530.97,Brand A,0.7436578337759195,423.6346392821235,394.86,Actual
P12657,Men Product 2658,Fashion,Men,1495.47,1731.72,Brand B,0.8635749428314046,1389.4718173527087,1495.47,Actual
P12658,Cookware Product 2659,Home & Kitchen,Cookware,198.87,273.84,Brand B,0.7262269938650308,218.48335992808762,198.87,Actual
P12659,Academic Product 2660,Books,Academic,242.09,306.75,Brand A,0.7892094539527302,244.5269536903039,242.09,Actual
P12660,Kitchen Appliances Product 2661,Home & Kitchen,Kitchen Appliances,198.48,251.55,Brand D,0.7890280262373285,200.69927399178516,198.48,Actual
P12661,Non-Fiction Product 2662,Books,Non-Fiction,2135.7,2463.56,Private Label,0.8669161700953092,1963.8364206464062,2135.7,Actual
P12662,Accessories Product 2663,Fashion,Accessories,5656.96,6578.19,Private Label,0.8599569182404279,5278.110557244482,5656.96,Actual
P12663,Skincare Product 2664,Beauty,Skincare,1568.11,1886.13,Private Label,0.8313902010996059,1504.9192202319023,1568.11,Actual
P12664,Home Decor Product 2665,Home & Kitchen,Home Decor,4982.75,5834.84,Brand C,0.8539651472876719,4655.329564135272,4982.75,Actual
P12665,Fitness Product 2666,Sports,Fitness,2677.01,3639.65,Brand D,0.735513030099048,2909.4229122159854,2677.01,Actual
P12666,Fiction Product 2667,Books,Fiction,1384.28,1826.97,Brand B,0.7576916971816724,1456.3762301013026,1384.28,Actual
P12667,Audio Product 2668,Electronics,Audio,4615.99,6032.78,Private Label,0.7651513895749555,4824.4545569406055,4615.99,Actual
P12668,Fitness Product 2669,Sports,Fitness,946.38,1130.6,Brand A,0.8370599681584999,903.7664458262175,946.38,Actual
P12669,Storage Product 2670,Home & Kitchen,Storage,1154.17,1317.44,Brand D,0.8760702574690309,1051.1200617282348,1154.17,Actual
P12670,Men Product 2671,Fashion,Men,5760.47,6917.08,Private Label,0.8327892694605239,5550.024090715632,5760.47,Actual
P12671,Accessories Product 2672,Electronics,Accessories,34330.1,40802.85,Brand B,0.8413652477706827,32630.312330080655,34330.1,Actual
P12672,Educational Product 2673,Toys,Educational,1836.12,2259.22,Private Label,0.8127229751861262,1804.0903666530112,1836.12,Actual
P12673,Audio Product 2674,Electronics,Audio,12460.79,15974.35,Brand B,0.7800498924838882,12774.794647188222,12460.79,Actual
P12674,Sportswear Product 2675,Sports,Sportswear,450.86,531.41,Brand D,0.8484221222784668,424.79261186671704,450.86,Actual
P12675,Skincare Product 2676,Beauty,Skincare,122.9,154.41,Private Label,0.795932905899877,123.20178184749089,122.9,Actual
P12676,Academic Product 2677,Books,Academic,544.37,738.02,Brand D,0.7376087368905992,588.3155089242643,544.37,Actual
P12677,Non-Fiction Product 2678,Books,Non-Fiction,1226.46,1572.66,Brand C,0.7798634161230018,1253.652026049204,1226.46,Actual
P12678,Makeup Product 2679,Beauty,Makeup,163.36,191.43,Brand A,0.8533667659196573,152.73957061761016,163.36,Actual
P12679,Makeup Product 2680,Beauty,Makeup,325.88,439.1,Private Label,0.7421544067410613,350.3523243911227,325.88,Actual
P12680,Footwear Product 2681,Fashion,Footwear,241.3,308.84,Brand C,0.7813107110477918,247.8024600231045,241.3,Actual
P12681,Beverages Product 2682,Grocery,Beverages,241.87,331.48,Private Label,0.7296669482321708,268.70418195350777,241.87,Actual
P12682,Outdoor Product 2683,Sports,Outdoor,4179.25,5070.86,Private Label,0.8241698646777864,4053.4876344262634,4179.25,Actual
P12683,Men Product 2684,Fashion,Men,959.16,1320.52,Brand D,0.7263502256686759,1059.5392582233842,959.16,Actual
P12684,Games Product 2685,Toys,Games,777.57,927.69,Brand B,0.8381787019370694,740.8028400245802,777.57,Actual
P12685,Makeup Product 2686,Beauty,Makeup,2574.65,3452.39,Brand A,0.7457587352529698,2754.6182218279846,2574.65,Actual
P12686,Accessories Product 2687,Fashion,Accessories,306.78,374.12,Private Label,0.8200042767026622,300.18085851523074,306.78,Actual
P12687,Equipment Product 2688,Sports,Equipment,8701.25,10962.78,Brand B,0.7937083477001271,8763.305074274493,8701.25,Actual
P12688,Non-Fiction Product 2689,Books,Non-Fiction,331.79,432.69,Brand D,0.7668076451963299,344.92051374819107,331.79,Actual
P12689,Sportswear Product 2690,Sports,Sportswear,639.14,879.13,Brand B,0.7270142072276,702.749155774989,639.14,Actual
P12690,Footwear Product 2691,Fashion,Footwear,309.21,363.14,Brand D,0.851489783554552,291.37088891591173,309.21,Actual
P12691,Children Product 2692,Books,Children,1617.15,1957.83,Brand D,0.8259910206708448,1560.6917872648337,1617.15,Actual
P12692,Fiction Product 2693,Books,Fiction,2337.59,3203.66,Brand B,0.7296623237172485,2553.8100096478533,2337.59,Actual
P12693,Fiction Product 2694,Books,Fiction,634.14,722.68,Brand D,0.8774838102618033,576.087168355041,634.14,Actual
P12694,Personal Care Product 2695,Beauty,Personal Care,408.0,495.73,Private Label,0.8230286647973695,395.53668360376054,408.0,Actual
P12695,Academic Product 2696,Books,Academic,555.52,716.91,Brand C,0.774881086886778,571.4875904486252,555.52,Actual
P12696,Laptops Product 2697,Electronics,Laptops,10040.37,12807.17,Brand C,0.7839647634879525,10241.979596141913,10040.37,Actual
P12697,Children Product 2698,Books,Children,707.39,800.89,Brand C,0.8832548789471713,638.4325735648819,707.39,Actual
P12698,Men Product 2699,Fashion,Men,3049.89,4096.47,Brand B,0.7445166204073262,3286.8648601568675,3049.89,Actual
P12699,Skincare Product 2700,Beauty,Skincare,132.82,179.44,Brand C,0.7401917075345519,143.17290159130735,132.82,Actual
P12700,Skincare Product 2701,Beauty,Skincare,3462.8,3961.01,Brand A,0.8742214738160217,3160.4396730505146,3462.8,Actual
P12701,Skincare Product 2702,Beauty,Skincare,649.89,738.56,Brand A,0.8799420493934142,589.2876627244535,649.89,Actual
P12702,Men Product 2703,Fashion,Men,5821.1,7627.45,Brand C,0.7631777330562639,6120.000238645345,5821.1,Actual
P12703,Fitness Product 2704,Sports,Fitness,1001.12,1364.74,Brand A,0.7335609713205445,1090.930673338822,1001.12,Actual
P12704,Storage Product 2705,Home & Kitchen,Storage,359.46,471.27,Private Label,0.762747469603412,376.00296900858115,359.46,Actual
P12705,Women Product 2706,Fashion,Women,4710.33,5515.7,Brand C,0.8539858948093624,4425.605584605095,4710.33,Actual
P12706,Children Product 2707,Books,Children,1114.12,1253.72,Brand C,0.888651373512427,999.4077665219489,1114.12,Actual
P12707,Storage Product 2708,Home & Kitchen,Storage,1131.65,1504.37,Brand C,0.7522418022162102,1200.2622413636327,1131.65,Actual
P12708,Footwear Product 2709,Fashion,Footwear,2550.52,3028.54,Private Label,0.8421615696011939,2429.9950209764697,2550.52,Actual
P12709,Accessories Product 2710,Electronics,Accessories,930.57,1168.4,Brand C,0.7964481342006162,934.37730272435,930.57,Actual
P12710,Accessories Product 2711,Electronics,Accessories,918.1,1129.07,Private Label,0.8131471033682589,902.9248384003608,918.1,Actual
P12711,Fitness Product 2712,Sports,Fitness,2171.85,2735.79,Brand D,0.793865757240139,2186.905364255181,2171.85,Actual
P12712,Snacks Product 2713,Grocery,Snacks,439.21,528.73,Brand C,0.8306886312484633,428.5988962359061,439.21,Actual
P12713,Equipment Product 2714,Sports,Equipment,486.61,666.53,Private Label,0.7300646632559675,532.8033337489376,486.61,Actual
P12714,Outdoor Product 2715,Sports,Outdoor,452.48,592.91,Brand B,0.7631512371186184,473.95379744810066,452.48,Actual
P12715,Footwear Product 2716,Fashion,Footwear,796.21,935.85,Brand D,0.850788053641075,750.8934471332158,796.21,Actual
P12716,Kitchen Appliances Product 2717,Home & Kitchen,Kitchen Appliances,348.03,401.18,Brand C,0.8675158283064958,320.0816328365111,348.03,Actual
P12717,Non-Fiction Product 2718,Books,Non-Fiction,573.55,675.83,Brand D,0.8486601660180814,538.7405089242644,573.55,Actual
P12718,Games Product 2719,Toys,Games,2320.17,2613.9,Brand A,0.8876276827728681,2087.318547726342,2320.17,Actual
P12719,Accessories Product 2720,Electronics,Accessories,11532.97,13525.44,Private Label,0.8526872323562116,10816.384924135597,11532.97,Actual
P12720,Snacks Product 2721,Grocery,Snacks,2707.49,3160.19,Brand C,0.8567491195149658,2561.7119246037637,2707.49,Actual
P12721,Outdoor Product 2722,Sports,Outdoor,897.69,1199.13,Private Label,0.7486177478672037,958.5471945724327,897.69,Actual
P12722,Kitchen Appliances Product 2723,Home & Kitchen,Kitchen Appliances,1519.33,1886.17,Brand D,0.8055106379594628,1504.8815329957679,1519.33,Actual
P12723,Children Product 2724,Books,Children,410.54,491.66,Brand A,0.8350079323109466,391.92867824409075,410.54,Actual
P12724,Men Product 2725,Fashion,Men,5084.75,6962.29,Brand D,0.7303272342864201,5586.299020186052,5084.75,Actual
P12725,Staples Product 2726,Grocery,Staples,270.92,334.93,Brand B,0.8088854387483952,271.500819541717,270.92,Actual
P12726,Men Product 2727,Fashion,Men,6922.06,7811.89,Private Label,0.8860928661309875,6267.988471149754,6922.06,Actual
P12727,Non-Fiction Product 2728,Books,Non-Fiction,146.52,188.95,Brand C,0.7754432389521039,150.6222262421611,146.52,Actual
P12728,Games Product 2729,Toys,Games,704.96,909.97,Brand A,0.7747068584678616,726.6526106104056,704.96,Actual
P12729,Footwear Product 2730,Fashion,Footwear,7669.39,9675.59,Private Label,0.7926534712611841,7763.356444032346,7669.39,Actual
P12730,Storage Product 2731,Home & Kitchen,Storage,533.46,605.03,Brand A,0.8817083450407419,482.7234416348629,533.46,Actual
P12731,Skincare Product 2732,Beauty,Skincare,2204.02,2488.77,Brand C,0.8855860525480458,1985.758037747425,2204.02,Actual
P12732,Men Product 2733,Fashion,Men,6970.1,8735.51,Brand C,0.7979041864756609,7009.068992217426,6970.1,Actual
P12733,Footwear Product 2734,Fashion,Footwear,1561.81,1824.64,Brand D,0.855955147316731,1464.0275892259988,1561.81,Actual
P12734,Staples Product 2735,Grocery,Staples,74.74,100.28,Private Label,0.7453131232548863,81.28893256394883,74.74,Actual
P12735,Women Product 2736,Fashion,Women,746.26,997.39,Private Label,0.7482128355006568,800.2709998783972,746.26,Actual
P12736,Home Decor Product 2737,Home & Kitchen,Home Decor,167.59,211.18,Brand B,0.7935884079931812,168.49005240145175,167.59,Actual
P12737,Packaged Foods Product 2738,Grocery,Packaged Foods,694.23,859.61,Brand A,0.8076104279847838,696.8167064349427,694.23,Actual
P12738,Storage Product 2739,Home & Kitchen,Storage,5543.03,6729.21,Private Label,0.8237267078899305,5368.90304726003,5543.03,Actual
P12739,Action Figures Product 2740,Toys,Action Figures,2027.68,2672.9,Private Label,0.7586067567061993,2134.43274272839,2027.68,Actual
P12740,Accessories Product 2741,Fashion,Accessories,3528.97,4303.89,Brand B,0.819948929921536,3453.2914443363534,3528.97,Actual
P12741,Equipment Product 2742,Sports,Equipment,1187.01,1425.73,Brand B,0.8325629677428404,1139.6841807958722,1187.01,Actual
P12742,Haircare Product 2743,Beauty,Haircare,124.07,162.22,Brand D,0.7648255455554185,129.4332818554496,124.07,Actual
P12743,Kitchen Appliances Product 2744,Home & Kitchen,Kitchen Appliances,809.21,1043.44,Brand A,0.7755213524495899,832.5090457324123,809.21,Actual
P12744,Accessories Product 2745,Fashion,Accessories,362.53,418.88,Brand A,0.8654745989304812,336.09472365780994,362.53,Actual
P12745,Skincare Product 2746,Beauty,Skincare,4802.36,6290.73,Brand C,0.7634026575612052,5019.293731762621,4802.36,Actual
P12746,Snacks Product 2747,Grocery,Snacks,50.41,61.33,Brand C,0.8219468449372248,49.715299502861804,50.41,Actual
P12747,Kitchen Appliances Product 2748,Home & Kitchen,Kitchen Appliances,7277.09,8598.53,Brand A,0.8463179171323469,6860.340800622479,7277.09,Actual
P12748,Kitchen Appliances Product 2749,Home & Kitchen,Kitchen Appliances,2048.5,2822.77,Private Label,0.7257056012356656,2252.1482394982763,2048.5,Actual
P12749,Mobiles Product 2750,Electronics,Mobiles,2747.5,3317.82,Brand C,0.8281039959973717,2653.282867618027,2747.5,Actual
P12750,Personal Care Product 2751,Beauty,Personal Care,1527.92,2053.27,Brand A,0.7441398354819386,1638.2781077261682,1527.92,Actual
P12751,Fiction Product 2752,Books,Fiction,650.64,851.92,Brand D,0.7637336839139826,679.1113362276893,650.64,Actual
P12752,Women Product 2753,Fashion,Women,3565.16,4184.5,Private Label,0.8519918747759588,3357.497066334286,3565.16,Actual
P12753,Haircare Product 2754,Beauty,Haircare,1627.26,2126.44,Brand B,0.7652508417825097,1696.6595232936893,1627.26,Actual
P12754,Personal Care Product 2755,Beauty,Personal Care,786.18,974.18,Brand C,0.8070171836826869,777.2858742321655,786.18,Actual
P12755,Fiction Product 2756,Books,Fiction,211.77,284.05,Brand B,0.745537757437071,226.4315605402798,211.77,Actual
P12756,Men Product 2757,Fashion,Men,3286.67,3844.0,Brand D,0.8550130072840791,3084.2917249346388,3286.67,Actual
P12757,Accessories Product 2758,Electronics,Accessories,1285.78,1450.78,Brand B,0.8862680764829953,1160.1984793276551,1285.78,Actual
P12758,Storage Product 2759,Home & Kitchen,Storage,1509.93,1930.28,Brand A,0.7822336655821954,1540.0747151694018,1509.93,Actual
P12759,Action Figures Product 2760,Toys,Action Figures,199.1,235.13,Brand D,0.846765619019266,187.76204526833268,199.1,Actual
P12760,Non-Fiction Product 2761,Books,Non-Fiction,317.26,404.24,Private Label,0.7848307935879675,322.24148576941633,317.26,Actual
P12761,Personal Care Product 2762,Beauty,Personal Care,1110.68,1408.12,Private Label,0.7887680027270404,1123.5211000264806,1110.68,Actual
P12762,Children Product 2763,Books,Children,434.88,499.99,Brand C,0.8697773955479109,398.56897009165465,434.88,Actual
P12763,Children Product 2764,Books,Children,1779.57,2004.49,Brand B,0.8877919071684068,1597.8869874577908,1779.57,Actual
P12764,Outdoor Toys Product 2765,Toys,Outdoor Toys,193.75,242.06,Brand B,0.80042138312815,193.29596681687835,193.75,Actual
P12765,Games Product 2766,Toys,Games,178.92,206.15,Brand B,0.8679117147707979,164.62019151986894,178.92,Actual
P12766,Sportswear Product 2767,Sports,Sportswear,230.56,281.17,Brand D,0.8200021339403207,224.75854552711624,230.56,Actual
P12767,Footwear Product 2768,Fashion,Footwear,569.15,690.29,Brand A,0.8245085398890322,553.8646552562777,569.15,Actual
P12768,Kitchen Appliances Product 2769,Home & Kitchen,Kitchen Appliances,169.39,193.26,Brand C,0.8764876332401945,154.19257281515561,169.39,Actual
P12769,Kitchen Appliances Product 2770,Home & Kitchen,Kitchen Appliances,427.9,558.02,Private Label,0.7668183936059639,445.21649323353586,427.9,Actual
P12770,Equipment Product 2771,Sports,Equipment,6316.42,7699.24,Private Label,0.8203952597918756,6154.5327882213405,6316.42,Actual
P12771,Fiction Product 2772,Books,Fiction,312.28,374.95,Brand C,0.8328577143619149,298.89284852870236,312.28,Actual
P12772,Sportswear Product 2773,Sports,Sportswear,388.68,470.03,Brand B,0.8269259408973896,375.7273505498824,388.68,Actual
P12773,Fitness Product 2774,Sports,Fitness,527.69,618.85,Brand B,0.8526945140179365,494.6894259681185,527.69,Actual
P12774,Outdoor Product 2775,Sports,Outdoor,9073.16,11562.6,Brand A,0.7846989431442755,9242.782510622876,9073.16,Actual
P12775,Outdoor Toys Product 2776,Toys,Outdoor Toys,2042.89,2600.79,Brand D,0.7854882554916007,2076.8496138877513,2042.89,Actual
P12776,Outdoor Toys Product 2777,Toys,Outdoor Toys,217.26,278.78,Private Label,0.7793241982925605,222.61856411306843,217.26,Actual
P12777,Snacks Product 2778,Grocery,Snacks,1594.62,2082.56,Brand D,0.7657018285187461,1688.1639349858124,1594.62,Actual
P12778,Sportswear Product 2779,Sports,Sportswear,476.34,547.48,Brand D,0.8700591802440271,437.63846962757617,476.34,Actual
P12779,Non-Fiction Product 2780,Books,Non-Fiction,333.55,404.68,Brand B,0.8242314915488781,322.5922334780511,333.55,Actual
P12780,Beverages Product 2781,Grocery,Beverages,158.55,211.03,Private Label,0.7513149789129508,171.06505224341964,158.55,Actual
P12781,Non-Fiction Product 2782,Books,Non-Fiction,620.39,740.27,Brand B,0.8380590865495022,590.1091051616015,620.39,Actual
P12782,Outdoor Toys Product 2783,Toys,Outdoor Toys,4086.74,5522.73,Brand D,0.7399854781964716,4410.152172265465,4086.74,Actual
P12783,Storage Product 2784,Home & Kitchen,Storage,2777.8,3388.76,Brand A,0.8197098643751697,2703.7236006058515,2777.8,Actual
P12784,Equipment Product 2785,Sports,Equipment,1283.93,1442.55,Brand A,0.8900419396208105,1153.1295652101628,1283.93,Actual
P12785,Kitchen Appliances Product 2786,Home & Kitchen,Kitchen Appliances,11591.5,15982.37,Private Label,0.7252679045723506,12751.540670515156,11591.5,Actual
P12786,Cookware Product 2787,Home & Kitchen,Cookware,401.77,533.04,Brand C,0.7537333033168243,425.28618965844225,401.77,Actual
P12787,Makeup Product 2788,Beauty,Makeup,901.39,1036.43,Brand B,0.86970658896404,826.9543602110938,901.39,Actual
P12788,Children Product 2789,Books,Children,165.88,212.45,Brand C,0.7807954812897152,169.35534249879402,165.88,Actual
P12789,Skincare Product 2790,Beauty,Skincare,2203.27,2760.44,Brand B,0.7981589891466577,2202.5200873200424,2203.27,Actual
P12790,Home Decor Product 2791,Home & Kitchen,Home Decor,14446.75,17953.8,Brand A,0.8046625226971449,14324.446930605098,14446.75,Actual
P12791,Men Product 2792,Fashion,Men,3123.57,4195.35,Brand D,0.7445314455289785,3366.2027284611177,3123.57,Actual
P12792,Snacks Product 2793,Grocery,Snacks,3358.92,4254.13,Brand A,0.7895668444546828,3448.4811197474237,3358.92,Actual
P12793,Mobiles Product 2794,Electronics,Mobiles,4945.52,6211.38,Private Label,0.7962030981843005,4967.282172711377,4945.52,Actual
P12794,Accessories Product 2795,Electronics,Accessories,1227.95,1547.44,Private Label,0.7935364214444501,1237.4981284900446,1227.95,Actual
P12795,Children Product 2796,Books,Children,277.83,335.16,Brand B,0.8289473684210525,267.1740955137482,277.83,Actual
P12796,Audio Product 2797,Electronics,Audio,11487.49,13322.88,Brand D,0.8622377443916031,10654.396335946753,11487.49,Actual
P12797,Kitchen Appliances Product 2798,Home & Kitchen,Kitchen Appliances,243.64,288.17,Brand A,0.845473158205226,229.9165564945845,243.64,Actual
P12798,Laptops Product 2799,Electronics,Laptops,873.75,1013.98,Brand C,0.8617033866545691,810.8865948446048,873.75,Actual
P12799,Skincare Product 2800,Beauty,Skincare,109.08,122.3,Brand C,0.8919051512673754,97.58161984293852,109.08,Actual
P12800,Packaged Foods Product 2801,Grocery,Packaged Foods,2449.4,2899.83,Brand D,0.8446702048051093,2350.659007946906,2449.4,Actual
P12801,Games Product 2802,Toys,Games,673.23,853.79,Private Label,0.7885194251513838,681.7903144203196,673.23,Actual
P12802,Educational Product 2803,Toys,Educational,158.08,177.5,Brand D,0.8905915492957747,141.74185784514546,158.08,Actual
P12803,Packaged Foods Product 2804,Grocery,Packaged Foods,127.6,156.84,Private Label,0.8135679673552665,127.1375766187648,127.6,Actual
P12804,Accessories Product 2805,Electronics,Accessories,3215.19,4127.03,Brand C,0.7790566097169151,3300.4135224772967,3215.19,Actual
P12805,Women Product 2806,Fashion,Women,381.2,466.1,Brand B,0.8178502467281699,373.9824071259196,381.2,Actual
P12806,Fitness Product 2807,Sports,Fitness,8311.15,9466.91,Brand B,0.8779158141357634,7567.553160849706,8311.15,Actual
P12807,Cookware Product 2808,Home & Kitchen,Cookware,418.04,530.27,Private Label,0.7883531031361383,423.0761439857838,418.04,Actual
P12808,Skincare Product 2809,Beauty,Skincare,1039.71,1367.24,Brand B,0.7604443989350809,1090.9034661820053,1039.71,Actual
P12809,Haircare Product 2810,Beauty,Haircare,206.88,276.64,Private Label,0.7478311162521689,220.72754957768203,206.88,Actual
P12810,Home Decor Product 2811,Home & Kitchen,Home Decor,1846.0,2494.0,Private Label,0.7401764234161988,1989.8389558159895,1846.0,Actual
P12811,Children Product 2812,Books,Children,120.33,161.62,Brand B,0.7445241925504269,128.8360106126387,120.33,Actual
P12812,Skincare Product 2813,Beauty,Skincare,352.67,435.1,Brand A,0.8105492990117215,347.1607750912719,352.67,Actual
P12813,Fiction Product 2814,Books,Fiction,260.73,345.37,Brand A,0.7549294959029447,275.3130366618428,260.73,Actual
P12814,Non-Fiction Product 2815,Books,Non-Fiction,671.89,910.03,Brand A,0.7383163192422227,725.4339483839846,671.89,Actual
P12815,Sportswear Product 2816,Sports,Sportswear,4094.97,4803.29,Private Label,0.8525344087073651,3839.6005055480387,4094.97,Actual
P12816,Audio Product 2817,Electronics,Audio,2879.15,3556.96,Private Label,0.809441208222752,2844.524726718935,2879.15,Actual
P12817,Fiction Product 2818,Books,Fiction,1181.12,1580.72,Private Label,0.7472038058606204,1260.0770863482876,1181.12,Actual
P12818,Equipment Product 2819,Sports,Equipment,282.31,377.62,Brand B,0.7476034108362904,301.8576731584082,282.31,Actual
P12819,Personal Care Product 2820,Beauty,Personal Care,2691.92,3627.26,Brand C,0.7421359373190783,2894.1447783442127,2691.92,Actual
P12820,Storage Product 2821,Home & Kitchen,Storage,1145.27,1339.41,Brand A,0.8550555841751218,1068.6488355290676,1145.27,Actual
P12821,Packaged Foods Product 2822,Grocery,Packaged Foods,57.13,65.41,Private Label,0.8734138510931051,53.02262743326578,57.13,Actual
P12822,Cookware Product 2823,Home & Kitchen,Cookware,16777.81,20757.89,Private Label,0.8082618223721197,16561.691324195337,16777.81,Actual
P12823,Accessories Product 2824,Electronics,Accessories,19874.85,25047.64,Brand C,0.7934819408135856,20030.765408088442,19874.85,Actual
P12824,Women Product 2825,Fashion,Women,2434.34,3092.17,Brand A,0.7872594326961325,2481.0495169331793,2434.34,Actual
P12825,Cookware Product 2826,Home & Kitchen,Cookware,955.88,1304.45,Brand C,0.7327839319253325,1040.7559847290167,955.88,Actual
P12826,Storage Product 2827,Home & Kitchen,Storage,15611.76,20421.84,Brand A,0.764463926854779,16293.573689431118,15611.76,Actual
P12827,Personal Care Product 2828,Beauty,Personal Care,3441.91,4663.73,Brand C,0.7380165661391205,3721.1310540483046,3441.91,Actual
P12828,Educational Product 2829,Toys,Educational,2320.8,2948.81,Brand C,0.7870293440404774,2354.759480745596,2320.8,Actual
P12829,Snacks Product 2830,Grocery,Snacks,818.53,1088.36,Private Label,0.7520765187989269,882.2459378270776,818.53,Actual
P12830,Footwear Product 2831,Fashion,Footwear,555.74,730.35,Brand D,0.7609228452112001,586.0074040858516,555.74,Actual
P12831,Makeup Product 2832,Beauty,Makeup,318.97,408.97,Brand A,0.7799349585544172,326.3119792899965,318.97,Actual
P12832,Storage Product 2833,Home & Kitchen,Storage,5390.29,7118.75,Private Label,0.7571961369622476,5679.697701168836,5390.29,Actual
P12833,Haircare Product 2834,Beauty,Haircare,952.17,1280.6,Brand B,0.7435342808058722,1021.7745083472367,952.17,Actual
P12834,Fiction Product 2835,Books,Fiction,2156.25,2501.28,Brand C,0.8620586259834964,1993.9050651230104,2156.25,Actual
P12835,Accessories Product 2836,Electronics,Accessories,1275.66,1631.24,Brand B,0.7820185870871239,1304.5135495515822,1275.66,Actual
P12836,Children Product 2837,Books,Children,1528.81,1932.85,Brand D,0.79096153348682,1540.7788832609745,1528.81,Actual
P12837,Storage Product 2838,Home & Kitchen,Storage,12663.26,16647.52,Brand B,0.7606694570722846,13282.230879601364,12663.26,Actual
P12838,Equipment Product 2839,Sports,Equipment,6600.11,7641.31,Brand B,0.8637406413298242,6108.225349510291,6600.11,Actual
P12839,Children Product 2840,Books,Children,248.37,302.19,Brand C,0.8219001290578776,240.89193198263388,248.37,Actual
P12840,Educational Product 2841,Toys,Educational,2036.54,2730.1,Brand D,0.7459580235156221,2180.109555510037,2036.54,Actual
P12841,Equipment Product 2842,Sports,Equipment,1165.84,1441.17,Brand C,0.8089538361192641,1152.026436167849,1165.84,Actual
P12842,Fitness Product 2843,Sports,Fitness,3298.72,3799.99,Brand B,0.8680864949644604,3037.593717030929,3298.72,Actual
P12843,Footwear Product 2844,Fashion,Footwear,1668.86,1986.75,Brand A,0.8399949666540832,1594.0990074177662,1668.86,Actual
P12844,Men Product 2845,Fashion,Men,3651.35,4871.64,Brand A,0.7495114581537223,3908.8342712956774,3651.35,Actual
P12845,Cookware Product 2846,Home & Kitchen,Cookware,195.98,242.42,Brand B,0.8084316475538322,193.41489962666887,195.98,Actual
P12846,Educational Product 2847,Toys,Educational,4096.45,5065.81,Brand B,0.8086465935358806,4045.2806810733314,4096.45,Actual
P12847,Children Product 2848,Books,Children,437.83,496.26,Private Label,0.8822592995607141,395.5955861070912,437.83,Actual
P12848,Kitchen Appliances Product 2849,Home & Kitchen,Kitchen Appliances,2937.49,3490.5,Brand C,0.8415671107291218,2784.8969026767086,2937.49,Actual
P12849,Games Product 2850,Toys,Games,423.88,505.3,Brand D,0.8388679992083911,403.50513109381404,423.88,Actual
P12850,Outdoor Product 2851,Sports,Outdoor,2156.72,2809.49,Brand A,0.7676553395812051,2245.818850065717,2156.72,Actual
P12851,Personal Care Product 2852,Beauty,Personal Care,764.05,875.25,Brand C,0.8729505855469866,698.3508811736054,764.05,Actual
P12852,Footwear Product 2853,Fashion,Footwear,307.07,386.13,Brand B,0.7952503043016601,309.81726424271903,307.07,Actual
P12853,Snacks Product 2854,Grocery,Snacks,1976.92,2554.34,Brand C,0.7739455201735086,2070.598045526496,1976.92,Actual
P12854,Academic Product 2855,Books,Academic,757.15,892.66,Brand A,0.8481952815181593,711.5873854317415,757.15,Actual
P12855,Accessories Product 2856,Electronics,Accessories,21603.81,28325.85,Brand C,0.7626888513495624,22652.37189350781,21603.81,Actual
P12856,Fiction Product 2857,Books,Fiction,420.92,538.48,Brand C,0.7816817709107117,429.25142305836954,420.92,Actual
P12857,Snacks Product 2858,Grocery,Snacks,1916.27,2512.82,Brand C,0.7625974005300817,2036.9411201170913,1916.27,Actual
P12858,Home Decor Product 2859,Home & Kitchen,Home Decor,1891.53,2530.79,Private Label,0.74740693617408,2019.1918728907572,1891.53,Actual
P12859,Cookware Product 2860,Home & Kitchen,Cookware,7019.56,9279.24,Brand C,0.756480056556356,7403.445562295895,7019.56,Actual
P12860,Personal Care Product 2861,Beauty,Personal Care,1004.35,1346.67,Brand D,0.7458026093994816,1074.4909239075228,1004.35,Actual
P12861,Fitness Product 2862,Sports,Fitness,3260.46,4313.1,Brand A,0.7559435209014398,3447.7578785539176,3260.46,Actual
P12862,Children Product 2863,Books,Children,1390.31,1916.45,Brand B,0.7254611390852879,1527.7055595754946,1390.31,Actual
P12863,Accessories Product 2864,Fashion,Accessories,266.42,336.37,Brand D,0.7920444748342599,269.89157323524046,266.42,Actual
P12864,Cookware Product 2865,Home & Kitchen,Cookware,15942.27,21744.03,Brand A,0.7331791760772958,17348.48354067023,15942.27,Actual
P12865,Laptops Product 2866,Electronics,Laptops,34581.17,39090.67,Brand A,0.8846399921004168,31261.070520615936,34581.17,Actual
P12866,Action Figures Product 2867,Toys,Action Figures,207.4,239.26,Brand B,0.8668394215497786,191.06003891847604,207.4,Actual
P12867,Men Product 2868,Fashion,Men,3785.78,4869.51,Brand A,0.7774457799655407,3907.1252334772303,3785.78,Actual
P12868,Equipment Product 2869,Sports,Equipment,6423.36,8281.23,Private Label,0.7756528921428338,6619.757477595478,6423.36,Actual
P12869,Mobiles Product 2870,Electronics,Mobiles,41629.96,56325.77,Brand D,0.7390926036164264,45044.09538383439,41629.96,Actual
P12870,Storage Product 2871,Home & Kitchen,Storage,265.32,298.74,Brand C,0.8881301466157863,238.34983546931386,265.32,Actual
P12871,Sportswear Product 2872,Sports,Sportswear,1289.7,1774.96,Brand C,0.7266079235588407,1418.8477716997197,1289.7,Actual
P12872,Kitchen Appliances Product 2873,Home & Kitchen,Kitchen Appliances,463.79,602.71,Brand B,0.7695077234490882,480.87242865270855,463.79,Actual
P12873,Fitness Product 2874,Sports,Fitness,225.57,277.78,Brand D,0.8120455036359709,222.04868505360577,225.57,Actual
P12874,Makeup Product 2875,Beauty,Makeup,2506.93,3079.79,Brand A,0.8139938112663525,2457.3254045468816,2506.93,Actual
P12875,Action Figures Product 2876,Toys,Action Figures,429.46,544.26,Brand A,0.7890713996986735,434.61647070872596,429.46,Actual
P12876,Women Product 2877,Fashion,Women,312.97,380.69,Brand D,0.8221124799705798,305.4523977017085,312.97,Actual
P12877,Skincare Product 2878,Beauty,Skincare,5955.39,7874.69,Brand A,0.7562697706195419,6283.115339010544,5955.39,Actual
P12878,Academic Product 2879,Books,Academic,104.54,128.26,Brand B,0.8150631529705287,102.24295706705257,104.54,Actual
P12879,Makeup Product 2880,Beauty,Makeup,360.53,421.25,Private Label,0.8558575667655786,336.11003564053846,360.53,Actual
P12880,Haircare Product 2881,Beauty,Haircare,1335.36,1836.89,Brand B,0.726967864161708,1465.6312483507388,1335.36,Actual
P12881,Mobiles Product 2882,Electronics,Mobiles,25268.08,31309.14,Brand B,0.8070512316850608,25038.1288803655,25268.08,Actual
P12882,Footwear Product 2883,Fashion,Footwear,553.71,758.07,Brand A,0.7304206735525743,608.2489666808536,553.71,Actual
P12883,Accessories Product 2884,Electronics,Accessories,4640.39,6395.6,Brand B,0.7255597598348865,5114.604140109425,4640.39,Actual
P12884,Cookware Product 2885,Home & Kitchen,Cookware,9897.5,11451.55,Brand A,0.8642934799219321,9136.624015426862,9897.5,Actual
P12885,Action Figures Product 2886,Toys,Action Figures,168.66,214.49,Brand C,0.7863303650519837,171.28006247439578,168.66,Actual
P12886,Accessories Product 2887,Fashion,Accessories,1206.3,1661.57,Brand A,0.726000108331277,1333.1859004681705,1206.3,Actual
P12887,Men Product 2888,Fashion,Men,1213.78,1501.77,Private Label,0.808232951783562,1204.9679458259866,1213.78,Actual
P12888,Beverages Product 2889,Grocery,Beverages,1777.99,2397.09,Brand C,0.7417285124880584,1943.1281148755095,1777.99,Actual
P12889,Action Figures Product 2890,Toys,Action Figures,2748.33,3433.41,Brand D,0.8004665915227136,2741.7347163047934,2748.33,Actual
P12890,Skincare Product 2891,Beauty,Skincare,1052.95,1272.25,Brand C,0.8276282177245039,1015.1121491837984,1052.95,Actual
P12891,Haircare Product 2892,Beauty,Haircare,177.88,225.84,Brand A,0.7876372653205809,180.19487346957675,177.88,Actual
P12892,Non-Fiction Product 2893,Books,Non-Fiction,363.59,470.37,Brand A,0.7729872228245849,374.9572720694646,363.59,Actual
P12893,Outdoor Toys Product 2894,Toys,Outdoor Toys,2018.66,2546.81,Private Label,0.7926229282906853,2033.7441181892668,2018.66,Actual
P12894,Outdoor Product 2895,Sports,Outdoor,1189.37,1626.41,Brand D,0.7312854692236274,1300.101525876719,1189.37,Actual
P12895,Outdoor Product 2896,Sports,Outdoor,1080.95,1291.09,Brand B,0.8372383025195765,1032.0571559718478,1080.95,Actual
P12896,Accessories Product 2897,Electronics,Accessories,1030.87,1194.99,Brand A,0.8626599385768917,955.6415037509165,1030.87,Actual
P12897,Makeup Product 2898,Beauty,Makeup,210.27,255.9,Brand A,0.8216881594372802,204.17936645795558,210.27,Actual
P12898,Accessories Product 2899,Fashion,Accessories,4910.67,6156.23,Brand A,0.7976748756950277,4939.544548853894,4910.67,Actual
P12899,Haircare Product 2900,Beauty,Haircare,171.55,197.3,Private Label,0.8694880892042575,157.42316921514123,171.55,Actual
P12900,Action Figures Product 2901,Toys,Action Figures,588.17,741.79,Brand C,0.7929063481578345,592.3531984842278,588.17,Actual
P12901,Laptops Product 2902,Electronics,Laptops,5184.93,5905.31,Brand A,0.878011484579133,4722.515944497715,5184.93,Actual
P12902,Beverages Product 2903,Grocery,Beverages,66.47,86.48,Brand B,0.7686170212765957,70.10238221111183,66.47,Actual
P12903,Kitchen Appliances Product 2904,Home & Kitchen,Kitchen Appliances,1815.34,2319.05,Brand C,0.7827946788555658,1850.2550242522339,1815.34,Actual
P12904,Action Figures Product 2905,Toys,Action Figures,3191.0,3856.65,Private Label,0.8274020198877263,3079.7111890618603,3191.0,Actual
P12905,Outdoor Toys Product 2906,Toys,Outdoor Toys,5120.32,7031.39,Brand D,0.7282087894427701,5614.886094838182,5120.32,Actual
P12906,Snacks Product 2907,Grocery,Snacks,93.68,128.43,Private Label,0.7294245892704196,104.10787404455473,93.68,Actual
P12907,Cookware Product 2908,Home & Kitchen,Cookware,1081.39,1371.94,Brand B,0.7882196014402962,1094.6029098003964,1081.39,Actual
P12908,Fiction Product 2909,Books,Fiction,720.98,856.72,Brand C,0.8415585021944159,682.937674867342,720.98,Actual
P12909,Sportswear Product 2910,Sports,Sportswear,496.02,680.88,Brand A,0.7284984138174128,544.2742770512604,496.02,Actual
P12910,Footwear Product 2911,Fashion,Footwear,1069.61,1355.2,Brand C,0.789263577331759,1087.3652824223263,1069.61,Actual
P12911,Laptops Product 2912,Electronics,Laptops,2645.1,3609.14,Brand C,0.7328892755614911,2886.253422076823,2645.1,Actual
P12912,Fitness Product 2913,Sports,Fitness,1566.53,1860.45,Brand B,0.8420167163858207,1487.1858165021993,1566.53,Actual
P12913,Home Decor Product 2914,Home & Kitchen,Home Decor,10919.73,14577.1,Private Label,0.7491016731723045,11630.345406104756,10919.73,Actual
P12914,Educational Product 2915,Toys,Educational,1437.6,1979.18,Private Label,0.7263614224072595,1580.4656349856618,1437.6,Actual
P12915,Outdoor Product 2916,Sports,Outdoor,723.38,902.71,Brand D,0.8013426238769926,721.5982737588757,723.38,Actual
P12916,Personal Care Product 2917,Beauty,Personal Care,529.71,677.0,Brand B,0.7824372230428361,540.1697189997496,529.71,Actual
P12917,Action Figures Product 2918,Toys,Action Figures,6470.09,8434.14,Brand B,0.7671309700811227,6735.046044653831,6470.09,Actual
P12918,Footwear Product 2919,Fashion,Footwear,1099.02,1441.16,Private Label,0.7625940214826944,1156.3365926916763,1099.02,Actual
P12919,Outdoor Product 2920,Sports,Outdoor,373.86,432.18,Private Label,0.8650562265722616,345.4712387733723,373.86,Actual
P12920,Non-Fiction Product 2921,Books,Non-Fiction,987.17,1140.31,Brand C,0.8657031859757435,909.0025446213217,987.17,Actual
P12921,Laptops Product 2922,Electronics,Laptops,19280.43,23413.94,Private Label,0.8234594433914156,18724.284580066556,19280.43,Actual
P12922,Makeup Product 2923,Beauty,Makeup,497.0,672.55,Brand C,0.7389785146085793,536.6191204036655,497.0,Actual
P12923,Educational Product 2924,Toys,Educational,3310.68,4226.13,Private Label,0.783383379119904,3374.757846169603,3310.68,Actual
P12924,Action Figures Product 2925,Toys,Action Figures,368.06,436.55,Brand D,0.843110754781812,348.60511573125774,368.06,Actual
P12925,Academic Product 2926,Books,Academic,362.39,440.11,Brand B,0.8234077844175319,350.83539556198747,362.39,Actual
P12926,Non-Fiction Product 2927,Books,Non-Fiction,145.32,176.15,Private Label,0.8249787113255748,140.41865653642066,145.32,Actual
P12927,Snacks Product 2928,Grocery,Snacks,1624.05,2220.46,Brand B,0.7314025021842321,1799.9483765551038,1624.05,Actual
P12928,Packaged Foods Product 2929,Grocery,Packaged Foods,1589.82,2136.46,Brand D,0.744137498478792,1731.8563309291396,1589.82,Actual
P12929,Kitchen Appliances Product 2930,Home & Kitchen,Kitchen Appliances,450.49,575.23,Brand C,0.783147610521009,458.9474990192589,450.49,Actual
P12930,Makeup Product 2931,Beauty,Makeup,1536.61,1749.09,Brand B,0.8785196873802948,1395.5767412190132,1536.61,Actual
P12931,Haircare Product 2932,Beauty,Haircare,2466.94,3237.06,Brand C,0.7620927631863481,2582.809144143766,2466.94,Actual
P12932,Accessories Product 2933,Electronics,Accessories,53891.61,66668.1,Private Label,0.8083567703294379,53314.92592926843,53891.61,Actual
P12933,Action Figures Product 2934,Toys,Action Figures,682.18,899.45,Brand C,0.7584412696647951,718.2519100778371,682.18,Actual
P12934,Packaged Foods Product 2935,Grocery,Packaged Foods,594.77,733.74,Private Label,0.810600485185488,594.7840185427983,594.77,Actual
P12935,Educational Product 2936,Toys,Educational,5197.33,6842.85,Brand D,0.7595270976274505,5464.328292707907,5197.33,Actual
P12936,Staples Product 2937,Grocery,Staples,273.57,339.07,Private Label,0.8068245495030525,274.8567846475681,273.57,Actual
P12937,Sportswear Product 2938,Sports,Sportswear,2563.05,3252.55,Brand B,0.78801248251372,2599.9872221582027,2563.05,Actual
P12938,Accessories Product 2939,Electronics,Accessories,872.63,1068.81,Brand A,0.8164500706393092,854.7345129448925,872.63,Actual
P12939,Outdoor Toys Product 2940,Toys,Outdoor Toys,3457.11,4413.15,Brand C,0.7833656231943171,3524.101858869316,3457.11,Actual
P12940,Haircare Product 2941,Beauty,Haircare,4104.8,5479.29,Brand A,0.7491481560567154,4371.856040794886,4104.8,Actual
P12941,Educational Product 2942,Toys,Educational,269.1,360.65,Private Label,0.7461527797033136,287.99549877099554,269.1,Actual
P12942,Kitchen Appliances Product 2943,Home & Kitchen,Kitchen Appliances,1906.5,2429.74,Brand D,0.7846518557541137,1938.5690876120057,1906.5,Actual
P12943,Outdoor Toys Product 2944,Toys,Outdoor Toys,1845.67,2082.5,Brand C,0.8862761104441778,1662.9713744367066,1845.67,Actual
P12944,Academic Product 2945,Books,Academic,105.56,136.8,Brand D,0.7716374269005848,109.05065123010132,105.56,Actual
P12945,Sportswear Product 2946,Sports,Sportswear,458.97,602.68,Private Label,0.7615484170704189,481.7636313201351,458.97,Actual
P12946,Men Product 2947,Fashion,Men,227.74,305.76,Brand C,0.7448325484039771,245.33117529032648,227.74,Actual
P12947,Action Figures Product 2948,Toys,Action Figures,788.5,982.86,Private Label,0.80225057485298,784.8586050798854,788.5,Actual
P12948,Equipment Product 2949,Sports,Equipment,1104.99,1304.2,Brand A,0.8472550222358534,1042.5368818738307,1104.99,Actual
P12949,Staples Product 2950,Grocery,Staples,487.99,583.97,Private Label,0.8356422418959878,473.3775224308855,487.99,Actual
P12950,Accessories Product 2951,Fashion,Accessories,315.71,377.62,Brand C,0.8360521158836925,302.9891366206603,315.71,Actual
P12951,Personal Care Product 2952,Beauty,Personal Care,1414.8,1877.34,Private Label,0.7536194828853591,1497.90579064548,1414.8,Actual
P12952,Laptops Product 2953,Electronics,Laptops,6675.11,8309.77,Brand C,0.8032845674429014,6645.378704946697,6675.11,Actual
P12953,Sportswear Product 2954,Sports,Sportswear,570.39,651.91,Brand B,0.8749520639352057,521.1165608513793,570.39,Actual
P12954,Fitness Product 2955,Sports,Fitness,629.93,711.6,Brand D,0.8852304665542439,568.830888775815,629.93,Actual
P12955,Cookware Product 2956,Home & Kitchen,Cookware,1763.2,2020.94,Private Label,0.8724652884301365,1612.4078345496255,1763.2,Actual
P12956,Sportswear Product 2957,Sports,Sportswear,319.4,377.73,Brand A,0.8455775289227754,301.9456037342448,319.4,Actual
P12957,Storage Product 2958,Home & Kitchen,Storage,9372.6,12492.19,Private Label,0.7502767729277252,9966.899079973917,9372.6,Actual
P12958,Sportswear Product 2959,Sports,Sportswear,1171.8,1340.26,Private Label,0.8743079700953547,1071.3621233708177,1171.8,Actual
P12959,Makeup Product 2960,Beauty,Makeup,4383.0,5823.62,Brand B,0.7526246561417126,4646.592583399293,4383.0,Actual
P12960,Educational Product 2961,Toys,Educational,1624.4,2102.77,Brand B,0.7725048388554145,1679.157895329783,1624.4,Actual
P12961,Staples Product 2962,Grocery,Staples,55.07,73.09,Brand A,0.7534546449582706,59.248185890496806,55.07,Actual
P12962,Outdoor Product 2963,Sports,Outdoor,262.64,350.67,Private Label,0.748966264579234,280.31468207843596,262.64,Actual
P12963,Makeup Product 2964,Beauty,Makeup,651.47,753.22,Private Label,0.8649133055415417,600.9846909084068,651.47,Actual
P12964,Non-Fiction Product 2965,Books,Non-Fiction,888.39,1065.59,Brand B,0.8337071481526667,849.4392064640617,888.39,Actual
P12965,Mobiles Product 2966,Electronics,Mobiles,61850.02,69988.91,Brand B,0.8837117194709847,55970.59991990524,61850.02,Actual
P12966,Action Figures Product 2967,Toys,Action Figures,955.17,1148.54,Brand A,0.8316384279171818,917.1616530110612,955.17,Actual
P12967,Games Product 2968,Toys,Games,328.53,390.83,Brand D,0.840595655400046,312.09560733306023,328.53,Actual
P12968,Home Decor Product 2969,Home & Kitchen,Home Decor,209.57,274.93,Brand D,0.7622667588113338,219.3530168895309,209.57,Actual
P12969,Educational Product 2970,Toys,Educational,2939.9,3967.97,Private Label,0.7409078193635538,3168.6052939369115,2939.9,Actual
P12970,Fiction Product 2971,Books,Fiction,190.08,254.78,Brand B,0.7460554203626659,203.09886637723108,190.08,Actual
P12971,Mobiles Product 2972,Electronics,Mobiles,9363.33,10653.54,Brand C,0.8788937761532786,8519.707266061256,9363.33,Actual
P12972,Cookware Product 2973,Home & Kitchen,Cookware,2172.65,2452.26,Private Label,0.8859786482673125,1956.5366791456772,2172.65,Actual
P12973,Educational Product 2974,Toys,Educational,1262.82,1665.6,Brand C,0.7581772334293948,1330.0576812781649,1262.82,Actual
P12974,Games Product 2975,Toys,Games,546.26,628.15,Brand B,0.8696330494308684,501.6064676362147,546.26,Actual
P12975,Mobiles Product 2976,Electronics,Mobiles,10930.15,13057.52,Brand B,0.8370770253463138,10442.18616729652,10930.15,Actual
P12976,Snacks Product 2977,Grocery,Snacks,66.57,89.51,Brand D,0.7437157859457043,72.55855957119127,66.57,Actual
P12977,Personal Care Product 2978,Beauty,Personal Care,,2285.98,Brand B,,1823.9544671182387,1823.9544671182387,Estimated
P12978,Accessories Product 2979,Fashion,Accessories,591.69,780.82,Brand A,0.7577802822673599,626.5027743661459,591.69,Actual
P12979,Packaged Foods Product 2980,Grocery,Packaged Foods,50.7,57.57,Brand D,0.8806670140698281,46.667369841509114,50.7,Actual
P12980,Accessories Product 2981,Electronics,Accessories,14510.98,17400.61,Private Label,0.8339351321591599,13915.384318348468,14510.98,Actual
P12981,Personal Care Product 2982,Beauty,Personal Care,5654.62,7221.78,Brand A,0.7829953280216235,5762.166725669145,5654.62,Actual
P12982,Men Product 2983,Fashion,Men,1810.81,2324.57,Private Label,0.7789870814817363,1865.1540101538276,1810.81,Actual
P12983,Makeup Product 2984,Beauty,Makeup,193.78,248.12,Brand B,0.7809930678703852,197.97180306974576,193.78,Actual
P12984,Staples Product 2985,Grocery,Staples,317.26,377.72,Brand B,0.8399343428995022,306.1872318314195,317.26,Actual
P12985,Games Product 2986,Toys,Games,1948.89,2458.74,Brand A,0.7926376924766345,1963.4162003277347,1948.89,Actual
P12986,Accessories Product 2987,Electronics,Accessories,1177.82,1502.33,Brand B,0.7839955269481406,1201.423359467539,1177.82,Actual
P12987,Home Decor Product 2988,Home & Kitchen,Home Decor,13413.24,16708.79,Brand A,0.802765490499312,13331.115175039555,13413.24,Actual
P12988,Audio Product 2989,Electronics,Audio,2295.78,2601.12,Private Label,0.8826121055545305,2080.1330791358787,2295.78,Actual
P12989,Non-Fiction Product 2990,Books,Non-Fiction,959.17,1248.7,Brand D,0.7681348602546648,995.4060540279788,959.17,Actual
P12990,Educational Product 2991,Toys,Educational,3464.56,4644.84,Brand B,0.7458943688049534,3709.116907005326,3464.56,Actual
P12991,Educational Product 2992,Toys,Educational,4775.65,6149.89,Brand A,0.7765423446598231,4910.96807968046,4775.65,Actual
P12992,Men Product 2993,Fashion,Men,1034.81,1188.54,Brand A,0.8706564356269035,953.6431026935003,1034.81,Actual
P12993,Audio Product 2994,Electronics,Audio,14911.24,19822.82,Private Label,0.7522259698670523,15852.44187263805,14911.24,Actual
P12994,Laptops Product 2995,Electronics,Laptops,12921.34,15317.76,Brand D,0.8435528432355645,12249.715228157256,12921.34,Actual
P12995,Accessories Product 2996,Fashion,Accessories,5123.73,6257.89,Brand D,0.8187631933447215,5021.112992339029,5123.73,Actual
P12996,Equipment Product 2997,Sports,Equipment,2998.99,3711.44,Private Label,0.8080394671609941,2966.8096034824493,2998.99,Actual
P12997,Audio Product 2998,Electronics,Audio,58629.9,77503.37,Brand B,0.7564819439464375,61979.96389305657,58629.9,Actual
P12998,Fitness Product 2999,Sports,Fitness,1292.31,1481.85,Brand B,0.8720923170361373,1184.5447618499738,1292.31,Actual
P12999,Outdoor Product 3000,Sports,Outdoor,5708.73,6926.39,Brand D,0.8241999078885248,5536.7405560819525,5708.73,Actual
