return_id,order_id,return_date,return_reason,refund_status
R4000000,O1107106,2023-09-16,Late Delivery,Refunded
R4000001,O1061544,2024-11-17,Wrong Item,Refunded
R4000002,O1014531,2025-10-12,Not as Expected,Refunded
R4000003,O1161533,2024-12-13,Size Issue,Refunded
R4000004,O1136498,2023-05-28,Not as Expected,Refunded
R4000005,O1117852,2023-07-06,Damaged,Refunded
R4000006,O1032257,2024-07-06,Wrong Item,Refunded
R4000007,O1067826,2024-12-24,Size Issue,Refunded
R4000008,O1123073,2024-03-15,Not as Expected,Processing
R4000009,O1139276,2024-05-15,Wrong Item,Refunded
R4000010,O1179130,2025-01-05,Changed Mind,Refunded
R4000011,O1106684,2024-08-09,Size Issue,Refunded
R4000012,O1136763,2024-11-15,Wrong Item,Refunded
R4000013,O1087998,2023-10-24,Damaged,Refunded
R4000014,O1048525,2025-04-02,Damaged,Refunded
R4000015,O1091092,2023-07-18,Size Issue,Refunded
R4000016,O1122075,2025-08-09,Not as Expected,Refunded
R4000017,O1020016,2023-03-15,Changed Mind,Refunded
R4000018,O1035388,2023-07-31,Size Issue,Refunded
R4000019,O1139260,2025-03-11,Changed Mind,Refunded
R4000020,O1115909,2025-11-08,Changed Mind,Refunded
R4000021,O1088594,2024-07-20,Late Delivery,Refunded
R4000022,O1035349,2024-10-02,Wrong Item,Refunded
R4000023,O1059155,2023-07-14,Damaged,Refunded
R4000024,O1026561,2025-12-28,Wrong Item,Refunded
R4000025,O1151957,2025-11-20,Not as Expected,Refunded
R4000026,O1111814,2023-08-24,Damaged,Refunded
R4000027,O1051003,2024-11-15,Damaged,Refunded
R4000028,O1147802,2024-01-01,Size Issue,Refunded
R4000029,O1019085,2023-12-01,Not as Expected,Refunded
R4000030,O1119404,2024-06-30,Not as Expected,Refunded
R4000031,O1063734,2023-10-05,Wrong Item,Refunded
R4000032,O1058987,2024-03-27,Damaged,Refunded
R4000033,O1112849,2025-12-23,Not as Expected,Refunded
R4000034,O1071483,2025-04-17,Late Delivery,Refunded
R4000035,O1023434,2023-08-29,Not as Expected,Refunded
R4000036,O1005047,2024-04-18,Not as Expected,Refunded
R4000037,O1114349,2025-12-13,Not as Expected,Refunded
R4000038,O1123412,2024-08-05,Not as Expected,Refunded
R4000039,O1017053,2025-11-09,Damaged,Refunded
R4000040,O1052206,2025-03-10,Wrong Item,Refunded
R4000041,O1121672,2023-02-22,Not as Expected,Refunded
R4000042,O1162400,2023-07-28,Not as Expected,Refunded
R4000043,O1025668,2025-07-17,Not as Expected,Refunded
R4000044,O1013101,2024-09-14,Damaged,Refunded
R4000045,O1134108,2023-03-31,Not as Expected,Refunded
R4000046,O1148458,2023-08-20,Not as Expected,Refunded
R4000047,O1059574,2025-11-19,Late Delivery,Refunded
R4000048,O1087741,2025-04-07,Size Issue,Refunded
R4000049,O1120568,2025-10-23,Size Issue,Refunded
R4000050,O1090594,2024-07-08,Not as Expected,Refunded
R4000051,O1072393,2023-01-13,Changed Mind,Refunded
R4000052,O1094529,2026-01-06,Wrong Item,Refunded
R4000053,O1099423,2023-01-30,Changed Mind,Refunded
R4000054,O1165459,2025-04-22,Not as Expected,Refunded
R4000055,O1125293,2025-01-25,Size Issue,Refunded
R4000056,O1074273,2023-07-16,Size Issue,Refunded
R4000057,O1125789,2024-06-14,Changed Mind,Refunded
R4000058,O1070497,2024-05-17,Not as Expected,Refunded
R4000059,O1097510,2024-10-09,Not as Expected,Processing
R4000060,O1009227,2023-05-21,Damaged,Refunded
R4000061,O1045812,2025-01-31,Changed Mind,Refunded
R4000062,O1139416,2025-10-05,Late Delivery,Refunded
R4000063,O1021200,2025-10-25,Late Delivery,Processing
R4000064,O1149142,2023-04-17,Not as Expected,Refunded
R4000065,O1062710,2025-07-01,Not as Expected,Processing
R4000066,O1110966,2024-12-03,Late Delivery,Refunded
R4000067,O1126544,2024-12-02,Damaged,Refunded
R4000068,O1117002,2023-10-24,Changed Mind,Refunded
R4000069,O1044231,2025-02-23,Late Delivery,Refunded
R4000070,O1055294,2025-08-27,Not as Expected,Refunded
R4000071,O1111357,2023-12-09,Not as Expected,Refunded
R4000072,O1100829,2023-04-19,Damaged,Refunded
R4000073,O1112188,2023-02-10,Not as Expected,Refunded
R4000074,O1119362,2023-10-10,Changed Mind,Refunded
R4000075,O1078249,2023-12-17,Not as Expected,Refunded
R4000076,O1046422,2024-06-27,Damaged,Refunded
R4000077,O1052874,2025-08-13,Size Issue,Refunded
R4000078,O1054905,2023-04-14,Damaged,Refunded
R4000079,O1019165,2023-02-08,Changed Mind,Processing
R4000080,O1085464,2023-03-31,Size Issue,Refunded
R4000081,O1120936,2025-03-31,Size Issue,Refunded
R4000082,O1049823,2023-11-24,Late Delivery,Refunded
R4000083,O1119760,2025-07-27,Damaged,Refunded
R4000084,O1038443,2024-07-20,Changed Mind,Refunded
R4000085,O1154476,2024-08-28,Not as Expected,Refunded
R4000086,O1174683,2023-05-07,Wrong Item,Refunded
R4000087,O1131235,2023-10-08,Wrong Item,Refunded
R4000088,O1002825,2024-02-07,Wrong Item,Refunded
R4000089,O1044584,2024-09-03,Changed Mind,Refunded
R4000090,O1085389,2024-07-14,Not as Expected,Processing
R4000091,O1116996,2025-03-19,Not as Expected,Refunded
R4000092,O1024324,2025-08-29,Not as Expected,Refunded
R4000093,O1079466,2026-01-07,Damaged,Refunded
R4000094,O1163593,2025-03-14,Size Issue,Refunded
R4000095,O1157519,2025-02-04,Damaged,Refunded
R4000096,O1124739,2023-12-12,Wrong Item,Refunded
R4000097,O1022460,2024-07-19,Changed Mind,Processing
R4000098,O1069300,2023-06-19,Late Delivery,Refunded
R4000099,O1050964,2025-03-20,Wrong Item,Refunded
R4000100,O1174233,2025-08-25,Not as Expected,Refunded
R4000101,O1076033,2025-09-08,Changed Mind,Refunded
R4000102,O1049921,2025-10-14,Size Issue,Refunded
R4000103,O1079129,2023-04-24,Not as Expected,Processing
R4000104,O1009503,2025-11-28,Size Issue,Refunded
R4000105,O1108265,2024-05-02,Changed Mind,Refunded
R4000106,O1164889,2025-03-27,Wrong Item,Refunded
R4000107,O1136490,2025-12-02,Not as Expected,Refunded
R4000108,O1083796,2023-09-02,Not as Expected,Refunded
R4000109,O1089563,2025-09-28,Wrong Item,Refunded
R4000110,O1083466,2024-06-28,Size Issue,Refunded
R4000111,O1174109,2025-07-20,Damaged,Refunded
R4000112,O1162449,2025-02-03,Size Issue,Processing
R4000113,O1093364,2025-06-12,Changed Mind,Refunded
R4000114,O1136967,2024-02-01,Size Issue,Refunded
R4000115,O1104254,2024-11-06,Damaged,Refunded
R4000116,O1050919,2024-07-05,Damaged,Refunded
R4000117,O1091410,2024-10-16,Not as Expected,Refunded
R4000118,O1105315,2025-10-16,Wrong Item,Refunded
R4000119,O1169361,2025-02-27,Size Issue,Refunded
R4000120,O1067866,2023-10-03,Changed Mind,Refunded
R4000121,O1132238,2023-11-16,Not as Expected,Refunded
R4000122,O1068049,2024-11-16,Wrong Item,Refunded
R4000123,O1053459,2025-05-14,Damaged,Refunded
R4000124,O1125090,2024-09-25,Not as Expected,Refunded
R4000125,O1015332,2024-11-26,Late Delivery,Refunded
R4000126,O1153413,2024-02-04,Not as Expected,Refunded
R4000127,O1143497,2025-07-03,Late Delivery,Refunded
R4000128,O1053758,2024-02-16,Late Delivery,Refunded
R4000129,O1070062,2025-08-19,Size Issue,Refunded
R4000130,O1122015,2024-10-21,Not as Expected,Refunded
R4000131,O1061246,2025-01-31,Wrong Item,Refunded
R4000132,O1179380,2024-12-08,Late Delivery,Refunded
R4000133,O1159956,2025-03-29,Damaged,Refunded
R4000134,O1179104,2025-06-18,Damaged,Refunded
R4000135,O1118923,2024-04-19,Damaged,Refunded
R4000136,O1001924,2025-04-19,Changed Mind,Refunded
R4000137,O1043395,2024-06-07,Changed Mind,Refunded
R4000138,O1061043,2025-11-03,Damaged,Refunded
R4000139,O1150370,2025-12-07,Size Issue,Refunded
R4000140,O1013051,2023-12-22,Damaged,Refunded
R4000141,O1125910,2025-04-09,Damaged,Refunded
R4000142,O1079684,2025-07-25,Size Issue,Refunded
R4000143,O1033310,2023-07-02,Size Issue,Refunded
R4000144,O1069896,2024-12-11,Late Delivery,Refunded
R4000145,O1142118,2023-06-16,Late Delivery,Refunded
R4000146,O1175455,2025-09-20,Not as Expected,Refunded
R4000147,O1044205,2026-01-01,Size Issue,Refunded
R4000148,O1075727,2025-07-17,Not as Expected,Refunded
R4000149,O1160870,2023-08-20,Damaged,Refunded
R4000150,O1081195,2023-10-02,Damaged,Refunded
R4000151,O1154601,2025-07-12,Size Issue,Processing
R4000152,O1174074,2024-03-24,Not as Expected,Refunded
R4000153,O1070988,2025-04-27,Size Issue,Refunded
R4000154,O1038327,2024-10-31,Late Delivery,Refunded
R4000155,O1150332,2024-06-26,Not as Expected,Refunded
R4000156,O1008984,2025-01-06,Damaged,Refunded
R4000157,O1079586,2023-12-03,Changed Mind,Refunded
R4000158,O1007181,2024-08-30,Damaged,Refunded
R4000159,O1138543,2025-02-21,Damaged,Refunded
R4000160,O1121610,2023-08-02,Wrong Item,Refunded
R4000161,O1120448,2025-04-23,Late Delivery,Refunded
R4000162,O1177537,2023-11-10,Not as Expected,Refunded
R4000163,O1001585,2025-07-20,Late Delivery,Refunded
R4000164,O1135447,2024-04-14,Not as Expected,Refunded
R4000165,O1067948,2023-06-01,Changed Mind,Refunded
R4000166,O1020309,2023-03-30,Changed Mind,Refunded
R4000167,O1051842,2023-11-04,Wrong Item,Refunded
R4000168,O1098360,2023-12-31,Size Issue,Refunded
R4000169,O1079483,2023-08-01,Wrong Item,Refunded
R4000170,O1168430,2025-03-18,Size Issue,Refunded
R4000171,O1032689,2023-03-25,Not as Expected,Refunded
R4000172,O1094477,2025-11-14,Late Delivery,Refunded
R4000173,O1008582,2025-02-08,Not as Expected,Refunded
R4000174,O1032284,2025-09-22,Size Issue,Refunded
R4000175,O1079022,2024-05-25,Damaged,Processing
R4000176,O1100835,2025-07-31,Size Issue,Refunded
R4000177,O1133583,2024-12-27,Size Issue,Refunded
R4000178,O1147578,2024-04-17,Wrong Item,Refunded
R4000179,O1050434,2025-08-25,Not as Expected,Refunded
R4000180,O1034488,2024-01-13,Not as Expected,Processing
R4000181,O1179385,2023-07-16,Wrong Item,Processing
R4000182,O1068325,2023-02-19,Size Issue,Refunded
R4000183,O1107581,2025-10-21,Not as Expected,Refunded
R4000184,O1138399,2023-09-22,Not as Expected,Refunded
R4000185,O1132866,2024-08-13,Not as Expected,Refunded
R4000186,O1120761,2024-08-02,Size Issue,Refunded
R4000187,O1107274,2023-10-02,Not as Expected,Refunded
R4000188,O1156262,2023-07-02,Wrong Item,Refunded
R4000189,O1162021,2025-10-31,Late Delivery,Processing
R4000190,O1114146,2024-09-30,Changed Mind,Refunded
R4000191,O1172261,2023-09-27,Damaged,Refunded
R4000192,O1063838,2023-04-28,Size Issue,Refunded
R4000193,O1092208,2023-06-09,Damaged,Refunded
R4000194,O1072120,2023-12-30,Changed Mind,Refunded
R4000195,O1036488,2024-02-10,Wrong Item,Refunded
R4000196,O1092719,2023-05-25,Size Issue,Refunded
R4000197,O1014322,2023-04-15,Damaged,Refunded
R4000198,O1137095,2025-03-14,Late Delivery,Refunded
R4000199,O1054303,2024-04-17,Wrong Item,Refunded
R4000200,O1091773,2025-02-22,Wrong Item,Processing
R4000201,O1116203,2023-10-23,Not as Expected,Refunded
R4000202,O1112815,2023-06-29,Damaged,Refunded
R4000203,O1070302,2023-01-19,Damaged,Refunded
R4000204,O1102176,2024-05-02,Changed Mind,Refunded
R4000205,O1054174,2025-09-09,Damaged,Refunded
R4000206,O1038632,2023-10-25,Not as Expected,Refunded
R4000207,O1048014,2024-11-04,Late Delivery,Refunded
R4000208,O1057393,2024-10-09,Late Delivery,Refunded
R4000209,O1148847,2023-12-23,Late Delivery,Refunded
R4000210,O1173366,2025-03-17,Late Delivery,Refunded
R4000211,O1040688,2023-04-04,Wrong Item,Refunded
R4000212,O1090316,2025-04-21,Wrong Item,Processing
R4000213,O1084536,2023-06-01,Not as Expected,Refunded
R4000214,O1088894,2024-09-22,Damaged,Refunded
R4000215,O1069317,2024-03-31,Not as Expected,Refunded
R4000216,O1075565,2024-03-01,Damaged,Processing
R4000217,O1046883,2025-11-10,Changed Mind,Refunded
R4000218,O1056712,2023-12-11,Changed Mind,Refunded
R4000219,O1084137,2023-02-21,Late Delivery,Processing
R4000220,O1089002,2024-05-19,Size Issue,Refunded
R4000221,O1128776,2025-09-13,Damaged,Refunded
R4000222,O1116583,2025-10-13,Changed Mind,Refunded
R4000223,O1145258,2023-07-15,Wrong Item,Refunded
R4000224,O1168811,2025-07-07,Late Delivery,Refunded
R4000225,O1058142,2024-12-01,Not as Expected,Refunded
R4000226,O1131857,2025-11-21,Not as Expected,Refunded
R4000227,O1179983,2025-06-01,Not as Expected,Refunded
R4000228,O1081980,2025-09-20,Changed Mind,Refunded
R4000229,O1090601,2023-01-09,Size Issue,Refunded
R4000230,O1112674,2025-05-12,Changed Mind,Refunded
R4000231,O1031525,2023-03-23,Wrong Item,Processing
R4000232,O1129532,2025-07-14,Damaged,Processing
R4000233,O1147333,2025-08-27,Size Issue,Refunded
R4000234,O1155445,2023-07-02,Not as Expected,Refunded
R4000235,O1002267,2024-05-15,Not as Expected,Refunded
R4000236,O1122645,2024-08-13,Damaged,Refunded
R4000237,O1089902,2024-02-23,Late Delivery,Refunded
R4000238,O1019536,2023-09-08,Changed Mind,Refunded
R4000239,O1150858,2025-01-03,Late Delivery,Refunded
R4000240,O1016546,2023-07-19,Damaged,Refunded
R4000241,O1148841,2025-08-29,Size Issue,Processing
R4000242,O1011643,2023-07-10,Late Delivery,Refunded
R4000243,O1016466,2025-10-26,Wrong Item,Refunded
R4000244,O1108127,2024-11-21,Not as Expected,Refunded
R4000245,O1104752,2024-11-08,Changed Mind,Refunded
R4000246,O1020975,2025-07-06,Damaged,Refunded
R4000247,O1110967,2023-10-18,Not as Expected,Refunded
R4000248,O1036554,2024-12-06,Not as Expected,Refunded
R4000249,O1059083,2023-11-24,Damaged,Refunded
R4000250,O1110930,2023-05-13,Damaged,Refunded
R4000251,O1005550,2025-08-03,Not as Expected,Refunded
R4000252,O1129676,2024-04-21,Damaged,Processing
R4000253,O1026834,2023-03-06,Damaged,Refunded
R4000254,O1048928,2025-01-26,Not as Expected,Refunded
R4000255,O1144968,2024-12-05,Size Issue,Refunded
R4000256,O1124101,2023-07-14,Wrong Item,Processing
R4000257,O1143399,2025-01-18,Wrong Item,Refunded
R4000258,O1177065,2023-04-04,Damaged,Processing
R4000259,O1080781,2025-12-28,Damaged,Refunded
R4000260,O1093978,2024-09-04,Late Delivery,Refunded
R4000261,O1139306,2025-11-04,Damaged,Refunded
R4000262,O1066763,2023-12-21,Wrong Item,Refunded
R4000263,O1127624,2024-07-29,Wrong Item,Refunded
R4000264,O1177361,2023-02-20,Late Delivery,Refunded
R4000265,O1141407,2024-06-14,Size Issue,Refunded
R4000266,O1037042,2025-02-19,Not as Expected,Processing
R4000267,O1110312,2025-09-13,Not as Expected,Refunded
R4000268,O1057452,2025-05-26,Late Delivery,Refunded
R4000269,O1054589,2023-05-11,Changed Mind,Refunded
R4000270,O1006931,2024-08-24,Not as Expected,Refunded
R4000271,O1050909,2024-06-23,Damaged,Refunded
R4000272,O1013978,2024-09-06,Wrong Item,Refunded
R4000273,O1069892,2025-03-25,Size Issue,Refunded
R4000274,O1009950,2024-04-26,Wrong Item,Refunded
R4000275,O1108031,2024-08-08,Changed Mind,Refunded
R4000276,O1142650,2024-07-02,Not as Expected,Refunded
R4000277,O1141824,2023-08-07,Not as Expected,Refunded
R4000278,O1160088,2023-09-18,Late Delivery,Refunded
R4000279,O1061676,2025-12-06,Wrong Item,Refunded
R4000280,O1147498,2025-02-14,Damaged,Refunded
R4000281,O1169756,2023-10-06,Damaged,Refunded
R4000282,O1140833,2025-03-27,Size Issue,Refunded
R4000283,O1090279,2025-03-24,Wrong Item,Refunded
R4000284,O1110283,2025-11-19,Damaged,Refunded
R4000285,O1153756,2024-02-23,Size Issue,Refunded
R4000286,O1155682,2023-04-05,Not as Expected,Refunded
R4000287,O1028197,2025-12-30,Size Issue,Refunded
R4000288,O1143832,2023-12-05,Not as Expected,Refunded
R4000289,O1025856,2025-06-29,Not as Expected,Processing
R4000290,O1014553,2024-08-20,Wrong Item,Refunded
R4000291,O1097162,2023-11-11,Size Issue,Refunded
R4000292,O1099162,2025-11-14,Size Issue,Refunded
R4000293,O1010781,2023-04-19,Damaged,Refunded
R4000294,O1078579,2025-04-11,Not as Expected,Refunded
R4000295,O1170268,2024-01-31,Late Delivery,Refunded
R4000296,O1110974,2023-03-15,Not as Expected,Refunded
R4000297,O1117592,2023-08-29,Size Issue,Refunded
R4000298,O1120666,2024-11-25,Late Delivery,Refunded
R4000299,O1072593,2024-06-13,Damaged,Refunded
R4000300,O1085368,2023-04-20,Not as Expected,Refunded
R4000301,O1028174,2024-02-26,Wrong Item,Refunded
R4000302,O1179844,2025-02-04,Changed Mind,Refunded
R4000303,O1164842,2023-05-19,Not as Expected,Refunded
R4000304,O1166484,2025-07-01,Damaged,Refunded
R4000305,O1008241,2026-01-02,Wrong Item,Refunded
R4000306,O1090795,2024-08-06,Damaged,Refunded
R4000307,O1142238,2025-10-09,Damaged,Refunded
R4000308,O1146452,2025-01-22,Not as Expected,Refunded
R4000309,O1131140,2025-06-04,Wrong Item,Refunded
R4000310,O1081608,2023-06-25,Changed Mind,Refunded
R4000311,O1055065,2025-09-02,Damaged,Refunded
R4000312,O1157990,2025-07-09,Damaged,Refunded
R4000313,O1121068,2025-08-22,Wrong Item,Processing
R4000314,O1097387,2023-12-22,Wrong Item,Refunded
R4000315,O1124847,2024-02-24,Late Delivery,Refunded
R4000316,O1116082,2025-10-12,Damaged,Refunded
R4000317,O1164903,2024-01-16,Not as Expected,Refunded
R4000318,O1047920,2025-04-12,Late Delivery,Processing
R4000319,O1110289,2025-01-04,Late Delivery,Refunded
R4000320,O1122737,2024-11-09,Wrong Item,Refunded
R4000321,O1063014,2023-06-27,Wrong Item,Refunded
R4000322,O1079978,2024-01-07,Not as Expected,Refunded
R4000323,O1136482,2024-10-18,Late Delivery,Refunded
R4000324,O1114527,2025-12-30,Late Delivery,Processing
R4000325,O1078487,2023-06-29,Wrong Item,Refunded
R4000326,O1128732,2023-04-25,Late Delivery,Refunded
R4000327,O1105947,2025-05-21,Wrong Item,Processing
R4000328,O1042559,2024-05-22,Not as Expected,Processing
R4000329,O1068835,2025-11-04,Not as Expected,Refunded
R4000330,O1080319,2023-07-04,Not as Expected,Processing
R4000331,O1020046,2025-03-26,Not as Expected,Refunded
R4000332,O1121631,2023-08-11,Late Delivery,Refunded
R4000333,O1076204,2025-09-08,Not as Expected,Refunded
R4000334,O1042535,2023-07-08,Not as Expected,Refunded
R4000335,O1027173,2024-03-21,Not as Expected,Refunded
R4000336,O1132886,2025-04-06,Not as Expected,Refunded
R4000337,O1079091,2023-03-05,Late Delivery,Refunded
R4000338,O1031040,2024-10-15,Late Delivery,Refunded
R4000339,O1079723,2026-01-12,Not as Expected,Refunded
R4000340,O1031110,2024-05-03,Not as Expected,Refunded
R4000341,O1045778,2023-06-18,Changed Mind,Refunded
R4000342,O1075182,2025-02-24,Damaged,Refunded
R4000343,O1089425,2024-08-05,Not as Expected,Refunded
R4000344,O1072675,2023-03-15,Changed Mind,Refunded
R4000345,O1147209,2025-12-19,Not as Expected,Refunded
R4000346,O1017719,2023-08-13,Wrong Item,Refunded
R4000347,O1056942,2024-11-01,Changed Mind,Refunded
R4000348,O1105797,2023-12-08,Changed Mind,Processing
R4000349,O1159040,2024-10-16,Not as Expected,Refunded
R4000350,O1079693,2025-03-03,Not as Expected,Refunded
R4000351,O1121795,2024-05-16,Damaged,Refunded
R4000352,O1114421,2023-03-01,Late Delivery,Refunded
R4000353,O1134947,2024-02-18,Damaged,Refunded
R4000354,O1104023,2024-12-11,Damaged,Refunded
R4000355,O1120577,2023-12-25,Size Issue,Refunded
R4000356,O1042690,2023-12-19,Size Issue,Refunded
R4000357,O1150873,2025-06-13,Changed Mind,Refunded
R4000358,O1174497,2024-05-17,Not as Expected,Refunded
R4000359,O1165521,2024-01-14,Size Issue,Refunded
R4000360,O1033570,2024-03-29,Damaged,Refunded
R4000361,O1018586,2024-01-12,Wrong Item,Refunded
R4000362,O1172214,2024-08-23,Damaged,Refunded
R4000363,O1130322,2023-11-21,Size Issue,Refunded
R4000364,O1002779,2025-11-23,Late Delivery,Refunded
R4000365,O1153800,2024-11-04,Size Issue,Refunded
R4000366,O1173459,2023-04-16,Size Issue,Refunded
R4000367,O1028074,2024-11-03,Not as Expected,Refunded
R4000368,O1145947,2024-06-12,Late Delivery,Refunded
R4000369,O1138479,2023-06-01,Not as Expected,Refunded
R4000370,O1015572,2024-10-05,Size Issue,Refunded
R4000371,O1094100,2023-01-26,Size Issue,Refunded
R4000372,O1044963,2025-08-06,Size Issue,Refunded
R4000373,O1145193,2023-04-26,Damaged,Refunded
R4000374,O1093777,2025-10-29,Damaged,Refunded
R4000375,O1000536,2025-11-26,Changed Mind,Refunded
R4000376,O1005379,2024-12-02,Late Delivery,Refunded
R4000377,O1158891,2025-04-17,Damaged,Refunded
R4000378,O1050229,2023-02-02,Late Delivery,Refunded
R4000379,O1051982,2023-01-16,Wrong Item,Refunded
R4000380,O1059722,2024-04-19,Damaged,Refunded
R4000381,O1130432,2024-08-23,Not as Expected,Refunded
R4000382,O1101656,2024-08-12,Not as Expected,Refunded
R4000383,O1139646,2024-07-28,Wrong Item,Refunded
R4000384,O1087665,2023-11-30,Late Delivery,Refunded
R4000385,O1029318,2023-01-09,Damaged,Refunded
R4000386,O1014987,2025-08-29,Damaged,Refunded
R4000387,O1089474,2025-07-23,Changed Mind,Refunded
R4000388,O1017543,2023-12-22,Size Issue,Refunded
R4000389,O1020927,2024-10-24,Changed Mind,Refunded
R4000390,O1153203,2024-07-09,Changed Mind,Refunded
R4000391,O1081225,2024-02-06,Not as Expected,Refunded
R4000392,O1000055,2024-04-12,Size Issue,Refunded
R4000393,O1145482,2023-09-23,Changed Mind,Refunded
R4000394,O1176024,2024-06-18,Size Issue,Refunded
R4000395,O1141084,2023-02-17,Wrong Item,Refunded
R4000396,O1085392,2025-12-24,Damaged,Refunded
R4000397,O1144962,2024-01-11,Damaged,Refunded
R4000398,O1177749,2023-09-03,Size Issue,Refunded
R4000399,O1148857,2024-03-21,Not as Expected,Refunded
R4000400,O1053823,2023-05-24,Size Issue,Refunded
R4000401,O1125767,2025-10-02,Damaged,Refunded
R4000402,O1148457,2025-02-21,Not as Expected,Refunded
R4000403,O1021992,2025-08-25,Damaged,Refunded
R4000404,O1058676,2023-02-27,Not as Expected,Refunded
R4000405,O1153380,2024-09-04,Not as Expected,Refunded
R4000406,O1099371,2024-08-13,Wrong Item,Refunded
R4000407,O1083600,2023-04-06,Late Delivery,Refunded
R4000408,O1145709,2025-02-08,Size Issue,Refunded
R4000409,O1105136,2024-01-13,Changed Mind,Refunded
R4000410,O1051188,2023-06-26,Not as Expected,Refunded
R4000411,O1163706,2023-11-20,Changed Mind,Refunded
R4000412,O1051713,2025-07-14,Changed Mind,Refunded
R4000413,O1155667,2025-07-26,Changed Mind,Refunded
R4000414,O1070427,2025-02-24,Wrong Item,Processing
R4000415,O1134149,2025-05-14,Wrong Item,Refunded
R4000416,O1174980,2024-05-04,Changed Mind,Refunded
R4000417,O1053552,2024-01-31,Size Issue,Refunded
R4000418,O1166827,2025-12-28,Damaged,Refunded
R4000419,O1092086,2025-08-13,Late Delivery,Refunded
R4000420,O1007813,2025-11-23,Changed Mind,Refunded
R4000421,O1069451,2025-01-20,Late Delivery,Refunded
R4000422,O1111788,2025-05-15,Changed Mind,Refunded
R4000423,O1131830,2024-04-05,Wrong Item,Refunded
R4000424,O1023328,2023-09-23,Not as Expected,Refunded
R4000425,O1078854,2024-04-07,Late Delivery,Refunded
R4000426,O1171433,2023-11-12,Damaged,Processing
R4000427,O1082927,2024-08-11,Size Issue,Refunded
R4000428,O1075525,2024-02-19,Changed Mind,Refunded
R4000429,O1170988,2025-08-19,Not as Expected,Refunded
R4000430,O1160451,2025-06-15,Not as Expected,Refunded
R4000431,O1000575,2024-04-07,Not as Expected,Refunded
R4000432,O1055836,2025-05-18,Not as Expected,Refunded
R4000433,O1054192,2025-09-28,Changed Mind,Refunded
R4000434,O1067900,2024-03-26,Size Issue,Refunded
R4000435,O1082428,2024-08-05,Damaged,Refunded
R4000436,O1036739,2024-07-20,Size Issue,Refunded
R4000437,O1117916,2024-10-10,Late Delivery,Refunded
R4000438,O1050862,2025-01-19,Not as Expected,Refunded
R4000439,O1171245,2023-07-30,Wrong Item,Refunded
R4000440,O1081955,2024-01-24,Not as Expected,Refunded
R4000441,O1036298,2024-09-19,Size Issue,Refunded
R4000442,O1082554,2023-04-12,Damaged,Refunded
R4000443,O1035769,2025-01-04,Damaged,Refunded
R4000444,O1146822,2024-06-10,Not as Expected,Refunded
R4000445,O1177213,2023-09-25,Damaged,Refunded
R4000446,O1066596,2023-09-30,Not as Expected,Refunded
R4000447,O1159946,2025-06-27,Damaged,Refunded
R4000448,O1011036,2023-12-09,Changed Mind,Refunded
R4000449,O1133713,2023-05-14,Size Issue,Refunded
R4000450,O1031029,2023-03-19,Damaged,Refunded
R4000451,O1030044,2025-06-04,Late Delivery,Refunded
R4000452,O1130876,2025-12-27,Not as Expected,Refunded
R4000453,O1044842,2025-09-04,Size Issue,Processing
R4000454,O1043762,2025-12-03,Late Delivery,Refunded
R4000455,O1117721,2024-08-18,Wrong Item,Processing
R4000456,O1012635,2023-01-14,Late Delivery,Refunded
R4000457,O1013154,2024-07-26,Changed Mind,Refunded
R4000458,O1178682,2024-05-25,Wrong Item,Refunded
R4000459,O1170070,2023-05-23,Not as Expected,Refunded
R4000460,O1111879,2024-12-31,Not as Expected,Refunded
R4000461,O1165023,2024-10-28,Late Delivery,Refunded
R4000462,O1044375,2023-04-16,Changed Mind,Refunded
R4000463,O1176378,2023-02-16,Not as Expected,Refunded
R4000464,O1175813,2024-12-21,Not as Expected,Refunded
R4000465,O1172822,2024-11-10,Wrong Item,Refunded
R4000466,O1179475,2024-02-21,Not as Expected,Refunded
R4000467,O1063143,2025-02-21,Size Issue,Refunded
R4000468,O1106646,2025-02-14,Size Issue,Processing
R4000469,O1000229,2025-07-07,Late Delivery,Refunded
R4000470,O1059588,2025-05-04,Not as Expected,Refunded
R4000471,O1178312,2025-07-02,Not as Expected,Refunded
R4000472,O1095313,2024-04-11,Late Delivery,Refunded
R4000473,O1040590,2024-06-14,Late Delivery,Refunded
R4000474,O1165057,2023-09-03,Not as Expected,Refunded
R4000475,O1049000,2024-12-06,Changed Mind,Refunded
R4000476,O1170106,2024-02-27,Damaged,Refunded
R4000477,O1095800,2024-01-04,Wrong Item,Refunded
R4000478,O1018849,2023-08-11,Wrong Item,Refunded
R4000479,O1022095,2025-11-19,Damaged,Refunded
R4000480,O1100851,2025-11-18,Changed Mind,Processing
R4000481,O1158468,2023-10-31,Not as Expected,Refunded
R4000482,O1044911,2024-02-28,Wrong Item,Refunded
R4000483,O1158602,2025-04-04,Not as Expected,Refunded
R4000484,O1086468,2023-07-25,Not as Expected,Refunded
R4000485,O1140503,2024-06-11,Not as Expected,Refunded
R4000486,O1126539,2024-07-27,Late Delivery,Refunded
R4000487,O1129984,2023-09-10,Late Delivery,Refunded
R4000488,O1092955,2025-10-08,Not as Expected,Refunded
R4000489,O1123937,2024-11-11,Not as Expected,Refunded
R4000490,O1026307,2023-06-21,Late Delivery,Processing
R4000491,O1134740,2023-10-22,Not as Expected,Refunded
R4000492,O1010032,2023-01-21,Changed Mind,Refunded
R4000493,O1092608,2025-04-29,Not as Expected,Refunded
R4000494,O1075666,2023-03-15,Late Delivery,Refunded
R4000495,O1175443,2024-10-06,Changed Mind,Refunded
R4000496,O1093896,2024-01-02,Not as Expected,Refunded
R4000497,O1103225,2024-01-15,Size Issue,Refunded
R4000498,O1105295,2025-03-08,Not as Expected,Refunded
R4000499,O1020352,2023-08-06,Damaged,Refunded
R4000500,O1132201,2025-02-07,Damaged,Refunded
R4000501,O1154012,2024-07-13,Changed Mind,Refunded
R4000502,O1031174,2023-08-27,Not as Expected,Processing
R4000503,O1176920,2023-09-04,Wrong Item,Refunded
R4000504,O1122278,2024-11-28,Not as Expected,Refunded
R4000505,O1173798,2024-12-31,Changed Mind,Refunded
R4000506,O1100273,2023-11-28,Changed Mind,Refunded
R4000507,O1054705,2025-11-05,Not as Expected,Refunded
R4000508,O1085860,2025-06-06,Not as Expected,Processing
R4000509,O1080590,2025-09-25,Not as Expected,Processing
R4000510,O1143919,2025-01-05,Size Issue,Refunded
R4000511,O1050021,2024-01-29,Changed Mind,Refunded
R4000512,O1054410,2024-08-11,Late Delivery,Refunded
R4000513,O1150820,2025-03-28,Damaged,Refunded
R4000514,O1145160,2025-07-19,Changed Mind,Refunded
R4000515,O1119636,2024-01-14,Size Issue,Refunded
R4000516,O1059382,2024-04-12,Late Delivery,Refunded
R4000517,O1072166,2023-09-30,Not as Expected,Refunded
R4000518,O1164663,2025-10-28,Wrong Item,Refunded
R4000519,O1142660,2023-01-17,Late Delivery,Refunded
R4000520,O1006327,2025-08-11,Size Issue,Refunded
R4000521,O1039932,2025-05-10,Damaged,Refunded
R4000522,O1087118,2023-02-16,Not as Expected,Refunded
R4000523,O1145968,2023-10-19,Late Delivery,Refunded
R4000524,O1145789,2025-12-16,Not as Expected,Refunded
R4000525,O1085484,2023-09-15,Not as Expected,Refunded
R4000526,O1142654,2023-10-19,Changed Mind,Refunded
R4000527,O1079168,2024-11-03,Wrong Item,Refunded
R4000528,O1077098,2025-10-09,Not as Expected,Refunded
R4000529,O1095660,2024-03-15,Damaged,Refunded
R4000530,O1082160,2024-02-25,Wrong Item,Refunded
R4000531,O1179487,2025-10-27,Late Delivery,Refunded
R4000532,O1061009,2025-01-02,Size Issue,Refunded
R4000533,O1158202,2023-05-27,Wrong Item,Refunded
R4000534,O1105582,2023-12-25,Not as Expected,Refunded
R4000535,O1057327,2023-04-13,Not as Expected,Refunded
R4000536,O1082992,2023-08-31,Wrong Item,Refunded
R4000537,O1033325,2025-09-28,Size Issue,Refunded
R4000538,O1112141,2024-01-01,Damaged,Refunded
R4000539,O1061566,2023-01-19,Damaged,Refunded
R4000540,O1020031,2024-12-31,Wrong Item,Refunded
R4000541,O1009672,2025-03-20,Wrong Item,Refunded
R4000542,O1113624,2023-02-23,Damaged,Refunded
R4000543,O1025150,2025-08-03,Changed Mind,Refunded
R4000544,O1147683,2025-04-07,Size Issue,Refunded
R4000545,O1109722,2023-10-27,Not as Expected,Refunded
R4000546,O1133385,2025-07-24,Not as Expected,Refunded
R4000547,O1115102,2024-05-02,Changed Mind,Refunded
R4000548,O1158109,2024-12-20,Wrong Item,Refunded
R4000549,O1110231,2023-02-11,Late Delivery,Refunded
R4000550,O1175284,2024-10-13,Not as Expected,Refunded
R4000551,O1062853,2024-03-19,Size Issue,Refunded
R4000552,O1127656,2025-10-16,Late Delivery,Refunded
R4000553,O1123132,2025-08-15,Late Delivery,Processing
R4000554,O1157189,2025-05-23,Not as Expected,Refunded
R4000555,O1091223,2023-10-11,Late Delivery,Refunded
R4000556,O1047473,2025-06-13,Changed Mind,Refunded
R4000557,O1072730,2023-07-24,Size Issue,Refunded
R4000558,O1025939,2025-10-25,Damaged,Refunded
R4000559,O1066737,2025-04-02,Wrong Item,Refunded
R4000560,O1031532,2025-03-19,Size Issue,Refunded
R4000561,O1048068,2025-05-21,Not as Expected,Refunded
R4000562,O1099103,2024-11-15,Changed Mind,Refunded
R4000563,O1034333,2023-01-16,Changed Mind,Refunded
R4000564,O1071517,2025-04-25,Late Delivery,Refunded
R4000565,O1135768,2024-05-17,Not as Expected,Refunded
R4000566,O1024496,2023-10-19,Not as Expected,Refunded
R4000567,O1113566,2023-07-06,Late Delivery,Refunded
R4000568,O1117395,2023-10-19,Size Issue,Refunded
R4000569,O1173962,2024-08-06,Damaged,Refunded
R4000570,O1100566,2024-01-12,Size Issue,Refunded
R4000571,O1005062,2023-05-26,Late Delivery,Refunded
R4000572,O1048978,2024-08-02,Changed Mind,Refunded
R4000573,O1178088,2023-05-01,Size Issue,Refunded
R4000574,O1093437,2023-12-26,Wrong Item,Refunded
R4000575,O1138677,2023-03-11,Not as Expected,Refunded
R4000576,O1053921,2023-11-26,Not as Expected,Refunded
R4000577,O1048710,2023-05-13,Not as Expected,Refunded
R4000578,O1064752,2025-05-21,Wrong Item,Refunded
R4000579,O1133347,2024-03-03,Not as Expected,Refunded
R4000580,O1103818,2023-09-23,Changed Mind,Refunded
R4000581,O1053138,2024-08-26,Size Issue,Refunded
R4000582,O1148257,2025-03-26,Not as Expected,Refunded
R4000583,O1175291,2023-03-18,Not as Expected,Refunded
R4000584,O1083004,2025-03-11,Not as Expected,Refunded
R4000585,O1128663,2023-06-30,Wrong Item,Refunded
R4000586,O1056693,2023-12-12,Not as Expected,Refunded
R4000587,O1008111,2025-01-22,Wrong Item,Refunded
R4000588,O1158320,2025-03-12,Size Issue,Refunded
R4000589,O1020024,2025-04-30,Size Issue,Refunded
R4000590,O1057784,2025-08-21,Late Delivery,Refunded
R4000591,O1094825,2024-02-01,Size Issue,Refunded
R4000592,O1121080,2025-04-13,Not as Expected,Refunded
R4000593,O1058207,2025-12-25,Changed Mind,Refunded
R4000594,O1037674,2024-04-11,Size Issue,Refunded
R4000595,O1120673,2024-04-21,Late Delivery,Refunded
R4000596,O1121481,2023-04-02,Late Delivery,Refunded
R4000597,O1055690,2024-02-08,Damaged,Refunded
R4000598,O1127989,2023-06-17,Damaged,Refunded
R4000599,O1052849,2025-11-30,Wrong Item,Refunded
R4000600,O1169652,2023-05-28,Size Issue,Refunded
R4000601,O1016271,2025-03-12,Damaged,Refunded
R4000602,O1087622,2025-05-01,Changed Mind,Refunded
R4000603,O1168777,2024-06-26,Not as Expected,Refunded
R4000604,O1064233,2023-03-22,Not as Expected,Refunded
R4000605,O1175048,2023-12-12,Damaged,Refunded
R4000606,O1176347,2023-08-03,Size Issue,Refunded
R4000607,O1110047,2024-10-29,Wrong Item,Refunded
R4000608,O1062051,2024-08-07,Changed Mind,Refunded
R4000609,O1107874,2024-10-03,Size Issue,Refunded
R4000610,O1166254,2023-07-22,Not as Expected,Refunded
R4000611,O1033409,2023-07-21,Not as Expected,Refunded
R4000612,O1127963,2023-07-11,Size Issue,Refunded
R4000613,O1170608,2024-06-26,Changed Mind,Refunded
R4000614,O1161927,2024-05-19,Not as Expected,Refunded
R4000615,O1138889,2023-01-23,Changed Mind,Refunded
R4000616,O1042073,2023-12-31,Changed Mind,Refunded
R4000617,O1020310,2023-08-14,Late Delivery,Refunded
R4000618,O1075868,2024-08-19,Size Issue,Refunded
R4000619,O1155045,2024-06-22,Not as Expected,Refunded
R4000620,O1072106,2025-06-29,Damaged,Refunded
R4000621,O1023554,2024-03-15,Not as Expected,Refunded
R4000622,O1038215,2024-05-07,Damaged,Refunded
R4000623,O1123370,2023-11-02,Not as Expected,Processing
R4000624,O1112525,2024-12-06,Damaged,Refunded
R4000625,O1097052,2025-11-05,Late Delivery,Refunded
R4000626,O1036787,2025-03-01,Damaged,Refunded
R4000627,O1039717,2025-07-05,Wrong Item,Refunded
R4000628,O1146081,2023-02-03,Changed Mind,Processing
R4000629,O1160085,2023-10-01,Late Delivery,Processing
R4000630,O1142276,2023-02-19,Size Issue,Refunded
R4000631,O1149715,2023-09-23,Wrong Item,Refunded
R4000632,O1175221,2023-10-30,Not as Expected,Refunded
R4000633,O1011458,2024-11-07,Not as Expected,Refunded
R4000634,O1133612,2025-05-27,Wrong Item,Refunded
R4000635,O1039059,2023-05-30,Not as Expected,Refunded
R4000636,O1132369,2025-12-20,Not as Expected,Refunded
R4000637,O1023419,2025-09-16,Wrong Item,Refunded
R4000638,O1103395,2025-08-16,Size Issue,Refunded
R4000639,O1158664,2023-06-06,Size Issue,Refunded
R4000640,O1125914,2026-01-07,Changed Mind,Refunded
R4000641,O1043169,2023-11-26,Wrong Item,Refunded
R4000642,O1103052,2024-10-04,Not as Expected,Refunded
R4000643,O1115381,2023-05-22,Not as Expected,Refunded
R4000644,O1178737,2023-11-16,Late Delivery,Refunded
R4000645,O1083454,2025-03-13,Size Issue,Refunded
R4000646,O1108885,2024-07-30,Late Delivery,Refunded
R4000647,O1125219,2024-06-24,Late Delivery,Refunded
R4000648,O1036220,2024-01-07,Wrong Item,Refunded
R4000649,O1073538,2023-07-31,Wrong Item,Refunded
R4000650,O1085857,2025-02-13,Changed Mind,Refunded
R4000651,O1152718,2025-02-09,Damaged,Refunded
R4000652,O1168418,2024-10-06,Late Delivery,Refunded
R4000653,O1080575,2025-01-28,Not as Expected,Refunded
R4000654,O1129821,2025-02-05,Not as Expected,Refunded
R4000655,O1176226,2024-09-21,Wrong Item,Refunded
R4000656,O1170241,2024-07-29,Late Delivery,Refunded
R4000657,O1057497,2023-10-29,Wrong Item,Refunded
R4000658,O1027440,2023-04-09,Changed Mind,Refunded
R4000659,O1135171,2025-07-14,Damaged,Refunded
R4000660,O1081068,2023-12-04,Changed Mind,Refunded
R4000661,O1079341,2025-10-02,Size Issue,Refunded
R4000662,O1096574,2023-01-09,Size Issue,Refunded
R4000663,O1074886,2024-03-21,Not as Expected,Refunded
R4000664,O1149814,2024-11-08,Damaged,Refunded
R4000665,O1048114,2023-09-10,Not as Expected,Refunded
R4000666,O1166802,2023-05-24,Wrong Item,Refunded
R4000667,O1023916,2024-01-21,Damaged,Refunded
R4000668,O1044630,2023-01-25,Wrong Item,Processing
R4000669,O1060555,2023-10-06,Not as Expected,Refunded
R4000670,O1027606,2026-01-02,Not as Expected,Refunded
R4000671,O1070348,2025-04-04,Not as Expected,Refunded
R4000672,O1156309,2025-10-12,Changed Mind,Refunded
R4000673,O1124643,2025-01-14,Not as Expected,Refunded
R4000674,O1031649,2023-09-24,Late Delivery,Processing
R4000675,O1154277,2023-10-03,Late Delivery,Refunded
R4000676,O1124503,2023-05-30,Late Delivery,Refunded
R4000677,O1147801,2024-01-06,Not as Expected,Refunded
R4000678,O1172346,2025-04-14,Damaged,Refunded
R4000679,O1167023,2025-02-05,Wrong Item,Refunded
R4000680,O1115576,2025-04-25,Not as Expected,Refunded
R4000681,O1173497,2024-03-18,Size Issue,Refunded
R4000682,O1174700,2025-03-08,Not as Expected,Refunded
R4000683,O1107793,2024-01-29,Wrong Item,Refunded
R4000684,O1068326,2024-09-14,Size Issue,Refunded
R4000685,O1045771,2024-11-09,Changed Mind,Refunded
R4000686,O1001552,2025-08-23,Wrong Item,Refunded
R4000687,O1114610,2024-08-25,Damaged,Refunded
R4000688,O1131520,2023-01-18,Not as Expected,Refunded
R4000689,O1008626,2025-08-15,Wrong Item,Refunded
R4000690,O1142058,2025-12-03,Changed Mind,Refunded
R4000691,O1042364,2025-05-12,Wrong Item,Processing
R4000692,O1002787,2023-09-10,Not as Expected,Refunded
R4000693,O1159346,2024-02-17,Not as Expected,Refunded
R4000694,O1108671,2024-03-14,Wrong Item,Refunded
R4000695,O1050590,2025-04-11,Damaged,Refunded
R4000696,O1152756,2024-05-31,Late Delivery,Refunded
R4000697,O1162473,2026-01-11,Damaged,Refunded
R4000698,O1128645,2024-11-24,Wrong Item,Refunded
R4000699,O1085167,2025-09-15,Damaged,Refunded
R4000700,O1125058,2024-02-08,Not as Expected,Refunded
R4000701,O1129308,2025-03-23,Not as Expected,Refunded
R4000702,O1163156,2025-08-28,Changed Mind,Refunded
R4000703,O1008338,2023-12-25,Changed Mind,Refunded
R4000704,O1061380,2023-12-25,Late Delivery,Refunded
R4000705,O1127731,2024-05-02,Late Delivery,Refunded
R4000706,O1126041,2023-12-20,Size Issue,Refunded
R4000707,O1023039,2025-11-11,Size Issue,Refunded
R4000708,O1120841,2024-03-19,Size Issue,Refunded
R4000709,O1108862,2023-04-28,Late Delivery,Processing
R4000710,O1121522,2023-12-29,Size Issue,Refunded
R4000711,O1076948,2025-01-19,Late Delivery,Refunded
R4000712,O1097008,2024-07-21,Changed Mind,Refunded
R4000713,O1093712,2023-03-02,Damaged,Refunded
R4000714,O1103008,2023-04-19,Changed Mind,Processing
R4000715,O1124164,2023-11-13,Damaged,Refunded
R4000716,O1141625,2024-09-12,Late Delivery,Refunded
R4000717,O1028610,2025-05-19,Wrong Item,Refunded
R4000718,O1079737,2025-01-31,Changed Mind,Refunded
R4000719,O1144551,2025-04-11,Not as Expected,Refunded
R4000720,O1095278,2024-02-01,Not as Expected,Refunded
R4000721,O1114584,2023-02-18,Not as Expected,Refunded
R4000722,O1102239,2025-11-04,Late Delivery,Refunded
R4000723,O1024780,2023-08-27,Not as Expected,Refunded
R4000724,O1142479,2024-06-25,Changed Mind,Refunded
R4000725,O1120454,2025-11-15,Changed Mind,Refunded
R4000726,O1004229,2025-02-11,Not as Expected,Refunded
R4000727,O1025412,2025-08-22,Wrong Item,Refunded
R4000728,O1141881,2025-07-23,Size Issue,Refunded
R4000729,O1127644,2024-08-11,Wrong Item,Refunded
R4000730,O1015995,2024-07-20,Damaged,Refunded
R4000731,O1096148,2024-04-17,Late Delivery,Refunded
R4000732,O1034220,2023-02-22,Changed Mind,Refunded
R4000733,O1118409,2024-06-09,Damaged,Refunded
R4000734,O1138188,2024-08-09,Changed Mind,Refunded
R4000735,O1145031,2024-04-25,Changed Mind,Refunded
R4000736,O1168795,2023-02-11,Damaged,Refunded
R4000737,O1008295,2025-06-08,Not as Expected,Refunded
R4000738,O1098032,2025-07-25,Size Issue,Refunded
R4000739,O1099890,2025-07-23,Changed Mind,Refunded
R4000740,O1030910,2025-11-30,Not as Expected,Refunded
R4000741,O1039572,2023-12-28,Damaged,Refunded
R4000742,O1126805,2025-08-25,Not as Expected,Refunded
R4000743,O1109334,2025-06-25,Not as Expected,Refunded
R4000744,O1036647,2023-08-22,Wrong Item,Refunded
R4000745,O1069294,2023-04-18,Wrong Item,Refunded
R4000746,O1075103,2025-01-30,Not as Expected,Refunded
R4000747,O1133920,2024-09-18,Size Issue,Refunded
R4000748,O1143405,2025-11-17,Not as Expected,Processing
R4000749,O1033051,2025-09-02,Not as Expected,Refunded
R4000750,O1033313,2024-05-07,Damaged,Refunded
R4000751,O1174551,2023-10-01,Not as Expected,Refunded
R4000752,O1040638,2024-04-15,Wrong Item,Refunded
R4000753,O1169234,2025-03-05,Late Delivery,Refunded
R4000754,O1142270,2025-03-04,Late Delivery,Refunded
R4000755,O1014690,2025-07-07,Changed Mind,Refunded
R4000756,O1061269,2025-06-26,Not as Expected,Refunded
R4000757,O1141679,2023-09-13,Not as Expected,Refunded
R4000758,O1115989,2023-07-10,Late Delivery,Refunded
R4000759,O1087362,2024-05-22,Size Issue,Refunded
R4000760,O1034188,2024-11-16,Not as Expected,Refunded
R4000761,O1045734,2025-07-24,Late Delivery,Refunded
R4000762,O1047731,2024-08-04,Changed Mind,Refunded
R4000763,O1107668,2025-08-08,Damaged,Refunded
R4000764,O1076597,2023-11-27,Damaged,Refunded
R4000765,O1072177,2023-12-01,Size Issue,Refunded
R4000766,O1131042,2025-10-08,Not as Expected,Refunded
R4000767,O1131257,2025-10-22,Late Delivery,Refunded
R4000768,O1134907,2023-10-01,Not as Expected,Refunded
R4000769,O1030485,2023-11-02,Changed Mind,Refunded
R4000770,O1129966,2025-02-21,Not as Expected,Refunded
R4000771,O1001306,2024-06-12,Wrong Item,Refunded
R4000772,O1039052,2024-10-30,Wrong Item,Processing
R4000773,O1087786,2023-05-18,Late Delivery,Refunded
R4000774,O1041795,2024-04-07,Not as Expected,Refunded
R4000775,O1128587,2024-08-29,Damaged,Refunded
R4000776,O1018965,2023-02-27,Size Issue,Refunded
R4000777,O1173909,2025-10-04,Not as Expected,Refunded
R4000778,O1171637,2023-12-24,Changed Mind,Refunded
R4000779,O1041895,2024-07-12,Damaged,Refunded
R4000780,O1120406,2025-11-18,Size Issue,Refunded
R4000781,O1040411,2023-11-23,Damaged,Refunded
R4000782,O1176260,2025-01-02,Not as Expected,Refunded
R4000783,O1147477,2023-06-26,Late Delivery,Processing
R4000784,O1176195,2025-07-07,Damaged,Refunded
R4000785,O1007165,2025-04-11,Not as Expected,Refunded
R4000786,O1159322,2025-07-25,Wrong Item,Processing
R4000787,O1166934,2023-04-05,Not as Expected,Refunded
R4000788,O1154745,2025-01-21,Size Issue,Refunded
R4000789,O1085868,2024-08-27,Changed Mind,Refunded
R4000790,O1177775,2025-02-27,Not as Expected,Refunded
R4000791,O1169745,2023-02-22,Not as Expected,Refunded
R4000792,O1099735,2024-02-26,Damaged,Refunded
R4000793,O1032367,2025-05-30,Not as Expected,Refunded
R4000794,O1084025,2025-09-09,Not as Expected,Refunded
R4000795,O1044416,2024-11-12,Changed Mind,Refunded
R4000796,O1178610,2024-06-16,Not as Expected,Refunded
R4000797,O1140517,2023-03-13,Changed Mind,Refunded
R4000798,O1062511,2023-01-17,Wrong Item,Refunded
R4000799,O1177898,2023-02-12,Wrong Item,Refunded
R4000800,O1003822,2024-01-18,Wrong Item,Refunded
R4000801,O1097059,2025-05-11,Late Delivery,Refunded
R4000802,O1051278,2024-01-03,Size Issue,Refunded
R4000803,O1066627,2023-04-06,Not as Expected,Refunded
R4000804,O1001828,2025-06-27,Not as Expected,Refunded
R4000805,O1011336,2023-08-11,Not as Expected,Refunded
R4000806,O1049307,2024-10-20,Changed Mind,Refunded
R4000807,O1092794,2023-04-23,Not as Expected,Refunded
R4000808,O1006819,2023-07-18,Size Issue,Refunded
R4000809,O1113781,2025-10-25,Not as Expected,Refunded
R4000810,O1103940,2023-09-23,Wrong Item,Refunded
R4000811,O1094719,2024-12-11,Wrong Item,Refunded
R4000812,O1161477,2024-01-24,Size Issue,Refunded
R4000813,O1062675,2025-01-31,Late Delivery,Refunded
R4000814,O1078788,2025-03-02,Damaged,Refunded
R4000815,O1089738,2023-11-13,Damaged,Refunded
R4000816,O1057503,2024-02-17,Not as Expected,Refunded
R4000817,O1007584,2023-04-06,Late Delivery,Refunded
R4000818,O1014760,2023-01-30,Not as Expected,Refunded
R4000819,O1047136,2025-03-04,Size Issue,Refunded
R4000820,O1026338,2023-06-12,Wrong Item,Refunded
R4000821,O1082299,2023-12-17,Not as Expected,Refunded
R4000822,O1050838,2023-11-08,Wrong Item,Refunded
R4000823,O1090223,2024-07-18,Late Delivery,Refunded
R4000824,O1077461,2025-10-09,Late Delivery,Refunded
R4000825,O1137833,2025-09-18,Damaged,Refunded
R4000826,O1146197,2023-12-26,Changed Mind,Refunded
R4000827,O1170958,2025-07-19,Not as Expected,Refunded
R4000828,O1126786,2025-08-16,Late Delivery,Refunded
R4000829,O1136123,2025-02-25,Changed Mind,Refunded
R4000830,O1169209,2025-09-17,Not as Expected,Refunded
R4000831,O1046092,2023-06-06,Damaged,Refunded
R4000832,O1064101,2025-07-23,Wrong Item,Refunded
R4000833,O1026431,2024-09-17,Damaged,Refunded
R4000834,O1055224,2024-12-28,Changed Mind,Refunded
R4000835,O1050646,2025-03-30,Changed Mind,Refunded
R4000836,O1016704,2024-09-15,Not as Expected,Refunded
R4000837,O1031412,2025-11-29,Size Issue,Refunded
R4000838,O1020061,2024-08-17,Damaged,Refunded
R4000839,O1081880,2023-07-09,Changed Mind,Refunded
R4000840,O1031985,2023-12-06,Size Issue,Refunded
R4000841,O1053861,2025-03-31,Changed Mind,Refunded
R4000842,O1141993,2024-10-21,Not as Expected,Refunded
R4000843,O1156917,2023-04-17,Changed Mind,Refunded
R4000844,O1154863,2024-08-27,Size Issue,Processing
R4000845,O1039675,2023-06-10,Damaged,Refunded
R4000846,O1175128,2024-11-15,Changed Mind,Refunded
R4000847,O1131118,2025-12-18,Size Issue,Refunded
R4000848,O1175346,2025-11-04,Late Delivery,Refunded
R4000849,O1051723,2024-01-26,Size Issue,Processing
R4000850,O1003583,2024-10-17,Not as Expected,Refunded
R4000851,O1082982,2024-05-24,Damaged,Processing
R4000852,O1020371,2024-02-23,Changed Mind,Refunded
R4000853,O1163194,2023-12-18,Damaged,Refunded
R4000854,O1088370,2024-02-05,Late Delivery,Refunded
R4000855,O1025089,2023-05-06,Damaged,Refunded
R4000856,O1001468,2023-05-02,Not as Expected,Refunded
R4000857,O1064857,2024-12-05,Damaged,Refunded
R4000858,O1174739,2025-12-23,Changed Mind,Refunded
R4000859,O1140615,2023-10-11,Not as Expected,Refunded
R4000860,O1157620,2023-07-29,Changed Mind,Refunded
R4000861,O1145997,2024-03-05,Not as Expected,Refunded
R4000862,O1030416,2023-11-19,Not as Expected,Refunded
R4000863,O1146051,2025-01-28,Late Delivery,Refunded
R4000864,O1016250,2024-08-16,Changed Mind,Refunded
R4000865,O1057255,2024-11-29,Not as Expected,Refunded
R4000866,O1109090,2023-05-13,Changed Mind,Refunded
R4000867,O1140861,2023-11-05,Not as Expected,Refunded
R4000868,O1044140,2023-08-17,Size Issue,Refunded
R4000869,O1109238,2024-01-13,Wrong Item,Refunded
R4000870,O1150562,2023-02-08,Damaged,Refunded
R4000871,O1118351,2023-10-29,Not as Expected,Refunded
R4000872,O1108568,2024-12-27,Not as Expected,Refunded
R4000873,O1035491,2023-11-10,Size Issue,Refunded
R4000874,O1130520,2024-01-18,Size Issue,Refunded
R4000875,O1158359,2024-04-18,Wrong Item,Refunded
R4000876,O1118393,2024-07-30,Not as Expected,Refunded
R4000877,O1164980,2024-05-04,Wrong Item,Refunded
R4000878,O1020637,2023-10-16,Late Delivery,Refunded
R4000879,O1074300,2025-06-22,Changed Mind,Refunded
R4000880,O1002364,2024-03-28,Wrong Item,Refunded
R4000881,O1157668,2024-11-01,Damaged,Refunded
R4000882,O1035274,2024-05-17,Late Delivery,Refunded
R4000883,O1087512,2024-05-08,Not as Expected,Processing
R4000884,O1148450,2024-05-15,Not as Expected,Refunded
R4000885,O1040134,2023-02-21,Changed Mind,Refunded
R4000886,O1156634,2025-02-07,Not as Expected,Refunded
R4000887,O1135104,2023-07-21,Not as Expected,Refunded
R4000888,O1080178,2025-03-07,Damaged,Processing
R4000889,O1135263,2025-12-12,Damaged,Refunded
R4000890,O1006656,2024-07-04,Late Delivery,Refunded
R4000891,O1172367,2024-04-14,Damaged,Refunded
R4000892,O1010344,2025-11-19,Wrong Item,Refunded
R4000893,O1022624,2025-02-21,Damaged,Refunded
R4000894,O1094762,2024-12-05,Not as Expected,Refunded
R4000895,O1093850,2025-03-27,Changed Mind,Refunded
R4000896,O1139120,2024-09-07,Damaged,Refunded
R4000897,O1123932,2025-04-26,Not as Expected,Processing
R4000898,O1058548,2026-01-01,Size Issue,Refunded
R4000899,O1158947,2024-02-12,Not as Expected,Refunded
R4000900,O1083263,2023-06-27,Size Issue,Refunded
R4000901,O1084946,2025-07-26,Not as Expected,Refunded
R4000902,O1170822,2023-11-28,Not as Expected,Refunded
R4000903,O1154317,2024-05-04,Size Issue,Refunded
R4000904,O1127532,2023-12-18,Not as Expected,Refunded
R4000905,O1054357,2024-03-16,Size Issue,Refunded
R4000906,O1049774,2023-12-12,Wrong Item,Refunded
R4000907,O1121417,2023-10-19,Size Issue,Refunded
R4000908,O1023550,2024-02-11,Wrong Item,Refunded
R4000909,O1176072,2025-03-22,Damaged,Refunded
R4000910,O1069170,2025-11-22,Not as Expected,Refunded
R4000911,O1010926,2023-04-04,Damaged,Refunded
R4000912,O1085337,2024-07-12,Wrong Item,Refunded
R4000913,O1150181,2024-03-06,Not as Expected,Refunded
R4000914,O1165059,2025-12-12,Wrong Item,Refunded
R4000915,O1023795,2023-09-08,Not as Expected,Refunded
R4000916,O1034823,2023-09-29,Damaged,Refunded
R4000917,O1161823,2025-10-03,Not as Expected,Refunded
R4000918,O1136691,2024-08-04,Damaged,Refunded
R4000919,O1140233,2025-11-16,Wrong Item,Refunded
R4000920,O1131210,2023-07-19,Size Issue,Refunded
R4000921,O1002354,2023-04-18,Not as Expected,Refunded
R4000922,O1157770,2025-05-08,Not as Expected,Refunded
R4000923,O1037208,2023-09-27,Late Delivery,Refunded
R4000924,O1046180,2024-04-07,Changed Mind,Processing
R4000925,O1128158,2023-04-22,Changed Mind,Refunded
R4000926,O1157038,2025-10-27,Not as Expected,Refunded
R4000927,O1104444,2025-01-06,Damaged,Refunded
R4000928,O1030473,2023-04-05,Late Delivery,Refunded
R4000929,O1083228,2025-03-26,Size Issue,Refunded
R4000930,O1114669,2024-01-18,Changed Mind,Refunded
R4000931,O1122689,2023-03-05,Late Delivery,Refunded
R4000932,O1111010,2023-12-14,Not as Expected,Refunded
R4000933,O1133514,2025-09-30,Changed Mind,Processing
R4000934,O1178757,2024-06-26,Wrong Item,Refunded
R4000935,O1020249,2025-06-26,Size Issue,Refunded
R4000936,O1137527,2025-11-05,Not as Expected,Refunded
R4000937,O1014609,2025-04-25,Damaged,Refunded
R4000938,O1093018,2023-12-25,Late Delivery,Refunded
R4000939,O1134871,2025-07-24,Damaged,Refunded
R4000940,O1142561,2025-02-25,Wrong Item,Refunded
R4000941,O1156978,2025-05-10,Size Issue,Refunded
R4000942,O1024085,2025-10-02,Not as Expected,Refunded
R4000943,O1049446,2024-11-23,Late Delivery,Refunded
R4000944,O1014721,2024-05-31,Not as Expected,Refunded
R4000945,O1009008,2023-03-12,Late Delivery,Refunded
R4000946,O1073662,2023-10-16,Size Issue,Refunded
R4000947,O1105703,2024-07-04,Damaged,Refunded
R4000948,O1090839,2024-06-14,Size Issue,Processing
R4000949,O1087095,2024-06-19,Not as Expected,Refunded
R4000950,O1162032,2024-11-04,Not as Expected,Processing
R4000951,O1155962,2023-08-25,Changed Mind,Refunded
R4000952,O1133526,2023-11-23,Not as Expected,Refunded
R4000953,O1170881,2024-04-05,Not as Expected,Refunded
R4000954,O1052914,2025-06-18,Late Delivery,Refunded
R4000955,O1145407,2024-03-23,Changed Mind,Refunded
R4000956,O1128738,2025-08-19,Late Delivery,Refunded
R4000957,O1042157,2025-08-21,Size Issue,Refunded
R4000958,O1155663,2023-01-12,Damaged,Refunded
R4000959,O1119630,2023-10-12,Wrong Item,Refunded
R4000960,O1010787,2024-01-20,Changed Mind,Refunded
R4000961,O1097366,2023-08-18,Not as Expected,Refunded
R4000962,O1014015,2023-06-11,Changed Mind,Refunded
R4000963,O1104719,2023-03-29,Not as Expected,Refunded
R4000964,O1124893,2024-01-02,Size Issue,Refunded
R4000965,O1153506,2024-01-06,Damaged,Refunded
R4000966,O1002932,2023-04-07,Damaged,Processing
R4000967,O1144709,2024-02-17,Changed Mind,Refunded
R4000968,O1157662,2023-07-19,Wrong Item,Refunded
R4000969,O1069097,2024-03-09,Not as Expected,Refunded
R4000970,O1164076,2025-08-29,Changed Mind,Refunded
R4000971,O1148746,2025-08-14,Size Issue,Refunded
R4000972,O1057947,2023-08-20,Size Issue,Refunded
R4000973,O1026727,2025-07-26,Damaged,Refunded
R4000974,O1096700,2024-01-24,Changed Mind,Processing
R4000975,O1174590,2024-11-29,Not as Expected,Refunded
R4000976,O1120508,2024-09-02,Wrong Item,Refunded
R4000977,O1103686,2026-01-02,Not as Expected,Refunded
R4000978,O1153328,2024-07-28,Not as Expected,Refunded
R4000979,O1023574,2024-06-25,Late Delivery,Refunded
R4000980,O1128673,2024-10-04,Not as Expected,Refunded
R4000981,O1153811,2024-02-27,Damaged,Refunded
R4000982,O1035565,2023-02-05,Late Delivery,Refunded
R4000983,O1036763,2023-12-25,Damaged,Refunded
R4000984,O1036242,2025-03-25,Damaged,Refunded
R4000985,O1138929,2024-09-26,Not as Expected,Refunded
R4000986,O1098881,2024-12-03,Damaged,Refunded
R4000987,O1040790,2023-03-07,Not as Expected,Refunded
R4000988,O1122870,2025-05-20,Size Issue,Refunded
R4000989,O1099091,2023-05-28,Late Delivery,Processing
R4000990,O1052163,2023-08-20,Late Delivery,Processing
R4000991,O1143326,2025-08-01,Damaged,Refunded
R4000992,O1149420,2025-08-18,Late Delivery,Refunded
R4000993,O1070045,2024-12-06,Changed Mind,Refunded
R4000994,O1139771,2023-09-04,Size Issue,Refunded
R4000995,O1108002,2025-06-08,Not as Expected,Refunded
R4000996,O1159141,2023-12-21,Damaged,Refunded
R4000997,O1073968,2025-06-15,Late Delivery,Refunded
R4000998,O1144920,2025-08-21,Not as Expected,Refunded
R4000999,O1112332,2025-06-19,Not as Expected,Refunded
R4001000,O1164424,2023-09-11,Size Issue,Processing
R4001001,O1136316,2023-05-19,Damaged,Refunded
R4001002,O1130701,2025-05-21,Damaged,Processing
R4001003,O1098563,2023-09-11,Not as Expected,Refunded
R4001004,O1014746,2023-07-19,Damaged,Refunded
R4001005,O1164966,2025-05-06,Size Issue,Refunded
R4001006,O1152789,2025-05-29,Late Delivery,Refunded
R4001007,O1166796,2024-09-19,Late Delivery,Refunded
R4001008,O1034342,2024-04-13,Changed Mind,Refunded
R4001009,O1115239,2024-12-21,Size Issue,Refunded
R4001010,O1143553,2024-03-28,Changed Mind,Refunded
R4001011,O1087068,2023-02-07,Wrong Item,Refunded
R4001012,O1118364,2024-02-11,Damaged,Refunded
R4001013,O1083816,2024-06-19,Wrong Item,Refunded
R4001014,O1023428,2024-12-16,Size Issue,Refunded
R4001015,O1110354,2025-01-28,Late Delivery,Refunded
R4001016,O1135283,2023-06-22,Not as Expected,Refunded
R4001017,O1156515,2024-12-04,Not as Expected,Refunded
R4001018,O1112341,2023-08-03,Changed Mind,Refunded
R4001019,O1144285,2025-01-20,Size Issue,Refunded
R4001020,O1100865,2024-03-08,Changed Mind,Refunded
R4001021,O1164990,2025-08-12,Not as Expected,Refunded
R4001022,O1177702,2023-07-14,Wrong Item,Refunded
R4001023,O1034881,2025-08-17,Size Issue,Refunded
R4001024,O1036881,2024-06-05,Damaged,Processing
R4001025,O1033712,2024-11-01,Not as Expected,Refunded
R4001026,O1168831,2024-05-28,Damaged,Refunded
R4001027,O1173842,2024-02-23,Wrong Item,Refunded
R4001028,O1152039,2025-06-01,Wrong Item,Processing
R4001029,O1066210,2023-03-21,Changed Mind,Refunded
R4001030,O1054653,2024-12-16,Damaged,Refunded
R4001031,O1117896,2024-04-22,Late Delivery,Refunded
R4001032,O1151619,2024-11-29,Damaged,Refunded
R4001033,O1155460,2024-08-20,Wrong Item,Refunded
R4001034,O1111082,2024-09-04,Not as Expected,Refunded
R4001035,O1082247,2025-04-29,Wrong Item,Refunded
R4001036,O1072552,2024-07-19,Late Delivery,Refunded
R4001037,O1022043,2023-05-10,Damaged,Refunded
R4001038,O1143271,2023-08-05,Wrong Item,Refunded
R4001039,O1152128,2023-01-21,Not as Expected,Refunded
R4001040,O1111948,2024-11-06,Not as Expected,Refunded
R4001041,O1130980,2025-05-22,Size Issue,Refunded
R4001042,O1071964,2024-03-22,Not as Expected,Refunded
R4001043,O1079550,2023-08-03,Damaged,Refunded
R4001044,O1168711,2023-04-14,Not as Expected,Refunded
R4001045,O1161894,2024-09-06,Size Issue,Refunded
R4001046,O1067687,2024-06-30,Not as Expected,Refunded
R4001047,O1147290,2025-01-29,Late Delivery,Refunded
R4001048,O1149607,2024-08-03,Size Issue,Refunded
R4001049,O1041381,2023-08-14,Wrong Item,Refunded
R4001050,O1133177,2023-07-26,Size Issue,Refunded
R4001051,O1029205,2025-10-22,Size Issue,Refunded
R4001052,O1067996,2025-05-07,Not as Expected,Refunded
R4001053,O1014174,2024-02-25,Wrong Item,Refunded
R4001054,O1039483,2024-04-14,Late Delivery,Refunded
R4001055,O1044325,2023-07-04,Not as Expected,Refunded
R4001056,O1170574,2024-11-23,Damaged,Refunded
R4001057,O1038113,2025-11-11,Not as Expected,Refunded
R4001058,O1141143,2025-04-02,Wrong Item,Refunded
R4001059,O1087890,2023-12-27,Not as Expected,Refunded
R4001060,O1157400,2025-11-29,Not as Expected,Refunded
R4001061,O1079312,2024-01-06,Not as Expected,Refunded
R4001062,O1009103,2023-03-25,Changed Mind,Refunded
R4001063,O1028500,2024-06-11,Size Issue,Refunded
R4001064,O1012065,2023-06-23,Size Issue,Refunded
R4001065,O1102516,2024-03-12,Late Delivery,Refunded
R4001066,O1137767,2024-05-09,Size Issue,Refunded
R4001067,O1154768,2024-05-08,Changed Mind,Refunded
R4001068,O1038693,2025-04-01,Not as Expected,Refunded
R4001069,O1143624,2025-01-09,Changed Mind,Refunded
R4001070,O1067039,2024-03-15,Size Issue,Refunded
R4001071,O1134265,2024-04-14,Damaged,Refunded
R4001072,O1097368,2024-11-26,Size Issue,Refunded
R4001073,O1036481,2025-02-28,Late Delivery,Refunded
R4001074,O1021198,2025-12-02,Damaged,Refunded
R4001075,O1146247,2024-08-13,Changed Mind,Refunded
R4001076,O1062287,2023-02-06,Late Delivery,Refunded
R4001077,O1005514,2024-07-06,Size Issue,Refunded
R4001078,O1034758,2024-03-29,Size Issue,Refunded
R4001079,O1060414,2025-12-27,Not as Expected,Refunded
R4001080,O1161132,2024-06-26,Not as Expected,Refunded
R4001081,O1153953,2023-11-23,Damaged,Refunded
R4001082,O1064324,2025-11-30,Changed Mind,Processing
R4001083,O1052360,2025-04-21,Wrong Item,Refunded
R4001084,O1177804,2024-12-04,Late Delivery,Refunded
R4001085,O1126181,2024-12-31,Changed Mind,Refunded
R4001086,O1137992,2025-01-21,Damaged,Refunded
R4001087,O1101301,2024-06-15,Changed Mind,Refunded
R4001088,O1018916,2024-02-21,Not as Expected,Refunded
R4001089,O1080773,2023-08-06,Damaged,Refunded
R4001090,O1088566,2024-09-27,Changed Mind,Refunded
R4001091,O1024549,2023-01-15,Not as Expected,Refunded
R4001092,O1007626,2023-12-17,Changed Mind,Refunded
R4001093,O1079760,2023-10-25,Changed Mind,Refunded
R4001094,O1064745,2024-04-12,Damaged,Refunded
R4001095,O1117433,2024-02-04,Wrong Item,Refunded
R4001096,O1119794,2024-08-16,Size Issue,Refunded
R4001097,O1104819,2023-05-29,Late Delivery,Refunded
R4001098,O1130145,2025-05-23,Size Issue,Refunded
R4001099,O1044832,2025-03-10,Not as Expected,Refunded
R4001100,O1065944,2023-05-28,Damaged,Refunded
R4001101,O1016262,2025-01-12,Size Issue,Refunded
R4001102,O1080029,2025-09-08,Not as Expected,Refunded
R4001103,O1145799,2024-09-16,Not as Expected,Refunded
R4001104,O1013293,2025-11-15,Late Delivery,Refunded
R4001105,O1022255,2024-07-02,Damaged,Refunded
R4001106,O1020685,2023-08-30,Damaged,Refunded
R4001107,O1016848,2023-06-05,Damaged,Refunded
R4001108,O1006809,2024-08-24,Size Issue,Refunded
R4001109,O1002063,2023-12-19,Not as Expected,Refunded
R4001110,O1113079,2023-11-24,Damaged,Refunded
R4001111,O1018095,2024-05-11,Late Delivery,Refunded
R4001112,O1024512,2025-10-31,Wrong Item,Refunded
R4001113,O1150540,2023-10-01,Damaged,Refunded
R4001114,O1064615,2025-03-26,Not as Expected,Refunded
R4001115,O1113239,2023-12-31,Wrong Item,Refunded
R4001116,O1163129,2023-07-23,Size Issue,Refunded
R4001117,O1017515,2025-06-06,Late Delivery,Refunded
R4001118,O1100667,2025-05-08,Changed Mind,Refunded
R4001119,O1150120,2025-04-14,Wrong Item,Processing
R4001120,O1164416,2024-10-29,Changed Mind,Refunded
R4001121,O1151835,2024-05-01,Not as Expected,Refunded
R4001122,O1164213,2023-11-27,Not as Expected,Processing
R4001123,O1167153,2025-07-10,Not as Expected,Refunded
R4001124,O1089937,2024-07-14,Not as Expected,Refunded
R4001125,O1048743,2024-06-21,Late Delivery,Refunded
R4001126,O1106327,2025-04-20,Changed Mind,Processing
R4001127,O1140849,2025-06-26,Not as Expected,Refunded
R4001128,O1044615,2025-04-04,Wrong Item,Refunded
R4001129,O1061483,2025-08-26,Damaged,Refunded
R4001130,O1047769,2023-07-04,Changed Mind,Refunded
R4001131,O1072362,2023-07-19,Changed Mind,Refunded
R4001132,O1081363,2023-12-03,Damaged,Processing
R4001133,O1042723,2023-11-08,Damaged,Refunded
R4001134,O1117340,2023-10-06,Wrong Item,Processing
R4001135,O1155311,2024-02-10,Size Issue,Refunded
R4001136,O1153937,2025-07-13,Not as Expected,Refunded
R4001137,O1004706,2024-10-17,Damaged,Refunded
R4001138,O1016148,2023-12-23,Size Issue,Refunded
R4001139,O1106788,2024-01-17,Not as Expected,Processing
R4001140,O1163596,2024-11-07,Changed Mind,Refunded
R4001141,O1122672,2024-10-24,Not as Expected,Refunded
R4001142,O1070000,2024-07-17,Not as Expected,Refunded
R4001143,O1078221,2023-03-06,Not as Expected,Refunded
R4001144,O1004538,2024-01-05,Size Issue,Refunded
R4001145,O1032448,2024-07-07,Not as Expected,Refunded
R4001146,O1109293,2025-02-01,Wrong Item,Refunded
R4001147,O1118264,2024-09-19,Wrong Item,Refunded
R4001148,O1045088,2023-02-13,Damaged,Refunded
R4001149,O1058218,2023-06-02,Not as Expected,Processing
R4001150,O1117728,2023-03-09,Size Issue,Refunded
R4001151,O1080046,2025-02-05,Not as Expected,Refunded
R4001152,O1078336,2025-09-16,Changed Mind,Refunded
R4001153,O1148359,2023-11-18,Damaged,Refunded
R4001154,O1053756,2023-01-21,Size Issue,Refunded
R4001155,O1130811,2025-10-21,Size Issue,Refunded
R4001156,O1101237,2025-10-08,Wrong Item,Refunded
R4001157,O1096462,2023-11-17,Late Delivery,Refunded
R4001158,O1123921,2025-01-24,Late Delivery,Refunded
R4001159,O1057387,2023-04-22,Damaged,Refunded
R4001160,O1092379,2024-05-18,Late Delivery,Refunded
R4001161,O1036108,2023-08-12,Late Delivery,Refunded
R4001162,O1164870,2025-12-25,Not as Expected,Refunded
R4001163,O1173345,2023-02-10,Changed Mind,Refunded
R4001164,O1127676,2023-12-08,Late Delivery,Refunded
R4001165,O1121217,2023-12-31,Not as Expected,Refunded
R4001166,O1053418,2025-01-11,Not as Expected,Refunded
R4001167,O1145127,2024-10-05,Wrong Item,Refunded
R4001168,O1043426,2023-07-26,Size Issue,Refunded
R4001169,O1039038,2025-10-09,Late Delivery,Refunded
R4001170,O1175992,2023-08-04,Wrong Item,Refunded
R4001171,O1069111,2024-04-16,Not as Expected,Refunded
R4001172,O1134870,2025-12-02,Not as Expected,Refunded
R4001173,O1060070,2024-06-14,Damaged,Refunded
R4001174,O1158511,2025-10-12,Not as Expected,Refunded
R4001175,O1040364,2025-02-06,Damaged,Refunded
R4001176,O1175800,2024-01-03,Changed Mind,Processing
R4001177,O1043738,2023-07-03,Changed Mind,Refunded
R4001178,O1016044,2024-06-08,Damaged,Refunded
R4001179,O1125674,2024-10-23,Size Issue,Refunded
R4001180,O1042351,2024-11-06,Not as Expected,Refunded
R4001181,O1096237,2024-01-25,Wrong Item,Refunded
R4001182,O1133996,2023-02-15,Not as Expected,Refunded
R4001183,O1091567,2024-08-14,Not as Expected,Refunded
R4001184,O1113100,2025-02-05,Size Issue,Refunded
R4001185,O1020036,2024-04-03,Size Issue,Refunded
R4001186,O1081447,2025-03-26,Damaged,Refunded
R4001187,O1131283,2025-11-19,Changed Mind,Refunded
R4001188,O1125256,2024-04-24,Damaged,Refunded
R4001189,O1076744,2023-04-01,Wrong Item,Refunded
R4001190,O1163423,2025-06-09,Not as Expected,Refunded
R4001191,O1051955,2025-03-12,Damaged,Refunded
R4001192,O1148664,2023-05-01,Damaged,Refunded
R4001193,O1036586,2023-03-22,Size Issue,Refunded
R4001194,O1129739,2025-06-16,Changed Mind,Refunded
R4001195,O1059412,2023-05-12,Wrong Item,Refunded
R4001196,O1144966,2023-02-18,Wrong Item,Refunded
R4001197,O1069504,2024-03-31,Changed Mind,Refunded
R4001198,O1027536,2023-04-09,Changed Mind,Refunded
R4001199,O1110957,2024-11-26,Wrong Item,Refunded
R4001200,O1132600,2026-01-01,Damaged,Refunded
R4001201,O1052984,2025-05-22,Not as Expected,Refunded
R4001202,O1144104,2025-07-17,Not as Expected,Refunded
R4001203,O1144412,2023-07-16,Size Issue,Refunded
R4001204,O1030755,2025-05-22,Late Delivery,Refunded
R4001205,O1008538,2023-10-05,Late Delivery,Refunded
R4001206,O1098508,2024-09-12,Damaged,Refunded
R4001207,O1017643,2023-08-25,Changed Mind,Refunded
R4001208,O1089117,2025-11-21,Wrong Item,Refunded
R4001209,O1135102,2024-01-31,Size Issue,Refunded
R4001210,O1175025,2023-03-31,Not as Expected,Refunded
R4001211,O1109979,2024-03-17,Changed Mind,Refunded
R4001212,O1011915,2023-01-21,Changed Mind,Refunded
R4001213,O1082286,2024-11-02,Damaged,Refunded
R4001214,O1100357,2024-02-02,Damaged,Refunded
R4001215,O1179182,2024-01-10,Not as Expected,Refunded
R4001216,O1063122,2024-01-24,Wrong Item,Refunded
R4001217,O1161734,2024-01-26,Late Delivery,Refunded
R4001218,O1115050,2023-08-31,Size Issue,Refunded
R4001219,O1019336,2024-08-11,Not as Expected,Refunded
R4001220,O1115637,2025-12-28,Changed Mind,Refunded
R4001221,O1034468,2025-01-02,Damaged,Refunded
R4001222,O1175211,2025-01-21,Damaged,Refunded
R4001223,O1130147,2023-02-12,Wrong Item,Refunded
R4001224,O1134617,2023-12-14,Late Delivery,Refunded
R4001225,O1175370,2023-09-27,Not as Expected,Refunded
R4001226,O1007297,2024-09-06,Size Issue,Refunded
R4001227,O1166990,2024-10-30,Not as Expected,Refunded
R4001228,O1170076,2023-09-11,Size Issue,Refunded
R4001229,O1176562,2024-03-02,Changed Mind,Refunded
R4001230,O1120697,2025-09-30,Late Delivery,Refunded
R4001231,O1118078,2023-06-26,Not as Expected,Refunded
R4001232,O1014433,2025-11-17,Size Issue,Refunded
R4001233,O1008250,2025-06-24,Size Issue,Refunded
R4001234,O1076333,2024-01-05,Damaged,Refunded
R4001235,O1068827,2025-03-24,Not as Expected,Refunded
R4001236,O1102879,2025-10-18,Changed Mind,Refunded
R4001237,O1127994,2025-08-21,Late Delivery,Refunded
R4001238,O1065919,2025-12-02,Size Issue,Refunded
R4001239,O1052551,2025-12-02,Wrong Item,Refunded
R4001240,O1018828,2024-03-22,Size Issue,Refunded
R4001241,O1161375,2023-05-16,Size Issue,Refunded
R4001242,O1089300,2025-08-11,Size Issue,Refunded
R4001243,O1161754,2023-11-20,Size Issue,Refunded
R4001244,O1165361,2024-08-29,Damaged,Refunded
R4001245,O1125095,2025-04-11,Wrong Item,Refunded
R4001246,O1139529,2023-11-24,Wrong Item,Refunded
R4001247,O1137683,2024-06-29,Not as Expected,Refunded
R4001248,O1168264,2025-09-10,Not as Expected,Refunded
R4001249,O1040976,2024-10-04,Size Issue,Refunded
R4001250,O1090477,2024-07-02,Changed Mind,Refunded
R4001251,O1012017,2024-01-11,Not as Expected,Refunded
R4001252,O1135152,2023-12-21,Not as Expected,Refunded
R4001253,O1126048,2024-12-21,Wrong Item,Refunded
R4001254,O1146909,2024-03-03,Size Issue,Refunded
R4001255,O1149639,2023-12-13,Damaged,Refunded
R4001256,O1080460,2023-05-08,Late Delivery,Refunded
R4001257,O1062527,2025-10-15,Changed Mind,Refunded
R4001258,O1001545,2025-05-04,Size Issue,Refunded
R4001259,O1136969,2025-04-16,Not as Expected,Refunded
R4001260,O1031718,2025-10-10,Not as Expected,Refunded
R4001261,O1154151,2025-06-13,Changed Mind,Refunded
R4001262,O1167306,2024-10-05,Not as Expected,Refunded
R4001263,O1124074,2023-05-19,Damaged,Refunded
R4001264,O1107506,2024-09-17,Wrong Item,Refunded
R4001265,O1104357,2024-12-02,Wrong Item,Refunded
R4001266,O1168139,2025-11-25,Damaged,Refunded
R4001267,O1055813,2024-10-26,Late Delivery,Refunded
R4001268,O1165078,2025-06-04,Not as Expected,Refunded
R4001269,O1015675,2023-08-05,Not as Expected,Refunded
R4001270,O1088983,2025-03-26,Size Issue,Refunded
R4001271,O1083988,2024-08-13,Damaged,Refunded
R4001272,O1025289,2023-10-10,Late Delivery,Refunded
R4001273,O1057809,2025-04-19,Size Issue,Refunded
R4001274,O1037933,2025-04-12,Late Delivery,Refunded
R4001275,O1065967,2024-06-15,Not as Expected,Refunded
R4001276,O1101335,2024-12-17,Not as Expected,Refunded
R4001277,O1176478,2023-07-12,Late Delivery,Refunded
R4001278,O1108812,2024-11-29,Not as Expected,Refunded
R4001279,O1111527,2023-04-03,Changed Mind,Refunded
R4001280,O1154479,2025-04-09,Not as Expected,Refunded
R4001281,O1159179,2026-01-02,Wrong Item,Refunded
R4001282,O1034526,2024-02-27,Not as Expected,Refunded
R4001283,O1173146,2023-12-04,Not as Expected,Refunded
R4001284,O1027198,2023-01-17,Changed Mind,Refunded
R4001285,O1069196,2025-06-22,Not as Expected,Refunded
R4001286,O1062651,2025-02-12,Not as Expected,Refunded
R4001287,O1017308,2025-10-06,Not as Expected,Refunded
R4001288,O1140855,2025-03-09,Late Delivery,Refunded
R4001289,O1160612,2024-10-18,Changed Mind,Refunded
R4001290,O1161149,2025-10-30,Wrong Item,Refunded
R4001291,O1121038,2024-02-12,Size Issue,Refunded
R4001292,O1115269,2024-09-15,Not as Expected,Refunded
R4001293,O1081301,2024-12-20,Size Issue,Refunded
R4001294,O1052158,2024-08-20,Late Delivery,Refunded
R4001295,O1169457,2025-06-15,Size Issue,Refunded
R4001296,O1177886,2023-11-30,Changed Mind,Refunded
R4001297,O1087476,2025-06-25,Not as Expected,Refunded
R4001298,O1162654,2024-10-25,Not as Expected,Refunded
R4001299,O1011864,2024-09-23,Not as Expected,Refunded
R4001300,O1108825,2024-03-10,Wrong Item,Refunded
R4001301,O1045326,2024-09-08,Late Delivery,Refunded
R4001302,O1086530,2024-04-14,Not as Expected,Refunded
R4001303,O1088593,2023-07-21,Late Delivery,Refunded
R4001304,O1170026,2023-10-01,Wrong Item,Refunded
R4001305,O1038038,2024-12-03,Late Delivery,Refunded
R4001306,O1098979,2023-06-11,Wrong Item,Refunded
R4001307,O1113940,2024-01-27,Late Delivery,Refunded
R4001308,O1130965,2023-08-01,Damaged,Refunded
R4001309,O1103136,2023-10-10,Damaged,Refunded
R4001310,O1132266,2024-04-10,Not as Expected,Refunded
R4001311,O1052693,2024-01-06,Damaged,Refunded
R4001312,O1079648,2023-04-25,Not as Expected,Refunded
R4001313,O1170632,2023-05-25,Late Delivery,Refunded
R4001314,O1104241,2023-07-10,Late Delivery,Refunded
R4001315,O1131829,2025-03-06,Not as Expected,Refunded
R4001316,O1058341,2023-03-04,Wrong Item,Refunded
R4001317,O1137018,2024-05-06,Size Issue,Refunded
R4001318,O1053462,2024-04-11,Not as Expected,Refunded
R4001319,O1027993,2023-02-05,Size Issue,Refunded
R4001320,O1142378,2023-07-07,Not as Expected,Refunded
R4001321,O1098201,2024-02-29,Size Issue,Refunded
R4001322,O1116146,2024-05-10,Late Delivery,Refunded
R4001323,O1073139,2024-12-08,Late Delivery,Refunded
R4001324,O1129702,2025-04-07,Size Issue,Refunded
R4001325,O1115128,2023-05-04,Not as Expected,Refunded
R4001326,O1058812,2023-03-23,Damaged,Refunded
R4001327,O1108876,2023-04-13,Size Issue,Refunded
R4001328,O1118696,2023-06-23,Wrong Item,Refunded
R4001329,O1113633,2025-02-28,Late Delivery,Refunded
R4001330,O1103837,2024-03-25,Not as Expected,Refunded
R4001331,O1086658,2023-12-24,Wrong Item,Refunded
R4001332,O1158611,2024-04-13,Size Issue,Refunded
R4001333,O1054630,2023-09-22,Wrong Item,Refunded
R4001334,O1045635,2025-10-01,Late Delivery,Refunded
R4001335,O1002202,2023-01-28,Damaged,Refunded
R4001336,O1005994,2023-03-24,Not as Expected,Refunded
R4001337,O1030061,2025-09-17,Size Issue,Refunded
R4001338,O1058798,2023-08-02,Size Issue,Refunded
R4001339,O1032026,2023-07-08,Not as Expected,Refunded
R4001340,O1052809,2023-11-05,Wrong Item,Refunded
R4001341,O1069890,2025-01-27,Damaged,Refunded
R4001342,O1049739,2025-12-25,Damaged,Refunded
R4001343,O1079890,2025-11-04,Not as Expected,Refunded
R4001344,O1023512,2025-04-20,Not as Expected,Refunded
R4001345,O1045918,2023-05-19,Not as Expected,Refunded
R4001346,O1114686,2024-09-25,Late Delivery,Refunded
R4001347,O1033562,2024-03-24,Damaged,Processing
R4001348,O1120970,2025-05-19,Changed Mind,Refunded
R4001349,O1168272,2024-07-21,Not as Expected,Refunded
R4001350,O1175572,2023-10-04,Changed Mind,Refunded
R4001351,O1089368,2024-01-05,Damaged,Refunded
R4001352,O1128409,2024-10-31,Size Issue,Refunded
R4001353,O1158896,2023-01-17,Not as Expected,Refunded
R4001354,O1132447,2024-10-02,Not as Expected,Refunded
R4001355,O1159394,2024-10-12,Wrong Item,Refunded
R4001356,O1075066,2023-10-21,Wrong Item,Refunded
R4001357,O1124770,2026-01-01,Not as Expected,Refunded
R4001358,O1072114,2023-08-29,Not as Expected,Refunded
R4001359,O1053974,2024-03-15,Wrong Item,Refunded
R4001360,O1006554,2023-08-31,Not as Expected,Refunded
R4001361,O1122190,2023-04-26,Changed Mind,Refunded
R4001362,O1158768,2023-11-13,Size Issue,Refunded
R4001363,O1002700,2023-08-30,Changed Mind,Processing
R4001364,O1048595,2024-11-07,Wrong Item,Refunded
R4001365,O1107528,2023-07-23,Not as Expected,Refunded
R4001366,O1139638,2023-05-14,Not as Expected,Refunded
R4001367,O1141138,2024-01-22,Wrong Item,Refunded
R4001368,O1046842,2025-06-01,Wrong Item,Refunded
R4001369,O1010554,2025-07-31,Wrong Item,Refunded
R4001370,O1047536,2024-10-18,Not as Expected,Refunded
R4001371,O1003434,2025-10-22,Size Issue,Refunded
R4001372,O1031536,2023-10-25,Wrong Item,Refunded
R4001373,O1154886,2024-07-31,Not as Expected,Refunded
R4001374,O1155178,2023-09-02,Not as Expected,Refunded
R4001375,O1099873,2024-09-03,Size Issue,Refunded
R4001376,O1157683,2023-06-17,Not as Expected,Refunded
R4001377,O1000563,2025-06-09,Late Delivery,Refunded
R4001378,O1119110,2024-06-29,Changed Mind,Refunded
R4001379,O1056442,2023-06-23,Late Delivery,Processing
R4001380,O1027110,2023-12-09,Not as Expected,Refunded
R4001381,O1047338,2023-03-08,Changed Mind,Refunded
R4001382,O1121922,2024-05-01,Changed Mind,Refunded
R4001383,O1179652,2025-08-21,Changed Mind,Refunded
R4001384,O1160275,2023-01-17,Damaged,Refunded
R4001385,O1105128,2023-08-20,Size Issue,Refunded
R4001386,O1033073,2025-07-27,Damaged,Refunded
R4001387,O1120708,2024-01-01,Damaged,Refunded
R4001388,O1126541,2024-11-03,Wrong Item,Refunded
R4001389,O1098143,2025-07-27,Not as Expected,Refunded
R4001390,O1092015,2024-11-21,Not as Expected,Refunded
R4001391,O1074293,2025-08-28,Wrong Item,Refunded
R4001392,O1040150,2024-05-02,Size Issue,Refunded
R4001393,O1047782,2024-04-03,Not as Expected,Refunded
R4001394,O1083094,2025-04-17,Changed Mind,Refunded
R4001395,O1037054,2024-12-29,Late Delivery,Processing
R4001396,O1002946,2023-06-02,Changed Mind,Processing
R4001397,O1177997,2023-10-25,Wrong Item,Processing
R4001398,O1018310,2023-01-17,Not as Expected,Processing
R4001399,O1006629,2025-08-07,Wrong Item,Refunded
R4001400,O1128784,2025-03-22,Size Issue,Refunded
R4001401,O1122475,2024-05-02,Late Delivery,Refunded
R4001402,O1107832,2024-09-04,Late Delivery,Refunded
R4001403,O1041743,2023-08-08,Late Delivery,Refunded
R4001404,O1146581,2024-12-16,Not as Expected,Refunded
R4001405,O1120719,2023-10-26,Size Issue,Refunded
R4001406,O1125101,2025-04-30,Late Delivery,Refunded
R4001407,O1085249,2025-08-20,Late Delivery,Refunded
R4001408,O1060978,2025-01-24,Damaged,Refunded
R4001409,O1024598,2023-11-23,Late Delivery,Processing
R4001410,O1019006,2025-08-01,Wrong Item,Processing
R4001411,O1154536,2023-03-05,Size Issue,Refunded
R4001412,O1144781,2025-12-09,Damaged,Refunded
R4001413,O1087573,2025-06-04,Damaged,Refunded
R4001414,O1083192,2025-11-01,Damaged,Refunded
R4001415,O1157019,2024-03-16,Not as Expected,Refunded
R4001416,O1047825,2023-02-15,Not as Expected,Refunded
R4001417,O1025117,2025-09-23,Damaged,Refunded
R4001418,O1117551,2024-11-08,Wrong Item,Refunded
R4001419,O1159697,2023-06-27,Late Delivery,Refunded
R4001420,O1009098,2026-01-03,Changed Mind,Refunded
R4001421,O1064634,2024-05-10,Size Issue,Refunded
R4001422,O1091026,2023-09-13,Late Delivery,Processing
R4001423,O1176370,2025-10-14,Late Delivery,Refunded
R4001424,O1083258,2023-11-29,Wrong Item,Processing
R4001425,O1110334,2024-07-02,Not as Expected,Refunded
R4001426,O1084152,2025-07-22,Damaged,Refunded
R4001427,O1014483,2024-03-28,Not as Expected,Refunded
R4001428,O1097031,2023-01-29,Late Delivery,Refunded
R4001429,O1162850,2025-11-08,Late Delivery,Refunded
R4001430,O1137724,2025-05-05,Not as Expected,Refunded
R4001431,O1171197,2023-07-16,Damaged,Refunded
R4001432,O1107952,2024-09-25,Damaged,Refunded
R4001433,O1051969,2025-06-11,Changed Mind,Refunded
R4001434,O1150519,2024-06-07,Changed Mind,Refunded
R4001435,O1083901,2025-01-02,Damaged,Refunded
R4001436,O1153459,2025-09-16,Wrong Item,Refunded
R4001437,O1167732,2025-11-20,Not as Expected,Refunded
R4001438,O1132207,2024-03-19,Not as Expected,Processing
R4001439,O1058043,2024-05-04,Not as Expected,Refunded
R4001440,O1005332,2023-07-19,Size Issue,Refunded
R4001441,O1034229,2024-04-26,Damaged,Processing
R4001442,O1054035,2025-08-15,Changed Mind,Refunded
R4001443,O1029474,2025-02-16,Not as Expected,Refunded
R4001444,O1093681,2024-03-24,Size Issue,Processing
R4001445,O1050133,2024-12-11,Wrong Item,Refunded
R4001446,O1014862,2023-03-02,Late Delivery,Refunded
R4001447,O1080687,2024-02-06,Late Delivery,Refunded
R4001448,O1073277,2023-02-06,Late Delivery,Refunded
R4001449,O1073578,2025-01-31,Size Issue,Refunded
R4001450,O1061697,2025-01-28,Damaged,Refunded
R4001451,O1029434,2023-04-11,Not as Expected,Refunded
R4001452,O1071599,2025-08-21,Damaged,Refunded
R4001453,O1105235,2023-08-01,Late Delivery,Refunded
R4001454,O1075575,2024-06-28,Not as Expected,Refunded
R4001455,O1172248,2024-11-24,Not as Expected,Refunded
R4001456,O1152933,2025-10-13,Late Delivery,Refunded
R4001457,O1112611,2025-10-13,Changed Mind,Refunded
R4001458,O1068621,2023-08-15,Damaged,Refunded
R4001459,O1085707,2023-10-15,Changed Mind,Refunded
R4001460,O1056533,2025-01-07,Not as Expected,Refunded
R4001461,O1023621,2024-05-29,Size Issue,Refunded
R4001462,O1133274,2025-11-26,Changed Mind,Refunded
R4001463,O1154354,2025-10-24,Not as Expected,Refunded
R4001464,O1094645,2024-08-06,Not as Expected,Refunded
R4001465,O1028227,2025-02-26,Late Delivery,Refunded
R4001466,O1076440,2025-07-23,Size Issue,Refunded
R4001467,O1175320,2025-12-31,Size Issue,Refunded
R4001468,O1004461,2024-07-28,Changed Mind,Refunded
R4001469,O1026978,2025-01-07,Late Delivery,Refunded
R4001470,O1040153,2023-06-07,Late Delivery,Refunded
R4001471,O1078926,2024-11-14,Not as Expected,Refunded
R4001472,O1127531,2024-03-19,Damaged,Refunded
R4001473,O1087568,2024-12-04,Not as Expected,Refunded
R4001474,O1131291,2024-11-23,Size Issue,Refunded
R4001475,O1039251,2024-01-01,Size Issue,Refunded
R4001476,O1037161,2023-04-22,Not as Expected,Refunded
R4001477,O1134932,2024-08-14,Late Delivery,Refunded
R4001478,O1082013,2024-04-17,Not as Expected,Refunded
R4001479,O1165149,2025-12-25,Wrong Item,Refunded
R4001480,O1118349,2024-02-15,Late Delivery,Refunded
R4001481,O1046059,2024-04-22,Not as Expected,Refunded
R4001482,O1036388,2025-08-05,Size Issue,Refunded
R4001483,O1011979,2024-06-06,Size Issue,Refunded
R4001484,O1029445,2023-09-26,Not as Expected,Refunded
R4001485,O1068506,2023-04-18,Size Issue,Processing
R4001486,O1060449,2023-11-08,Not as Expected,Refunded
R4001487,O1125613,2023-08-18,Changed Mind,Refunded
R4001488,O1152303,2023-06-08,Late Delivery,Processing
R4001489,O1073693,2025-08-13,Damaged,Refunded
R4001490,O1016175,2024-09-01,Not as Expected,Processing
R4001491,O1060620,2024-06-02,Damaged,Refunded
R4001492,O1022525,2023-11-23,Changed Mind,Refunded
R4001493,O1081529,2024-02-09,Changed Mind,Refunded
R4001494,O1157930,2024-03-27,Damaged,Refunded
R4001495,O1045268,2023-11-07,Not as Expected,Refunded
R4001496,O1115571,2025-05-03,Changed Mind,Refunded
R4001497,O1140154,2023-12-06,Late Delivery,Refunded
R4001498,O1131475,2024-11-26,Not as Expected,Refunded
R4001499,O1062127,2023-05-14,Wrong Item,Refunded
R4001500,O1172626,2024-05-13,Changed Mind,Refunded
R4001501,O1174164,2025-01-26,Not as Expected,Refunded
R4001502,O1158870,2025-01-19,Size Issue,Refunded
R4001503,O1055329,2024-06-04,Changed Mind,Refunded
R4001504,O1041367,2025-09-08,Late Delivery,Refunded
R4001505,O1172998,2024-05-12,Size Issue,Refunded
R4001506,O1154440,2023-06-09,Damaged,Refunded
R4001507,O1102588,2025-06-03,Changed Mind,Processing
R4001508,O1036059,2024-07-10,Damaged,Refunded
R4001509,O1099040,2024-05-18,Size Issue,Refunded
R4001510,O1023035,2023-05-09,Size Issue,Processing
R4001511,O1135929,2024-04-29,Size Issue,Refunded
R4001512,O1079224,2024-05-14,Wrong Item,Refunded
R4001513,O1077352,2024-01-31,Size Issue,Refunded
R4001514,O1171585,2024-07-04,Wrong Item,Processing
R4001515,O1006092,2025-11-15,Changed Mind,Refunded
R4001516,O1175408,2024-04-11,Size Issue,Refunded
R4001517,O1137835,2025-09-14,Size Issue,Processing
R4001518,O1179526,2023-10-10,Size Issue,Processing
R4001519,O1127502,2025-07-21,Late Delivery,Refunded
R4001520,O1104111,2023-05-16,Changed Mind,Refunded
R4001521,O1025554,2024-04-25,Not as Expected,Refunded
R4001522,O1082968,2024-08-20,Not as Expected,Refunded
R4001523,O1130593,2024-02-15,Wrong Item,Refunded
R4001524,O1134797,2023-10-31,Not as Expected,Refunded
R4001525,O1073141,2023-10-23,Late Delivery,Refunded
R4001526,O1025241,2025-04-13,Damaged,Refunded
R4001527,O1072703,2023-05-10,Late Delivery,Refunded
R4001528,O1156555,2023-08-10,Changed Mind,Refunded
R4001529,O1015844,2023-11-11,Changed Mind,Refunded
R4001530,O1021495,2025-03-01,Not as Expected,Refunded
R4001531,O1104191,2023-03-03,Damaged,Refunded
R4001532,O1124654,2025-09-26,Not as Expected,Refunded
R4001533,O1116696,2023-03-21,Not as Expected,Refunded
R4001534,O1121266,2023-11-10,Wrong Item,Refunded
R4001535,O1122272,2023-02-10,Damaged,Refunded
R4001536,O1078225,2025-04-16,Late Delivery,Refunded
R4001537,O1112603,2025-04-06,Not as Expected,Refunded
R4001538,O1004769,2025-02-24,Wrong Item,Refunded
R4001539,O1140287,2025-03-04,Not as Expected,Refunded
R4001540,O1154718,2024-01-05,Not as Expected,Refunded
R4001541,O1056104,2024-10-20,Not as Expected,Refunded
R4001542,O1050865,2024-01-12,Size Issue,Refunded
R4001543,O1103360,2025-07-19,Not as Expected,Refunded
R4001544,O1065091,2023-08-21,Size Issue,Refunded
R4001545,O1140889,2023-03-04,Late Delivery,Refunded
R4001546,O1093013,2024-11-27,Wrong Item,Refunded
R4001547,O1081414,2025-04-21,Not as Expected,Refunded
R4001548,O1118105,2024-11-07,Wrong Item,Refunded
R4001549,O1179854,2023-04-23,Wrong Item,Refunded
R4001550,O1157402,2024-09-20,Wrong Item,Refunded
R4001551,O1126417,2023-03-28,Changed Mind,Refunded
R4001552,O1121246,2026-01-06,Damaged,Refunded
R4001553,O1034985,2024-01-02,Not as Expected,Refunded
R4001554,O1018656,2023-11-03,Wrong Item,Refunded
R4001555,O1105886,2025-07-18,Damaged,Refunded
R4001556,O1112578,2023-05-01,Wrong Item,Refunded
R4001557,O1044454,2024-10-01,Damaged,Refunded
R4001558,O1004339,2024-03-22,Not as Expected,Refunded
R4001559,O1071102,2025-08-04,Wrong Item,Refunded
R4001560,O1160499,2024-05-06,Not as Expected,Refunded
R4001561,O1063948,2025-02-01,Size Issue,Refunded
R4001562,O1008152,2024-08-10,Damaged,Refunded
R4001563,O1111791,2025-10-25,Late Delivery,Refunded
R4001564,O1083361,2024-02-28,Not as Expected,Processing
R4001565,O1006005,2025-03-08,Damaged,Refunded
R4001566,O1096323,2025-03-05,Changed Mind,Refunded
R4001567,O1052895,2024-02-22,Wrong Item,Refunded
R4001568,O1079947,2023-03-24,Wrong Item,Refunded
R4001569,O1030262,2025-09-10,Not as Expected,Processing
R4001570,O1082523,2023-10-21,Size Issue,Refunded
R4001571,O1052603,2024-03-24,Late Delivery,Refunded
R4001572,O1164426,2024-01-15,Late Delivery,Refunded
R4001573,O1062921,2023-03-31,Size Issue,Refunded
R4001574,O1155189,2025-05-14,Changed Mind,Refunded
R4001575,O1103821,2023-05-24,Changed Mind,Refunded
R4001576,O1157373,2024-06-19,Changed Mind,Refunded
R4001577,O1010955,2023-11-04,Not as Expected,Refunded
R4001578,O1026330,2025-10-10,Not as Expected,Refunded
R4001579,O1161348,2023-01-12,Size Issue,Processing
R4001580,O1007416,2023-11-28,Damaged,Refunded
R4001581,O1031673,2025-11-02,Not as Expected,Refunded
R4001582,O1136711,2025-03-18,Size Issue,Refunded
R4001583,O1070235,2024-05-23,Not as Expected,Refunded
R4001584,O1116902,2023-09-10,Size Issue,Refunded
R4001585,O1063189,2024-08-15,Wrong Item,Refunded
R4001586,O1001486,2025-08-15,Not as Expected,Refunded
R4001587,O1023254,2025-04-21,Late Delivery,Refunded
R4001588,O1079113,2024-10-30,Changed Mind,Processing
R4001589,O1138350,2025-02-24,Wrong Item,Refunded
R4001590,O1022902,2025-07-30,Not as Expected,Refunded
R4001591,O1050582,2023-09-09,Not as Expected,Refunded
R4001592,O1072070,2024-09-06,Late Delivery,Refunded
R4001593,O1024896,2023-06-10,Wrong Item,Refunded
R4001594,O1065935,2023-04-07,Damaged,Refunded
R4001595,O1130228,2023-04-02,Not as Expected,Refunded
R4001596,O1027058,2025-06-06,Wrong Item,Refunded
R4001597,O1165702,2023-09-18,Changed Mind,Refunded
R4001598,O1112879,2023-11-25,Changed Mind,Refunded
R4001599,O1010114,2025-05-17,Not as Expected,Refunded
R4001600,O1025021,2024-01-05,Late Delivery,Refunded
R4001601,O1179784,2025-02-23,Changed Mind,Refunded
R4001602,O1110559,2024-06-15,Wrong Item,Refunded
R4001603,O1023562,2023-02-18,Wrong Item,Refunded
R4001604,O1043877,2025-09-30,Late Delivery,Refunded
R4001605,O1055426,2024-12-23,Size Issue,Refunded
R4001606,O1092245,2025-07-18,Not as Expected,Refunded
R4001607,O1051241,2025-09-24,Not as Expected,Refunded
R4001608,O1156993,2025-04-11,Damaged,Refunded
R4001609,O1084546,2025-03-28,Changed Mind,Refunded
R4001610,O1049554,2024-09-01,Wrong Item,Refunded
R4001611,O1090109,2024-09-10,Changed Mind,Refunded
R4001612,O1141571,2025-08-19,Size Issue,Refunded
R4001613,O1146725,2025-07-04,Damaged,Refunded
R4001614,O1168693,2024-06-22,Late Delivery,Refunded
R4001615,O1015011,2024-05-04,Size Issue,Refunded
R4001616,O1077344,2025-04-03,Not as Expected,Refunded
R4001617,O1031267,2023-05-08,Not as Expected,Refunded
R4001618,O1054888,2024-03-03,Damaged,Refunded
R4001619,O1072078,2025-01-12,Late Delivery,Refunded
R4001620,O1120144,2024-10-10,Changed Mind,Refunded
R4001621,O1170963,2023-09-17,Damaged,Refunded
R4001622,O1148788,2024-08-29,Late Delivery,Refunded
R4001623,O1154183,2023-12-02,Wrong Item,Refunded
R4001624,O1028544,2023-12-01,Size Issue,Refunded
R4001625,O1010461,2024-04-26,Not as Expected,Refunded
R4001626,O1145516,2025-05-29,Size Issue,Refunded
R4001627,O1123119,2025-01-28,Damaged,Refunded
R4001628,O1124016,2025-05-04,Size Issue,Processing
R4001629,O1090463,2023-06-09,Damaged,Processing
R4001630,O1058118,2023-05-07,Changed Mind,Refunded
R4001631,O1110485,2025-01-13,Not as Expected,Refunded
R4001632,O1106757,2024-01-29,Late Delivery,Refunded
R4001633,O1123151,2024-01-21,Size Issue,Refunded
R4001634,O1040300,2025-03-25,Damaged,Refunded
R4001635,O1047521,2023-07-28,Changed Mind,Processing
R4001636,O1140361,2025-02-03,Damaged,Refunded
R4001637,O1075635,2023-09-16,Changed Mind,Refunded
R4001638,O1096341,2024-11-27,Wrong Item,Refunded
R4001639,O1142426,2024-04-27,Not as Expected,Refunded
R4001640,O1044326,2024-11-05,Damaged,Refunded
R4001641,O1138576,2023-10-29,Not as Expected,Refunded
R4001642,O1028299,2025-06-20,Size Issue,Refunded
R4001643,O1176128,2024-11-13,Late Delivery,Refunded
R4001644,O1099870,2025-08-10,Wrong Item,Refunded
R4001645,O1090152,2024-05-04,Changed Mind,Refunded
R4001646,O1050908,2024-12-07,Damaged,Refunded
R4001647,O1106816,2024-10-17,Not as Expected,Refunded
R4001648,O1090036,2024-04-10,Late Delivery,Processing
R4001649,O1047865,2025-12-31,Wrong Item,Refunded
R4001650,O1052065,2025-09-05,Size Issue,Refunded
R4001651,O1023602,2025-10-30,Not as Expected,Refunded
R4001652,O1158505,2026-01-01,Changed Mind,Refunded
R4001653,O1069716,2025-01-28,Not as Expected,Refunded
R4001654,O1034745,2024-07-22,Not as Expected,Refunded
R4001655,O1069394,2025-12-12,Damaged,Refunded
R4001656,O1078174,2024-03-11,Changed Mind,Refunded
R4001657,O1014171,2025-05-01,Wrong Item,Refunded
R4001658,O1066205,2025-07-11,Damaged,Refunded
R4001659,O1168871,2024-02-21,Not as Expected,Refunded
R4001660,O1140460,2025-07-08,Damaged,Refunded
R4001661,O1115862,2024-03-28,Not as Expected,Refunded
R4001662,O1022483,2023-06-08,Not as Expected,Refunded
R4001663,O1015890,2025-03-14,Damaged,Refunded
R4001664,O1018852,2023-06-26,Not as Expected,Refunded
R4001665,O1172383,2024-08-28,Not as Expected,Refunded
R4001666,O1004189,2023-10-16,Changed Mind,Refunded
R4001667,O1129203,2024-05-16,Not as Expected,Refunded
R4001668,O1027603,2025-02-11,Damaged,Refunded
R4001669,O1069208,2023-08-15,Changed Mind,Refunded
R4001670,O1121751,2025-09-21,Damaged,Refunded
R4001671,O1081671,2023-03-21,Size Issue,Refunded
R4001672,O1121218,2025-12-30,Changed Mind,Refunded
R4001673,O1138243,2024-10-31,Changed Mind,Processing
R4001674,O1082226,2023-09-03,Not as Expected,Refunded
R4001675,O1095026,2023-01-18,Changed Mind,Refunded
R4001676,O1156244,2025-07-16,Changed Mind,Refunded
R4001677,O1168199,2025-11-14,Wrong Item,Refunded
R4001678,O1130502,2024-04-10,Not as Expected,Refunded
R4001679,O1073042,2023-11-22,Late Delivery,Refunded
R4001680,O1066930,2024-11-22,Not as Expected,Refunded
R4001681,O1040164,2025-06-08,Not as Expected,Refunded
R4001682,O1002434,2025-03-27,Not as Expected,Refunded
R4001683,O1066029,2025-06-03,Late Delivery,Refunded
R4001684,O1007941,2025-10-26,Not as Expected,Refunded
R4001685,O1044217,2025-09-18,Wrong Item,Refunded
R4001686,O1140084,2023-11-04,Late Delivery,Refunded
R4001687,O1107617,2024-09-08,Size Issue,Refunded
R4001688,O1163397,2024-07-19,Late Delivery,Refunded
R4001689,O1002888,2025-05-25,Size Issue,Refunded
R4001690,O1041092,2024-04-16,Wrong Item,Refunded
R4001691,O1033492,2025-04-24,Late Delivery,Refunded
R4001692,O1157220,2023-11-02,Not as Expected,Refunded
R4001693,O1074241,2025-01-15,Size Issue,Refunded
R4001694,O1027106,2025-06-03,Not as Expected,Refunded
R4001695,O1050221,2023-03-05,Damaged,Processing
R4001696,O1138253,2023-05-10,Not as Expected,Refunded
R4001697,O1134910,2023-03-25,Not as Expected,Refunded
R4001698,O1035284,2025-01-23,Damaged,Refunded
R4001699,O1097133,2023-03-03,Changed Mind,Refunded
R4001700,O1022801,2023-12-25,Not as Expected,Refunded
R4001701,O1136985,2023-10-13,Changed Mind,Refunded
R4001702,O1005377,2025-04-17,Size Issue,Refunded
R4001703,O1075061,2024-10-24,Wrong Item,Refunded
R4001704,O1070628,2023-01-14,Wrong Item,Refunded
R4001705,O1021113,2023-10-08,Wrong Item,Refunded
R4001706,O1101838,2025-04-05,Size Issue,Refunded
R4001707,O1092477,2023-10-21,Not as Expected,Refunded
R4001708,O1063909,2024-11-23,Not as Expected,Refunded
R4001709,O1030767,2025-04-26,Damaged,Refunded
R4001710,O1118415,2025-09-24,Size Issue,Refunded
R4001711,O1169694,2023-08-31,Size Issue,Refunded
R4001712,O1057716,2024-05-23,Not as Expected,Refunded
R4001713,O1097789,2024-05-02,Size Issue,Refunded
R4001714,O1025522,2024-11-24,Wrong Item,Refunded
R4001715,O1155229,2023-10-11,Wrong Item,Refunded
R4001716,O1042607,2023-03-17,Damaged,Refunded
R4001717,O1085426,2025-08-31,Wrong Item,Refunded
R4001718,O1125165,2023-04-17,Late Delivery,Processing
R4001719,O1160299,2023-01-11,Size Issue,Refunded
R4001720,O1109142,2024-12-06,Not as Expected,Refunded
R4001721,O1022094,2024-07-31,Not as Expected,Refunded
R4001722,O1035822,2023-03-30,Changed Mind,Refunded
R4001723,O1006824,2024-03-17,Wrong Item,Refunded
R4001724,O1044637,2023-10-01,Damaged,Refunded
R4001725,O1056552,2023-09-13,Changed Mind,Refunded
R4001726,O1014113,2024-06-07,Changed Mind,Refunded
R4001727,O1087790,2024-03-06,Late Delivery,Refunded
R4001728,O1043499,2025-11-09,Late Delivery,Refunded
R4001729,O1166748,2023-09-04,Damaged,Refunded
R4001730,O1100290,2023-09-15,Size Issue,Refunded
R4001731,O1086577,2025-07-16,Damaged,Refunded
R4001732,O1083468,2024-11-06,Changed Mind,Refunded
R4001733,O1069127,2025-08-15,Changed Mind,Processing
R4001734,O1091753,2024-04-07,Damaged,Refunded
R4001735,O1038324,2024-08-30,Wrong Item,Refunded
R4001736,O1051583,2024-07-31,Damaged,Refunded
R4001737,O1047241,2025-07-23,Not as Expected,Refunded
R4001738,O1123225,2023-11-25,Late Delivery,Refunded
R4001739,O1080833,2023-10-14,Wrong Item,Refunded
R4001740,O1013501,2024-02-27,Not as Expected,Refunded
R4001741,O1159520,2024-10-02,Not as Expected,Refunded
R4001742,O1056095,2024-09-10,Not as Expected,Refunded
R4001743,O1012262,2025-11-11,Changed Mind,Refunded
R4001744,O1031824,2025-05-18,Wrong Item,Refunded
R4001745,O1117930,2025-12-12,Changed Mind,Refunded
R4001746,O1153505,2024-04-12,Not as Expected,Refunded
R4001747,O1012400,2024-06-22,Wrong Item,Refunded
R4001748,O1158541,2023-06-12,Wrong Item,Refunded
R4001749,O1071915,2023-04-08,Late Delivery,Refunded
R4001750,O1028170,2024-10-21,Size Issue,Refunded
R4001751,O1173267,2024-12-30,Changed Mind,Refunded
R4001752,O1164822,2023-10-02,Not as Expected,Refunded
R4001753,O1006162,2023-07-23,Not as Expected,Refunded
R4001754,O1135413,2023-09-30,Changed Mind,Refunded
R4001755,O1122980,2025-07-15,Not as Expected,Refunded
R4001756,O1076182,2024-07-18,Changed Mind,Refunded
R4001757,O1097269,2025-07-15,Not as Expected,Refunded
R4001758,O1070226,2025-01-16,Size Issue,Refunded
R4001759,O1134139,2024-02-17,Not as Expected,Refunded
R4001760,O1159730,2024-10-30,Not as Expected,Refunded
R4001761,O1156342,2024-06-17,Not as Expected,Refunded
R4001762,O1120553,2024-12-24,Not as Expected,Refunded
R4001763,O1031036,2024-01-14,Size Issue,Refunded
R4001764,O1067413,2024-02-25,Changed Mind,Refunded
R4001765,O1091628,2024-05-06,Not as Expected,Refunded
R4001766,O1157172,2025-08-05,Damaged,Refunded
R4001767,O1152836,2024-10-09,Size Issue,Processing
R4001768,O1143699,2024-01-18,Changed Mind,Refunded
R4001769,O1160220,2025-07-15,Changed Mind,Refunded
R4001770,O1114620,2023-05-20,Damaged,Refunded
R4001771,O1041862,2023-07-18,Damaged,Refunded
R4001772,O1175012,2025-10-20,Damaged,Refunded
R4001773,O1015187,2025-07-17,Not as Expected,Refunded
R4001774,O1158401,2023-07-02,Damaged,Refunded
R4001775,O1057871,2023-09-22,Size Issue,Refunded
R4001776,O1169896,2024-01-21,Changed Mind,Refunded
R4001777,O1146988,2023-06-01,Wrong Item,Refunded
R4001778,O1154552,2025-08-23,Size Issue,Refunded
R4001779,O1063350,2024-04-28,Damaged,Refunded
R4001780,O1087865,2023-05-29,Damaged,Refunded
R4001781,O1125056,2025-06-18,Not as Expected,Refunded
R4001782,O1080042,2023-05-04,Late Delivery,Refunded
R4001783,O1129799,2023-03-07,Not as Expected,Refunded
R4001784,O1171053,2024-10-17,Late Delivery,Refunded
R4001785,O1175070,2023-07-07,Not as Expected,Processing
R4001786,O1022245,2023-09-26,Not as Expected,Refunded
R4001787,O1012283,2025-07-05,Damaged,Refunded
R4001788,O1075528,2023-05-16,Changed Mind,Refunded
R4001789,O1054805,2024-01-13,Wrong Item,Refunded
R4001790,O1107310,2024-06-02,Changed Mind,Refunded
R4001791,O1076552,2023-02-07,Wrong Item,Refunded
R4001792,O1040298,2023-05-28,Size Issue,Refunded
R4001793,O1091329,2025-05-04,Late Delivery,Refunded
R4001794,O1051530,2024-05-17,Wrong Item,Refunded
R4001795,O1101778,2023-09-28,Wrong Item,Refunded
R4001796,O1106160,2024-02-27,Late Delivery,Refunded
R4001797,O1108458,2023-05-23,Changed Mind,Processing
R4001798,O1020609,2025-09-10,Not as Expected,Refunded
R4001799,O1177410,2025-05-18,Not as Expected,Refunded
R4001800,O1028617,2024-04-18,Not as Expected,Refunded
R4001801,O1059433,2023-10-24,Damaged,Refunded
R4001802,O1097513,2023-05-14,Damaged,Refunded
R4001803,O1045104,2024-03-22,Size Issue,Refunded
R4001804,O1152416,2025-07-25,Late Delivery,Refunded
R4001805,O1122458,2024-09-08,Wrong Item,Refunded
R4001806,O1066899,2023-02-02,Late Delivery,Refunded
R4001807,O1038671,2023-05-06,Wrong Item,Refunded
R4001808,O1109491,2023-06-25,Wrong Item,Refunded
R4001809,O1060187,2025-09-24,Wrong Item,Refunded
R4001810,O1078640,2024-01-27,Not as Expected,Refunded
R4001811,O1151184,2024-03-03,Damaged,Refunded
R4001812,O1087750,2023-04-25,Not as Expected,Refunded
R4001813,O1167206,2023-04-21,Not as Expected,Refunded
R4001814,O1102379,2024-11-25,Not as Expected,Refunded
R4001815,O1129134,2024-01-05,Changed Mind,Refunded
R4001816,O1135341,2025-06-28,Not as Expected,Refunded
R4001817,O1112771,2024-10-29,Damaged,Refunded
R4001818,O1170325,2024-01-06,Wrong Item,Refunded
R4001819,O1040711,2023-10-12,Wrong Item,Refunded
R4001820,O1137674,2023-08-21,Not as Expected,Refunded
R4001821,O1134903,2025-09-03,Size Issue,Refunded
R4001822,O1166454,2023-07-16,Not as Expected,Refunded
R4001823,O1061993,2024-06-09,Size Issue,Refunded
R4001824,O1091403,2023-07-27,Changed Mind,Refunded
R4001825,O1125966,2025-11-17,Late Delivery,Refunded
R4001826,O1012611,2023-10-20,Changed Mind,Refunded
R4001827,O1008967,2025-05-22,Not as Expected,Refunded
R4001828,O1132689,2025-04-01,Not as Expected,Refunded
R4001829,O1158345,2023-03-24,Not as Expected,Refunded
R4001830,O1010451,2025-03-09,Size Issue,Refunded
R4001831,O1010442,2024-11-01,Changed Mind,Refunded
R4001832,O1049509,2025-04-10,Wrong Item,Refunded
R4001833,O1090749,2023-08-19,Size Issue,Refunded
R4001834,O1166984,2024-07-21,Damaged,Refunded
R4001835,O1101169,2023-01-11,Not as Expected,Refunded
R4001836,O1174726,2023-08-05,Wrong Item,Processing
R4001837,O1085209,2023-06-19,Damaged,Refunded
R4001838,O1114290,2025-04-27,Wrong Item,Processing
R4001839,O1106513,2025-04-27,Damaged,Refunded
R4001840,O1136798,2023-04-14,Not as Expected,Refunded
R4001841,O1166262,2023-05-19,Late Delivery,Refunded
R4001842,O1164394,2023-02-16,Not as Expected,Refunded
R4001843,O1010866,2023-04-15,Wrong Item,Refunded
R4001844,O1020822,2023-05-16,Wrong Item,Refunded
R4001845,O1068659,2024-04-14,Damaged,Refunded
R4001846,O1066341,2024-04-17,Not as Expected,Processing
R4001847,O1067726,2024-05-29,Size Issue,Refunded
R4001848,O1112480,2025-04-03,Changed Mind,Refunded
R4001849,O1164615,2024-10-24,Damaged,Refunded
R4001850,O1127733,2025-07-02,Not as Expected,Refunded
R4001851,O1095689,2023-04-07,Wrong Item,Refunded
R4001852,O1066825,2025-05-24,Damaged,Refunded
R4001853,O1087097,2024-01-25,Late Delivery,Refunded
R4001854,O1048231,2024-09-09,Damaged,Refunded
R4001855,O1059049,2025-10-01,Not as Expected,Refunded
R4001856,O1119574,2023-08-08,Size Issue,Refunded
R4001857,O1047818,2023-05-09,Late Delivery,Refunded
R4001858,O1160965,2024-09-05,Changed Mind,Refunded
R4001859,O1038712,2025-06-18,Not as Expected,Refunded
R4001860,O1027449,2024-02-05,Not as Expected,Refunded
R4001861,O1044235,2025-12-05,Changed Mind,Refunded
R4001862,O1158499,2025-02-09,Wrong Item,Refunded
R4001863,O1085919,2024-08-05,Damaged,Refunded
R4001864,O1066456,2023-03-03,Changed Mind,Refunded
R4001865,O1012583,2023-05-06,Changed Mind,Refunded
R4001866,O1038661,2024-02-03,Not as Expected,Refunded
R4001867,O1173544,2025-10-28,Wrong Item,Refunded
R4001868,O1036784,2023-07-06,Late Delivery,Refunded
R4001869,O1147858,2024-05-11,Damaged,Refunded
R4001870,O1174311,2025-05-27,Size Issue,Refunded
R4001871,O1100689,2025-01-23,Size Issue,Refunded
R4001872,O1172591,2024-02-25,Damaged,Refunded
R4001873,O1048216,2023-06-19,Not as Expected,Refunded
R4001874,O1053127,2023-01-15,Late Delivery,Refunded
R4001875,O1030472,2025-02-14,Changed Mind,Refunded
R4001876,O1041024,2025-12-19,Not as Expected,Refunded
R4001877,O1105138,2024-02-08,Not as Expected,Refunded
R4001878,O1029238,2025-02-19,Damaged,Refunded
R4001879,O1103048,2024-02-23,Size Issue,Refunded
R4001880,O1061097,2023-09-09,Not as Expected,Processing
R4001881,O1068594,2025-11-07,Changed Mind,Refunded
R4001882,O1151753,2023-09-05,Damaged,Refunded
R4001883,O1170017,2025-12-25,Size Issue,Refunded
R4001884,O1109022,2024-03-20,Late Delivery,Refunded
R4001885,O1022769,2024-05-21,Not as Expected,Refunded
R4001886,O1150723,2024-06-06,Late Delivery,Refunded
R4001887,O1068362,2025-05-28,Damaged,Processing
R4001888,O1085722,2023-10-22,Size Issue,Refunded
R4001889,O1094244,2025-05-21,Not as Expected,Refunded
R4001890,O1013508,2025-12-13,Not as Expected,Refunded
R4001891,O1092435,2023-01-30,Size Issue,Refunded
R4001892,O1083362,2025-10-31,Size Issue,Refunded
R4001893,O1079314,2024-09-28,Not as Expected,Refunded
R4001894,O1041398,2023-10-13,Size Issue,Refunded
R4001895,O1051232,2024-05-06,Not as Expected,Refunded
R4001896,O1028399,2025-01-13,Late Delivery,Refunded
R4001897,O1123366,2025-04-28,Size Issue,Refunded
R4001898,O1094212,2025-05-12,Not as Expected,Refunded
R4001899,O1085620,2025-01-26,Late Delivery,Refunded
R4001900,O1176286,2023-02-09,Not as Expected,Refunded
R4001901,O1118835,2024-02-05,Not as Expected,Refunded
R4001902,O1014277,2023-11-02,Not as Expected,Processing
R4001903,O1077834,2024-01-04,Not as Expected,Refunded
R4001904,O1011949,2025-04-09,Size Issue,Refunded
R4001905,O1081008,2024-07-22,Not as Expected,Refunded
R4001906,O1047625,2024-07-10,Changed Mind,Refunded
R4001907,O1141613,2023-06-09,Size Issue,Refunded
R4001908,O1091128,2024-05-16,Damaged,Refunded
R4001909,O1078067,2025-05-27,Damaged,Processing
R4001910,O1122699,2023-05-28,Late Delivery,Refunded
R4001911,O1028672,2026-01-08,Changed Mind,Refunded
R4001912,O1171455,2025-07-10,Wrong Item,Refunded
R4001913,O1024042,2024-04-27,Wrong Item,Refunded
R4001914,O1105115,2023-05-03,Damaged,Refunded
R4001915,O1147686,2025-02-16,Wrong Item,Refunded
R4001916,O1077361,2023-03-09,Changed Mind,Refunded
R4001917,O1055865,2025-01-10,Damaged,Refunded
R4001918,O1135128,2025-10-16,Damaged,Refunded
R4001919,O1179099,2023-11-25,Not as Expected,Refunded
R4001920,O1000153,2025-07-31,Size Issue,Refunded
R4001921,O1164836,2025-02-03,Late Delivery,Processing
R4001922,O1144349,2023-07-28,Wrong Item,Refunded
R4001923,O1142059,2024-10-05,Late Delivery,Refunded
R4001924,O1173074,2025-07-08,Size Issue,Refunded
R4001925,O1060322,2024-10-05,Late Delivery,Refunded
R4001926,O1018736,2025-08-31,Late Delivery,Refunded
R4001927,O1119226,2023-01-05,Not as Expected,Refunded
R4001928,O1173498,2023-03-22,Size Issue,Refunded
R4001929,O1112810,2024-03-19,Not as Expected,Refunded
R4001930,O1128794,2024-10-18,Not as Expected,Refunded
R4001931,O1010369,2023-06-13,Not as Expected,Refunded
R4001932,O1029298,2023-03-19,Damaged,Refunded
R4001933,O1149581,2024-01-19,Not as Expected,Refunded
R4001934,O1052229,2024-03-20,Wrong Item,Refunded
R4001935,O1131488,2025-06-13,Wrong Item,Refunded
R4001936,O1098557,2024-10-22,Wrong Item,Refunded
R4001937,O1016073,2023-12-26,Late Delivery,Refunded
R4001938,O1088542,2023-07-23,Late Delivery,Refunded
R4001939,O1052404,2025-05-12,Damaged,Refunded
R4001940,O1178283,2024-02-25,Late Delivery,Refunded
R4001941,O1103353,2025-12-31,Changed Mind,Refunded
R4001942,O1018500,2024-01-14,Damaged,Refunded
R4001943,O1044722,2023-06-03,Late Delivery,Processing
R4001944,O1156454,2024-12-11,Not as Expected,Refunded
R4001945,O1075695,2025-03-31,Wrong Item,Refunded
R4001946,O1109256,2023-01-31,Late Delivery,Refunded
R4001947,O1139063,2023-08-29,Not as Expected,Refunded
R4001948,O1006256,2024-07-20,Wrong Item,Refunded
R4001949,O1123748,2023-12-06,Not as Expected,Refunded
R4001950,O1004825,2024-11-25,Not as Expected,Refunded
R4001951,O1106718,2023-12-13,Wrong Item,Refunded
R4001952,O1147337,2023-04-10,Damaged,Refunded
R4001953,O1048060,2024-05-20,Not as Expected,Refunded
R4001954,O1127066,2024-12-28,Late Delivery,Refunded
R4001955,O1168208,2025-05-03,Size Issue,Refunded
R4001956,O1167100,2025-09-04,Not as Expected,Refunded
R4001957,O1076427,2023-07-30,Size Issue,Refunded
R4001958,O1107238,2023-10-01,Changed Mind,Refunded
R4001959,O1065831,2024-12-18,Not as Expected,Refunded
R4001960,O1087414,2024-09-28,Size Issue,Refunded
R4001961,O1036667,2023-10-07,Not as Expected,Refunded
R4001962,O1147135,2023-04-19,Not as Expected,Refunded
R4001963,O1120077,2023-12-20,Size Issue,Refunded
R4001964,O1174859,2026-01-03,Wrong Item,Refunded
R4001965,O1151939,2025-01-23,Late Delivery,Processing
R4001966,O1105940,2023-12-11,Not as Expected,Processing
R4001967,O1138540,2024-01-19,Not as Expected,Refunded
R4001968,O1111126,2024-02-11,Not as Expected,Processing
R4001969,O1020650,2024-07-09,Not as Expected,Refunded
R4001970,O1016501,2026-01-12,Not as Expected,Refunded
R4001971,O1077692,2023-09-09,Changed Mind,Processing
R4001972,O1091643,2024-02-17,Damaged,Refunded
R4001973,O1052956,2025-12-29,Wrong Item,Refunded
R4001974,O1164169,2025-02-20,Changed Mind,Refunded
R4001975,O1104545,2024-02-11,Wrong Item,Refunded
R4001976,O1056822,2024-07-28,Late Delivery,Refunded
R4001977,O1123400,2024-11-16,Wrong Item,Refunded
R4001978,O1011190,2024-11-14,Size Issue,Refunded
R4001979,O1017143,2023-11-12,Damaged,Refunded
R4001980,O1099078,2025-10-11,Damaged,Refunded
R4001981,O1008479,2024-02-25,Size Issue,Refunded
R4001982,O1176950,2023-12-30,Not as Expected,Refunded
R4001983,O1139915,2025-05-14,Changed Mind,Refunded
R4001984,O1018380,2023-09-19,Damaged,Refunded
R4001985,O1116614,2025-05-11,Wrong Item,Refunded
R4001986,O1004291,2025-12-06,Late Delivery,Refunded
R4001987,O1066315,2024-12-11,Damaged,Refunded
R4001988,O1171179,2025-01-30,Damaged,Refunded
R4001989,O1115400,2024-02-21,Not as Expected,Refunded
R4001990,O1047594,2024-09-20,Wrong Item,Refunded
R4001991,O1115511,2024-05-25,Late Delivery,Refunded
R4001992,O1145219,2024-06-24,Not as Expected,Refunded
R4001993,O1086505,2025-01-14,Changed Mind,Refunded
R4001994,O1146443,2023-01-23,Not as Expected,Refunded
R4001995,O1110613,2023-10-22,Damaged,Processing
R4001996,O1118675,2023-06-29,Not as Expected,Refunded
R4001997,O1110568,2025-02-01,Damaged,Refunded
R4001998,O1037115,2023-11-08,Wrong Item,Refunded
R4001999,O1135204,2023-03-25,Damaged,Refunded
R4002000,O1098196,2023-08-15,Size Issue,Refunded
R4002001,O1139796,2023-02-18,Size Issue,Refunded
R4002002,O1143201,2025-04-15,Late Delivery,Refunded
R4002003,O1131458,2025-10-28,Damaged,Refunded
R4002004,O1122578,2025-08-28,Not as Expected,Refunded
R4002005,O1159288,2023-03-21,Not as Expected,Refunded
R4002006,O1008375,2023-08-26,Not as Expected,Refunded
R4002007,O1012025,2023-03-02,Not as Expected,Refunded
R4002008,O1117115,2024-10-10,Not as Expected,Refunded
R4002009,O1160885,2025-09-22,Size Issue,Refunded
R4002010,O1077017,2024-07-28,Not as Expected,Refunded
R4002011,O1109572,2025-12-31,Not as Expected,Refunded
R4002012,O1073300,2023-06-17,Not as Expected,Refunded
R4002013,O1079207,2024-02-03,Late Delivery,Refunded
R4002014,O1122466,2023-03-16,Size Issue,Refunded
R4002015,O1153882,2023-09-02,Late Delivery,Refunded
R4002016,O1009677,2024-10-15,Size Issue,Refunded
R4002017,O1027525,2025-01-11,Wrong Item,Refunded
R4002018,O1156260,2024-06-07,Not as Expected,Refunded
R4002019,O1021429,2025-08-13,Changed Mind,Refunded
R4002020,O1012671,2023-03-14,Not as Expected,Refunded
R4002021,O1012406,2024-12-28,Damaged,Refunded
R4002022,O1089962,2025-02-06,Not as Expected,Refunded
R4002023,O1138015,2024-07-26,Not as Expected,Refunded
R4002024,O1157407,2023-06-06,Damaged,Refunded
R4002025,O1146363,2024-04-28,Damaged,Refunded
R4002026,O1056408,2025-05-01,Damaged,Refunded
R4002027,O1023571,2024-04-05,Size Issue,Refunded
R4002028,O1032109,2025-08-17,Changed Mind,Refunded
R4002029,O1048461,2023-06-14,Changed Mind,Refunded
R4002030,O1038346,2025-09-15,Changed Mind,Refunded
R4002031,O1175966,2025-09-02,Size Issue,Refunded
R4002032,O1011849,2025-05-10,Damaged,Refunded
R4002033,O1139480,2025-10-06,Not as Expected,Refunded
R4002034,O1120422,2025-01-06,Damaged,Refunded
R4002035,O1075890,2023-08-10,Size Issue,Refunded
R4002036,O1165907,2025-01-05,Not as Expected,Refunded
R4002037,O1156854,2024-03-07,Changed Mind,Refunded
R4002038,O1179491,2025-07-13,Damaged,Refunded
R4002039,O1092425,2025-03-07,Changed Mind,Refunded
R4002040,O1043137,2024-03-18,Not as Expected,Refunded
R4002041,O1131451,2024-06-01,Size Issue,Refunded
R4002042,O1166332,2023-09-24,Size Issue,Refunded
R4002043,O1071537,2023-08-30,Damaged,Refunded
R4002044,O1017205,2023-10-07,Changed Mind,Refunded
R4002045,O1147038,2023-04-19,Changed Mind,Processing
R4002046,O1077565,2025-10-03,Late Delivery,Refunded
R4002047,O1060719,2024-11-25,Wrong Item,Refunded
R4002048,O1017767,2025-03-26,Changed Mind,Refunded
R4002049,O1023332,2023-10-07,Not as Expected,Refunded
R4002050,O1175199,2023-05-05,Changed Mind,Processing
R4002051,O1106708,2023-02-05,Size Issue,Refunded
R4002052,O1163044,2024-02-01,Damaged,Refunded
R4002053,O1008095,2025-10-24,Damaged,Refunded
R4002054,O1050405,2023-04-23,Not as Expected,Refunded
R4002055,O1111548,2023-02-03,Not as Expected,Processing
R4002056,O1171302,2023-11-03,Damaged,Refunded
R4002057,O1153275,2023-11-15,Wrong Item,Refunded
R4002058,O1148747,2024-06-29,Wrong Item,Refunded
R4002059,O1092393,2023-01-22,Not as Expected,Refunded
R4002060,O1160385,2023-04-14,Late Delivery,Refunded
R4002061,O1047100,2023-11-08,Changed Mind,Refunded
R4002062,O1093386,2024-07-14,Not as Expected,Refunded
R4002063,O1113405,2024-06-10,Not as Expected,Refunded
R4002064,O1116605,2023-06-23,Size Issue,Refunded
R4002065,O1135272,2023-05-08,Changed Mind,Refunded
R4002066,O1135509,2024-06-09,Wrong Item,Refunded
R4002067,O1163562,2025-12-08,Not as Expected,Refunded
R4002068,O1138443,2023-03-08,Not as Expected,Refunded
R4002069,O1017292,2024-05-13,Late Delivery,Refunded
R4002070,O1071614,2024-11-06,Not as Expected,Refunded
R4002071,O1013890,2023-03-22,Not as Expected,Refunded
R4002072,O1088285,2024-01-09,Late Delivery,Refunded
R4002073,O1117757,2023-07-06,Not as Expected,Refunded
R4002074,O1066215,2025-01-11,Size Issue,Processing
R4002075,O1086582,2024-08-30,Changed Mind,Refunded
R4002076,O1004392,2024-04-18,Not as Expected,Refunded
R4002077,O1094467,2024-10-26,Size Issue,Processing
R4002078,O1118214,2024-02-02,Size Issue,Refunded
R4002079,O1109120,2024-07-18,Damaged,Refunded
R4002080,O1055377,2025-06-14,Changed Mind,Refunded
R4002081,O1150545,2025-12-17,Changed Mind,Refunded
R4002082,O1108238,2023-09-23,Late Delivery,Refunded
R4002083,O1179433,2025-01-01,Size Issue,Refunded
R4002084,O1018811,2024-10-22,Not as Expected,Refunded
R4002085,O1015437,2024-01-11,Not as Expected,Refunded
R4002086,O1168927,2025-02-14,Size Issue,Refunded
R4002087,O1089402,2023-03-20,Late Delivery,Refunded
R4002088,O1163491,2024-06-08,Changed Mind,Refunded
R4002089,O1144050,2025-05-24,Changed Mind,Refunded
R4002090,O1128581,2024-05-08,Not as Expected,Refunded
R4002091,O1019897,2025-04-03,Size Issue,Refunded
R4002092,O1087133,2025-10-12,Size Issue,Refunded
R4002093,O1080631,2024-10-30,Damaged,Refunded
R4002094,O1143411,2023-10-26,Damaged,Refunded
R4002095,O1141360,2023-03-06,Damaged,Refunded
R4002096,O1026147,2024-09-07,Late Delivery,Refunded
R4002097,O1011683,2025-09-30,Not as Expected,Refunded
R4002098,O1107917,2024-07-19,Wrong Item,Refunded
R4002099,O1007245,2024-05-21,Not as Expected,Processing
R4002100,O1135499,2025-08-29,Late Delivery,Refunded
R4002101,O1027743,2023-06-23,Not as Expected,Refunded
R4002102,O1125943,2024-10-05,Wrong Item,Refunded
R4002103,O1013960,2025-05-25,Damaged,Refunded
R4002104,O1176015,2025-04-19,Not as Expected,Refunded
R4002105,O1007241,2024-06-04,Changed Mind,Refunded
R4002106,O1022153,2024-12-25,Wrong Item,Refunded
R4002107,O1172058,2023-11-12,Damaged,Processing
R4002108,O1178924,2025-10-02,Damaged,Refunded
R4002109,O1096495,2024-11-02,Not as Expected,Refunded
R4002110,O1169004,2024-03-24,Not as Expected,Refunded
R4002111,O1061908,2024-03-25,Changed Mind,Refunded
R4002112,O1143098,2025-03-14,Not as Expected,Refunded
R4002113,O1001578,2023-08-24,Not as Expected,Refunded
R4002114,O1121451,2025-10-01,Not as Expected,Refunded
R4002115,O1051745,2025-10-21,Not as Expected,Refunded
R4002116,O1097022,2023-01-16,Damaged,Processing
R4002117,O1139159,2024-12-04,Size Issue,Refunded
R4002118,O1017812,2023-06-29,Not as Expected,Refunded
R4002119,O1057420,2024-01-16,Changed Mind,Refunded
R4002120,O1115380,2025-06-17,Not as Expected,Refunded
R4002121,O1165718,2023-02-05,Damaged,Refunded
R4002122,O1022388,2024-06-22,Changed Mind,Refunded
R4002123,O1048275,2025-12-02,Not as Expected,Refunded
R4002124,O1037300,2025-11-12,Not as Expected,Refunded
R4002125,O1162480,2023-10-14,Size Issue,Refunded
R4002126,O1051095,2024-05-06,Not as Expected,Processing
R4002127,O1050858,2025-05-02,Size Issue,Refunded
R4002128,O1177427,2023-12-17,Damaged,Refunded
R4002129,O1142964,2023-04-23,Size Issue,Refunded
R4002130,O1138758,2024-03-11,Size Issue,Refunded
R4002131,O1020598,2023-05-05,Not as Expected,Refunded
R4002132,O1139371,2023-04-19,Not as Expected,Refunded
R4002133,O1069603,2025-02-08,Late Delivery,Refunded
R4002134,O1095252,2023-05-01,Changed Mind,Processing
R4002135,O1165901,2024-03-10,Not as Expected,Refunded
R4002136,O1092066,2024-08-30,Late Delivery,Refunded
R4002137,O1029185,2025-09-01,Damaged,Processing
R4002138,O1080961,2023-04-21,Late Delivery,Refunded
R4002139,O1156036,2023-08-19,Not as Expected,Processing
R4002140,O1002659,2024-07-16,Wrong Item,Refunded
R4002141,O1112404,2025-06-04,Wrong Item,Refunded
R4002142,O1127289,2023-03-01,Not as Expected,Refunded
R4002143,O1135611,2025-09-24,Size Issue,Refunded
R4002144,O1057291,2024-02-10,Size Issue,Refunded
R4002145,O1145635,2023-01-22,Not as Expected,Processing
R4002146,O1095769,2025-01-07,Wrong Item,Refunded
R4002147,O1071553,2025-03-29,Late Delivery,Refunded
R4002148,O1006601,2025-04-21,Not as Expected,Refunded
R4002149,O1112962,2025-11-28,Wrong Item,Refunded
R4002150,O1145220,2025-12-29,Wrong Item,Refunded
R4002151,O1002234,2024-03-08,Changed Mind,Refunded
R4002152,O1157098,2023-04-28,Not as Expected,Refunded
R4002153,O1131586,2023-07-23,Not as Expected,Refunded
R4002154,O1020519,2025-01-07,Late Delivery,Refunded
R4002155,O1074324,2025-02-16,Not as Expected,Refunded
R4002156,O1133441,2025-10-24,Not as Expected,Refunded
R4002157,O1082926,2024-12-17,Not as Expected,Refunded
R4002158,O1075958,2025-09-17,Changed Mind,Refunded
R4002159,O1062763,2025-12-21,Not as Expected,Refunded
R4002160,O1124744,2025-08-09,Damaged,Refunded
R4002161,O1129744,2025-05-12,Damaged,Refunded
R4002162,O1062349,2024-07-26,Size Issue,Refunded
R4002163,O1055896,2023-02-18,Damaged,Refunded
R4002164,O1145092,2023-03-27,Late Delivery,Refunded
R4002165,O1041301,2023-04-09,Changed Mind,Refunded
R4002166,O1042258,2025-11-20,Damaged,Refunded
R4002167,O1168137,2025-10-14,Not as Expected,Refunded
R4002168,O1088737,2025-02-08,Changed Mind,Refunded
R4002169,O1122972,2024-01-06,Size Issue,Refunded
R4002170,O1071448,2023-03-20,Damaged,Refunded
R4002171,O1169809,2025-03-10,Damaged,Refunded
R4002172,O1077166,2025-11-12,Size Issue,Refunded
R4002173,O1096674,2025-05-10,Damaged,Processing
R4002174,O1134236,2025-03-21,Size Issue,Refunded
R4002175,O1153618,2023-07-22,Not as Expected,Refunded
R4002176,O1157387,2025-09-09,Late Delivery,Refunded
R4002177,O1179614,2025-02-12,Not as Expected,Refunded
R4002178,O1086870,2024-07-03,Not as Expected,Processing
R4002179,O1065238,2024-10-15,Wrong Item,Refunded
R4002180,O1119656,2025-12-01,Not as Expected,Refunded
R4002181,O1068308,2024-02-20,Damaged,Refunded
R4002182,O1175559,2024-07-02,Late Delivery,Refunded
R4002183,O1154953,2024-08-24,Size Issue,Refunded
R4002184,O1058547,2024-12-30,Size Issue,Refunded
R4002185,O1111925,2023-10-24,Changed Mind,Processing
R4002186,O1049639,2023-11-05,Not as Expected,Refunded
R4002187,O1074896,2024-06-17,Not as Expected,Refunded
R4002188,O1047030,2025-09-21,Size Issue,Refunded
R4002189,O1109049,2025-09-28,Damaged,Refunded
R4002190,O1158181,2025-09-27,Size Issue,Refunded
R4002191,O1062351,2023-09-26,Damaged,Refunded
R4002192,O1001955,2024-02-26,Late Delivery,Refunded
R4002193,O1116959,2023-04-22,Damaged,Processing
R4002194,O1104279,2024-02-06,Not as Expected,Refunded
R4002195,O1109123,2025-06-20,Not as Expected,Refunded
R4002196,O1020072,2025-07-20,Wrong Item,Refunded
R4002197,O1045483,2024-06-22,Changed Mind,Refunded
R4002198,O1018477,2023-08-28,Wrong Item,Processing
R4002199,O1121571,2023-06-23,Not as Expected,Refunded
R4002200,O1089763,2025-02-28,Changed Mind,Refunded
R4002201,O1112770,2025-12-18,Size Issue,Refunded
R4002202,O1109320,2024-12-04,Size Issue,Refunded
R4002203,O1027057,2024-08-07,Damaged,Refunded
R4002204,O1170575,2024-10-06,Late Delivery,Refunded
R4002205,O1114050,2023-10-25,Wrong Item,Refunded
R4002206,O1071079,2024-08-22,Changed Mind,Refunded
R4002207,O1162145,2024-05-02,Not as Expected,Processing
R4002208,O1154398,2024-02-29,Changed Mind,Refunded
R4002209,O1083335,2024-09-30,Wrong Item,Processing
R4002210,O1017556,2025-07-21,Changed Mind,Processing
R4002211,O1123233,2024-01-19,Not as Expected,Refunded
R4002212,O1038988,2025-11-01,Late Delivery,Refunded
R4002213,O1000611,2024-02-03,Size Issue,Refunded
R4002214,O1030792,2025-03-05,Not as Expected,Refunded
R4002215,O1017236,2025-08-23,Damaged,Refunded
R4002216,O1034287,2025-06-04,Late Delivery,Refunded
R4002217,O1093967,2023-04-03,Wrong Item,Refunded
R4002218,O1057335,2025-04-22,Wrong Item,Refunded
R4002219,O1127108,2023-05-18,Not as Expected,Refunded
R4002220,O1128270,2024-09-13,Changed Mind,Refunded
R4002221,O1102817,2025-01-30,Wrong Item,Refunded
R4002222,O1068866,2023-09-14,Size Issue,Refunded
R4002223,O1135798,2023-02-22,Size Issue,Refunded
R4002224,O1103436,2024-08-11,Not as Expected,Refunded
R4002225,O1003356,2023-11-13,Damaged,Refunded
R4002226,O1006129,2024-12-03,Size Issue,Processing
R4002227,O1033498,2025-12-10,Size Issue,Refunded
R4002228,O1107928,2025-04-11,Changed Mind,Refunded
R4002229,O1067405,2023-10-23,Not as Expected,Processing
R4002230,O1008357,2024-03-13,Wrong Item,Refunded
R4002231,O1070126,2024-04-30,Late Delivery,Refunded
R4002232,O1043161,2024-01-25,Changed Mind,Refunded
R4002233,O1116476,2025-12-13,Changed Mind,Refunded
R4002234,O1065140,2025-05-03,Damaged,Refunded
R4002235,O1151365,2024-05-15,Not as Expected,Refunded
R4002236,O1086143,2023-01-13,Not as Expected,Refunded
R4002237,O1021038,2024-08-14,Not as Expected,Refunded
R4002238,O1118935,2024-10-05,Not as Expected,Refunded
R4002239,O1179271,2024-03-06,Wrong Item,Refunded
R4002240,O1096804,2024-09-08,Not as Expected,Processing
R4002241,O1096303,2023-07-04,Size Issue,Refunded
R4002242,O1134431,2023-05-03,Changed Mind,Refunded
R4002243,O1160320,2024-07-07,Changed Mind,Refunded
R4002244,O1075166,2023-11-28,Not as Expected,Refunded
R4002245,O1012708,2024-11-13,Not as Expected,Refunded
R4002246,O1098487,2025-08-20,Late Delivery,Refunded
R4002247,O1098822,2024-09-03,Not as Expected,Refunded
R4002248,O1038279,2025-12-09,Late Delivery,Refunded
R4002249,O1031421,2023-06-25,Damaged,Refunded
R4002250,O1089524,2025-09-27,Late Delivery,Refunded
R4002251,O1079568,2025-12-21,Damaged,Refunded
R4002252,O1110002,2025-09-24,Damaged,Refunded
R4002253,O1085570,2023-10-10,Damaged,Refunded
R4002254,O1125668,2023-08-18,Size Issue,Refunded
R4002255,O1062543,2024-12-19,Changed Mind,Refunded
R4002256,O1062734,2024-10-28,Damaged,Refunded
R4002257,O1102211,2024-07-18,Wrong Item,Refunded
R4002258,O1018240,2023-09-08,Not as Expected,Refunded
R4002259,O1155822,2024-05-14,Size Issue,Refunded
R4002260,O1078891,2024-10-17,Changed Mind,Refunded
R4002261,O1034121,2024-01-06,Damaged,Refunded
R4002262,O1093072,2024-09-27,Changed Mind,Refunded
R4002263,O1144582,2025-03-28,Damaged,Refunded
R4002264,O1157029,2023-03-19,Changed Mind,Refunded
R4002265,O1130737,2025-05-30,Changed Mind,Refunded
R4002266,O1004699,2023-09-07,Not as Expected,Refunded
R4002267,O1051192,2025-12-22,Size Issue,Processing
R4002268,O1079390,2023-12-12,Not as Expected,Refunded
R4002269,O1109820,2023-05-05,Changed Mind,Refunded
R4002270,O1020977,2025-05-02,Wrong Item,Refunded
R4002271,O1145424,2025-10-04,Not as Expected,Refunded
R4002272,O1006716,2023-06-18,Changed Mind,Refunded
R4002273,O1020930,2025-06-02,Not as Expected,Refunded
R4002274,O1174161,2025-09-30,Damaged,Refunded
R4002275,O1079475,2025-12-15,Not as Expected,Refunded
R4002276,O1071126,2023-11-24,Wrong Item,Refunded
R4002277,O1149538,2023-01-22,Wrong Item,Refunded
R4002278,O1106927,2024-08-25,Damaged,Refunded
R4002279,O1020087,2025-02-03,Damaged,Refunded
R4002280,O1111284,2025-12-09,Not as Expected,Refunded
R4002281,O1045612,2023-11-12,Wrong Item,Refunded
R4002282,O1093989,2025-11-08,Not as Expected,Refunded
R4002283,O1037605,2025-03-18,Late Delivery,Processing
R4002284,O1055744,2025-06-21,Size Issue,Processing
R4002285,O1138839,2025-07-24,Not as Expected,Refunded
R4002286,O1089648,2025-09-30,Late Delivery,Refunded
R4002287,O1149503,2025-05-22,Not as Expected,Refunded
R4002288,O1064555,2025-09-24,Not as Expected,Refunded
R4002289,O1179557,2025-11-04,Not as Expected,Refunded
R4002290,O1177112,2025-03-29,Size Issue,Refunded
R4002291,O1077105,2023-11-30,Damaged,Refunded
R4002292,O1036058,2025-07-16,Not as Expected,Refunded
R4002293,O1013264,2025-01-19,Wrong Item,Refunded
R4002294,O1137006,2023-03-04,Changed Mind,Refunded
R4002295,O1171218,2023-07-05,Damaged,Refunded
R4002296,O1148526,2025-09-07,Wrong Item,Refunded
R4002297,O1178835,2025-08-02,Wrong Item,Refunded
R4002298,O1124546,2024-09-02,Late Delivery,Refunded
R4002299,O1085974,2023-03-07,Not as Expected,Refunded
R4002300,O1144735,2024-09-15,Late Delivery,Refunded
R4002301,O1088802,2025-07-13,Size Issue,Processing
R4002302,O1034679,2023-07-23,Not as Expected,Refunded
R4002303,O1103537,2024-11-07,Damaged,Refunded
R4002304,O1006986,2025-03-09,Not as Expected,Refunded
R4002305,O1054968,2024-08-18,Changed Mind,Processing
R4002306,O1175502,2023-05-31,Not as Expected,Refunded
R4002307,O1056678,2024-04-13,Damaged,Refunded
R4002308,O1040206,2023-02-12,Size Issue,Refunded
R4002309,O1083956,2025-05-23,Wrong Item,Refunded
R4002310,O1021064,2025-04-28,Not as Expected,Refunded
R4002311,O1070511,2023-05-21,Wrong Item,Refunded
R4002312,O1050086,2024-12-18,Changed Mind,Refunded
R4002313,O1080614,2023-10-11,Wrong Item,Refunded
R4002314,O1101532,2023-10-05,Changed Mind,Refunded
R4002315,O1151529,2024-01-27,Not as Expected,Refunded
R4002316,O1122597,2024-01-07,Damaged,Refunded
R4002317,O1127295,2024-11-21,Late Delivery,Refunded
R4002318,O1117680,2025-05-25,Wrong Item,Refunded
R4002319,O1083359,2024-04-16,Late Delivery,Refunded
R4002320,O1005179,2024-04-23,Size Issue,Refunded
R4002321,O1176168,2025-03-31,Damaged,Refunded
R4002322,O1076344,2023-06-24,Size Issue,Refunded
R4002323,O1142790,2023-07-02,Damaged,Refunded
R4002324,O1000539,2025-06-19,Damaged,Refunded
R4002325,O1178804,2025-05-03,Not as Expected,Refunded
R4002326,O1091603,2024-05-19,Size Issue,Refunded
R4002327,O1045990,2025-12-11,Size Issue,Refunded
R4002328,O1081376,2023-03-21,Late Delivery,Refunded
R4002329,O1135902,2023-08-23,Not as Expected,Refunded
R4002330,O1074113,2024-10-20,Not as Expected,Refunded
R4002331,O1062308,2024-12-02,Damaged,Refunded
R4002332,O1031703,2025-03-20,Not as Expected,Refunded
R4002333,O1145119,2024-10-31,Wrong Item,Refunded
R4002334,O1151822,2024-01-03,Damaged,Processing
R4002335,O1085560,2024-10-07,Size Issue,Refunded
R4002336,O1036805,2025-09-25,Not as Expected,Refunded
R4002337,O1139811,2024-10-08,Damaged,Refunded
R4002338,O1147387,2025-10-31,Changed Mind,Refunded
R4002339,O1055272,2024-12-27,Changed Mind,Refunded
R4002340,O1054550,2024-01-26,Not as Expected,Refunded
R4002341,O1040053,2024-09-28,Damaged,Refunded
R4002342,O1034394,2024-01-27,Changed Mind,Refunded
R4002343,O1007924,2025-10-04,Not as Expected,Refunded
R4002344,O1060145,2024-03-21,Wrong Item,Refunded
R4002345,O1041464,2024-09-11,Damaged,Processing
R4002346,O1139612,2025-02-03,Damaged,Refunded
R4002347,O1060035,2025-11-25,Not as Expected,Refunded
R4002348,O1158750,2025-12-22,Not as Expected,Refunded
R4002349,O1111536,2024-12-11,Damaged,Refunded
R4002350,O1024130,2025-12-25,Size Issue,Refunded
R4002351,O1008517,2025-11-11,Wrong Item,Refunded
R4002352,O1100915,2023-05-01,Damaged,Refunded
R4002353,O1052400,2024-12-01,Not as Expected,Refunded
R4002354,O1061961,2023-01-15,Wrong Item,Refunded
R4002355,O1100135,2023-02-04,Changed Mind,Refunded
R4002356,O1067820,2023-01-11,Not as Expected,Refunded
R4002357,O1066238,2023-12-28,Not as Expected,Refunded
R4002358,O1107664,2023-02-24,Not as Expected,Refunded
R4002359,O1055816,2024-03-19,Damaged,Refunded
R4002360,O1102716,2025-07-23,Size Issue,Refunded
R4002361,O1069579,2025-03-01,Damaged,Refunded
R4002362,O1066797,2023-03-05,Size Issue,Refunded
R4002363,O1055646,2024-11-07,Size Issue,Refunded
R4002364,O1066931,2024-04-12,Changed Mind,Refunded
R4002365,O1020594,2024-06-19,Size Issue,Processing
R4002366,O1157719,2023-07-02,Changed Mind,Refunded
R4002367,O1100448,2023-03-25,Size Issue,Refunded
R4002368,O1127323,2025-03-12,Wrong Item,Refunded
R4002369,O1150409,2023-11-26,Changed Mind,Refunded
R4002370,O1159019,2024-10-05,Not as Expected,Refunded
R4002371,O1116087,2023-10-12,Damaged,Refunded
R4002372,O1111373,2023-12-13,Wrong Item,Refunded
R4002373,O1027245,2025-10-11,Not as Expected,Refunded
R4002374,O1022213,2025-04-16,Size Issue,Refunded
R4002375,O1055617,2024-01-24,Not as Expected,Refunded
R4002376,O1129240,2023-11-22,Wrong Item,Refunded
R4002377,O1101043,2025-03-20,Not as Expected,Refunded
R4002378,O1084998,2023-02-28,Changed Mind,Refunded
R4002379,O1062394,2025-04-12,Changed Mind,Refunded
R4002380,O1018722,2024-04-08,Not as Expected,Refunded
R4002381,O1076679,2024-09-19,Late Delivery,Refunded
R4002382,O1062960,2023-09-13,Damaged,Refunded
R4002383,O1012034,2023-09-08,Late Delivery,Refunded
R4002384,O1040589,2024-07-16,Changed Mind,Refunded
R4002385,O1050767,2024-11-21,Late Delivery,Refunded
R4002386,O1087256,2024-01-24,Wrong Item,Refunded
R4002387,O1171532,2025-11-18,Size Issue,Refunded
R4002388,O1101618,2023-01-10,Damaged,Refunded
R4002389,O1076393,2024-04-25,Not as Expected,Refunded
R4002390,O1009126,2025-07-18,Damaged,Refunded
R4002391,O1094978,2024-07-16,Size Issue,Refunded
R4002392,O1081228,2025-01-03,Changed Mind,Refunded
R4002393,O1011330,2024-05-16,Wrong Item,Refunded
R4002394,O1164732,2025-06-24,Late Delivery,Refunded
R4002395,O1047595,2023-02-26,Not as Expected,Refunded
R4002396,O1161594,2026-01-02,Changed Mind,Refunded
R4002397,O1076880,2023-11-02,Late Delivery,Refunded
R4002398,O1045091,2025-01-31,Not as Expected,Refunded
R4002399,O1100306,2023-07-11,Changed Mind,Refunded
R4002400,O1131405,2024-02-09,Size Issue,Refunded
R4002401,O1053846,2024-08-26,Changed Mind,Refunded
R4002402,O1001094,2023-05-06,Size Issue,Refunded
R4002403,O1145696,2024-05-23,Size Issue,Processing
R4002404,O1141620,2025-11-18,Late Delivery,Refunded
R4002405,O1172931,2023-10-14,Not as Expected,Refunded
R4002406,O1022603,2024-03-06,Late Delivery,Refunded
R4002407,O1084275,2023-03-01,Damaged,Refunded
R4002408,O1127821,2024-04-12,Size Issue,Refunded
R4002409,O1011954,2025-10-07,Damaged,Refunded
R4002410,O1020614,2024-05-08,Size Issue,Refunded
R4002411,O1132057,2025-01-15,Wrong Item,Refunded
R4002412,O1123070,2023-09-12,Damaged,Refunded
R4002413,O1113524,2025-04-08,Late Delivery,Refunded
R4002414,O1067426,2025-10-21,Not as Expected,Refunded
R4002415,O1024586,2023-09-19,Not as Expected,Refunded
R4002416,O1176431,2024-01-10,Size Issue,Refunded
R4002417,O1078725,2024-04-27,Changed Mind,Refunded
R4002418,O1149182,2025-06-03,Late Delivery,Refunded
R4002419,O1075749,2023-03-03,Size Issue,Refunded
R4002420,O1046647,2025-08-02,Size Issue,Refunded
R4002421,O1126693,2023-05-09,Size Issue,Refunded
R4002422,O1089329,2024-12-11,Changed Mind,Refunded
R4002423,O1065482,2024-09-15,Damaged,Refunded
R4002424,O1107946,2024-10-30,Not as Expected,Refunded
R4002425,O1162383,2025-07-02,Not as Expected,Refunded
R4002426,O1099297,2024-10-30,Damaged,Refunded
R4002427,O1133427,2025-04-18,Size Issue,Refunded
R4002428,O1161185,2024-02-18,Late Delivery,Refunded
R4002429,O1015427,2025-02-13,Not as Expected,Refunded
R4002430,O1124909,2024-05-22,Damaged,Refunded
R4002431,O1054682,2023-02-25,Late Delivery,Refunded
R4002432,O1030333,2025-10-21,Wrong Item,Refunded
R4002433,O1009611,2024-06-08,Late Delivery,Refunded
R4002434,O1160964,2023-07-23,Not as Expected,Refunded
R4002435,O1016082,2024-11-08,Damaged,Refunded
R4002436,O1127118,2025-09-29,Damaged,Refunded
R4002437,O1066973,2025-11-17,Wrong Item,Refunded
R4002438,O1085565,2023-03-04,Wrong Item,Refunded
R4002439,O1091190,2023-04-03,Changed Mind,Refunded
R4002440,O1132242,2023-09-23,Damaged,Refunded
R4002441,O1099104,2023-11-09,Changed Mind,Refunded
R4002442,O1059514,2025-07-17,Changed Mind,Refunded
R4002443,O1170807,2023-05-16,Changed Mind,Refunded
R4002444,O1139188,2024-08-26,Not as Expected,Refunded
R4002445,O1126619,2025-12-17,Wrong Item,Refunded
R4002446,O1118299,2023-09-21,Damaged,Refunded
R4002447,O1073703,2025-07-07,Not as Expected,Refunded
R4002448,O1128211,2025-08-17,Wrong Item,Refunded
R4002449,O1166404,2025-05-13,Wrong Item,Refunded
R4002450,O1019888,2024-09-25,Wrong Item,Refunded
R4002451,O1133337,2024-12-31,Changed Mind,Refunded
R4002452,O1013406,2023-11-21,Late Delivery,Refunded
R4002453,O1174771,2025-11-23,Size Issue,Refunded
R4002454,O1001903,2023-06-30,Changed Mind,Refunded
R4002455,O1117812,2023-07-15,Damaged,Refunded
R4002456,O1179301,2023-12-11,Size Issue,Refunded
R4002457,O1064201,2023-12-03,Changed Mind,Refunded
R4002458,O1057111,2025-06-18,Late Delivery,Refunded
R4002459,O1001442,2024-04-13,Not as Expected,Refunded
R4002460,O1155766,2025-03-27,Not as Expected,Refunded
R4002461,O1069867,2024-11-28,Late Delivery,Refunded
R4002462,O1100420,2024-04-07,Late Delivery,Refunded
R4002463,O1048264,2023-11-25,Not as Expected,Refunded
R4002464,O1144576,2025-05-08,Damaged,Refunded
R4002465,O1018158,2024-08-14,Wrong Item,Refunded
R4002466,O1075537,2024-08-16,Damaged,Refunded
R4002467,O1024108,2024-05-19,Changed Mind,Refunded
R4002468,O1133768,2025-01-21,Size Issue,Refunded
R4002469,O1175177,2024-09-22,Wrong Item,Refunded
R4002470,O1000224,2023-06-12,Changed Mind,Processing
R4002471,O1133466,2024-01-27,Changed Mind,Refunded
R4002472,O1091055,2024-10-30,Late Delivery,Refunded
R4002473,O1114646,2025-08-24,Damaged,Refunded
R4002474,O1168542,2023-10-19,Changed Mind,Refunded
R4002475,O1102189,2023-02-16,Changed Mind,Processing
R4002476,O1124568,2023-09-07,Late Delivery,Refunded
R4002477,O1058680,2026-01-04,Changed Mind,Refunded
R4002478,O1122496,2024-10-10,Not as Expected,Refunded
R4002479,O1047453,2023-07-10,Damaged,Refunded
R4002480,O1141098,2025-03-18,Damaged,Refunded
R4002481,O1090273,2024-07-23,Late Delivery,Refunded
R4002482,O1140606,2024-09-19,Wrong Item,Refunded
R4002483,O1048647,2023-02-22,Wrong Item,Refunded
R4002484,O1171768,2023-11-05,Not as Expected,Refunded
R4002485,O1057220,2023-06-26,Wrong Item,Processing
R4002486,O1143741,2024-08-23,Not as Expected,Refunded
R4002487,O1073772,2025-12-13,Not as Expected,Refunded
R4002488,O1176628,2025-02-24,Not as Expected,Refunded
R4002489,O1146466,2024-10-27,Damaged,Refunded
R4002490,O1057902,2024-05-21,Size Issue,Refunded
R4002491,O1005220,2024-09-04,Changed Mind,Refunded
R4002492,O1138817,2025-04-14,Size Issue,Refunded
R4002493,O1093623,2024-03-15,Not as Expected,Refunded
R4002494,O1126551,2024-10-06,Changed Mind,Refunded
R4002495,O1096935,2023-08-19,Size Issue,Refunded
R4002496,O1149530,2023-09-07,Damaged,Refunded
R4002497,O1170732,2024-02-06,Changed Mind,Refunded
R4002498,O1062473,2025-02-10,Not as Expected,Refunded
R4002499,O1059686,2024-08-01,Late Delivery,Refunded
R4002500,O1122325,2025-04-06,Late Delivery,Refunded
R4002501,O1104666,2024-07-17,Damaged,Refunded
R4002502,O1102914,2025-09-12,Changed Mind,Processing
R4002503,O1171732,2024-03-07,Changed Mind,Refunded
R4002504,O1114583,2023-01-02,Size Issue,Refunded
R4002505,O1114986,2023-04-07,Wrong Item,Refunded
R4002506,O1096137,2025-01-04,Size Issue,Processing
R4002507,O1146100,2023-08-22,Size Issue,Refunded
R4002508,O1097411,2025-10-28,Not as Expected,Refunded
R4002509,O1074694,2023-12-08,Late Delivery,Refunded
R4002510,O1017157,2025-07-05,Not as Expected,Refunded
R4002511,O1065157,2023-11-09,Damaged,Refunded
R4002512,O1108827,2025-03-12,Changed Mind,Refunded
R4002513,O1141317,2025-03-08,Size Issue,Refunded
R4002514,O1009133,2023-08-19,Not as Expected,Refunded
R4002515,O1091058,2025-12-30,Damaged,Refunded
R4002516,O1092336,2024-07-25,Wrong Item,Refunded
R4002517,O1000964,2023-08-30,Damaged,Refunded
R4002518,O1164447,2023-05-03,Wrong Item,Processing
R4002519,O1062393,2024-03-24,Not as Expected,Refunded
R4002520,O1086447,2025-10-15,Not as Expected,Refunded
R4002521,O1082204,2025-04-16,Damaged,Refunded
R4002522,O1119517,2025-07-17,Size Issue,Refunded
R4002523,O1050822,2025-07-24,Changed Mind,Refunded
R4002524,O1071607,2025-06-02,Wrong Item,Refunded
R4002525,O1038588,2023-08-07,Damaged,Refunded
R4002526,O1123021,2025-01-24,Wrong Item,Refunded
R4002527,O1041842,2023-05-15,Size Issue,Refunded
R4002528,O1077820,2025-12-02,Not as Expected,Refunded
R4002529,O1060029,2025-02-24,Changed Mind,Refunded
R4002530,O1082083,2024-02-26,Wrong Item,Refunded
R4002531,O1007952,2025-07-16,Wrong Item,Refunded
R4002532,O1038688,2025-03-25,Not as Expected,Refunded
R4002533,O1083744,2025-06-30,Changed Mind,Refunded
R4002534,O1046130,2025-05-06,Changed Mind,Refunded
R4002535,O1006120,2024-05-06,Late Delivery,Refunded
R4002536,O1075382,2023-03-05,Size Issue,Refunded
R4002537,O1077477,2024-05-19,Not as Expected,Refunded
R4002538,O1144712,2024-08-07,Size Issue,Refunded
R4002539,O1072916,2024-07-03,Late Delivery,Refunded
R4002540,O1076748,2025-08-27,Size Issue,Refunded
R4002541,O1028847,2023-07-22,Not as Expected,Refunded
R4002542,O1053506,2025-10-23,Late Delivery,Refunded
R4002543,O1011087,2025-12-09,Changed Mind,Processing
R4002544,O1074231,2023-04-18,Late Delivery,Refunded
R4002545,O1173460,2024-01-31,Not as Expected,Refunded
R4002546,O1009232,2023-06-28,Changed Mind,Processing
R4002547,O1127984,2025-11-19,Late Delivery,Refunded
R4002548,O1025222,2023-05-04,Not as Expected,Refunded
R4002549,O1052533,2025-02-06,Wrong Item,Refunded
R4002550,O1165333,2025-08-14,Damaged,Refunded
R4002551,O1090326,2024-12-29,Not as Expected,Refunded
R4002552,O1029078,2023-03-08,Wrong Item,Refunded
R4002553,O1109222,2024-04-13,Not as Expected,Refunded
R4002554,O1101404,2024-01-20,Not as Expected,Refunded
R4002555,O1107770,2025-01-31,Wrong Item,Refunded
R4002556,O1104287,2023-04-30,Not as Expected,Processing
R4002557,O1093980,2024-05-26,Late Delivery,Refunded
R4002558,O1074435,2024-09-26,Not as Expected,Refunded
R4002559,O1110212,2025-04-04,Late Delivery,Refunded
R4002560,O1034581,2025-05-08,Late Delivery,Refunded
R4002561,O1125569,2025-03-10,Not as Expected,Refunded
R4002562,O1172083,2025-03-10,Size Issue,Processing
R4002563,O1036696,2025-02-28,Damaged,Refunded
R4002564,O1051401,2025-05-08,Damaged,Refunded
R4002565,O1047612,2024-12-08,Damaged,Refunded
R4002566,O1139445,2024-06-08,Late Delivery,Refunded
R4002567,O1101398,2023-09-26,Late Delivery,Refunded
R4002568,O1019798,2023-06-09,Changed Mind,Refunded
R4002569,O1008892,2025-11-07,Changed Mind,Refunded
R4002570,O1001506,2023-03-06,Size Issue,Refunded
R4002571,O1167004,2025-09-22,Damaged,Refunded
R4002572,O1013552,2023-05-22,Changed Mind,Refunded
R4002573,O1096312,2025-03-02,Size Issue,Processing
R4002574,O1169711,2024-02-29,Not as Expected,Refunded
R4002575,O1155250,2025-07-16,Not as Expected,Refunded
R4002576,O1156715,2024-05-21,Size Issue,Refunded
R4002577,O1091266,2023-08-05,Not as Expected,Refunded
R4002578,O1143724,2025-03-10,Not as Expected,Refunded
R4002579,O1081709,2023-10-23,Size Issue,Refunded
R4002580,O1095983,2025-12-24,Size Issue,Refunded
R4002581,O1047019,2024-12-11,Wrong Item,Refunded
R4002582,O1125144,2023-04-20,Changed Mind,Refunded
R4002583,O1021536,2025-07-11,Not as Expected,Refunded
R4002584,O1131561,2025-02-24,Wrong Item,Refunded
R4002585,O1147324,2024-05-09,Changed Mind,Refunded
R4002586,O1028931,2025-04-02,Wrong Item,Refunded
R4002587,O1043658,2025-06-23,Changed Mind,Refunded
R4002588,O1099022,2023-07-08,Late Delivery,Refunded
R4002589,O1013770,2024-01-22,Not as Expected,Refunded
R4002590,O1047217,2025-10-29,Size Issue,Processing
R4002591,O1025068,2025-07-16,Not as Expected,Refunded
R4002592,O1102505,2024-05-19,Not as Expected,Refunded
R4002593,O1019258,2025-11-12,Changed Mind,Refunded
R4002594,O1159178,2025-12-22,Size Issue,Refunded
R4002595,O1052601,2025-04-01,Not as Expected,Refunded
R4002596,O1017732,2024-05-21,Late Delivery,Refunded
R4002597,O1116174,2025-07-11,Size Issue,Refunded
R4002598,O1038371,2023-12-30,Damaged,Refunded
R4002599,O1083040,2023-08-30,Damaged,Processing
R4002600,O1017958,2024-02-28,Not as Expected,Refunded
R4002601,O1068089,2023-08-12,Not as Expected,Refunded
R4002602,O1069017,2025-03-19,Late Delivery,Refunded
R4002603,O1077893,2024-06-25,Not as Expected,Refunded
R4002604,O1143989,2023-06-02,Late Delivery,Refunded
R4002605,O1018892,2023-10-13,Changed Mind,Refunded
R4002606,O1075167,2025-12-24,Late Delivery,Refunded
R4002607,O1123506,2024-03-01,Not as Expected,Refunded
R4002608,O1106491,2024-08-07,Damaged,Refunded
R4002609,O1064355,2024-07-16,Changed Mind,Refunded
R4002610,O1030720,2024-09-23,Damaged,Refunded
R4002611,O1022945,2024-06-13,Not as Expected,Refunded
R4002612,O1145656,2025-08-06,Size Issue,Refunded
R4002613,O1092505,2025-02-25,Wrong Item,Refunded
R4002614,O1117549,2024-02-05,Changed Mind,Processing
R4002615,O1085057,2024-08-21,Changed Mind,Refunded
R4002616,O1127580,2024-10-30,Changed Mind,Refunded
R4002617,O1091796,2025-06-25,Late Delivery,Refunded
R4002618,O1097262,2024-12-25,Size Issue,Refunded
R4002619,O1165328,2024-02-11,Wrong Item,Refunded
R4002620,O1111110,2024-08-16,Wrong Item,Refunded
R4002621,O1174835,2025-10-16,Changed Mind,Refunded
R4002622,O1014445,2024-04-24,Changed Mind,Refunded
R4002623,O1077708,2023-05-17,Not as Expected,Refunded
R4002624,O1024924,2024-09-01,Not as Expected,Refunded
R4002625,O1018951,2025-09-27,Damaged,Refunded
R4002626,O1049964,2024-09-15,Size Issue,Refunded
R4002627,O1050769,2023-11-22,Not as Expected,Refunded
R4002628,O1030826,2023-03-22,Not as Expected,Refunded
R4002629,O1003593,2023-03-19,Late Delivery,Refunded
R4002630,O1061302,2023-10-24,Late Delivery,Refunded
R4002631,O1146235,2024-11-24,Wrong Item,Refunded
R4002632,O1001357,2025-04-15,Late Delivery,Refunded
R4002633,O1073706,2025-03-17,Size Issue,Refunded
R4002634,O1015024,2023-11-01,Not as Expected,Refunded
R4002635,O1092897,2025-11-28,Damaged,Refunded
R4002636,O1127986,2023-08-17,Size Issue,Refunded
R4002637,O1117434,2024-01-31,Damaged,Refunded
R4002638,O1142833,2024-12-31,Damaged,Refunded
R4002639,O1053945,2023-01-30,Changed Mind,Refunded
R4002640,O1013284,2025-04-27,Not as Expected,Refunded
R4002641,O1083619,2023-06-06,Not as Expected,Refunded
R4002642,O1170624,2025-10-03,Not as Expected,Refunded
R4002643,O1140353,2025-12-14,Changed Mind,Refunded
R4002644,O1141421,2023-01-28,Size Issue,Refunded
R4002645,O1024866,2024-12-27,Wrong Item,Refunded
R4002646,O1097815,2023-03-02,Late Delivery,Refunded
R4002647,O1029623,2023-10-26,Not as Expected,Refunded
R4002648,O1147392,2025-12-30,Wrong Item,Refunded
R4002649,O1120544,2025-02-09,Size Issue,Refunded
R4002650,O1115972,2025-02-18,Not as Expected,Refunded
R4002651,O1016820,2025-11-05,Size Issue,Refunded
R4002652,O1101813,2025-06-28,Damaged,Refunded
R4002653,O1170414,2023-03-01,Not as Expected,Refunded
R4002654,O1069153,2024-02-15,Wrong Item,Refunded
R4002655,O1021667,2024-01-02,Late Delivery,Refunded
R4002656,O1084495,2025-03-09,Not as Expected,Refunded
R4002657,O1074522,2024-03-31,Not as Expected,Refunded
R4002658,O1096466,2024-03-02,Changed Mind,Refunded
R4002659,O1029645,2023-10-03,Late Delivery,Refunded
R4002660,O1132904,2024-08-08,Damaged,Refunded
R4002661,O1133566,2023-02-22,Not as Expected,Refunded
R4002662,O1135126,2024-08-10,Changed Mind,Refunded
R4002663,O1026425,2024-04-15,Damaged,Refunded
R4002664,O1108635,2023-11-19,Late Delivery,Refunded
R4002665,O1089471,2024-03-15,Damaged,Refunded
R4002666,O1032040,2023-07-11,Wrong Item,Refunded
R4002667,O1031509,2023-12-14,Not as Expected,Processing
R4002668,O1164984,2024-11-23,Not as Expected,Refunded
R4002669,O1014386,2025-02-22,Wrong Item,Refunded
R4002670,O1131542,2025-02-06,Not as Expected,Refunded
R4002671,O1050633,2024-01-18,Damaged,Refunded
R4002672,O1122965,2024-10-24,Damaged,Refunded
R4002673,O1019035,2024-04-13,Not as Expected,Processing
R4002674,O1064996,2025-07-24,Damaged,Refunded
R4002675,O1025063,2024-01-25,Not as Expected,Refunded
R4002676,O1027492,2024-05-18,Not as Expected,Refunded
R4002677,O1094514,2025-04-14,Not as Expected,Refunded
R4002678,O1014803,2025-10-26,Wrong Item,Refunded
R4002679,O1138383,2025-06-20,Not as Expected,Refunded
R4002680,O1162038,2024-09-08,Not as Expected,Refunded
R4002681,O1126585,2023-10-22,Changed Mind,Refunded
R4002682,O1076453,2025-04-09,Late Delivery,Refunded
R4002683,O1021166,2025-02-04,Changed Mind,Refunded
R4002684,O1163014,2024-02-26,Changed Mind,Refunded
R4002685,O1007433,2025-03-20,Wrong Item,Refunded
R4002686,O1071213,2025-10-29,Size Issue,Refunded
R4002687,O1157504,2025-04-27,Damaged,Refunded
R4002688,O1114468,2023-06-02,Wrong Item,Refunded
R4002689,O1099360,2023-03-27,Size Issue,Refunded
R4002690,O1050274,2026-01-12,Not as Expected,Refunded
R4002691,O1091821,2023-01-30,Changed Mind,Refunded
R4002692,O1039560,2024-12-08,Wrong Item,Refunded
R4002693,O1061855,2024-01-15,Wrong Item,Refunded
R4002694,O1115893,2023-09-15,Late Delivery,Refunded
R4002695,O1131862,2024-03-03,Not as Expected,Refunded
R4002696,O1006807,2025-11-13,Not as Expected,Refunded
R4002697,O1036875,2023-03-01,Size Issue,Refunded
R4002698,O1146362,2024-10-26,Not as Expected,Refunded
R4002699,O1063366,2023-12-01,Size Issue,Refunded
R4002700,O1076102,2023-06-13,Changed Mind,Refunded
R4002701,O1123695,2024-10-05,Not as Expected,Refunded
R4002702,O1053475,2023-12-03,Late Delivery,Refunded
R4002703,O1122742,2024-06-02,Changed Mind,Refunded
R4002704,O1030025,2024-03-07,Not as Expected,Refunded
R4002705,O1174080,2025-06-22,Not as Expected,Refunded
R4002706,O1121488,2023-08-05,Late Delivery,Refunded
R4002707,O1110529,2023-04-06,Late Delivery,Processing
R4002708,O1132303,2023-11-28,Not as Expected,Refunded
R4002709,O1019820,2025-02-03,Not as Expected,Refunded
R4002710,O1072746,2023-06-26,Wrong Item,Refunded
R4002711,O1115876,2024-07-22,Size Issue,Refunded
R4002712,O1048465,2024-11-17,Size Issue,Refunded
R4002713,O1067859,2025-09-10,Changed Mind,Refunded
R4002714,O1131018,2023-01-08,Late Delivery,Refunded
R4002715,O1004332,2024-05-30,Late Delivery,Refunded
R4002716,O1123556,2024-10-04,Wrong Item,Processing
R4002717,O1070526,2025-11-15,Size Issue,Refunded
R4002718,O1176016,2024-06-20,Size Issue,Refunded
R4002719,O1023728,2025-07-29,Size Issue,Refunded
R4002720,O1125020,2023-05-05,Late Delivery,Refunded
R4002721,O1031999,2025-01-04,Wrong Item,Processing
R4002722,O1004966,2024-07-03,Damaged,Refunded
R4002723,O1176805,2023-05-23,Not as Expected,Refunded
R4002724,O1048649,2025-12-31,Changed Mind,Refunded
R4002725,O1170400,2023-04-13,Not as Expected,Refunded
R4002726,O1172022,2025-05-01,Late Delivery,Refunded
R4002727,O1029153,2024-04-24,Size Issue,Refunded
R4002728,O1037617,2024-08-07,Late Delivery,Refunded
R4002729,O1020007,2025-10-25,Not as Expected,Refunded
R4002730,O1048929,2023-07-31,Not as Expected,Refunded
R4002731,O1144738,2025-07-14,Late Delivery,Refunded
R4002732,O1107846,2025-02-11,Damaged,Processing
R4002733,O1155248,2025-05-27,Wrong Item,Refunded
R4002734,O1137559,2025-07-25,Damaged,Refunded
R4002735,O1086660,2023-01-11,Wrong Item,Refunded
R4002736,O1169672,2024-11-07,Size Issue,Refunded
R4002737,O1121574,2024-08-06,Not as Expected,Refunded
R4002738,O1128188,2024-08-31,Not as Expected,Refunded
R4002739,O1152503,2023-07-31,Wrong Item,Refunded
R4002740,O1081443,2023-01-25,Damaged,Refunded
R4002741,O1159158,2025-02-27,Damaged,Refunded
R4002742,O1020853,2024-12-15,Changed Mind,Refunded
R4002743,O1024086,2023-08-16,Size Issue,Refunded
R4002744,O1032467,2023-10-24,Not as Expected,Refunded
R4002745,O1132061,2025-08-11,Not as Expected,Processing
R4002746,O1162714,2023-01-31,Wrong Item,Refunded
R4002747,O1042053,2024-03-15,Damaged,Refunded
R4002748,O1144798,2024-05-26,Late Delivery,Refunded
R4002749,O1107614,2024-04-16,Size Issue,Refunded
R4002750,O1114937,2023-06-07,Not as Expected,Refunded
R4002751,O1148154,2024-03-25,Damaged,Refunded
R4002752,O1133649,2025-09-16,Damaged,Refunded
R4002753,O1099106,2024-01-31,Damaged,Refunded
R4002754,O1146981,2023-01-23,Damaged,Refunded
R4002755,O1165498,2025-09-18,Not as Expected,Refunded
R4002756,O1017335,2023-02-05,Size Issue,Refunded
R4002757,O1173041,2024-11-10,Size Issue,Refunded
R4002758,O1119474,2024-10-07,Wrong Item,Refunded
R4002759,O1053122,2025-10-11,Size Issue,Refunded
R4002760,O1032558,2025-06-30,Not as Expected,Refunded
R4002761,O1109419,2024-06-25,Damaged,Refunded
R4002762,O1032913,2024-05-24,Damaged,Refunded
R4002763,O1069431,2024-03-08,Not as Expected,Refunded
R4002764,O1150230,2023-03-27,Damaged,Refunded
R4002765,O1022727,2025-01-13,Late Delivery,Refunded
R4002766,O1119607,2026-01-09,Not as Expected,Refunded
R4002767,O1070917,2025-02-19,Size Issue,Refunded
R4002768,O1061977,2024-09-05,Size Issue,Refunded
R4002769,O1103059,2023-06-13,Size Issue,Refunded
R4002770,O1015997,2024-05-27,Changed Mind,Refunded
R4002771,O1097528,2024-12-22,Damaged,Refunded
R4002772,O1126530,2023-10-03,Wrong Item,Processing
R4002773,O1044117,2024-03-18,Wrong Item,Refunded
R4002774,O1024054,2023-02-28,Not as Expected,Refunded
R4002775,O1057432,2024-04-17,Wrong Item,Refunded
R4002776,O1012386,2024-12-17,Late Delivery,Refunded
R4002777,O1144010,2023-10-02,Damaged,Refunded
R4002778,O1164305,2023-09-17,Wrong Item,Refunded
R4002779,O1087093,2024-05-18,Not as Expected,Refunded
R4002780,O1065915,2023-08-01,Damaged,Refunded
R4002781,O1127362,2023-12-01,Not as Expected,Refunded
R4002782,O1144892,2023-01-20,Size Issue,Refunded
R4002783,O1054307,2023-01-16,Changed Mind,Refunded
R4002784,O1135580,2024-01-25,Size Issue,Refunded
R4002785,O1108128,2023-06-06,Size Issue,Refunded
R4002786,O1124463,2023-11-20,Size Issue,Refunded
R4002787,O1023898,2025-07-23,Late Delivery,Refunded
R4002788,O1039980,2023-06-10,Size Issue,Refunded
R4002789,O1160534,2025-09-22,Damaged,Refunded
R4002790,O1132931,2025-12-01,Size Issue,Refunded
R4002791,O1036099,2024-03-04,Wrong Item,Refunded
R4002792,O1009309,2025-11-15,Late Delivery,Refunded
R4002793,O1035002,2024-07-12,Damaged,Refunded
R4002794,O1110032,2023-07-16,Damaged,Refunded
R4002795,O1074796,2025-05-29,Not as Expected,Refunded
R4002796,O1092097,2025-10-04,Wrong Item,Refunded
R4002797,O1090639,2024-10-28,Not as Expected,Refunded
R4002798,O1094425,2024-10-15,Not as Expected,Refunded
R4002799,O1079714,2023-12-07,Changed Mind,Refunded
R4002800,O1131885,2024-02-22,Size Issue,Refunded
R4002801,O1041874,2024-05-21,Damaged,Refunded
R4002802,O1111967,2024-10-27,Not as Expected,Refunded
R4002803,O1140917,2023-12-26,Size Issue,Refunded
R4002804,O1157653,2025-07-10,Wrong Item,Refunded
R4002805,O1103906,2023-09-06,Size Issue,Refunded
R4002806,O1049196,2023-10-13,Wrong Item,Refunded
R4002807,O1126842,2025-04-05,Size Issue,Refunded
R4002808,O1102743,2024-06-22,Not as Expected,Refunded
R4002809,O1135112,2023-08-05,Not as Expected,Refunded
R4002810,O1179933,2024-05-15,Changed Mind,Refunded
R4002811,O1097716,2025-03-14,Wrong Item,Refunded
R4002812,O1126092,2023-06-13,Size Issue,Refunded
R4002813,O1145664,2025-01-27,Not as Expected,Refunded
R4002814,O1124765,2025-03-16,Not as Expected,Refunded
R4002815,O1163625,2023-03-10,Late Delivery,Refunded
R4002816,O1176839,2023-10-30,Late Delivery,Refunded
R4002817,O1029872,2024-01-06,Wrong Item,Refunded
R4002818,O1087433,2023-10-14,Not as Expected,Refunded
R4002819,O1103321,2024-05-05,Damaged,Processing
R4002820,O1156631,2024-11-15,Late Delivery,Refunded
R4002821,O1103849,2024-08-02,Changed Mind,Refunded
R4002822,O1056177,2025-05-23,Damaged,Refunded
R4002823,O1095522,2025-12-04,Damaged,Refunded
R4002824,O1136068,2023-12-13,Size Issue,Refunded
R4002825,O1117443,2024-01-12,Size Issue,Refunded
R4002826,O1159646,2025-11-21,Not as Expected,Refunded
R4002827,O1053385,2024-05-06,Changed Mind,Refunded
R4002828,O1175251,2023-02-11,Not as Expected,Refunded
R4002829,O1069737,2024-06-22,Damaged,Refunded
R4002830,O1022433,2025-01-17,Wrong Item,Refunded
R4002831,O1014770,2024-02-20,Wrong Item,Refunded
R4002832,O1057807,2023-08-01,Wrong Item,Refunded
R4002833,O1153070,2023-11-06,Size Issue,Refunded
R4002834,O1163092,2025-10-11,Size Issue,Refunded
R4002835,O1055656,2025-04-05,Not as Expected,Processing
R4002836,O1055087,2024-07-09,Not as Expected,Processing
R4002837,O1097990,2024-02-27,Not as Expected,Refunded
R4002838,O1113561,2023-11-19,Changed Mind,Refunded
R4002839,O1085783,2024-04-24,Not as Expected,Refunded
R4002840,O1017004,2024-02-17,Not as Expected,Refunded
R4002841,O1159671,2025-05-17,Changed Mind,Refunded
R4002842,O1076958,2025-10-02,Size Issue,Refunded
R4002843,O1073448,2023-07-06,Not as Expected,Refunded
R4002844,O1126460,2023-10-14,Wrong Item,Refunded
R4002845,O1018381,2023-07-02,Late Delivery,Refunded
R4002846,O1071042,2023-02-03,Size Issue,Refunded
R4002847,O1034694,2024-05-01,Size Issue,Refunded
R4002848,O1007975,2025-01-16,Late Delivery,Refunded
R4002849,O1156605,2023-07-11,Not as Expected,Refunded
R4002850,O1085349,2025-03-17,Not as Expected,Refunded
R4002851,O1151389,2024-11-21,Changed Mind,Refunded
R4002852,O1119157,2024-01-06,Damaged,Refunded
R4002853,O1119814,2025-02-09,Not as Expected,Refunded
R4002854,O1110713,2024-02-23,Damaged,Refunded
R4002855,O1086551,2023-06-05,Size Issue,Refunded
R4002856,O1167076,2023-06-23,Damaged,Processing
R4002857,O1075297,2023-06-22,Late Delivery,Refunded
R4002858,O1107750,2025-08-30,Late Delivery,Refunded
R4002859,O1132526,2025-02-19,Not as Expected,Refunded
R4002860,O1036127,2023-12-16,Size Issue,Refunded
R4002861,O1001497,2025-12-09,Changed Mind,Refunded
R4002862,O1111104,2024-02-20,Not as Expected,Refunded
R4002863,O1147353,2024-01-15,Changed Mind,Refunded
R4002864,O1027271,2025-10-14,Damaged,Refunded
R4002865,O1045214,2024-02-21,Not as Expected,Refunded
R4002866,O1032491,2024-08-31,Late Delivery,Refunded
R4002867,O1015445,2023-12-30,Not as Expected,Refunded
R4002868,O1177254,2024-08-15,Not as Expected,Refunded
R4002869,O1129382,2024-11-21,Size Issue,Refunded
R4002870,O1173766,2024-03-26,Not as Expected,Refunded
R4002871,O1127448,2025-03-27,Wrong Item,Refunded
R4002872,O1055413,2023-07-17,Size Issue,Refunded
R4002873,O1143565,2023-12-02,Damaged,Refunded
R4002874,O1048909,2024-07-16,Wrong Item,Refunded
R4002875,O1057094,2025-10-08,Damaged,Refunded
R4002876,O1036385,2025-08-21,Changed Mind,Refunded
R4002877,O1022313,2025-01-26,Wrong Item,Refunded
R4002878,O1005737,2024-04-16,Not as Expected,Refunded
R4002879,O1132996,2024-07-22,Changed Mind,Refunded
R4002880,O1100278,2025-10-26,Not as Expected,Refunded
R4002881,O1083322,2024-04-16,Late Delivery,Refunded
R4002882,O1138036,2025-12-23,Changed Mind,Refunded
R4002883,O1064700,2024-03-24,Changed Mind,Refunded
R4002884,O1160131,2025-07-09,Damaged,Refunded
R4002885,O1151094,2023-03-13,Size Issue,Refunded
R4002886,O1051799,2025-09-21,Wrong Item,Refunded
R4002887,O1070819,2025-07-29,Not as Expected,Refunded
R4002888,O1019757,2024-10-27,Late Delivery,Refunded
R4002889,O1136695,2023-04-04,Late Delivery,Refunded
R4002890,O1002950,2024-03-20,Changed Mind,Refunded
R4002891,O1113289,2025-12-14,Late Delivery,Refunded
R4002892,O1059393,2024-12-06,Not as Expected,Processing
R4002893,O1066965,2024-10-02,Damaged,Refunded
R4002894,O1050317,2025-08-05,Damaged,Refunded
R4002895,O1089212,2023-01-16,Size Issue,Refunded
R4002896,O1010261,2025-07-28,Wrong Item,Processing
R4002897,O1004026,2024-09-26,Not as Expected,Refunded
R4002898,O1029325,2024-08-01,Size Issue,Refunded
R4002899,O1136578,2024-08-18,Size Issue,Refunded
R4002900,O1013882,2025-01-16,Not as Expected,Refunded
R4002901,O1175615,2023-04-04,Not as Expected,Refunded
R4002902,O1002201,2024-03-21,Damaged,Refunded
R4002903,O1049797,2025-04-05,Size Issue,Refunded
R4002904,O1062830,2024-10-14,Size Issue,Processing
R4002905,O1108508,2024-11-14,Wrong Item,Refunded
R4002906,O1066490,2024-12-25,Size Issue,Refunded
R4002907,O1062354,2024-12-18,Wrong Item,Refunded
R4002908,O1100950,2024-04-30,Not as Expected,Refunded
R4002909,O1055660,2024-02-23,Not as Expected,Refunded
R4002910,O1096733,2024-01-31,Changed Mind,Refunded
R4002911,O1101310,2025-12-30,Size Issue,Refunded
R4002912,O1156485,2025-02-20,Changed Mind,Processing
R4002913,O1111649,2025-12-07,Not as Expected,Refunded
R4002914,O1157673,2024-02-02,Damaged,Refunded
R4002915,O1172178,2025-01-24,Not as Expected,Refunded
R4002916,O1130834,2025-01-01,Not as Expected,Refunded
R4002917,O1092566,2024-04-27,Damaged,Refunded
R4002918,O1050733,2025-12-19,Damaged,Processing
R4002919,O1128017,2024-07-15,Changed Mind,Refunded
R4002920,O1001905,2025-08-25,Not as Expected,Processing
R4002921,O1149463,2024-06-11,Wrong Item,Refunded
R4002922,O1004429,2025-07-16,Not as Expected,Refunded
R4002923,O1086780,2025-08-14,Wrong Item,Refunded
R4002924,O1167524,2025-03-31,Changed Mind,Refunded
R4002925,O1095109,2024-07-22,Not as Expected,Refunded
R4002926,O1166177,2024-05-03,Not as Expected,Refunded
R4002927,O1107711,2025-08-17,Size Issue,Refunded
R4002928,O1091953,2024-09-04,Not as Expected,Refunded
R4002929,O1083676,2025-02-25,Late Delivery,Refunded
R4002930,O1141673,2024-02-26,Damaged,Refunded
R4002931,O1044968,2024-07-18,Late Delivery,Refunded
R4002932,O1177339,2023-07-24,Not as Expected,Refunded
R4002933,O1126453,2023-05-21,Damaged,Refunded
R4002934,O1028460,2025-07-22,Size Issue,Processing
R4002935,O1135165,2025-11-21,Size Issue,Refunded
R4002936,O1152440,2023-02-05,Not as Expected,Refunded
R4002937,O1035683,2024-11-07,Changed Mind,Refunded
R4002938,O1109025,2023-07-08,Late Delivery,Refunded
R4002939,O1109555,2024-03-22,Size Issue,Refunded
R4002940,O1026067,2023-01-20,Size Issue,Refunded
R4002941,O1136692,2025-05-03,Changed Mind,Refunded
R4002942,O1080960,2025-07-02,Size Issue,Refunded
R4002943,O1010321,2024-06-17,Not as Expected,Refunded
R4002944,O1051158,2025-08-12,Wrong Item,Refunded
R4002945,O1135476,2025-12-22,Not as Expected,Refunded
R4002946,O1076085,2024-10-31,Size Issue,Refunded
R4002947,O1007304,2023-09-09,Size Issue,Refunded
R4002948,O1177216,2023-07-07,Damaged,Refunded
R4002949,O1075051,2023-04-02,Wrong Item,Refunded
R4002950,O1177798,2024-08-18,Damaged,Refunded
R4002951,O1001420,2023-10-08,Wrong Item,Refunded
R4002952,O1117820,2025-12-21,Not as Expected,Refunded
R4002953,O1043885,2024-04-21,Not as Expected,Refunded
R4002954,O1060157,2025-12-27,Changed Mind,Refunded
R4002955,O1157600,2023-12-04,Damaged,Processing
R4002956,O1113696,2025-12-13,Wrong Item,Refunded
R4002957,O1148740,2025-09-08,Late Delivery,Refunded
R4002958,O1003371,2025-11-28,Changed Mind,Refunded
R4002959,O1162447,2023-09-15,Size Issue,Refunded
R4002960,O1046118,2024-09-16,Not as Expected,Refunded
R4002961,O1101094,2025-06-06,Wrong Item,Refunded
R4002962,O1028602,2025-10-01,Wrong Item,Refunded
R4002963,O1089770,2024-04-19,Size Issue,Refunded
R4002964,O1085305,2023-11-26,Size Issue,Refunded
R4002965,O1063641,2023-06-11,Wrong Item,Refunded
R4002966,O1171962,2025-02-12,Size Issue,Refunded
R4002967,O1040886,2025-11-23,Late Delivery,Refunded
R4002968,O1169141,2025-07-21,Late Delivery,Refunded
R4002969,O1032479,2023-01-22,Size Issue,Processing
R4002970,O1074966,2024-03-20,Not as Expected,Refunded
R4002971,O1143616,2024-05-11,Not as Expected,Refunded
R4002972,O1163746,2023-09-08,Changed Mind,Refunded
R4002973,O1111694,2023-05-08,Wrong Item,Refunded
R4002974,O1059690,2024-06-22,Damaged,Refunded
R4002975,O1090358,2023-08-05,Late Delivery,Refunded
R4002976,O1168165,2023-06-27,Damaged,Refunded
R4002977,O1024394,2024-04-29,Size Issue,Refunded
R4002978,O1051178,2025-01-21,Damaged,Refunded
R4002979,O1105062,2025-04-24,Changed Mind,Refunded
R4002980,O1130128,2024-04-29,Size Issue,Refunded
R4002981,O1037666,2025-08-01,Not as Expected,Refunded
R4002982,O1154877,2024-09-25,Size Issue,Refunded
R4002983,O1102737,2025-04-04,Not as Expected,Refunded
R4002984,O1169024,2023-11-09,Late Delivery,Refunded
R4002985,O1029145,2023-12-11,Not as Expected,Refunded
R4002986,O1063794,2025-10-04,Damaged,Refunded
R4002987,O1175476,2024-01-20,Changed Mind,Refunded
R4002988,O1010092,2023-03-19,Not as Expected,Refunded
R4002989,O1046306,2023-10-25,Not as Expected,Processing
R4002990,O1037644,2024-11-10,Late Delivery,Refunded
R4002991,O1142487,2025-04-26,Not as Expected,Refunded
R4002992,O1164831,2025-02-16,Not as Expected,Refunded
R4002993,O1134345,2024-08-04,Changed Mind,Refunded
R4002994,O1054838,2024-07-11,Wrong Item,Refunded
R4002995,O1043497,2025-11-07,Damaged,Refunded
R4002996,O1027029,2024-02-11,Late Delivery,Refunded
R4002997,O1101250,2023-08-15,Wrong Item,Refunded
R4002998,O1093905,2025-12-28,Size Issue,Refunded
R4002999,O1040617,2024-09-09,Wrong Item,Refunded
R4003000,O1149614,2024-05-10,Not as Expected,Refunded
R4003001,O1063980,2023-01-12,Damaged,Refunded
R4003002,O1049683,2025-07-21,Not as Expected,Refunded
R4003003,O1061416,2023-05-15,Wrong Item,Refunded
R4003004,O1021899,2023-10-07,Changed Mind,Processing
R4003005,O1087280,2024-09-28,Late Delivery,Refunded
R4003006,O1042294,2025-12-10,Size Issue,Refunded
R4003007,O1135835,2024-04-07,Size Issue,Processing
R4003008,O1112213,2023-07-16,Changed Mind,Refunded
R4003009,O1009820,2025-07-13,Changed Mind,Refunded
R4003010,O1110295,2025-03-30,Not as Expected,Refunded
R4003011,O1149202,2025-01-03,Not as Expected,Refunded
R4003012,O1143124,2025-03-24,Wrong Item,Refunded
R4003013,O1141193,2024-10-04,Wrong Item,Refunded
R4003014,O1015930,2024-02-14,Size Issue,Refunded
R4003015,O1081397,2025-01-08,Not as Expected,Refunded
R4003016,O1178748,2023-08-10,Changed Mind,Refunded
R4003017,O1090772,2025-01-14,Wrong Item,Refunded
R4003018,O1127096,2024-10-07,Changed Mind,Refunded
R4003019,O1039242,2023-04-09,Wrong Item,Refunded
R4003020,O1125370,2023-04-10,Not as Expected,Refunded
R4003021,O1001871,2025-10-06,Damaged,Refunded
R4003022,O1146995,2024-07-30,Late Delivery,Refunded
R4003023,O1066779,2025-09-09,Not as Expected,Refunded
R4003024,O1135404,2023-08-01,Not as Expected,Refunded
R4003025,O1063394,2024-12-11,Not as Expected,Refunded
R4003026,O1084120,2024-06-07,Size Issue,Refunded
R4003027,O1142542,2024-11-27,Size Issue,Refunded
R4003028,O1062961,2023-08-26,Not as Expected,Refunded
R4003029,O1123707,2025-12-20,Damaged,Refunded
R4003030,O1161347,2023-09-27,Changed Mind,Refunded
R4003031,O1153021,2025-05-05,Size Issue,Refunded
R4003032,O1088546,2026-01-05,Late Delivery,Refunded
R4003033,O1104644,2023-12-29,Late Delivery,Refunded
R4003034,O1126457,2023-01-31,Wrong Item,Refunded
R4003035,O1014678,2025-10-26,Not as Expected,Refunded
R4003036,O1034145,2023-10-20,Damaged,Refunded
R4003037,O1068328,2025-02-18,Late Delivery,Refunded
R4003038,O1147708,2024-04-25,Not as Expected,Refunded
R4003039,O1150491,2025-10-18,Changed Mind,Refunded
R4003040,O1087255,2023-03-11,Size Issue,Refunded
R4003041,O1160794,2024-02-23,Changed Mind,Refunded
R4003042,O1041393,2023-11-22,Not as Expected,Refunded
R4003043,O1074030,2025-07-18,Not as Expected,Refunded
R4003044,O1086486,2024-06-22,Not as Expected,Refunded
R4003045,O1030669,2025-10-19,Changed Mind,Refunded
R4003046,O1076032,2024-10-25,Not as Expected,Refunded
R4003047,O1073646,2025-08-24,Wrong Item,Refunded
R4003048,O1166950,2024-03-13,Wrong Item,Refunded
R4003049,O1103428,2023-11-22,Wrong Item,Refunded
R4003050,O1050480,2025-06-25,Not as Expected,Refunded
R4003051,O1120856,2024-12-07,Wrong Item,Processing
R4003052,O1117201,2025-02-18,Changed Mind,Refunded
R4003053,O1041767,2023-03-24,Late Delivery,Refunded
R4003054,O1144736,2024-11-16,Wrong Item,Refunded
R4003055,O1043107,2023-11-25,Not as Expected,Refunded
R4003056,O1129360,2024-10-10,Changed Mind,Refunded
R4003057,O1159311,2024-06-28,Not as Expected,Refunded
R4003058,O1084842,2025-05-19,Changed Mind,Refunded
R4003059,O1086399,2024-09-06,Not as Expected,Refunded
R4003060,O1056223,2025-09-15,Size Issue,Refunded
R4003061,O1006617,2023-06-07,Size Issue,Refunded
R4003062,O1132932,2025-01-08,Size Issue,Refunded
R4003063,O1176738,2025-01-27,Not as Expected,Refunded
R4003064,O1033791,2023-12-01,Wrong Item,Refunded
R4003065,O1020202,2023-03-06,Not as Expected,Processing
R4003066,O1101535,2025-10-15,Not as Expected,Refunded
R4003067,O1066817,2025-08-13,Not as Expected,Refunded
R4003068,O1119394,2023-09-21,Size Issue,Refunded
R4003069,O1029828,2023-03-11,Not as Expected,Refunded
R4003070,O1121501,2025-03-15,Changed Mind,Refunded
R4003071,O1065113,2024-05-26,Not as Expected,Refunded
R4003072,O1140030,2024-10-12,Size Issue,Refunded
R4003073,O1054688,2023-03-02,Not as Expected,Refunded
R4003074,O1014387,2024-08-09,Changed Mind,Refunded
R4003075,O1099100,2025-06-08,Size Issue,Refunded
R4003076,O1079203,2025-01-01,Changed Mind,Refunded
R4003077,O1008174,2023-01-10,Wrong Item,Refunded
R4003078,O1154084,2025-11-30,Size Issue,Refunded
R4003079,O1062361,2023-09-24,Not as Expected,Refunded
R4003080,O1046271,2023-06-01,Damaged,Refunded
R4003081,O1075034,2023-08-22,Wrong Item,Refunded
R4003082,O1069230,2025-07-25,Wrong Item,Refunded
R4003083,O1003041,2023-07-30,Size Issue,Refunded
R4003084,O1036184,2023-02-27,Damaged,Refunded
R4003085,O1071459,2023-10-31,Damaged,Refunded
R4003086,O1022233,2025-10-27,Size Issue,Refunded
R4003087,O1015275,2025-04-08,Not as Expected,Refunded
R4003088,O1151160,2025-03-22,Size Issue,Refunded
R4003089,O1064881,2025-11-08,Late Delivery,Refunded
R4003090,O1078168,2023-06-24,Not as Expected,Refunded
R4003091,O1134734,2023-07-31,Changed Mind,Refunded
R4003092,O1149824,2024-10-02,Wrong Item,Refunded
R4003093,O1082830,2023-11-15,Size Issue,Refunded
R4003094,O1104306,2025-11-19,Wrong Item,Refunded
R4003095,O1117463,2025-12-04,Late Delivery,Refunded
R4003096,O1070458,2023-12-14,Size Issue,Refunded
R4003097,O1129270,2023-07-12,Damaged,Refunded
R4003098,O1107058,2024-05-06,Not as Expected,Refunded
R4003099,O1102254,2023-11-17,Size Issue,Refunded
R4003100,O1042278,2024-04-16,Damaged,Refunded
R4003101,O1002343,2024-05-21,Late Delivery,Refunded
R4003102,O1168835,2024-04-16,Late Delivery,Refunded
R4003103,O1137391,2023-01-30,Damaged,Refunded
R4003104,O1148296,2024-03-18,Size Issue,Refunded
R4003105,O1028285,2023-11-20,Damaged,Refunded
R4003106,O1056579,2023-07-10,Late Delivery,Refunded
R4003107,O1110692,2023-04-16,Changed Mind,Refunded
R4003108,O1090698,2023-01-18,Damaged,Refunded
R4003109,O1146129,2023-05-10,Size Issue,Refunded
R4003110,O1161116,2024-02-21,Size Issue,Processing
R4003111,O1061669,2024-06-05,Wrong Item,Refunded
R4003112,O1132427,2024-10-02,Wrong Item,Refunded
R4003113,O1116777,2025-07-10,Damaged,Refunded
R4003114,O1008288,2025-10-23,Not as Expected,Refunded
R4003115,O1029381,2023-06-12,Not as Expected,Refunded
R4003116,O1073071,2024-08-17,Damaged,Refunded
R4003117,O1083319,2024-10-12,Late Delivery,Refunded
R4003118,O1017076,2025-10-08,Not as Expected,Refunded
R4003119,O1152340,2024-04-24,Size Issue,Refunded
R4003120,O1140339,2024-04-04,Not as Expected,Refunded
R4003121,O1039270,2024-06-29,Size Issue,Processing
R4003122,O1163181,2025-04-19,Late Delivery,Refunded
R4003123,O1014948,2023-05-24,Damaged,Refunded
R4003124,O1171880,2024-07-06,Late Delivery,Refunded
R4003125,O1032386,2024-06-21,Wrong Item,Refunded
R4003126,O1130159,2023-03-11,Late Delivery,Refunded
R4003127,O1116846,2023-10-21,Not as Expected,Refunded
R4003128,O1060925,2023-03-03,Wrong Item,Processing
R4003129,O1160431,2025-12-07,Changed Mind,Refunded
R4003130,O1141792,2025-08-21,Damaged,Refunded
R4003131,O1011093,2023-07-08,Not as Expected,Refunded
R4003132,O1128472,2024-08-21,Changed Mind,Refunded
R4003133,O1149254,2025-08-16,Changed Mind,Refunded
R4003134,O1056315,2024-09-01,Late Delivery,Refunded
R4003135,O1010836,2023-11-06,Damaged,Refunded
R4003136,O1058174,2025-01-12,Not as Expected,Refunded
R4003137,O1116635,2024-03-18,Not as Expected,Refunded
R4003138,O1134944,2023-07-31,Damaged,Processing
R4003139,O1103541,2025-10-26,Damaged,Refunded
R4003140,O1154445,2023-02-18,Size Issue,Refunded
R4003141,O1103711,2025-01-13,Not as Expected,Processing
R4003142,O1155599,2025-01-07,Size Issue,Refunded
R4003143,O1125031,2023-05-04,Not as Expected,Refunded
R4003144,O1071814,2025-03-31,Not as Expected,Refunded
R4003145,O1026740,2024-01-07,Wrong Item,Refunded
R4003146,O1045180,2023-05-02,Wrong Item,Refunded
R4003147,O1101480,2025-08-12,Damaged,Refunded
R4003148,O1036898,2023-07-17,Size Issue,Refunded
R4003149,O1023872,2024-08-03,Size Issue,Refunded
R4003150,O1032473,2024-05-05,Size Issue,Refunded
R4003151,O1131136,2025-01-31,Late Delivery,Refunded
R4003152,O1050827,2025-02-16,Changed Mind,Processing
R4003153,O1153742,2024-09-14,Damaged,Refunded
R4003154,O1112893,2023-06-24,Not as Expected,Refunded
R4003155,O1030599,2025-04-28,Size Issue,Refunded
R4003156,O1176097,2024-05-08,Damaged,Refunded
R4003157,O1067351,2024-08-05,Damaged,Refunded
R4003158,O1151283,2024-06-30,Not as Expected,Refunded
R4003159,O1142820,2023-09-03,Wrong Item,Processing
R4003160,O1099866,2024-07-29,Damaged,Refunded
R4003161,O1163607,2025-08-30,Not as Expected,Refunded
R4003162,O1033447,2025-10-10,Not as Expected,Refunded
R4003163,O1125166,2023-12-20,Wrong Item,Refunded
R4003164,O1061662,2024-01-03,Size Issue,Refunded
R4003165,O1145959,2024-10-15,Wrong Item,Refunded
R4003166,O1126998,2024-01-25,Wrong Item,Refunded
R4003167,O1007841,2023-06-10,Changed Mind,Refunded
R4003168,O1112960,2023-02-13,Wrong Item,Refunded
R4003169,O1107605,2024-07-22,Size Issue,Refunded
R4003170,O1059416,2025-05-09,Wrong Item,Refunded
R4003171,O1041513,2025-12-06,Not as Expected,Refunded
R4003172,O1045545,2024-11-02,Late Delivery,Refunded
R4003173,O1002883,2025-02-03,Not as Expected,Refunded
R4003174,O1070932,2025-01-11,Not as Expected,Refunded
R4003175,O1054309,2025-09-15,Not as Expected,Refunded
R4003176,O1012640,2024-08-25,Size Issue,Refunded
R4003177,O1015747,2023-05-08,Changed Mind,Refunded
R4003178,O1117588,2024-04-04,Not as Expected,Refunded
R4003179,O1018876,2025-03-12,Not as Expected,Refunded
R4003180,O1166761,2024-11-23,Size Issue,Refunded
R4003181,O1178008,2024-01-30,Not as Expected,Refunded
R4003182,O1016617,2024-11-07,Damaged,Refunded
R4003183,O1146418,2024-12-12,Not as Expected,Refunded
R4003184,O1024980,2024-10-26,Not as Expected,Refunded
R4003185,O1159665,2024-11-29,Size Issue,Refunded
R4003186,O1041491,2024-03-13,Size Issue,Refunded
R4003187,O1062036,2023-04-27,Size Issue,Refunded
R4003188,O1041987,2024-02-09,Damaged,Refunded
R4003189,O1035954,2024-11-19,Changed Mind,Processing
R4003190,O1105737,2025-03-23,Size Issue,Refunded
R4003191,O1088479,2024-04-27,Size Issue,Refunded
R4003192,O1016815,2025-03-19,Not as Expected,Refunded
R4003193,O1166814,2023-06-20,Not as Expected,Refunded
R4003194,O1127240,2025-08-29,Size Issue,Refunded
R4003195,O1076122,2024-10-28,Not as Expected,Refunded
R4003196,O1001634,2023-02-02,Changed Mind,Refunded
R4003197,O1113841,2025-10-25,Size Issue,Refunded
R4003198,O1158065,2023-10-28,Changed Mind,Refunded
R4003199,O1094128,2024-03-01,Not as Expected,Refunded
R4003200,O1100747,2025-08-07,Not as Expected,Refunded
R4003201,O1170111,2023-06-07,Damaged,Refunded
R4003202,O1128487,2025-12-15,Size Issue,Refunded
R4003203,O1019471,2023-04-16,Damaged,Refunded
R4003204,O1065833,2023-09-25,Not as Expected,Refunded
R4003205,O1168904,2024-09-02,Size Issue,Refunded
R4003206,O1072228,2024-01-15,Damaged,Refunded
R4003207,O1125586,2025-06-05,Size Issue,Refunded
R4003208,O1073090,2024-05-29,Damaged,Refunded
R4003209,O1052462,2023-02-24,Wrong Item,Refunded
R4003210,O1016882,2025-03-31,Damaged,Refunded
R4003211,O1033430,2025-02-14,Not as Expected,Refunded
R4003212,O1009169,2025-02-03,Damaged,Refunded
R4003213,O1168540,2025-05-14,Damaged,Refunded
R4003214,O1159107,2024-10-13,Size Issue,Refunded
R4003215,O1123812,2023-03-09,Size Issue,Refunded
R4003216,O1018278,2024-09-14,Wrong Item,Refunded
R4003217,O1053412,2023-07-09,Damaged,Refunded
R4003218,O1056841,2023-01-19,Size Issue,Refunded
R4003219,O1006116,2023-04-08,Not as Expected,Processing
R4003220,O1153075,2025-09-03,Size Issue,Refunded
R4003221,O1077292,2025-05-02,Not as Expected,Refunded
R4003222,O1168901,2024-08-15,Wrong Item,Refunded
R4003223,O1088501,2024-09-29,Damaged,Refunded
R4003224,O1167388,2024-02-17,Changed Mind,Refunded
R4003225,O1105560,2024-12-14,Not as Expected,Processing
R4003226,O1061792,2024-08-28,Late Delivery,Refunded
R4003227,O1077764,2023-09-11,Size Issue,Refunded
R4003228,O1149355,2025-01-25,Changed Mind,Refunded
R4003229,O1156796,2024-07-19,Not as Expected,Refunded
R4003230,O1165525,2024-06-05,Wrong Item,Refunded
R4003231,O1039228,2024-08-08,Not as Expected,Refunded
R4003232,O1162161,2025-11-30,Size Issue,Refunded
R4003233,O1002599,2024-04-22,Late Delivery,Refunded
R4003234,O1134151,2024-11-13,Damaged,Processing
R4003235,O1106383,2023-08-10,Size Issue,Refunded
R4003236,O1084507,2025-05-08,Changed Mind,Processing
R4003237,O1047703,2023-12-29,Damaged,Refunded
R4003238,O1062307,2024-04-01,Size Issue,Refunded
R4003239,O1007119,2025-11-01,Changed Mind,Refunded
R4003240,O1090813,2023-05-21,Damaged,Refunded
R4003241,O1049536,2024-03-26,Damaged,Refunded
R4003242,O1175818,2025-10-16,Changed Mind,Refunded
R4003243,O1016980,2023-03-02,Size Issue,Refunded
R4003244,O1065478,2024-12-23,Damaged,Refunded
R4003245,O1098754,2024-06-21,Size Issue,Refunded
R4003246,O1136060,2023-12-26,Not as Expected,Refunded
R4003247,O1170362,2023-12-26,Wrong Item,Refunded
R4003248,O1052319,2025-09-10,Late Delivery,Refunded
R4003249,O1099409,2023-11-12,Wrong Item,Refunded
R4003250,O1014733,2024-10-10,Changed Mind,Refunded
R4003251,O1169259,2023-03-23,Not as Expected,Refunded
R4003252,O1001998,2024-09-07,Damaged,Refunded
R4003253,O1158054,2024-06-29,Size Issue,Refunded
R4003254,O1139045,2025-09-17,Not as Expected,Refunded
R4003255,O1043146,2025-09-19,Changed Mind,Refunded
R4003256,O1014759,2023-02-22,Not as Expected,Refunded
R4003257,O1022643,2023-08-17,Not as Expected,Refunded
R4003258,O1152833,2024-04-29,Not as Expected,Refunded
R4003259,O1058403,2025-07-05,Size Issue,Refunded
R4003260,O1046820,2024-08-20,Not as Expected,Refunded
R4003261,O1035067,2025-01-14,Wrong Item,Refunded
R4003262,O1030951,2025-11-28,Not as Expected,Refunded
R4003263,O1106542,2023-10-07,Damaged,Refunded
R4003264,O1030688,2024-08-29,Changed Mind,Refunded
R4003265,O1141879,2025-05-24,Damaged,Refunded
R4003266,O1176605,2024-03-14,Changed Mind,Refunded
R4003267,O1148912,2023-09-27,Not as Expected,Refunded
R4003268,O1014163,2024-12-24,Not as Expected,Refunded
R4003269,O1125862,2025-03-06,Changed Mind,Refunded
R4003270,O1122777,2023-04-17,Size Issue,Refunded
R4003271,O1043046,2024-03-06,Changed Mind,Refunded
R4003272,O1086129,2025-09-26,Size Issue,Refunded
R4003273,O1028384,2023-03-20,Wrong Item,Refunded
R4003274,O1119921,2023-09-30,Changed Mind,Refunded
R4003275,O1176625,2024-09-09,Not as Expected,Refunded
R4003276,O1041690,2024-01-10,Not as Expected,Refunded
R4003277,O1065239,2023-02-20,Not as Expected,Refunded
R4003278,O1098473,2025-02-01,Changed Mind,Refunded
R4003279,O1018467,2024-11-03,Damaged,Refunded
R4003280,O1038045,2024-04-03,Size Issue,Processing
R4003281,O1140203,2023-10-28,Not as Expected,Refunded
R4003282,O1113228,2023-06-03,Not as Expected,Refunded
R4003283,O1052061,2024-01-21,Not as Expected,Refunded
R4003284,O1059208,2024-08-14,Not as Expected,Refunded
R4003285,O1061987,2024-09-17,Size Issue,Processing
R4003286,O1068933,2025-01-20,Changed Mind,Refunded
R4003287,O1138315,2025-02-02,Damaged,Refunded
R4003288,O1066449,2024-05-06,Wrong Item,Refunded
R4003289,O1142662,2024-08-06,Not as Expected,Refunded
R4003290,O1108683,2025-08-04,Not as Expected,Refunded
R4003291,O1092371,2025-04-04,Not as Expected,Refunded
R4003292,O1158112,2024-07-09,Late Delivery,Refunded
R4003293,O1067586,2024-08-03,Size Issue,Refunded
R4003294,O1114804,2025-05-28,Damaged,Refunded
R4003295,O1131452,2025-11-01,Size Issue,Refunded
R4003296,O1071742,2025-09-07,Not as Expected,Refunded
R4003297,O1036596,2024-06-21,Wrong Item,Refunded
R4003298,O1158761,2024-08-22,Not as Expected,Refunded
R4003299,O1084482,2023-12-05,Not as Expected,Refunded
R4003300,O1119554,2023-06-29,Not as Expected,Refunded
R4003301,O1029109,2024-01-15,Damaged,Refunded
R4003302,O1151371,2024-06-29,Late Delivery,Refunded
R4003303,O1143136,2023-11-27,Size Issue,Refunded
R4003304,O1018642,2025-02-28,Not as Expected,Processing
R4003305,O1049914,2023-11-06,Not as Expected,Refunded
R4003306,O1031609,2023-10-10,Size Issue,Refunded
R4003307,O1153325,2023-10-03,Late Delivery,Refunded
R4003308,O1062136,2023-06-06,Changed Mind,Refunded
R4003309,O1154032,2024-09-13,Damaged,Refunded
R4003310,O1053144,2025-10-16,Late Delivery,Refunded
R4003311,O1022870,2024-05-02,Damaged,Refunded
R4003312,O1011170,2025-02-19,Wrong Item,Refunded
R4003313,O1003040,2024-11-04,Size Issue,Refunded
R4003314,O1103154,2023-08-20,Late Delivery,Refunded
R4003315,O1142882,2025-03-27,Wrong Item,Refunded
R4003316,O1040920,2025-12-31,Not as Expected,Refunded
R4003317,O1013726,2025-12-28,Not as Expected,Refunded
R4003318,O1042082,2024-12-26,Not as Expected,Refunded
R4003319,O1063799,2023-04-02,Late Delivery,Refunded
R4003320,O1151077,2025-06-17,Size Issue,Refunded
R4003321,O1027074,2025-01-10,Not as Expected,Processing
R4003322,O1021672,2024-04-25,Not as Expected,Processing
R4003323,O1056778,2023-02-27,Wrong Item,Refunded
R4003324,O1117199,2023-06-04,Not as Expected,Refunded
R4003325,O1172545,2024-07-25,Not as Expected,Refunded
R4003326,O1159934,2023-09-03,Damaged,Refunded
R4003327,O1139324,2023-06-01,Not as Expected,Refunded
R4003328,O1151502,2023-09-21,Changed Mind,Refunded
R4003329,O1111802,2024-11-12,Size Issue,Refunded
R4003330,O1079538,2025-08-31,Damaged,Refunded
R4003331,O1014520,2024-10-08,Late Delivery,Refunded
R4003332,O1025591,2023-01-17,Not as Expected,Refunded
R4003333,O1065210,2025-11-29,Size Issue,Refunded
R4003334,O1035303,2024-01-29,Size Issue,Refunded
R4003335,O1089638,2025-07-10,Damaged,Refunded
R4003336,O1015314,2024-06-12,Size Issue,Refunded
R4003337,O1152752,2024-08-04,Not as Expected,Refunded
R4003338,O1172672,2023-03-29,Size Issue,Refunded
R4003339,O1016260,2024-09-27,Not as Expected,Refunded
R4003340,O1031151,2024-02-19,Wrong Item,Refunded
R4003341,O1110585,2024-02-10,Damaged,Refunded
R4003342,O1141945,2024-08-25,Changed Mind,Refunded
R4003343,O1023330,2025-10-25,Damaged,Refunded
R4003344,O1027673,2025-06-05,Size Issue,Refunded
R4003345,O1165531,2023-04-28,Changed Mind,Refunded
R4003346,O1065223,2025-07-28,Changed Mind,Refunded
R4003347,O1046788,2023-05-02,Changed Mind,Refunded
R4003348,O1035345,2023-01-23,Changed Mind,Refunded
R4003349,O1029032,2025-10-29,Changed Mind,Refunded
R4003350,O1060196,2024-01-15,Damaged,Refunded
R4003351,O1095935,2025-10-06,Late Delivery,Refunded
R4003352,O1163176,2023-09-19,Not as Expected,Refunded
R4003353,O1075257,2025-02-01,Size Issue,Refunded
R4003354,O1157944,2025-05-03,Late Delivery,Refunded
R4003355,O1144808,2023-11-01,Size Issue,Refunded
R4003356,O1115193,2024-07-02,Late Delivery,Refunded
R4003357,O1108941,2025-12-03,Size Issue,Refunded
R4003358,O1117477,2024-02-24,Not as Expected,Refunded
R4003359,O1014104,2025-10-30,Not as Expected,Refunded
R4003360,O1007802,2025-03-17,Wrong Item,Refunded
R4003361,O1005346,2025-09-30,Wrong Item,Refunded
R4003362,O1056053,2025-06-18,Damaged,Refunded
R4003363,O1012743,2023-04-14,Damaged,Refunded
R4003364,O1024667,2025-06-17,Not as Expected,Refunded
R4003365,O1120270,2024-09-27,Not as Expected,Refunded
R4003366,O1067768,2023-12-30,Size Issue,Refunded
R4003367,O1113498,2024-05-05,Not as Expected,Refunded
R4003368,O1160966,2025-05-30,Not as Expected,Refunded
R4003369,O1005119,2024-09-06,Not as Expected,Refunded
R4003370,O1163187,2025-03-02,Not as Expected,Refunded
R4003371,O1144817,2024-12-15,Wrong Item,Processing
R4003372,O1004466,2024-07-27,Changed Mind,Processing
R4003373,O1061567,2025-08-19,Changed Mind,Refunded
R4003374,O1126454,2025-10-12,Not as Expected,Refunded
R4003375,O1041750,2025-05-18,Size Issue,Refunded
R4003376,O1021783,2025-05-30,Wrong Item,Refunded
R4003377,O1158584,2023-03-09,Not as Expected,Refunded
R4003378,O1092801,2025-07-09,Not as Expected,Refunded
R4003379,O1132925,2024-05-21,Damaged,Processing
R4003380,O1018144,2025-01-09,Damaged,Refunded
R4003381,O1054512,2025-03-09,Late Delivery,Refunded
R4003382,O1178933,2023-12-25,Not as Expected,Refunded
R4003383,O1052022,2024-12-10,Changed Mind,Refunded
R4003384,O1119239,2025-08-24,Changed Mind,Refunded
R4003385,O1173988,2024-07-25,Not as Expected,Refunded
R4003386,O1012581,2023-04-28,Size Issue,Processing
R4003387,O1105291,2023-09-17,Wrong Item,Refunded
R4003388,O1046065,2025-03-01,Not as Expected,Refunded
R4003389,O1062430,2025-04-20,Wrong Item,Refunded
R4003390,O1144763,2024-10-12,Damaged,Refunded
R4003391,O1164318,2024-07-05,Not as Expected,Refunded
R4003392,O1083017,2023-05-18,Changed Mind,Refunded
R4003393,O1002458,2023-07-23,Damaged,Refunded
R4003394,O1010448,2023-10-22,Changed Mind,Refunded
R4003395,O1049053,2023-09-07,Not as Expected,Refunded
R4003396,O1069888,2023-06-24,Not as Expected,Refunded
R4003397,O1081472,2023-03-28,Not as Expected,Refunded
R4003398,O1066450,2024-05-09,Not as Expected,Refunded
R4003399,O1132535,2024-04-13,Not as Expected,Refunded
R4003400,O1024738,2025-07-11,Size Issue,Refunded
R4003401,O1103521,2024-01-27,Late Delivery,Refunded
R4003402,O1062166,2025-10-13,Wrong Item,Refunded
R4003403,O1136762,2023-07-22,Wrong Item,Processing
R4003404,O1025754,2024-03-12,Not as Expected,Refunded
R4003405,O1177531,2025-03-03,Damaged,Refunded
R4003406,O1090497,2024-12-31,Not as Expected,Refunded
R4003407,O1089924,2024-11-30,Damaged,Refunded
R4003408,O1155846,2024-06-14,Wrong Item,Refunded
R4003409,O1128470,2023-02-01,Size Issue,Refunded
R4003410,O1153725,2025-08-25,Wrong Item,Refunded
R4003411,O1048850,2023-12-11,Not as Expected,Refunded
R4003412,O1057152,2025-05-06,Wrong Item,Refunded
R4003413,O1060816,2025-12-09,Wrong Item,Refunded
R4003414,O1000321,2023-09-26,Changed Mind,Refunded
R4003415,O1143945,2025-06-24,Not as Expected,Refunded
R4003416,O1090233,2023-04-13,Changed Mind,Processing
R4003417,O1087356,2025-10-27,Late Delivery,Refunded
R4003418,O1172412,2024-05-10,Size Issue,Refunded
R4003419,O1024771,2024-01-05,Wrong Item,Refunded
R4003420,O1106242,2025-09-30,Not as Expected,Refunded
R4003421,O1129377,2025-01-22,Not as Expected,Refunded
R4003422,O1111311,2023-03-24,Late Delivery,Refunded
R4003423,O1024880,2024-05-23,Changed Mind,Refunded
R4003424,O1018200,2023-08-11,Changed Mind,Refunded
R4003425,O1136659,2025-10-09,Size Issue,Refunded
R4003426,O1049885,2024-11-07,Not as Expected,Refunded
R4003427,O1109793,2025-04-21,Size Issue,Refunded
R4003428,O1105921,2023-06-06,Wrong Item,Refunded
R4003429,O1142936,2024-10-22,Damaged,Refunded
R4003430,O1107352,2023-03-28,Not as Expected,Refunded
R4003431,O1007516,2024-07-11,Not as Expected,Processing
R4003432,O1098016,2024-04-14,Wrong Item,Refunded
R4003433,O1107496,2023-05-04,Not as Expected,Refunded
R4003434,O1050806,2023-04-09,Damaged,Refunded
R4003435,O1020796,2023-04-23,Size Issue,Refunded
R4003436,O1147660,2025-03-03,Wrong Item,Refunded
R4003437,O1151992,2023-07-29,Changed Mind,Refunded
R4003438,O1054984,2025-02-10,Changed Mind,Refunded
R4003439,O1033819,2024-06-20,Not as Expected,Refunded
R4003440,O1150536,2024-12-18,Size Issue,Refunded
R4003441,O1060759,2023-05-28,Not as Expected,Refunded
R4003442,O1142455,2023-11-13,Not as Expected,Refunded
R4003443,O1155696,2024-05-07,Wrong Item,Refunded
R4003444,O1023301,2023-10-18,Not as Expected,Refunded
R4003445,O1040120,2024-03-31,Changed Mind,Refunded
R4003446,O1026177,2025-05-01,Size Issue,Refunded
R4003447,O1026445,2025-07-11,Changed Mind,Refunded
R4003448,O1096699,2024-02-09,Not as Expected,Refunded
R4003449,O1014266,2023-03-24,Changed Mind,Refunded
R4003450,O1121243,2025-04-20,Size Issue,Refunded
R4003451,O1103652,2023-04-04,Wrong Item,Refunded
R4003452,O1038776,2023-01-26,Not as Expected,Refunded
R4003453,O1029409,2024-12-02,Not as Expected,Refunded
R4003454,O1063204,2025-12-11,Wrong Item,Refunded
R4003455,O1050636,2025-03-08,Wrong Item,Refunded
R4003456,O1120269,2025-11-13,Size Issue,Refunded
R4003457,O1035679,2024-03-06,Damaged,Refunded
R4003458,O1129045,2025-02-24,Damaged,Refunded
R4003459,O1176751,2024-01-21,Late Delivery,Refunded
R4003460,O1004555,2023-04-08,Not as Expected,Refunded
R4003461,O1011928,2025-06-17,Wrong Item,Refunded
R4003462,O1149401,2023-09-02,Not as Expected,Refunded
R4003463,O1133786,2024-01-15,Late Delivery,Refunded
R4003464,O1052347,2023-12-22,Not as Expected,Refunded
R4003465,O1057105,2024-01-13,Not as Expected,Refunded
R4003466,O1173317,2024-07-31,Wrong Item,Refunded
R4003467,O1095441,2023-09-15,Size Issue,Refunded
R4003468,O1087444,2025-11-03,Wrong Item,Refunded
R4003469,O1011298,2023-06-06,Wrong Item,Refunded
R4003470,O1004227,2023-10-01,Late Delivery,Refunded
R4003471,O1087632,2025-11-25,Wrong Item,Refunded
R4003472,O1022887,2024-11-13,Size Issue,Refunded
R4003473,O1040749,2023-06-23,Late Delivery,Refunded
R4003474,O1096809,2023-10-05,Damaged,Refunded
R4003475,O1060344,2024-03-29,Not as Expected,Refunded
R4003476,O1102971,2024-12-21,Wrong Item,Processing
R4003477,O1051195,2025-05-14,Not as Expected,Refunded
R4003478,O1004845,2025-01-01,Not as Expected,Refunded
R4003479,O1076726,2025-11-16,Damaged,Refunded
R4003480,O1154291,2023-06-22,Not as Expected,Refunded
R4003481,O1050674,2023-12-01,Wrong Item,Refunded
R4003482,O1135377,2023-04-01,Damaged,Refunded
R4003483,O1081889,2024-10-24,Wrong Item,Refunded
R4003484,O1135593,2024-09-05,Size Issue,Refunded
R4003485,O1124261,2023-09-21,Size Issue,Refunded
R4003486,O1085538,2023-12-17,Size Issue,Refunded
R4003487,O1098805,2023-06-02,Changed Mind,Refunded
R4003488,O1019922,2025-04-13,Size Issue,Refunded
R4003489,O1007071,2023-07-28,Changed Mind,Refunded
R4003490,O1031354,2023-12-20,Wrong Item,Refunded
R4003491,O1095259,2023-10-10,Damaged,Refunded
R4003492,O1158279,2025-12-02,Not as Expected,Refunded
R4003493,O1088138,2023-05-02,Size Issue,Refunded
R4003494,O1155788,2025-11-19,Wrong Item,Refunded
R4003495,O1134384,2024-10-05,Changed Mind,Refunded
R4003496,O1138264,2024-04-21,Not as Expected,Refunded
R4003497,O1156955,2025-10-15,Size Issue,Processing
R4003498,O1150831,2024-08-03,Not as Expected,Processing
R4003499,O1169336,2024-10-07,Size Issue,Refunded
R4003500,O1036041,2025-04-22,Changed Mind,Refunded
R4003501,O1044108,2023-10-25,Size Issue,Refunded
R4003502,O1013738,2024-10-14,Changed Mind,Refunded
R4003503,O1151739,2024-03-06,Damaged,Refunded
R4003504,O1152477,2024-12-23,Late Delivery,Refunded
R4003505,O1026236,2025-12-18,Size Issue,Refunded
R4003506,O1048030,2025-01-06,Damaged,Refunded
R4003507,O1000970,2024-12-13,Late Delivery,Refunded
R4003508,O1047256,2024-12-05,Size Issue,Refunded
R4003509,O1060981,2025-05-04,Late Delivery,Refunded
R4003510,O1114721,2024-05-23,Not as Expected,Refunded
R4003511,O1014810,2025-06-29,Changed Mind,Refunded
R4003512,O1140399,2023-04-05,Late Delivery,Refunded
R4003513,O1146728,2025-04-17,Not as Expected,Refunded
R4003514,O1061171,2025-05-20,Size Issue,Refunded
R4003515,O1007386,2023-12-04,Size Issue,Processing
R4003516,O1048749,2024-08-14,Changed Mind,Refunded
R4003517,O1110315,2025-05-12,Wrong Item,Processing
R4003518,O1135858,2024-02-28,Damaged,Refunded
R4003519,O1008575,2025-05-16,Late Delivery,Refunded
R4003520,O1170431,2025-11-29,Damaged,Processing
R4003521,O1079040,2025-12-11,Size Issue,Refunded
R4003522,O1145460,2025-04-30,Size Issue,Refunded
R4003523,O1042793,2025-08-03,Size Issue,Refunded
R4003524,O1079031,2025-11-14,Wrong Item,Refunded
R4003525,O1020118,2024-07-06,Wrong Item,Refunded
R4003526,O1108589,2025-07-28,Late Delivery,Refunded
R4003527,O1176117,2024-06-22,Not as Expected,Refunded
R4003528,O1004673,2024-11-21,Size Issue,Refunded
R4003529,O1002122,2025-05-06,Not as Expected,Refunded
R4003530,O1093556,2025-03-01,Not as Expected,Refunded
R4003531,O1019682,2024-02-28,Wrong Item,Refunded
R4003532,O1070322,2024-08-06,Wrong Item,Refunded
R4003533,O1054013,2023-04-27,Not as Expected,Refunded
R4003534,O1000457,2024-11-27,Not as Expected,Refunded
R4003535,O1020219,2023-04-16,Wrong Item,Refunded
R4003536,O1034903,2025-03-11,Size Issue,Refunded
R4003537,O1170877,2023-02-15,Not as Expected,Refunded
R4003538,O1115732,2025-02-28,Not as Expected,Processing
R4003539,O1126318,2023-09-02,Not as Expected,Refunded
R4003540,O1100156,2023-08-15,Late Delivery,Refunded
R4003541,O1021587,2025-04-17,Size Issue,Refunded
R4003542,O1135011,2023-08-24,Not as Expected,Refunded
R4003543,O1120872,2024-04-14,Changed Mind,Refunded
R4003544,O1015459,2023-11-18,Late Delivery,Refunded
R4003545,O1127256,2025-06-25,Size Issue,Processing
R4003546,O1032424,2024-08-09,Damaged,Refunded
R4003547,O1117645,2024-09-17,Late Delivery,Refunded
R4003548,O1045691,2025-04-23,Not as Expected,Refunded
R4003549,O1078283,2025-08-31,Size Issue,Refunded
R4003550,O1136471,2025-09-19,Changed Mind,Refunded
R4003551,O1168040,2023-06-13,Not as Expected,Processing
R4003552,O1166057,2025-05-23,Size Issue,Refunded
R4003553,O1105650,2023-01-08,Wrong Item,Processing
R4003554,O1001411,2024-03-27,Damaged,Refunded
R4003555,O1166667,2024-05-18,Late Delivery,Refunded
R4003556,O1169077,2025-09-23,Size Issue,Refunded
R4003557,O1112956,2023-01-23,Late Delivery,Refunded
R4003558,O1145172,2023-04-27,Not as Expected,Refunded
R4003559,O1007476,2024-10-31,Changed Mind,Refunded
R4003560,O1126185,2024-08-18,Wrong Item,Refunded
R4003561,O1105499,2023-03-30,Size Issue,Processing
R4003562,O1046646,2023-02-23,Damaged,Refunded
R4003563,O1179194,2025-08-25,Late Delivery,Refunded
R4003564,O1029030,2023-09-18,Wrong Item,Refunded
R4003565,O1022992,2025-10-13,Late Delivery,Refunded
R4003566,O1127017,2025-11-22,Not as Expected,Refunded
R4003567,O1089299,2023-08-07,Not as Expected,Refunded
R4003568,O1143015,2024-01-08,Late Delivery,Refunded
R4003569,O1109781,2024-01-16,Not as Expected,Refunded
R4003570,O1043026,2025-08-25,Late Delivery,Refunded
R4003571,O1122512,2024-03-13,Not as Expected,Processing
R4003572,O1014720,2023-07-24,Not as Expected,Refunded
R4003573,O1066096,2023-12-06,Not as Expected,Refunded
R4003574,O1042437,2025-03-01,Not as Expected,Refunded
R4003575,O1151229,2025-07-22,Changed Mind,Refunded
R4003576,O1146917,2025-04-22,Not as Expected,Refunded
R4003577,O1040630,2025-03-29,Damaged,Processing
R4003578,O1041003,2023-08-30,Damaged,Refunded
R4003579,O1069372,2024-04-08,Not as Expected,Refunded
R4003580,O1009384,2024-12-24,Damaged,Processing
R4003581,O1088584,2023-09-01,Late Delivery,Refunded
R4003582,O1066012,2025-11-24,Late Delivery,Refunded
R4003583,O1179774,2023-07-26,Damaged,Refunded
R4003584,O1122316,2025-07-17,Damaged,Refunded
R4003585,O1005255,2025-12-25,Size Issue,Refunded
R4003586,O1084314,2024-05-09,Size Issue,Refunded
R4003587,O1010468,2025-11-24,Damaged,Refunded
R4003588,O1009184,2023-09-29,Late Delivery,Refunded
R4003589,O1045535,2023-06-15,Changed Mind,Refunded
R4003590,O1174928,2026-01-08,Late Delivery,Refunded
R4003591,O1127013,2025-07-19,Not as Expected,Refunded
R4003592,O1058765,2024-10-10,Not as Expected,Refunded
R4003593,O1173081,2023-04-15,Size Issue,Refunded
R4003594,O1173090,2024-04-17,Damaged,Refunded
R4003595,O1150427,2024-08-06,Damaged,Refunded
R4003596,O1161876,2025-11-13,Not as Expected,Refunded
R4003597,O1087511,2024-07-03,Not as Expected,Refunded
R4003598,O1068624,2025-12-05,Late Delivery,Processing
R4003599,O1082811,2024-06-28,Size Issue,Refunded
R4003600,O1159943,2025-05-18,Late Delivery,Refunded
R4003601,O1049535,2025-02-23,Size Issue,Refunded
R4003602,O1029221,2024-04-03,Size Issue,Refunded
R4003603,O1101072,2024-05-10,Wrong Item,Refunded
R4003604,O1166705,2024-09-02,Late Delivery,Refunded
R4003605,O1170483,2024-11-05,Damaged,Refunded
R4003606,O1069028,2025-08-31,Wrong Item,Refunded
R4003607,O1124406,2025-06-11,Not as Expected,Refunded
R4003608,O1155319,2023-07-04,Late Delivery,Refunded
R4003609,O1124459,2025-10-12,Late Delivery,Refunded
R4003610,O1105300,2023-02-13,Not as Expected,Refunded
R4003611,O1140333,2024-10-19,Damaged,Refunded
R4003612,O1100807,2025-04-23,Changed Mind,Refunded
R4003613,O1115076,2023-05-01,Size Issue,Refunded
R4003614,O1001235,2024-01-23,Damaged,Refunded
R4003615,O1151984,2025-09-21,Not as Expected,Refunded
R4003616,O1039839,2025-07-30,Not as Expected,Refunded
R4003617,O1047178,2023-05-10,Late Delivery,Refunded
R4003618,O1050139,2024-11-01,Changed Mind,Refunded
R4003619,O1048559,2024-07-05,Not as Expected,Refunded
R4003620,O1007278,2025-02-06,Late Delivery,Refunded
R4003621,O1136791,2025-03-28,Late Delivery,Processing
R4003622,O1052381,2024-09-27,Not as Expected,Refunded
R4003623,O1068839,2023-02-02,Not as Expected,Refunded
R4003624,O1084458,2024-11-03,Wrong Item,Refunded
R4003625,O1000896,2023-12-27,Wrong Item,Refunded
R4003626,O1175212,2024-05-21,Changed Mind,Refunded
R4003627,O1171563,2024-04-11,Not as Expected,Refunded
R4003628,O1115903,2024-05-09,Late Delivery,Refunded
R4003629,O1040510,2024-11-21,Size Issue,Refunded
R4003630,O1025519,2025-12-11,Late Delivery,Refunded
R4003631,O1085402,2024-11-25,Late Delivery,Refunded
R4003632,O1049362,2025-07-01,Damaged,Refunded
R4003633,O1044674,2023-04-20,Changed Mind,Refunded
R4003634,O1110221,2024-12-30,Not as Expected,Refunded
R4003635,O1053825,2025-01-21,Size Issue,Refunded
R4003636,O1156708,2023-12-18,Wrong Item,Refunded
R4003637,O1155796,2023-06-14,Size Issue,Refunded
R4003638,O1145835,2023-09-11,Not as Expected,Refunded
R4003639,O1040458,2023-09-22,Not as Expected,Refunded
R4003640,O1063960,2023-02-14,Changed Mind,Refunded
R4003641,O1027293,2025-02-26,Not as Expected,Refunded
R4003642,O1112749,2024-06-12,Wrong Item,Refunded
R4003643,O1179549,2024-09-24,Late Delivery,Refunded
R4003644,O1032525,2023-07-23,Wrong Item,Refunded
R4003645,O1017784,2023-07-22,Late Delivery,Refunded
R4003646,O1094680,2023-11-07,Size Issue,Refunded
R4003647,O1015915,2025-09-16,Not as Expected,Refunded
R4003648,O1028139,2024-06-04,Not as Expected,Refunded
R4003649,O1010511,2025-07-05,Size Issue,Refunded
R4003650,O1020140,2024-02-13,Damaged,Refunded
R4003651,O1148705,2025-10-03,Late Delivery,Refunded
R4003652,O1004658,2024-03-26,Changed Mind,Refunded
R4003653,O1034766,2023-11-11,Not as Expected,Processing
R4003654,O1153762,2023-05-17,Late Delivery,Refunded
R4003655,O1103760,2024-01-10,Not as Expected,Refunded
R4003656,O1147097,2025-06-03,Size Issue,Refunded
R4003657,O1178159,2025-05-11,Wrong Item,Refunded
R4003658,O1100381,2023-04-30,Not as Expected,Processing
R4003659,O1007408,2025-09-12,Not as Expected,Refunded
R4003660,O1165703,2025-04-01,Changed Mind,Refunded
R4003661,O1118641,2024-09-01,Late Delivery,Refunded
R4003662,O1146379,2024-11-19,Not as Expected,Refunded
R4003663,O1102122,2025-10-14,Size Issue,Refunded
R4003664,O1008609,2023-02-17,Wrong Item,Refunded
R4003665,O1117945,2024-03-05,Changed Mind,Refunded
R4003666,O1156426,2024-02-16,Not as Expected,Refunded
R4003667,O1065364,2025-09-30,Damaged,Refunded
R4003668,O1045153,2025-09-18,Size Issue,Refunded
R4003669,O1006928,2025-04-06,Not as Expected,Refunded
R4003670,O1100943,2023-03-20,Size Issue,Refunded
R4003671,O1033556,2024-08-12,Damaged,Refunded
R4003672,O1142943,2023-04-03,Wrong Item,Refunded
R4003673,O1083899,2023-11-17,Changed Mind,Refunded
R4003674,O1177604,2024-11-10,Not as Expected,Refunded
R4003675,O1071142,2024-03-27,Wrong Item,Refunded
R4003676,O1111369,2025-04-14,Size Issue,Refunded
R4003677,O1128626,2024-08-26,Wrong Item,Refunded
R4003678,O1053993,2023-01-18,Not as Expected,Refunded
R4003679,O1104536,2024-07-08,Damaged,Refunded
R4003680,O1126797,2024-01-08,Not as Expected,Refunded
R4003681,O1140055,2025-01-10,Size Issue,Refunded
R4003682,O1035770,2024-12-17,Not as Expected,Refunded
R4003683,O1082186,2023-10-06,Not as Expected,Refunded
R4003684,O1027371,2024-06-21,Late Delivery,Refunded
R4003685,O1094259,2023-12-30,Damaged,Refunded
R4003686,O1071649,2025-02-08,Not as Expected,Refunded
R4003687,O1011912,2024-07-22,Damaged,Refunded
R4003688,O1069656,2024-12-18,Changed Mind,Refunded
R4003689,O1028536,2023-03-31,Size Issue,Refunded
R4003690,O1028330,2025-09-26,Changed Mind,Refunded
R4003691,O1171644,2024-04-24,Not as Expected,Refunded
R4003692,O1033209,2024-05-22,Late Delivery,Refunded
R4003693,O1108973,2023-11-03,Changed Mind,Refunded
R4003694,O1041857,2025-06-16,Not as Expected,Processing
R4003695,O1043661,2023-09-26,Size Issue,Refunded
R4003696,O1143230,2025-04-17,Size Issue,Refunded
R4003697,O1016799,2023-11-19,Size Issue,Refunded
R4003698,O1066381,2024-11-24,Damaged,Processing
R4003699,O1083095,2024-08-09,Late Delivery,Refunded
R4003700,O1048145,2025-09-02,Size Issue,Refunded
R4003701,O1144125,2025-04-09,Damaged,Refunded
R4003702,O1047599,2023-01-21,Changed Mind,Refunded
R4003703,O1116468,2025-10-04,Damaged,Refunded
R4003704,O1075312,2025-01-13,Not as Expected,Refunded
R4003705,O1174413,2023-12-02,Size Issue,Refunded
R4003706,O1076870,2025-10-04,Damaged,Refunded
R4003707,O1087896,2025-08-26,Not as Expected,Refunded
R4003708,O1073157,2023-11-04,Size Issue,Refunded
R4003709,O1016041,2023-11-26,Not as Expected,Refunded
R4003710,O1067825,2025-06-16,Changed Mind,Refunded
R4003711,O1050856,2025-07-22,Not as Expected,Refunded
R4003712,O1095191,2023-10-06,Not as Expected,Refunded
R4003713,O1100682,2023-04-25,Changed Mind,Refunded
R4003714,O1142905,2024-06-05,Changed Mind,Refunded
R4003715,O1113321,2024-04-05,Damaged,Refunded
R4003716,O1009251,2024-12-07,Damaged,Refunded
R4003717,O1012335,2025-02-06,Changed Mind,Refunded
R4003718,O1002566,2024-04-17,Damaged,Refunded
R4003719,O1123302,2024-05-06,Not as Expected,Processing
R4003720,O1133131,2023-01-29,Wrong Item,Refunded
R4003721,O1134846,2023-10-11,Late Delivery,Processing
R4003722,O1138574,2025-11-26,Not as Expected,Refunded
R4003723,O1044744,2025-10-31,Damaged,Refunded
R4003724,O1138451,2024-01-22,Changed Mind,Refunded
R4003725,O1106254,2024-12-07,Wrong Item,Refunded
R4003726,O1005473,2023-06-22,Damaged,Refunded
R4003727,O1076685,2023-02-18,Size Issue,Refunded
R4003728,O1125743,2024-12-11,Changed Mind,Refunded
R4003729,O1097992,2023-10-09,Wrong Item,Refunded
R4003730,O1126563,2025-07-11,Changed Mind,Refunded
R4003731,O1079676,2023-05-06,Damaged,Refunded
R4003732,O1053353,2025-06-26,Size Issue,Refunded
R4003733,O1012030,2024-05-05,Wrong Item,Processing
R4003734,O1064755,2023-03-13,Wrong Item,Refunded
R4003735,O1083343,2024-12-19,Changed Mind,Refunded
R4003736,O1052665,2025-04-04,Late Delivery,Refunded
R4003737,O1061490,2024-12-02,Damaged,Refunded
R4003738,O1058427,2023-07-11,Size Issue,Processing
R4003739,O1127619,2023-08-18,Late Delivery,Refunded
R4003740,O1023476,2025-08-03,Late Delivery,Refunded
R4003741,O1130328,2026-01-01,Changed Mind,Refunded
R4003742,O1136786,2023-10-26,Damaged,Refunded
R4003743,O1101849,2025-06-01,Late Delivery,Refunded
R4003744,O1024508,2025-09-22,Late Delivery,Refunded
R4003745,O1040553,2024-08-27,Wrong Item,Refunded
R4003746,O1176217,2023-05-05,Damaged,Refunded
R4003747,O1002957,2023-07-23,Changed Mind,Refunded
R4003748,O1138255,2023-01-17,Changed Mind,Processing
R4003749,O1153789,2024-03-30,Damaged,Refunded
R4003750,O1169790,2023-05-27,Not as Expected,Refunded
R4003751,O1054549,2024-06-04,Late Delivery,Refunded
R4003752,O1151572,2024-05-31,Damaged,Refunded
R4003753,O1092960,2025-11-29,Not as Expected,Refunded
R4003754,O1150868,2023-08-01,Changed Mind,Refunded
R4003755,O1151246,2024-10-29,Not as Expected,Refunded
R4003756,O1119275,2023-11-13,Damaged,Refunded
R4003757,O1112545,2023-10-25,Late Delivery,Processing
R4003758,O1166515,2023-06-04,Damaged,Refunded
R4003759,O1074228,2023-08-12,Size Issue,Refunded
R4003760,O1109413,2024-08-19,Changed Mind,Refunded
R4003761,O1097057,2023-08-04,Damaged,Processing
R4003762,O1024842,2024-05-01,Damaged,Refunded
R4003763,O1179722,2025-10-18,Damaged,Refunded
R4003764,O1141529,2024-01-15,Not as Expected,Refunded
R4003765,O1127689,2025-01-15,Late Delivery,Refunded
R4003766,O1096385,2023-09-06,Changed Mind,Processing
R4003767,O1157259,2024-10-26,Damaged,Processing
R4003768,O1035152,2023-03-17,Late Delivery,Refunded
R4003769,O1020502,2023-02-07,Damaged,Refunded
R4003770,O1023448,2024-10-18,Damaged,Refunded
R4003771,O1104619,2025-07-07,Late Delivery,Processing
R4003772,O1134590,2025-02-11,Not as Expected,Refunded
R4003773,O1175011,2024-07-29,Size Issue,Refunded
R4003774,O1104447,2023-10-10,Not as Expected,Refunded
R4003775,O1050235,2023-07-13,Late Delivery,Refunded
R4003776,O1039331,2024-05-30,Not as Expected,Refunded
R4003777,O1152981,2024-10-18,Not as Expected,Refunded
R4003778,O1015900,2025-12-09,Changed Mind,Refunded
R4003779,O1033244,2023-12-08,Size Issue,Processing
R4003780,O1016338,2023-10-30,Not as Expected,Processing
R4003781,O1068284,2024-10-27,Changed Mind,Refunded
R4003782,O1033488,2023-04-24,Not as Expected,Refunded
R4003783,O1011306,2025-02-22,Damaged,Refunded
R4003784,O1049583,2024-05-15,Changed Mind,Refunded
R4003785,O1112209,2025-03-10,Late Delivery,Refunded
R4003786,O1005770,2025-12-12,Damaged,Processing
R4003787,O1092685,2023-03-23,Late Delivery,Refunded
R4003788,O1173788,2023-08-29,Wrong Item,Refunded
R4003789,O1012560,2024-08-10,Not as Expected,Refunded
R4003790,O1129085,2023-05-13,Late Delivery,Refunded
R4003791,O1130307,2023-01-17,Damaged,Refunded
R4003792,O1126752,2024-10-30,Size Issue,Refunded
R4003793,O1027833,2024-08-22,Damaged,Refunded
R4003794,O1121883,2023-08-25,Not as Expected,Refunded
R4003795,O1095802,2023-10-20,Late Delivery,Refunded
R4003796,O1170055,2025-10-26,Damaged,Refunded
R4003797,O1171287,2025-06-10,Not as Expected,Refunded
R4003798,O1004168,2023-02-19,Changed Mind,Refunded
R4003799,O1084269,2025-09-15,Wrong Item,Refunded
R4003800,O1138868,2023-11-10,Not as Expected,Refunded
R4003801,O1057246,2025-11-14,Not as Expected,Refunded
R4003802,O1022131,2024-03-23,Wrong Item,Refunded
R4003803,O1066222,2025-06-07,Changed Mind,Refunded
R4003804,O1046161,2024-06-16,Not as Expected,Refunded
R4003805,O1066674,2024-06-27,Wrong Item,Refunded
R4003806,O1087590,2025-11-14,Size Issue,Refunded
R4003807,O1084614,2023-01-08,Wrong Item,Refunded
R4003808,O1073531,2024-07-08,Changed Mind,Refunded
R4003809,O1096128,2025-07-15,Not as Expected,Refunded
R4003810,O1110722,2024-01-20,Changed Mind,Refunded
R4003811,O1059063,2025-11-24,Wrong Item,Refunded
R4003812,O1078650,2023-06-08,Wrong Item,Refunded
R4003813,O1128805,2025-01-08,Changed Mind,Refunded
R4003814,O1163778,2023-08-09,Not as Expected,Refunded
R4003815,O1139577,2025-08-29,Not as Expected,Refunded
R4003816,O1157740,2023-05-17,Late Delivery,Refunded
R4003817,O1133398,2023-10-09,Changed Mind,Refunded
R4003818,O1039663,2025-01-23,Late Delivery,Refunded
R4003819,O1008140,2023-08-28,Not as Expected,Refunded
R4003820,O1036219,2024-01-03,Not as Expected,Refunded
R4003821,O1177394,2025-11-14,Damaged,Refunded
R4003822,O1178031,2023-02-21,Changed Mind,Processing
R4003823,O1142822,2023-03-03,Damaged,Refunded
R4003824,O1005037,2025-03-20,Not as Expected,Refunded
R4003825,O1037702,2023-09-21,Size Issue,Refunded
R4003826,O1068965,2023-12-28,Not as Expected,Refunded
R4003827,O1004842,2024-08-07,Changed Mind,Refunded
R4003828,O1093716,2025-12-09,Size Issue,Refunded
R4003829,O1040016,2026-01-08,Changed Mind,Refunded
R4003830,O1125266,2023-06-09,Size Issue,Refunded
R4003831,O1023408,2023-02-05,Damaged,Processing
R4003832,O1103232,2025-07-29,Changed Mind,Refunded
R4003833,O1024359,2023-04-08,Damaged,Refunded
R4003834,O1034269,2024-01-24,Damaged,Refunded
R4003835,O1104740,2024-03-18,Damaged,Refunded
R4003836,O1125679,2025-05-14,Wrong Item,Refunded
R4003837,O1002742,2024-02-27,Wrong Item,Refunded
R4003838,O1096564,2024-02-03,Not as Expected,Refunded
R4003839,O1097982,2023-07-10,Wrong Item,Refunded
R4003840,O1045397,2025-05-25,Changed Mind,Refunded
R4003841,O1046612,2024-09-02,Damaged,Refunded
R4003842,O1087535,2023-03-26,Damaged,Refunded
R4003843,O1109034,2025-01-20,Damaged,Refunded
R4003844,O1133845,2025-03-13,Late Delivery,Refunded
R4003845,O1162035,2025-09-05,Not as Expected,Refunded
R4003846,O1063680,2025-10-06,Late Delivery,Processing
R4003847,O1016605,2025-08-04,Not as Expected,Refunded
R4003848,O1098352,2023-07-16,Changed Mind,Refunded
R4003849,O1052180,2025-12-10,Not as Expected,Refunded
R4003850,O1139218,2023-08-06,Late Delivery,Refunded
R4003851,O1146275,2024-02-04,Size Issue,Refunded
R4003852,O1100075,2024-06-15,Wrong Item,Refunded
R4003853,O1118318,2025-01-17,Late Delivery,Refunded
R4003854,O1041311,2025-05-22,Changed Mind,Refunded
R4003855,O1121287,2024-02-25,Size Issue,Refunded
R4003856,O1118536,2025-11-20,Changed Mind,Refunded
R4003857,O1021687,2024-07-12,Not as Expected,Refunded
R4003858,O1156446,2023-02-17,Size Issue,Processing
R4003859,O1085813,2023-03-28,Damaged,Refunded
R4003860,O1078279,2025-05-21,Size Issue,Refunded
R4003861,O1061620,2024-09-25,Wrong Item,Refunded
R4003862,O1168484,2025-11-21,Not as Expected,Refunded
R4003863,O1099892,2025-04-22,Wrong Item,Refunded
R4003864,O1074174,2023-03-18,Damaged,Refunded
R4003865,O1044484,2023-12-19,Wrong Item,Refunded
R4003866,O1059035,2024-11-29,Late Delivery,Refunded
R4003867,O1030486,2024-01-16,Size Issue,Refunded
R4003868,O1004597,2025-05-19,Not as Expected,Refunded
R4003869,O1104696,2023-02-03,Not as Expected,Refunded
R4003870,O1024009,2023-10-03,Not as Expected,Refunded
R4003871,O1039069,2025-12-03,Not as Expected,Refunded
R4003872,O1062313,2023-07-25,Changed Mind,Refunded
R4003873,O1005982,2025-09-26,Changed Mind,Refunded
R4003874,O1163216,2024-12-06,Changed Mind,Refunded
R4003875,O1063615,2024-05-24,Wrong Item,Refunded
R4003876,O1092637,2023-08-05,Damaged,Refunded
R4003877,O1161722,2025-12-26,Changed Mind,Processing
R4003878,O1006710,2025-11-03,Late Delivery,Refunded
R4003879,O1078977,2023-01-22,Late Delivery,Refunded
R4003880,O1101514,2023-02-23,Wrong Item,Refunded
R4003881,O1068625,2024-08-30,Wrong Item,Refunded
R4003882,O1043774,2025-04-27,Not as Expected,Refunded
R4003883,O1085373,2025-02-17,Not as Expected,Refunded
R4003884,O1133264,2023-11-20,Damaged,Refunded
R4003885,O1104248,2023-12-22,Not as Expected,Refunded
R4003886,O1134292,2024-10-30,Changed Mind,Refunded
R4003887,O1031145,2024-03-15,Not as Expected,Refunded
R4003888,O1006987,2024-05-20,Not as Expected,Refunded
R4003889,O1063804,2024-08-06,Not as Expected,Refunded
R4003890,O1060319,2023-07-09,Not as Expected,Refunded
R4003891,O1038214,2024-08-26,Wrong Item,Refunded
R4003892,O1055047,2025-05-31,Not as Expected,Refunded
R4003893,O1120460,2024-12-10,Not as Expected,Refunded
R4003894,O1096247,2023-09-05,Size Issue,Refunded
R4003895,O1026088,2024-06-06,Changed Mind,Refunded
R4003896,O1127423,2023-09-08,Damaged,Refunded
R4003897,O1137989,2025-11-22,Not as Expected,Refunded
R4003898,O1092509,2025-01-05,Changed Mind,Processing
R4003899,O1010503,2023-06-26,Damaged,Refunded
R4003900,O1151448,2025-06-03,Damaged,Refunded
R4003901,O1007560,2024-10-26,Size Issue,Refunded
R4003902,O1135025,2025-01-16,Not as Expected,Refunded
R4003903,O1142008,2025-05-01,Not as Expected,Refunded
R4003904,O1028288,2024-12-23,Size Issue,Refunded
R4003905,O1158553,2024-10-23,Changed Mind,Refunded
R4003906,O1144595,2023-07-17,Size Issue,Refunded
R4003907,O1044790,2023-06-03,Wrong Item,Refunded
R4003908,O1151490,2025-01-27,Damaged,Refunded
R4003909,O1117060,2025-01-30,Changed Mind,Refunded
R4003910,O1176432,2024-08-10,Damaged,Processing
R4003911,O1044549,2023-12-25,Changed Mind,Refunded
R4003912,O1077154,2024-03-17,Not as Expected,Refunded
R4003913,O1045092,2025-08-25,Changed Mind,Refunded
R4003914,O1052927,2024-07-12,Late Delivery,Refunded
R4003915,O1175898,2024-08-07,Damaged,Refunded
R4003916,O1061140,2023-01-19,Changed Mind,Refunded
R4003917,O1056926,2023-07-23,Not as Expected,Refunded
R4003918,O1016118,2024-06-03,Late Delivery,Refunded
R4003919,O1025310,2024-04-25,Wrong Item,Refunded
R4003920,O1110210,2024-03-11,Not as Expected,Refunded
R4003921,O1067897,2025-09-07,Wrong Item,Refunded
R4003922,O1079834,2024-12-28,Not as Expected,Refunded
R4003923,O1112813,2023-04-30,Wrong Item,Refunded
R4003924,O1009104,2024-12-16,Not as Expected,Refunded
R4003925,O1106516,2025-06-15,Damaged,Refunded
R4003926,O1080385,2023-04-11,Wrong Item,Refunded
R4003927,O1015851,2024-03-21,Not as Expected,Refunded
R4003928,O1048268,2024-05-19,Changed Mind,Refunded
R4003929,O1063864,2024-11-07,Not as Expected,Refunded
R4003930,O1099784,2023-04-12,Not as Expected,Refunded
R4003931,O1119444,2023-10-02,Size Issue,Refunded
R4003932,O1057732,2024-05-19,Changed Mind,Refunded
R4003933,O1154011,2025-10-30,Damaged,Refunded
R4003934,O1048448,2023-03-04,Damaged,Refunded
R4003935,O1128129,2025-09-23,Size Issue,Refunded
R4003936,O1013116,2024-02-15,Late Delivery,Refunded
R4003937,O1131017,2024-12-11,Not as Expected,Refunded
R4003938,O1032708,2025-10-20,Not as Expected,Refunded
R4003939,O1015416,2023-05-26,Late Delivery,Refunded
R4003940,O1082401,2024-04-27,Not as Expected,Refunded
R4003941,O1018438,2025-06-26,Size Issue,Refunded
R4003942,O1134657,2025-12-02,Wrong Item,Refunded
R4003943,O1059245,2023-04-30,Wrong Item,Refunded
R4003944,O1157610,2023-10-10,Size Issue,Refunded
R4003945,O1024670,2023-01-23,Size Issue,Processing
R4003946,O1066074,2025-11-30,Size Issue,Refunded
R4003947,O1084054,2024-01-19,Size Issue,Refunded
R4003948,O1059486,2023-03-29,Not as Expected,Refunded
R4003949,O1167337,2025-02-17,Size Issue,Refunded
R4003950,O1150667,2023-07-10,Size Issue,Refunded
R4003951,O1062546,2023-10-01,Late Delivery,Refunded
R4003952,O1137497,2024-09-12,Not as Expected,Refunded
R4003953,O1066052,2025-09-11,Size Issue,Refunded
R4003954,O1022309,2023-02-21,Not as Expected,Refunded
R4003955,O1077690,2023-09-24,Changed Mind,Refunded
R4003956,O1166815,2023-10-07,Size Issue,Refunded
R4003957,O1128856,2024-06-19,Late Delivery,Refunded
R4003958,O1108448,2024-05-01,Size Issue,Refunded
R4003959,O1016672,2023-01-17,Size Issue,Refunded
R4003960,O1080221,2025-03-04,Not as Expected,Refunded
R4003961,O1113684,2023-04-10,Size Issue,Refunded
R4003962,O1138682,2024-11-26,Not as Expected,Refunded
R4003963,O1131500,2023-06-30,Wrong Item,Refunded
R4003964,O1051736,2024-11-16,Size Issue,Refunded
R4003965,O1109902,2025-07-12,Size Issue,Refunded
R4003966,O1063662,2023-04-29,Size Issue,Refunded
R4003967,O1090188,2024-09-18,Not as Expected,Processing
R4003968,O1064479,2025-01-07,Wrong Item,Refunded
R4003969,O1097142,2024-02-13,Late Delivery,Refunded
R4003970,O1056952,2024-08-24,Not as Expected,Refunded
R4003971,O1152427,2023-11-02,Damaged,Refunded
R4003972,O1142692,2024-11-30,Not as Expected,Refunded
R4003973,O1176526,2023-09-18,Not as Expected,Refunded
R4003974,O1018012,2024-08-05,Damaged,Refunded
R4003975,O1115770,2025-04-29,Not as Expected,Refunded
R4003976,O1054471,2023-04-20,Not as Expected,Refunded
R4003977,O1076530,2023-12-06,Not as Expected,Refunded
R4003978,O1081761,2024-01-21,Wrong Item,Refunded
R4003979,O1005972,2024-01-16,Wrong Item,Refunded
R4003980,O1157787,2024-09-18,Size Issue,Refunded
R4003981,O1001583,2024-08-28,Not as Expected,Refunded
R4003982,O1095667,2024-09-09,Not as Expected,Refunded
R4003983,O1047635,2024-09-08,Damaged,Refunded
R4003984,O1043496,2025-07-19,Late Delivery,Refunded
R4003985,O1177067,2024-06-16,Changed Mind,Refunded
R4003986,O1039684,2023-04-25,Damaged,Refunded
R4003987,O1168248,2024-12-06,Changed Mind,Refunded
R4003988,O1160137,2023-03-21,Changed Mind,Refunded
R4003989,O1122908,2025-10-02,Damaged,Refunded
R4003990,O1101098,2024-04-28,Not as Expected,Refunded
R4003991,O1118797,2025-04-04,Size Issue,Refunded
R4003992,O1088151,2025-02-27,Damaged,Refunded
R4003993,O1004060,2023-07-05,Late Delivery,Refunded
R4003994,O1137270,2025-10-07,Wrong Item,Refunded
R4003995,O1108135,2023-08-22,Changed Mind,Refunded
R4003996,O1024893,2025-09-02,Not as Expected,Refunded
R4003997,O1073263,2023-08-01,Wrong Item,Refunded
R4003998,O1016953,2023-02-06,Changed Mind,Refunded
R4003999,O1085334,2025-08-27,Wrong Item,Refunded
R4004000,O1036610,2024-09-19,Changed Mind,Refunded
R4004001,O1074350,2024-07-11,Not as Expected,Refunded
R4004002,O1044105,2024-07-21,Not as Expected,Refunded
R4004003,O1094560,2025-01-30,Not as Expected,Refunded
R4004004,O1105012,2025-04-16,Damaged,Refunded
R4004005,O1092799,2023-03-03,Not as Expected,Refunded
R4004006,O1046377,2025-03-15,Late Delivery,Refunded
R4004007,O1071619,2025-07-23,Wrong Item,Refunded
R4004008,O1077974,2025-11-19,Wrong Item,Refunded
R4004009,O1149412,2023-07-30,Size Issue,Refunded
R4004010,O1057085,2023-01-18,Late Delivery,Refunded
R4004011,O1105896,2025-10-26,Late Delivery,Processing
R4004012,O1059449,2023-04-28,Size Issue,Refunded
R4004013,O1092998,2025-10-20,Changed Mind,Refunded
R4004014,O1069659,2024-07-21,Late Delivery,Refunded
R4004015,O1047889,2025-12-08,Size Issue,Refunded
R4004016,O1005596,2023-06-17,Changed Mind,Refunded
R4004017,O1108637,2023-04-30,Wrong Item,Refunded
R4004018,O1071753,2025-06-15,Size Issue,Refunded
R4004019,O1122918,2023-12-12,Wrong Item,Refunded
R4004020,O1096489,2025-05-19,Not as Expected,Refunded
R4004021,O1032656,2023-07-20,Changed Mind,Refunded
R4004022,O1143509,2024-06-11,Not as Expected,Refunded
R4004023,O1156763,2023-12-25,Not as Expected,Refunded
R4004024,O1154209,2023-05-06,Size Issue,Processing
R4004025,O1031180,2024-05-17,Not as Expected,Refunded
R4004026,O1163489,2025-10-23,Late Delivery,Refunded
R4004027,O1067755,2025-01-05,Changed Mind,Refunded
R4004028,O1003269,2024-09-05,Late Delivery,Refunded
R4004029,O1040214,2024-11-14,Wrong Item,Refunded
R4004030,O1176554,2024-12-27,Wrong Item,Refunded
R4004031,O1061001,2024-11-01,Wrong Item,Refunded
R4004032,O1168374,2023-05-28,Not as Expected,Refunded
R4004033,O1016156,2025-10-14,Not as Expected,Refunded
R4004034,O1014882,2024-12-15,Size Issue,Refunded
R4004035,O1121473,2025-11-23,Damaged,Refunded
R4004036,O1105042,2023-11-30,Late Delivery,Refunded
R4004037,O1132383,2023-07-11,Wrong Item,Processing
R4004038,O1005903,2025-11-17,Wrong Item,Refunded
R4004039,O1002501,2024-09-03,Changed Mind,Refunded
R4004040,O1080820,2024-10-08,Not as Expected,Refunded
R4004041,O1091717,2023-07-21,Not as Expected,Refunded
R4004042,O1098402,2024-12-14,Damaged,Refunded
R4004043,O1156816,2024-05-08,Late Delivery,Refunded
R4004044,O1056339,2024-07-14,Wrong Item,Refunded
R4004045,O1106822,2024-02-01,Changed Mind,Refunded
R4004046,O1072130,2025-04-17,Not as Expected,Refunded
R4004047,O1124700,2025-10-04,Damaged,Refunded
R4004048,O1118225,2023-09-06,Changed Mind,Refunded
R4004049,O1105134,2024-07-31,Not as Expected,Refunded
R4004050,O1073237,2025-10-25,Not as Expected,Refunded
R4004051,O1031007,2025-11-30,Wrong Item,Refunded
R4004052,O1037963,2023-12-17,Not as Expected,Processing
R4004053,O1056128,2024-01-26,Changed Mind,Refunded
R4004054,O1086026,2025-10-22,Changed Mind,Refunded
R4004055,O1141363,2024-08-07,Wrong Item,Refunded
R4004056,O1057172,2023-11-01,Wrong Item,Refunded
R4004057,O1071002,2024-02-11,Size Issue,Refunded
R4004058,O1030692,2024-10-02,Damaged,Refunded
R4004059,O1149627,2025-07-05,Late Delivery,Refunded
R4004060,O1074999,2024-11-17,Wrong Item,Refunded
R4004061,O1114987,2023-10-24,Size Issue,Refunded
R4004062,O1140523,2024-01-30,Late Delivery,Processing
R4004063,O1009475,2025-11-07,Not as Expected,Refunded
R4004064,O1080927,2025-06-04,Damaged,Refunded
R4004065,O1098164,2025-01-08,Wrong Item,Refunded
R4004066,O1061410,2023-03-28,Damaged,Refunded
R4004067,O1073285,2024-09-28,Damaged,Refunded
R4004068,O1152126,2024-09-19,Size Issue,Refunded
R4004069,O1119290,2023-12-13,Size Issue,Processing
R4004070,O1006474,2025-06-30,Not as Expected,Processing
R4004071,O1153927,2023-02-10,Changed Mind,Refunded
R4004072,O1144273,2025-06-27,Size Issue,Refunded
R4004073,O1163917,2025-07-11,Size Issue,Refunded
R4004074,O1049464,2025-08-30,Late Delivery,Refunded
R4004075,O1147568,2025-03-15,Damaged,Refunded
R4004076,O1134950,2025-11-27,Damaged,Processing
R4004077,O1113255,2025-06-10,Not as Expected,Refunded
R4004078,O1162468,2025-04-22,Wrong Item,Refunded
R4004079,O1001899,2025-01-04,Not as Expected,Refunded
R4004080,O1171943,2024-02-16,Damaged,Refunded
R4004081,O1107778,2025-03-25,Not as Expected,Refunded
R4004082,O1121842,2025-04-24,Size Issue,Refunded
R4004083,O1028661,2025-02-08,Wrong Item,Refunded
R4004084,O1083933,2026-01-09,Not as Expected,Refunded
R4004085,O1020415,2023-12-24,Damaged,Refunded
R4004086,O1064694,2025-12-27,Damaged,Refunded
R4004087,O1082062,2024-12-06,Changed Mind,Refunded
R4004088,O1127201,2025-08-26,Not as Expected,Refunded
R4004089,O1179709,2024-09-22,Size Issue,Refunded
R4004090,O1082384,2025-09-29,Wrong Item,Refunded
R4004091,O1046106,2025-09-30,Size Issue,Refunded
R4004092,O1044351,2024-07-04,Late Delivery,Refunded
R4004093,O1142047,2024-05-24,Wrong Item,Refunded
R4004094,O1079513,2025-02-14,Late Delivery,Refunded
R4004095,O1152136,2023-03-31,Late Delivery,Refunded
R4004096,O1047804,2024-11-13,Changed Mind,Refunded
R4004097,O1047467,2024-12-18,Not as Expected,Refunded
R4004098,O1166897,2023-01-17,Changed Mind,Refunded
R4004099,O1023893,2025-10-07,Damaged,Refunded
R4004100,O1073938,2024-03-01,Not as Expected,Refunded
R4004101,O1072686,2023-04-04,Damaged,Refunded
R4004102,O1089071,2024-11-25,Not as Expected,Refunded
R4004103,O1101740,2025-04-24,Not as Expected,Refunded
R4004104,O1129575,2023-07-11,Changed Mind,Refunded
R4004105,O1121925,2023-11-24,Late Delivery,Refunded
R4004106,O1090011,2023-11-15,Changed Mind,Refunded
R4004107,O1006649,2025-12-27,Changed Mind,Refunded
R4004108,O1077771,2025-05-31,Late Delivery,Refunded
R4004109,O1069375,2023-04-25,Size Issue,Refunded
R4004110,O1139213,2024-05-30,Changed Mind,Processing
R4004111,O1044622,2023-11-27,Late Delivery,Refunded
R4004112,O1079546,2024-04-11,Not as Expected,Refunded
R4004113,O1037928,2025-09-04,Not as Expected,Refunded
R4004114,O1139635,2024-11-15,Changed Mind,Refunded
R4004115,O1126607,2025-11-09,Not as Expected,Refunded
R4004116,O1047097,2025-05-30,Size Issue,Refunded
R4004117,O1109885,2025-12-27,Not as Expected,Refunded
R4004118,O1166722,2023-01-24,Wrong Item,Refunded
R4004119,O1003509,2023-04-05,Late Delivery,Refunded
R4004120,O1160784,2023-07-30,Damaged,Refunded
R4004121,O1110146,2024-03-27,Damaged,Refunded
R4004122,O1043977,2024-04-23,Not as Expected,Refunded
R4004123,O1065824,2023-08-11,Damaged,Refunded
R4004124,O1029226,2024-10-07,Damaged,Refunded
R4004125,O1016716,2025-09-21,Size Issue,Refunded
R4004126,O1041027,2024-06-21,Damaged,Refunded
R4004127,O1083886,2024-01-08,Not as Expected,Processing
R4004128,O1082094,2024-11-16,Late Delivery,Refunded
R4004129,O1118456,2024-10-27,Not as Expected,Refunded
R4004130,O1082633,2023-07-08,Not as Expected,Refunded
R4004131,O1092081,2025-07-11,Wrong Item,Refunded
R4004132,O1173021,2025-03-25,Wrong Item,Refunded
R4004133,O1147808,2025-06-05,Damaged,Refunded
R4004134,O1076016,2023-04-24,Damaged,Refunded
R4004135,O1128986,2023-11-02,Not as Expected,Refunded
R4004136,O1075559,2023-11-13,Not as Expected,Refunded
R4004137,O1099420,2025-07-29,Damaged,Processing
R4004138,O1168454,2025-01-31,Not as Expected,Refunded
R4004139,O1025846,2024-01-31,Wrong Item,Refunded
R4004140,O1084588,2025-01-05,Changed Mind,Refunded
R4004141,O1004352,2025-09-14,Changed Mind,Refunded
R4004142,O1061162,2024-02-17,Wrong Item,Refunded
R4004143,O1081007,2025-04-06,Not as Expected,Refunded
R4004144,O1085514,2023-06-03,Changed Mind,Refunded
R4004145,O1158376,2023-05-29,Damaged,Refunded
R4004146,O1063067,2024-11-21,Not as Expected,Refunded
R4004147,O1063648,2024-03-18,Not as Expected,Refunded
R4004148,O1042512,2025-07-19,Damaged,Refunded
R4004149,O1060716,2023-06-02,Changed Mind,Refunded
R4004150,O1139920,2024-03-04,Size Issue,Refunded
R4004151,O1038698,2024-07-06,Size Issue,Refunded
R4004152,O1098020,2025-11-03,Size Issue,Refunded
R4004153,O1004813,2024-07-24,Size Issue,Refunded
R4004154,O1131784,2024-03-21,Size Issue,Refunded
R4004155,O1013419,2024-04-05,Not as Expected,Refunded
R4004156,O1120657,2025-12-31,Not as Expected,Refunded
R4004157,O1105498,2024-04-29,Changed Mind,Refunded
R4004158,O1034750,2024-10-13,Wrong Item,Refunded
R4004159,O1125594,2023-02-15,Wrong Item,Refunded
R4004160,O1000924,2023-09-28,Wrong Item,Refunded
R4004161,O1168741,2023-10-26,Size Issue,Processing
R4004162,O1131085,2023-05-07,Late Delivery,Refunded
R4004163,O1048013,2025-04-29,Wrong Item,Refunded
R4004164,O1144907,2023-05-25,Size Issue,Refunded
R4004165,O1144437,2025-10-11,Wrong Item,Refunded
R4004166,O1157812,2025-07-20,Changed Mind,Refunded
R4004167,O1170961,2023-10-12,Late Delivery,Refunded
R4004168,O1027495,2024-09-28,Not as Expected,Refunded
R4004169,O1081309,2023-10-25,Wrong Item,Refunded
R4004170,O1101664,2023-12-21,Damaged,Refunded
R4004171,O1082701,2025-03-14,Late Delivery,Refunded
R4004172,O1156432,2023-12-06,Wrong Item,Refunded
R4004173,O1064569,2024-12-27,Changed Mind,Refunded
R4004174,O1137987,2023-05-18,Late Delivery,Refunded
R4004175,O1049174,2023-04-21,Not as Expected,Refunded
R4004176,O1102615,2025-06-26,Wrong Item,Refunded
R4004177,O1100175,2025-01-03,Late Delivery,Refunded
R4004178,O1110172,2023-03-04,Not as Expected,Refunded
R4004179,O1000245,2023-03-15,Not as Expected,Refunded
R4004180,O1110519,2024-11-12,Not as Expected,Refunded
R4004181,O1159728,2025-06-04,Damaged,Refunded
R4004182,O1014689,2024-12-28,Not as Expected,Refunded
R4004183,O1140513,2025-06-10,Size Issue,Refunded
R4004184,O1098667,2023-05-28,Wrong Item,Refunded
R4004185,O1033212,2023-04-05,Late Delivery,Refunded
R4004186,O1043211,2024-09-20,Not as Expected,Refunded
R4004187,O1133015,2024-06-10,Not as Expected,Refunded
R4004188,O1178178,2024-07-27,Changed Mind,Refunded
R4004189,O1126225,2024-09-21,Not as Expected,Refunded
R4004190,O1028720,2023-04-11,Changed Mind,Refunded
R4004191,O1063820,2023-12-06,Changed Mind,Refunded
R4004192,O1012930,2023-04-17,Size Issue,Refunded
R4004193,O1144523,2024-09-14,Wrong Item,Refunded
R4004194,O1052017,2023-06-30,Damaged,Refunded
R4004195,O1061516,2024-01-28,Not as Expected,Refunded
R4004196,O1097389,2023-04-01,Wrong Item,Refunded
R4004197,O1063155,2024-02-09,Damaged,Refunded
R4004198,O1178826,2025-01-30,Wrong Item,Refunded
R4004199,O1008570,2024-05-31,Not as Expected,Refunded
R4004200,O1136755,2023-10-02,Changed Mind,Refunded
R4004201,O1151327,2025-08-01,Wrong Item,Processing
R4004202,O1124212,2024-03-23,Size Issue,Processing
R4004203,O1051785,2024-09-27,Changed Mind,Refunded
R4004204,O1075773,2024-03-28,Not as Expected,Refunded
R4004205,O1087347,2024-11-02,Wrong Item,Refunded
R4004206,O1137820,2025-06-19,Size Issue,Refunded
R4004207,O1086874,2024-11-17,Not as Expected,Refunded
R4004208,O1005175,2023-02-11,Wrong Item,Refunded
R4004209,O1107995,2024-01-08,Damaged,Refunded
R4004210,O1152703,2025-07-24,Wrong Item,Refunded
R4004211,O1122573,2025-08-19,Late Delivery,Refunded
R4004212,O1039230,2023-01-10,Late Delivery,Refunded
R4004213,O1050499,2024-07-12,Damaged,Refunded
R4004214,O1135168,2023-11-24,Not as Expected,Refunded
R4004215,O1040101,2024-09-06,Size Issue,Refunded
R4004216,O1024952,2025-12-03,Size Issue,Refunded
R4004217,O1166004,2024-11-17,Changed Mind,Refunded
R4004218,O1060902,2024-03-30,Size Issue,Refunded
R4004219,O1004569,2023-08-15,Size Issue,Refunded
R4004220,O1131836,2023-03-27,Changed Mind,Processing
R4004221,O1013003,2024-01-21,Changed Mind,Refunded
R4004222,O1000391,2025-02-01,Damaged,Refunded
R4004223,O1144465,2025-09-26,Size Issue,Refunded
R4004224,O1151586,2025-07-26,Wrong Item,Refunded
R4004225,O1157555,2024-03-02,Not as Expected,Refunded
R4004226,O1015490,2025-08-10,Not as Expected,Refunded
R4004227,O1157805,2023-04-10,Not as Expected,Refunded
R4004228,O1093912,2023-10-05,Changed Mind,Processing
R4004229,O1064880,2026-01-08,Late Delivery,Refunded
R4004230,O1047830,2023-11-14,Damaged,Refunded
R4004231,O1097097,2025-04-06,Not as Expected,Refunded
R4004232,O1079060,2026-01-07,Size Issue,Refunded
R4004233,O1139215,2023-07-20,Late Delivery,Refunded
R4004234,O1130777,2024-12-02,Size Issue,Refunded
R4004235,O1109573,2024-08-08,Not as Expected,Refunded
R4004236,O1113012,2023-10-24,Damaged,Refunded
R4004237,O1111822,2024-02-12,Changed Mind,Refunded
R4004238,O1009158,2023-03-26,Changed Mind,Refunded
R4004239,O1056912,2024-02-09,Size Issue,Processing
R4004240,O1079960,2024-05-09,Changed Mind,Refunded
R4004241,O1162061,2023-05-15,Size Issue,Refunded
R4004242,O1079683,2025-01-25,Wrong Item,Refunded
R4004243,O1119280,2025-08-22,Damaged,Refunded
R4004244,O1144425,2025-04-04,Not as Expected,Refunded
R4004245,O1102839,2023-03-24,Size Issue,Refunded
R4004246,O1054195,2024-06-25,Size Issue,Processing
R4004247,O1097098,2024-10-09,Not as Expected,Refunded
R4004248,O1010357,2025-01-23,Not as Expected,Refunded
R4004249,O1074650,2025-08-05,Changed Mind,Refunded
R4004250,O1066529,2024-04-22,Late Delivery,Refunded
R4004251,O1009299,2025-02-18,Late Delivery,Refunded
R4004252,O1117751,2024-03-03,Damaged,Refunded
R4004253,O1161465,2023-10-28,Damaged,Refunded
R4004254,O1102636,2025-08-23,Not as Expected,Refunded
R4004255,O1086451,2023-05-24,Damaged,Refunded
R4004256,O1111430,2023-03-29,Not as Expected,Refunded
R4004257,O1053101,2025-06-06,Not as Expected,Refunded
R4004258,O1069902,2024-08-03,Late Delivery,Refunded
R4004259,O1066376,2025-11-21,Not as Expected,Refunded
R4004260,O1088751,2025-04-14,Changed Mind,Refunded
R4004261,O1113714,2024-01-11,Changed Mind,Refunded
R4004262,O1142280,2024-09-16,Wrong Item,Refunded
R4004263,O1169019,2023-07-24,Size Issue,Refunded
R4004264,O1145964,2025-11-15,Size Issue,Refunded
R4004265,O1001074,2024-09-16,Damaged,Refunded
R4004266,O1152205,2025-01-16,Wrong Item,Refunded
R4004267,O1028457,2024-06-06,Size Issue,Refunded
R4004268,O1053637,2023-09-25,Late Delivery,Processing
R4004269,O1125433,2023-12-24,Not as Expected,Refunded
R4004270,O1070139,2025-05-15,Late Delivery,Refunded
R4004271,O1151275,2025-11-18,Changed Mind,Refunded
R4004272,O1114906,2025-07-10,Changed Mind,Refunded
R4004273,O1009935,2025-09-27,Not as Expected,Refunded
R4004274,O1161759,2024-07-12,Size Issue,Refunded
R4004275,O1140656,2024-02-14,Size Issue,Refunded
R4004276,O1011341,2025-01-05,Not as Expected,Refunded
R4004277,O1072197,2023-08-28,Damaged,Processing
R4004278,O1056710,2025-10-10,Not as Expected,Refunded
R4004279,O1034707,2025-02-25,Not as Expected,Refunded
R4004280,O1081224,2023-06-25,Not as Expected,Refunded
R4004281,O1123332,2025-04-13,Size Issue,Refunded
R4004282,O1051222,2023-06-26,Late Delivery,Refunded
R4004283,O1065401,2025-11-04,Wrong Item,Refunded
R4004284,O1076872,2025-09-30,Damaged,Refunded
R4004285,O1142365,2024-05-26,Damaged,Refunded
R4004286,O1030072,2025-07-08,Damaged,Refunded
R4004287,O1134288,2025-02-01,Not as Expected,Refunded
R4004288,O1123986,2024-08-07,Size Issue,Processing
R4004289,O1081823,2023-12-25,Changed Mind,Refunded
R4004290,O1002842,2025-09-08,Not as Expected,Refunded
R4004291,O1166774,2023-04-05,Late Delivery,Processing
R4004292,O1090586,2024-05-12,Late Delivery,Refunded
R4004293,O1137544,2025-03-23,Not as Expected,Refunded
R4004294,O1119852,2023-08-13,Not as Expected,Refunded
R4004295,O1076849,2023-02-18,Size Issue,Refunded
R4004296,O1062849,2023-05-21,Wrong Item,Refunded
R4004297,O1023665,2023-07-23,Damaged,Refunded
R4004298,O1141292,2023-07-02,Not as Expected,Refunded
R4004299,O1107864,2025-09-08,Wrong Item,Processing
R4004300,O1054054,2023-02-01,Size Issue,Refunded
R4004301,O1041251,2024-01-30,Late Delivery,Refunded
R4004302,O1134670,2025-04-15,Late Delivery,Refunded
R4004303,O1089844,2023-01-31,Not as Expected,Refunded
R4004304,O1020200,2024-01-22,Not as Expected,Refunded
R4004305,O1091815,2024-09-25,Late Delivery,Refunded
R4004306,O1120319,2024-05-03,Damaged,Refunded
R4004307,O1010635,2025-09-28,Not as Expected,Refunded
R4004308,O1062558,2023-05-25,Not as Expected,Refunded
R4004309,O1026799,2024-09-16,Wrong Item,Refunded
R4004310,O1026089,2023-12-20,Wrong Item,Refunded
R4004311,O1157152,2023-08-27,Changed Mind,Refunded
R4004312,O1007271,2025-08-09,Size Issue,Refunded
R4004313,O1002656,2024-06-02,Late Delivery,Refunded
R4004314,O1005013,2024-08-29,Changed Mind,Refunded
R4004315,O1162739,2024-09-30,Late Delivery,Refunded
R4004316,O1014839,2023-08-04,Changed Mind,Refunded
R4004317,O1123422,2025-08-06,Wrong Item,Refunded
R4004318,O1124011,2024-05-10,Late Delivery,Refunded
R4004319,O1057062,2024-09-03,Size Issue,Refunded
R4004320,O1099688,2025-07-06,Size Issue,Refunded
R4004321,O1113704,2024-02-25,Changed Mind,Refunded
R4004322,O1047222,2025-05-08,Size Issue,Refunded
R4004323,O1030621,2025-05-31,Changed Mind,Refunded
R4004324,O1152784,2023-10-03,Wrong Item,Refunded
R4004325,O1056791,2024-05-27,Wrong Item,Refunded
R4004326,O1086848,2024-06-10,Wrong Item,Refunded
R4004327,O1050667,2025-07-19,Late Delivery,Refunded
R4004328,O1082438,2023-06-18,Not as Expected,Refunded
R4004329,O1081575,2025-02-11,Late Delivery,Refunded
R4004330,O1076757,2024-02-29,Not as Expected,Refunded
R4004331,O1168721,2025-08-01,Not as Expected,Refunded
R4004332,O1099615,2024-01-26,Damaged,Refunded
R4004333,O1174343,2023-12-15,Changed Mind,Refunded
R4004334,O1041907,2024-08-12,Damaged,Processing
R4004335,O1045779,2024-07-15,Changed Mind,Refunded
R4004336,O1139928,2024-04-25,Changed Mind,Refunded
R4004337,O1034309,2023-09-18,Changed Mind,Refunded
R4004338,O1106580,2023-04-06,Late Delivery,Refunded
R4004339,O1142788,2025-10-08,Damaged,Refunded
R4004340,O1127480,2024-04-02,Changed Mind,Refunded
R4004341,O1059087,2025-06-10,Changed Mind,Refunded
R4004342,O1171764,2023-01-09,Late Delivery,Refunded
R4004343,O1069955,2025-07-03,Size Issue,Refunded
R4004344,O1156671,2023-01-31,Size Issue,Refunded
R4004345,O1176991,2025-06-09,Size Issue,Refunded
R4004346,O1036916,2023-11-21,Damaged,Refunded
R4004347,O1009020,2023-02-16,Not as Expected,Refunded
R4004348,O1075593,2023-12-22,Size Issue,Refunded
R4004349,O1104459,2025-06-30,Not as Expected,Refunded
R4004350,O1165681,2025-08-14,Wrong Item,Processing
R4004351,O1025626,2025-11-04,Changed Mind,Refunded
R4004352,O1160387,2023-04-13,Not as Expected,Refunded
R4004353,O1017961,2025-08-27,Wrong Item,Refunded
R4004354,O1015863,2024-03-27,Wrong Item,Refunded
R4004355,O1078563,2025-04-12,Size Issue,Refunded
R4004356,O1106904,2023-01-29,Size Issue,Refunded
R4004357,O1139857,2023-06-30,Not as Expected,Refunded
R4004358,O1064762,2024-01-19,Size Issue,Refunded
R4004359,O1132085,2023-09-05,Late Delivery,Refunded
R4004360,O1046970,2025-05-29,Changed Mind,Refunded
R4004361,O1142641,2024-06-06,Not as Expected,Refunded
R4004362,O1092117,2024-07-13,Not as Expected,Refunded
R4004363,O1040163,2025-08-23,Not as Expected,Refunded
R4004364,O1031464,2023-06-08,Damaged,Refunded
R4004365,O1168216,2023-08-10,Not as Expected,Refunded
R4004366,O1018038,2023-01-14,Late Delivery,Refunded
R4004367,O1125939,2023-07-03,Changed Mind,Refunded
R4004368,O1172877,2023-03-25,Wrong Item,Refunded
R4004369,O1150188,2025-05-25,Not as Expected,Refunded
R4004370,O1172820,2023-07-13,Not as Expected,Refunded
R4004371,O1005981,2023-01-28,Wrong Item,Processing
R4004372,O1135419,2025-12-07,Damaged,Refunded
R4004373,O1179590,2024-05-01,Wrong Item,Refunded
R4004374,O1143016,2025-12-09,Size Issue,Refunded
R4004375,O1100121,2025-04-22,Not as Expected,Refunded
R4004376,O1041459,2024-04-25,Wrong Item,Refunded
R4004377,O1023040,2024-11-01,Late Delivery,Refunded
R4004378,O1101583,2025-12-10,Not as Expected,Refunded
R4004379,O1145163,2024-08-13,Wrong Item,Refunded
R4004380,O1012825,2023-10-17,Not as Expected,Refunded
R4004381,O1015727,2024-06-01,Not as Expected,Refunded
R4004382,O1167814,2025-02-03,Not as Expected,Refunded
R4004383,O1138198,2024-12-22,Not as Expected,Refunded
R4004384,O1061003,2023-02-15,Not as Expected,Refunded
R4004385,O1126053,2023-05-29,Not as Expected,Refunded
R4004386,O1122260,2023-03-27,Wrong Item,Refunded
R4004387,O1006971,2024-02-17,Size Issue,Refunded
R4004388,O1154321,2023-01-13,Size Issue,Refunded
R4004389,O1009010,2025-07-12,Not as Expected,Refunded
R4004390,O1093229,2025-06-22,Not as Expected,Refunded
R4004391,O1178978,2024-02-08,Wrong Item,Processing
R4004392,O1161338,2024-11-17,Changed Mind,Refunded
R4004393,O1093167,2024-03-22,Wrong Item,Refunded
R4004394,O1168239,2025-09-23,Wrong Item,Refunded
R4004395,O1026118,2023-11-28,Wrong Item,Refunded
R4004396,O1053490,2024-04-25,Changed Mind,Refunded
R4004397,O1121166,2023-04-18,Wrong Item,Refunded
R4004398,O1174682,2025-03-13,Not as Expected,Refunded
R4004399,O1149591,2024-06-26,Changed Mind,Refunded
R4004400,O1174572,2025-05-22,Late Delivery,Refunded
R4004401,O1082729,2023-09-17,Size Issue,Refunded
R4004402,O1067161,2024-03-23,Size Issue,Refunded
R4004403,O1149734,2023-12-02,Late Delivery,Refunded
R4004404,O1151402,2024-12-28,Size Issue,Refunded
R4004405,O1152470,2024-01-20,Not as Expected,Refunded
R4004406,O1061953,2024-10-13,Damaged,Refunded
R4004407,O1106096,2024-08-16,Changed Mind,Refunded
R4004408,O1048915,2025-12-04,Not as Expected,Refunded
R4004409,O1065966,2025-07-15,Not as Expected,Refunded
R4004410,O1043634,2023-09-01,Not as Expected,Refunded
R4004411,O1071440,2023-12-23,Changed Mind,Refunded
R4004412,O1087714,2023-01-22,Not as Expected,Refunded
R4004413,O1030420,2025-02-02,Not as Expected,Refunded
R4004414,O1100145,2025-03-16,Late Delivery,Refunded
R4004415,O1043605,2023-02-15,Not as Expected,Processing
R4004416,O1118087,2024-08-06,Size Issue,Refunded
R4004417,O1075388,2023-11-27,Not as Expected,Refunded
R4004418,O1081657,2023-08-24,Changed Mind,Refunded
R4004419,O1046624,2024-07-29,Damaged,Refunded
R4004420,O1044620,2025-12-11,Damaged,Refunded
R4004421,O1102084,2024-09-07,Changed Mind,Refunded
R4004422,O1014401,2024-10-06,Wrong Item,Refunded
R4004423,O1164705,2023-07-23,Size Issue,Processing
R4004424,O1035187,2023-08-24,Changed Mind,Refunded
R4004425,O1024122,2025-12-18,Wrong Item,Refunded
R4004426,O1142994,2023-10-29,Not as Expected,Refunded
R4004427,O1177835,2023-12-10,Wrong Item,Refunded
R4004428,O1072063,2023-04-07,Changed Mind,Refunded
R4004429,O1117934,2025-10-13,Not as Expected,Refunded
R4004430,O1059472,2024-04-27,Damaged,Refunded
R4004431,O1100831,2025-04-12,Damaged,Refunded
R4004432,O1087425,2025-03-27,Size Issue,Refunded
R4004433,O1098930,2023-10-11,Not as Expected,Refunded
R4004434,O1082414,2025-07-04,Changed Mind,Refunded
R4004435,O1010252,2025-02-03,Size Issue,Refunded
R4004436,O1029426,2024-08-18,Size Issue,Refunded
R4004437,O1076246,2025-01-14,Not as Expected,Refunded
R4004438,O1012716,2025-05-07,Wrong Item,Refunded
R4004439,O1148272,2024-07-21,Changed Mind,Refunded
R4004440,O1080035,2024-01-24,Size Issue,Refunded
R4004441,O1101054,2024-11-12,Damaged,Refunded
R4004442,O1001547,2024-09-04,Wrong Item,Refunded
R4004443,O1174876,2024-04-03,Not as Expected,Refunded
R4004444,O1158417,2025-02-07,Not as Expected,Refunded
R4004445,O1018739,2023-05-08,Late Delivery,Refunded
R4004446,O1114818,2025-11-26,Wrong Item,Refunded
R4004447,O1167213,2024-05-09,Late Delivery,Refunded
R4004448,O1056918,2023-12-31,Wrong Item,Refunded
R4004449,O1155885,2023-02-18,Not as Expected,Refunded
R4004450,O1066746,2025-06-01,Wrong Item,Refunded
R4004451,O1107432,2023-06-06,Wrong Item,Refunded
R4004452,O1079465,2024-05-23,Wrong Item,Refunded
R4004453,O1079980,2025-03-30,Not as Expected,Refunded
R4004454,O1072303,2024-10-03,Changed Mind,Refunded
R4004455,O1153369,2025-03-06,Damaged,Refunded
R4004456,O1119241,2025-05-03,Wrong Item,Refunded
R4004457,O1036191,2023-11-07,Size Issue,Refunded
R4004458,O1013217,2024-04-09,Late Delivery,Refunded
R4004459,O1053730,2023-11-19,Not as Expected,Processing
R4004460,O1156825,2024-03-28,Size Issue,Refunded
R4004461,O1137532,2025-11-15,Changed Mind,Refunded
R4004462,O1091065,2025-11-16,Not as Expected,Refunded
R4004463,O1006190,2023-04-15,Not as Expected,Refunded
R4004464,O1118689,2023-07-04,Size Issue,Refunded
R4004465,O1074053,2023-07-28,Damaged,Refunded
R4004466,O1158770,2024-05-07,Not as Expected,Refunded
R4004467,O1177800,2023-01-19,Changed Mind,Refunded
R4004468,O1175124,2024-05-07,Size Issue,Refunded
R4004469,O1016897,2025-10-28,Changed Mind,Refunded
R4004470,O1107489,2023-01-31,Damaged,Processing
R4004471,O1118131,2024-12-13,Size Issue,Refunded
R4004472,O1112125,2024-10-26,Damaged,Refunded
R4004473,O1120925,2023-04-24,Changed Mind,Refunded
R4004474,O1101409,2024-03-18,Wrong Item,Refunded
R4004475,O1093543,2023-01-16,Not as Expected,Processing
R4004476,O1138109,2024-04-10,Wrong Item,Refunded
R4004477,O1053682,2025-09-10,Changed Mind,Refunded
R4004478,O1030855,2023-06-11,Size Issue,Refunded
R4004479,O1037167,2024-06-25,Changed Mind,Refunded
R4004480,O1049248,2025-07-20,Not as Expected,Refunded
R4004481,O1081034,2023-10-12,Wrong Item,Refunded
R4004482,O1108388,2024-12-20,Damaged,Refunded
R4004483,O1147653,2025-10-30,Not as Expected,Refunded
R4004484,O1024135,2024-11-28,Changed Mind,Refunded
R4004485,O1141829,2025-07-31,Wrong Item,Refunded
R4004486,O1099957,2025-08-24,Not as Expected,Refunded
R4004487,O1066137,2024-12-19,Late Delivery,Refunded
R4004488,O1038304,2024-03-25,Not as Expected,Refunded
R4004489,O1065007,2024-01-06,Size Issue,Refunded
R4004490,O1126725,2026-01-02,Wrong Item,Refunded
R4004491,O1122641,2025-07-10,Size Issue,Refunded
R4004492,O1105962,2025-10-21,Wrong Item,Processing
R4004493,O1031800,2024-11-02,Damaged,Refunded
R4004494,O1090020,2025-07-20,Damaged,Refunded
R4004495,O1079355,2025-04-19,Size Issue,Refunded
R4004496,O1103871,2023-02-25,Late Delivery,Refunded
R4004497,O1096101,2025-12-20,Changed Mind,Refunded
R4004498,O1085192,2024-01-29,Late Delivery,Refunded
R4004499,O1011332,2025-01-06,Damaged,Refunded
R4004500,O1117806,2024-12-04,Size Issue,Refunded
R4004501,O1047490,2024-01-05,Not as Expected,Refunded
R4004502,O1046919,2023-08-14,Wrong Item,Refunded
R4004503,O1093092,2024-01-10,Changed Mind,Refunded
R4004504,O1177593,2025-08-05,Changed Mind,Refunded
R4004505,O1051978,2025-04-26,Damaged,Processing
R4004506,O1026267,2025-10-05,Changed Mind,Refunded
R4004507,O1081623,2023-08-06,Late Delivery,Refunded
R4004508,O1126105,2024-05-04,Not as Expected,Refunded
R4004509,O1041614,2025-08-08,Wrong Item,Refunded
R4004510,O1017837,2024-03-13,Not as Expected,Refunded
R4004511,O1169796,2025-01-14,Not as Expected,Refunded
R4004512,O1110793,2025-05-27,Wrong Item,Refunded
R4004513,O1071207,2024-03-02,Size Issue,Refunded
R4004514,O1085960,2025-08-26,Not as Expected,Refunded
R4004515,O1035357,2023-01-21,Damaged,Processing
R4004516,O1103361,2023-01-20,Wrong Item,Refunded
R4004517,O1000524,2024-03-27,Size Issue,Refunded
R4004518,O1087586,2023-04-01,Not as Expected,Refunded
R4004519,O1065889,2023-08-28,Changed Mind,Refunded
R4004520,O1038293,2024-07-15,Changed Mind,Refunded
R4004521,O1025366,2024-02-04,Not as Expected,Refunded
R4004522,O1173393,2024-02-15,Damaged,Refunded
R4004523,O1006159,2024-08-29,Damaged,Refunded
R4004524,O1028339,2023-08-08,Damaged,Refunded
R4004525,O1057696,2023-10-21,Size Issue,Refunded
R4004526,O1073297,2024-03-29,Size Issue,Refunded
R4004527,O1129371,2024-01-01,Wrong Item,Refunded
R4004528,O1049258,2023-10-25,Late Delivery,Refunded
R4004529,O1100155,2025-12-17,Changed Mind,Refunded
R4004530,O1087889,2025-03-31,Damaged,Refunded
R4004531,O1018564,2024-05-16,Not as Expected,Refunded
R4004532,O1133736,2025-07-24,Wrong Item,Processing
R4004533,O1086970,2025-02-01,Damaged,Refunded
R4004534,O1120277,2025-06-08,Size Issue,Refunded
R4004535,O1078855,2024-12-24,Damaged,Refunded
R4004536,O1157631,2024-12-06,Not as Expected,Refunded
R4004537,O1177623,2025-07-19,Changed Mind,Refunded
R4004538,O1040755,2025-09-30,Wrong Item,Refunded
R4004539,O1175323,2023-10-26,Late Delivery,Refunded
R4004540,O1097798,2024-11-15,Damaged,Refunded
R4004541,O1038636,2024-03-18,Damaged,Refunded
R4004542,O1156129,2025-04-20,Not as Expected,Refunded
R4004543,O1094423,2024-04-13,Not as Expected,Processing
R4004544,O1042864,2023-07-26,Damaged,Refunded
R4004545,O1043725,2025-11-26,Size Issue,Refunded
R4004546,O1064899,2023-08-25,Damaged,Processing
R4004547,O1070423,2024-03-30,Changed Mind,Refunded
R4004548,O1126031,2024-07-19,Not as Expected,Refunded
R4004549,O1111107,2024-09-10,Not as Expected,Refunded
R4004550,O1077418,2025-04-20,Size Issue,Refunded
R4004551,O1163193,2024-01-15,Size Issue,Refunded
R4004552,O1151550,2023-12-06,Damaged,Refunded
R4004553,O1000824,2024-03-17,Changed Mind,Refunded
R4004554,O1127590,2025-05-15,Not as Expected,Refunded
R4004555,O1156938,2025-11-29,Size Issue,Refunded
R4004556,O1051628,2024-04-10,Changed Mind,Processing
R4004557,O1086942,2024-05-14,Late Delivery,Refunded
R4004558,O1031413,2024-06-06,Size Issue,Refunded
R4004559,O1070982,2025-01-08,Not as Expected,Refunded
R4004560,O1029539,2025-12-08,Damaged,Refunded
R4004561,O1101916,2024-08-18,Size Issue,Refunded
R4004562,O1125049,2024-06-01,Late Delivery,Refunded
R4004563,O1123487,2024-08-05,Damaged,Refunded
R4004564,O1146428,2024-07-12,Damaged,Refunded
R4004565,O1117379,2025-08-12,Size Issue,Refunded
R4004566,O1016254,2024-04-11,Not as Expected,Refunded
R4004567,O1177591,2024-12-08,Size Issue,Refunded
R4004568,O1031723,2024-06-30,Changed Mind,Refunded
R4004569,O1153668,2025-02-19,Wrong Item,Refunded
R4004570,O1009127,2024-09-28,Not as Expected,Refunded
R4004571,O1039477,2025-07-14,Changed Mind,Refunded
R4004572,O1048931,2024-05-08,Late Delivery,Processing
R4004573,O1151857,2024-08-14,Size Issue,Refunded
R4004574,O1168317,2024-01-23,Size Issue,Refunded
R4004575,O1049858,2024-12-24,Changed Mind,Refunded
R4004576,O1132145,2025-01-29,Size Issue,Refunded
R4004577,O1068744,2024-03-24,Damaged,Refunded
R4004578,O1152729,2023-01-25,Changed Mind,Refunded
R4004579,O1009109,2024-10-21,Not as Expected,Refunded
R4004580,O1090817,2025-04-04,Not as Expected,Refunded
R4004581,O1001400,2025-01-31,Damaged,Refunded
R4004582,O1047742,2025-12-22,Not as Expected,Processing
R4004583,O1096028,2023-04-30,Changed Mind,Processing
R4004584,O1176393,2023-02-04,Damaged,Refunded
R4004585,O1138750,2023-02-19,Wrong Item,Refunded
R4004586,O1142730,2024-04-21,Size Issue,Refunded
R4004587,O1023081,2023-05-11,Size Issue,Refunded
R4004588,O1038906,2023-04-14,Changed Mind,Refunded
R4004589,O1139683,2024-01-26,Changed Mind,Refunded
R4004590,O1117720,2023-07-20,Late Delivery,Refunded
R4004591,O1123475,2023-11-28,Size Issue,Refunded
R4004592,O1110117,2023-07-03,Not as Expected,Refunded
R4004593,O1151133,2023-05-23,Changed Mind,Refunded
R4004594,O1129789,2023-04-16,Late Delivery,Refunded
R4004595,O1076814,2024-09-20,Size Issue,Refunded
R4004596,O1165599,2024-11-01,Not as Expected,Refunded
R4004597,O1173309,2024-03-17,Not as Expected,Refunded
R4004598,O1045263,2025-03-07,Changed Mind,Refunded
R4004599,O1003313,2024-01-22,Changed Mind,Refunded
R4004600,O1143558,2023-07-31,Damaged,Refunded
R4004601,O1120876,2025-11-11,Late Delivery,Refunded
R4004602,O1163899,2024-11-25,Not as Expected,Refunded
R4004603,O1012923,2025-11-12,Changed Mind,Refunded
R4004604,O1171316,2024-02-14,Changed Mind,Refunded
R4004605,O1084378,2024-01-05,Size Issue,Refunded
R4004606,O1109306,2024-08-07,Wrong Item,Refunded
R4004607,O1027980,2024-08-17,Not as Expected,Refunded
R4004608,O1132183,2023-01-21,Not as Expected,Refunded
R4004609,O1032010,2025-04-11,Changed Mind,Refunded
R4004610,O1172291,2023-10-24,Late Delivery,Refunded
R4004611,O1062191,2025-08-02,Wrong Item,Processing
R4004612,O1023627,2023-11-22,Late Delivery,Refunded
R4004613,O1053299,2024-04-09,Late Delivery,Refunded
R4004614,O1120376,2023-09-09,Not as Expected,Refunded
R4004615,O1034239,2024-07-13,Size Issue,Refunded
R4004616,O1126846,2024-12-30,Late Delivery,Refunded
R4004617,O1065985,2023-02-03,Damaged,Refunded
R4004618,O1086112,2024-06-15,Not as Expected,Refunded
R4004619,O1029627,2023-02-03,Not as Expected,Refunded
R4004620,O1064823,2024-11-22,Not as Expected,Refunded
R4004621,O1004193,2025-10-11,Not as Expected,Refunded
R4004622,O1100626,2026-01-05,Damaged,Refunded
R4004623,O1111685,2024-01-16,Size Issue,Refunded
R4004624,O1141504,2024-08-24,Damaged,Refunded
R4004625,O1045835,2024-06-04,Changed Mind,Refunded
R4004626,O1060339,2023-07-08,Damaged,Refunded
R4004627,O1135670,2026-01-01,Not as Expected,Refunded
R4004628,O1177321,2024-05-29,Size Issue,Refunded
R4004629,O1057538,2025-05-06,Size Issue,Refunded
R4004630,O1172128,2023-03-30,Not as Expected,Refunded
R4004631,O1144568,2024-03-25,Size Issue,Refunded
R4004632,O1167676,2025-08-20,Size Issue,Refunded
R4004633,O1102733,2025-07-04,Size Issue,Refunded
R4004634,O1116528,2023-05-23,Not as Expected,Processing
R4004635,O1140386,2023-07-24,Not as Expected,Refunded
R4004636,O1110023,2024-10-16,Not as Expected,Refunded
R4004637,O1156033,2025-04-09,Wrong Item,Refunded
R4004638,O1082833,2023-12-11,Not as Expected,Refunded
R4004639,O1095209,2024-03-19,Late Delivery,Refunded
R4004640,O1014685,2025-07-04,Damaged,Refunded
R4004641,O1066348,2025-04-12,Not as Expected,Refunded
R4004642,O1126103,2024-03-21,Wrong Item,Refunded
R4004643,O1110543,2023-09-02,Changed Mind,Refunded
R4004644,O1110575,2023-03-22,Size Issue,Refunded
R4004645,O1108336,2025-02-08,Changed Mind,Refunded
R4004646,O1081993,2024-09-20,Not as Expected,Refunded
R4004647,O1107680,2025-07-27,Size Issue,Refunded
R4004648,O1173414,2023-05-17,Late Delivery,Refunded
R4004649,O1118173,2025-04-09,Size Issue,Refunded
R4004650,O1030369,2023-10-15,Changed Mind,Refunded
R4004651,O1179969,2025-11-08,Changed Mind,Refunded
R4004652,O1144674,2024-01-30,Late Delivery,Refunded
R4004653,O1081581,2025-07-06,Changed Mind,Refunded
R4004654,O1013721,2023-11-30,Size Issue,Refunded
R4004655,O1174310,2023-01-23,Changed Mind,Refunded
R4004656,O1140009,2025-06-18,Late Delivery,Refunded
R4004657,O1041934,2023-09-14,Damaged,Refunded
R4004658,O1098387,2025-06-13,Size Issue,Refunded
R4004659,O1096186,2025-11-29,Changed Mind,Refunded
R4004660,O1014822,2025-12-18,Not as Expected,Processing
R4004661,O1072855,2025-05-30,Damaged,Processing
R4004662,O1066421,2023-08-24,Late Delivery,Refunded
R4004663,O1173719,2023-01-25,Wrong Item,Refunded
R4004664,O1131702,2024-04-17,Wrong Item,Refunded
R4004665,O1035042,2023-05-10,Changed Mind,Refunded
R4004666,O1071900,2023-11-02,Size Issue,Refunded
R4004667,O1031651,2025-11-26,Damaged,Refunded
R4004668,O1001205,2023-06-07,Late Delivery,Refunded
R4004669,O1004257,2023-11-15,Not as Expected,Refunded
R4004670,O1062178,2023-09-22,Late Delivery,Refunded
R4004671,O1160127,2025-05-09,Not as Expected,Refunded
R4004672,O1032548,2024-11-16,Size Issue,Refunded
R4004673,O1149033,2024-07-11,Wrong Item,Refunded
R4004674,O1034144,2023-11-03,Not as Expected,Refunded
R4004675,O1034521,2023-10-05,Damaged,Refunded
R4004676,O1119152,2023-12-10,Late Delivery,Refunded
R4004677,O1158252,2025-09-22,Size Issue,Refunded
R4004678,O1092194,2024-12-05,Changed Mind,Refunded
R4004679,O1076755,2023-02-23,Not as Expected,Refunded
R4004680,O1104889,2024-12-01,Size Issue,Refunded
R4004681,O1051284,2023-11-25,Size Issue,Refunded
R4004682,O1051413,2024-09-24,Not as Expected,Refunded
R4004683,O1070352,2025-08-07,Wrong Item,Refunded
R4004684,O1130500,2025-10-20,Damaged,Refunded
R4004685,O1058398,2023-08-26,Size Issue,Refunded
R4004686,O1042291,2025-11-23,Changed Mind,Processing
R4004687,O1016969,2025-08-15,Damaged,Refunded
R4004688,O1159414,2024-04-01,Not as Expected,Refunded
R4004689,O1072017,2024-04-23,Damaged,Refunded
R4004690,O1168532,2024-02-16,Wrong Item,Refunded
R4004691,O1173625,2025-01-08,Damaged,Refunded
R4004692,O1014788,2023-05-07,Not as Expected,Refunded
R4004693,O1106342,2024-10-25,Size Issue,Refunded
R4004694,O1142783,2025-12-02,Changed Mind,Refunded
R4004695,O1018003,2024-09-24,Not as Expected,Refunded
R4004696,O1120900,2023-05-18,Size Issue,Refunded
R4004697,O1122154,2024-03-22,Changed Mind,Refunded
R4004698,O1117636,2025-08-06,Size Issue,Refunded
R4004699,O1108422,2024-08-26,Not as Expected,Processing
R4004700,O1098744,2025-01-21,Damaged,Processing
R4004701,O1060860,2023-05-21,Changed Mind,Refunded
R4004702,O1068915,2023-03-28,Late Delivery,Refunded
R4004703,O1107374,2025-10-30,Damaged,Refunded
R4004704,O1054038,2024-07-19,Not as Expected,Refunded
R4004705,O1125342,2024-04-13,Late Delivery,Refunded
R4004706,O1044972,2025-08-19,Damaged,Refunded
R4004707,O1146477,2024-07-13,Wrong Item,Refunded
R4004708,O1132212,2025-04-16,Not as Expected,Refunded
R4004709,O1065657,2024-12-25,Wrong Item,Refunded
R4004710,O1050346,2023-02-19,Wrong Item,Refunded
R4004711,O1070486,2024-10-13,Damaged,Refunded
R4004712,O1020093,2023-07-26,Size Issue,Refunded
R4004713,O1160087,2025-08-12,Wrong Item,Refunded
R4004714,O1121044,2024-05-23,Size Issue,Refunded
R4004715,O1165393,2025-03-01,Wrong Item,Refunded
R4004716,O1024768,2024-02-28,Size Issue,Refunded
R4004717,O1115747,2024-03-11,Late Delivery,Refunded
R4004718,O1051373,2024-04-09,Changed Mind,Refunded
R4004719,O1130956,2024-11-11,Changed Mind,Refunded
R4004720,O1055941,2025-08-30,Wrong Item,Refunded
R4004721,O1178270,2024-04-19,Not as Expected,Refunded
R4004722,O1105175,2024-10-28,Wrong Item,Processing
R4004723,O1119646,2025-07-17,Not as Expected,Refunded
R4004724,O1114008,2023-12-29,Not as Expected,Refunded
R4004725,O1041021,2025-09-22,Size Issue,Refunded
R4004726,O1142677,2024-10-10,Damaged,Refunded
R4004727,O1096897,2023-06-06,Size Issue,Refunded
R4004728,O1066179,2023-10-06,Changed Mind,Refunded
R4004729,O1139035,2025-04-17,Not as Expected,Refunded
R4004730,O1107792,2024-04-25,Changed Mind,Refunded
R4004731,O1014027,2024-08-18,Damaged,Refunded
R4004732,O1161358,2023-02-08,Not as Expected,Refunded
R4004733,O1179724,2025-05-02,Changed Mind,Refunded
R4004734,O1038334,2023-05-02,Damaged,Refunded
R4004735,O1054886,2024-11-23,Damaged,Refunded
R4004736,O1082688,2023-07-24,Late Delivery,Refunded
R4004737,O1162487,2023-05-17,Not as Expected,Refunded
R4004738,O1050514,2023-11-11,Not as Expected,Refunded
R4004739,O1157420,2024-05-21,Wrong Item,Refunded
R4004740,O1108272,2023-08-08,Wrong Item,Refunded
R4004741,O1129522,2023-03-15,Wrong Item,Processing
R4004742,O1040514,2024-02-17,Late Delivery,Refunded
R4004743,O1081876,2025-06-22,Not as Expected,Refunded
R4004744,O1139028,2023-06-01,Not as Expected,Refunded
R4004745,O1177199,2024-06-30,Changed Mind,Processing
R4004746,O1113154,2024-11-20,Changed Mind,Refunded
R4004747,O1021827,2023-11-28,Damaged,Refunded
R4004748,O1125567,2024-02-16,Not as Expected,Refunded
R4004749,O1157797,2023-12-29,Not as Expected,Refunded
R4004750,O1016925,2023-12-22,Damaged,Refunded
R4004751,O1115436,2024-10-24,Not as Expected,Refunded
R4004752,O1175252,2024-11-10,Late Delivery,Refunded
R4004753,O1057347,2025-11-12,Wrong Item,Refunded
R4004754,O1143911,2024-05-13,Size Issue,Refunded
R4004755,O1121415,2025-09-12,Damaged,Refunded
R4004756,O1117512,2024-06-12,Damaged,Refunded
R4004757,O1156054,2024-02-08,Damaged,Refunded
R4004758,O1022896,2023-10-02,Damaged,Refunded
R4004759,O1090321,2024-08-15,Not as Expected,Refunded
R4004760,O1086636,2024-08-16,Size Issue,Refunded
R4004761,O1078437,2023-03-23,Wrong Item,Processing
R4004762,O1001140,2024-06-04,Wrong Item,Refunded
R4004763,O1091850,2025-03-31,Late Delivery,Refunded
R4004764,O1153796,2024-08-07,Not as Expected,Refunded
R4004765,O1005138,2024-12-08,Late Delivery,Refunded
R4004766,O1039398,2025-09-02,Size Issue,Refunded
R4004767,O1078551,2025-11-07,Late Delivery,Refunded
R4004768,O1072226,2024-12-27,Changed Mind,Refunded
R4004769,O1118390,2024-03-09,Not as Expected,Refunded
R4004770,O1044337,2025-01-05,Damaged,Processing
R4004771,O1076154,2023-03-17,Not as Expected,Refunded
R4004772,O1073962,2024-01-11,Not as Expected,Refunded
R4004773,O1139075,2023-10-28,Late Delivery,Refunded
R4004774,O1018291,2025-12-13,Changed Mind,Processing
R4004775,O1177045,2023-11-27,Size Issue,Refunded
R4004776,O1059772,2023-02-02,Not as Expected,Refunded
R4004777,O1130668,2025-01-10,Damaged,Refunded
R4004778,O1021323,2023-11-09,Size Issue,Refunded
R4004779,O1018338,2024-11-26,Not as Expected,Refunded
R4004780,O1017484,2023-01-29,Not as Expected,Refunded
R4004781,O1156623,2025-11-20,Size Issue,Refunded
R4004782,O1059181,2023-02-06,Size Issue,Refunded
R4004783,O1143265,2025-08-03,Damaged,Refunded
R4004784,O1001876,2024-12-29,Changed Mind,Refunded
R4004785,O1075452,2024-11-11,Changed Mind,Refunded
R4004786,O1060565,2023-04-09,Damaged,Refunded
R4004787,O1143222,2025-12-14,Not as Expected,Refunded
R4004788,O1014330,2025-10-29,Not as Expected,Refunded
R4004789,O1002675,2025-12-23,Not as Expected,Processing
R4004790,O1014951,2024-06-20,Late Delivery,Processing
R4004791,O1043359,2025-07-20,Damaged,Refunded
R4004792,O1176522,2023-07-26,Changed Mind,Refunded
R4004793,O1069937,2024-03-01,Damaged,Refunded
R4004794,O1058886,2023-08-05,Changed Mind,Refunded
R4004795,O1142211,2023-06-13,Not as Expected,Refunded
R4004796,O1065213,2024-12-10,Size Issue,Refunded
R4004797,O1025238,2025-12-29,Late Delivery,Refunded
R4004798,O1056311,2023-11-20,Not as Expected,Refunded
R4004799,O1021192,2024-05-21,Size Issue,Refunded
R4004800,O1131442,2025-10-31,Size Issue,Refunded
R4004801,O1128190,2025-11-05,Not as Expected,Refunded
R4004802,O1009128,2025-07-31,Not as Expected,Refunded
R4004803,O1063538,2024-12-09,Wrong Item,Refunded
R4004804,O1091859,2023-02-18,Wrong Item,Refunded
R4004805,O1165373,2023-09-10,Size Issue,Refunded
R4004806,O1137300,2025-01-08,Not as Expected,Refunded
R4004807,O1128024,2025-03-20,Changed Mind,Refunded
R4004808,O1054626,2023-12-01,Not as Expected,Refunded
R4004809,O1085384,2025-05-11,Late Delivery,Refunded
R4004810,O1043537,2025-05-17,Damaged,Refunded
R4004811,O1174143,2024-12-05,Not as Expected,Refunded
R4004812,O1022158,2023-05-30,Not as Expected,Refunded
R4004813,O1136623,2025-04-04,Late Delivery,Refunded
R4004814,O1109978,2023-01-17,Size Issue,Refunded
R4004815,O1096997,2023-07-15,Size Issue,Refunded
R4004816,O1141597,2025-10-12,Wrong Item,Refunded
R4004817,O1179917,2023-02-06,Damaged,Refunded
R4004818,O1176224,2025-09-16,Size Issue,Refunded
R4004819,O1011652,2025-02-12,Not as Expected,Refunded
R4004820,O1024729,2023-03-07,Wrong Item,Refunded
R4004821,O1031087,2023-06-09,Damaged,Refunded
R4004822,O1105005,2025-02-08,Not as Expected,Processing
R4004823,O1086681,2023-08-14,Changed Mind,Refunded
R4004824,O1155193,2023-07-30,Not as Expected,Refunded
R4004825,O1021792,2023-09-11,Wrong Item,Refunded
R4004826,O1178732,2025-06-06,Not as Expected,Refunded
R4004827,O1112462,2023-08-14,Size Issue,Refunded
R4004828,O1051446,2025-10-04,Damaged,Refunded
R4004829,O1152485,2023-05-29,Changed Mind,Refunded
R4004830,O1161608,2023-09-14,Size Issue,Refunded
R4004831,O1124088,2024-04-18,Not as Expected,Refunded
R4004832,O1088991,2025-10-04,Damaged,Refunded
R4004833,O1071085,2024-07-14,Not as Expected,Refunded
R4004834,O1089660,2025-05-04,Late Delivery,Refunded
R4004835,O1115368,2024-09-24,Not as Expected,Refunded
R4004836,O1158475,2024-11-26,Damaged,Refunded
R4004837,O1041358,2024-10-20,Damaged,Refunded
R4004838,O1141956,2024-02-12,Changed Mind,Refunded
R4004839,O1133340,2024-04-24,Changed Mind,Refunded
R4004840,O1018576,2024-04-30,Wrong Item,Refunded
R4004841,O1113157,2024-10-21,Damaged,Refunded
R4004842,O1132826,2025-09-19,Damaged,Refunded
R4004843,O1075011,2023-03-31,Wrong Item,Refunded
R4004844,O1163963,2023-03-29,Size Issue,Refunded
R4004845,O1148970,2025-10-09,Not as Expected,Refunded
R4004846,O1139366,2023-10-22,Not as Expected,Processing
R4004847,O1122493,2023-08-03,Changed Mind,Refunded
R4004848,O1176315,2023-11-26,Late Delivery,Refunded
R4004849,O1045235,2024-11-30,Changed Mind,Refunded
R4004850,O1000121,2024-03-08,Size Issue,Refunded
R4004851,O1138151,2025-12-04,Damaged,Processing
R4004852,O1060922,2023-10-19,Not as Expected,Refunded
R4004853,O1088375,2024-01-11,Wrong Item,Refunded
R4004854,O1166720,2025-02-08,Late Delivery,Refunded
R4004855,O1049731,2025-05-11,Not as Expected,Refunded
R4004856,O1071452,2025-06-25,Wrong Item,Refunded
R4004857,O1101573,2025-08-24,Wrong Item,Refunded
R4004858,O1075358,2024-08-13,Late Delivery,Refunded
R4004859,O1175758,2025-08-14,Wrong Item,Refunded
R4004860,O1084353,2023-07-16,Size Issue,Refunded
R4004861,O1101180,2025-09-24,Wrong Item,Refunded
R4004862,O1022399,2025-11-05,Changed Mind,Refunded
R4004863,O1173622,2025-06-02,Size Issue,Refunded
R4004864,O1154285,2024-10-19,Wrong Item,Processing
R4004865,O1136593,2024-07-28,Damaged,Refunded
R4004866,O1086341,2024-09-23,Damaged,Refunded
R4004867,O1102533,2025-03-25,Damaged,Refunded
R4004868,O1102801,2023-11-24,Size Issue,Processing
R4004869,O1178970,2024-01-22,Not as Expected,Refunded
R4004870,O1036079,2025-10-02,Damaged,Refunded
R4004871,O1058362,2024-05-28,Wrong Item,Processing
R4004872,O1162053,2023-06-09,Damaged,Refunded
R4004873,O1134020,2023-10-03,Wrong Item,Refunded
R4004874,O1132765,2024-11-07,Changed Mind,Refunded
R4004875,O1154411,2025-05-28,Damaged,Refunded
R4004876,O1056578,2025-05-15,Not as Expected,Refunded
R4004877,O1006870,2024-10-08,Not as Expected,Refunded
R4004878,O1010056,2024-01-17,Damaged,Refunded
R4004879,O1083084,2023-09-25,Late Delivery,Refunded
R4004880,O1008062,2023-08-27,Size Issue,Refunded
R4004881,O1059436,2023-09-02,Late Delivery,Refunded
R4004882,O1019225,2025-05-06,Damaged,Refunded
R4004883,O1040373,2025-10-01,Size Issue,Refunded
R4004884,O1106193,2023-03-04,Late Delivery,Refunded
R4004885,O1046957,2023-03-25,Not as Expected,Refunded
R4004886,O1039033,2024-02-04,Not as Expected,Refunded
R4004887,O1118890,2025-01-28,Changed Mind,Refunded
R4004888,O1116352,2025-04-28,Late Delivery,Refunded
R4004889,O1158622,2023-06-27,Damaged,Refunded
R4004890,O1052199,2024-11-03,Late Delivery,Refunded
R4004891,O1039443,2024-08-14,Wrong Item,Processing
R4004892,O1132393,2024-12-12,Wrong Item,Refunded
R4004893,O1155918,2025-06-05,Wrong Item,Refunded
R4004894,O1019001,2023-12-29,Not as Expected,Refunded
R4004895,O1173680,2025-07-08,Not as Expected,Refunded
R4004896,O1067807,2025-10-23,Size Issue,Refunded
R4004897,O1001082,2025-11-13,Not as Expected,Refunded
R4004898,O1036445,2025-09-03,Late Delivery,Refunded
R4004899,O1071562,2024-01-14,Not as Expected,Processing
R4004900,O1120321,2023-10-13,Not as Expected,Refunded
R4004901,O1020359,2024-02-29,Size Issue,Processing
R4004902,O1040171,2024-01-03,Size Issue,Refunded
R4004903,O1162051,2025-09-14,Not as Expected,Refunded
R4004904,O1172632,2025-10-20,Damaged,Refunded
R4004905,O1092220,2024-10-09,Wrong Item,Refunded
R4004906,O1034063,2023-10-23,Not as Expected,Refunded
R4004907,O1037027,2023-12-04,Damaged,Refunded
R4004908,O1076125,2023-06-17,Size Issue,Refunded
R4004909,O1008153,2023-11-23,Size Issue,Refunded
R4004910,O1051613,2023-03-08,Late Delivery,Refunded
R4004911,O1121651,2023-06-11,Not as Expected,Processing
R4004912,O1127241,2025-04-20,Size Issue,Refunded
R4004913,O1019270,2023-11-23,Damaged,Refunded
R4004914,O1133036,2025-08-13,Size Issue,Refunded
R4004915,O1101191,2025-02-26,Damaged,Refunded
R4004916,O1038977,2024-11-09,Damaged,Refunded
R4004917,O1001321,2023-08-18,Late Delivery,Refunded
R4004918,O1151195,2025-07-15,Wrong Item,Refunded
R4004919,O1159459,2023-03-24,Not as Expected,Refunded
R4004920,O1039359,2023-01-06,Wrong Item,Refunded
R4004921,O1118754,2023-12-18,Damaged,Refunded
R4004922,O1175540,2023-01-12,Damaged,Refunded
R4004923,O1155490,2025-01-03,Changed Mind,Refunded
R4004924,O1134243,2023-02-18,Changed Mind,Refunded
R4004925,O1138277,2024-05-22,Size Issue,Refunded
R4004926,O1150022,2023-09-18,Not as Expected,Refunded
R4004927,O1132188,2024-01-14,Not as Expected,Refunded
R4004928,O1147836,2024-07-11,Damaged,Refunded
R4004929,O1105334,2023-04-19,Not as Expected,Refunded
R4004930,O1174967,2024-09-19,Size Issue,Refunded
R4004931,O1088697,2023-04-12,Not as Expected,Refunded
R4004932,O1084334,2024-02-04,Wrong Item,Refunded
R4004933,O1065274,2025-06-28,Size Issue,Refunded
R4004934,O1145434,2026-01-04,Damaged,Refunded
R4004935,O1014815,2023-08-26,Size Issue,Refunded
R4004936,O1021868,2024-04-16,Damaged,Refunded
R4004937,O1050719,2024-08-23,Wrong Item,Refunded
R4004938,O1173201,2024-12-03,Wrong Item,Refunded
R4004939,O1124229,2024-12-02,Damaged,Refunded
R4004940,O1091003,2025-12-10,Late Delivery,Refunded
R4004941,O1070921,2023-07-30,Late Delivery,Refunded
R4004942,O1106923,2025-11-13,Size Issue,Refunded
R4004943,O1118777,2025-03-04,Not as Expected,Processing
R4004944,O1169558,2025-02-25,Size Issue,Refunded
R4004945,O1015304,2024-03-30,Not as Expected,Refunded
R4004946,O1066892,2025-10-19,Not as Expected,Refunded
R4004947,O1174140,2023-02-01,Size Issue,Refunded
R4004948,O1021994,2023-08-12,Not as Expected,Refunded
R4004949,O1012326,2023-08-18,Late Delivery,Refunded
R4004950,O1070738,2025-01-02,Not as Expected,Refunded
R4004951,O1131801,2025-09-01,Wrong Item,Refunded
R4004952,O1036331,2024-07-20,Damaged,Refunded
R4004953,O1101220,2025-01-21,Size Issue,Refunded
R4004954,O1008481,2023-10-30,Wrong Item,Refunded
R4004955,O1100267,2025-07-13,Wrong Item,Refunded
R4004956,O1071043,2023-07-24,Size Issue,Refunded
R4004957,O1149232,2023-10-18,Changed Mind,Refunded
R4004958,O1151289,2025-12-01,Late Delivery,Refunded
R4004959,O1116901,2025-03-25,Damaged,Refunded
R4004960,O1093205,2025-08-03,Damaged,Refunded
R4004961,O1148685,2025-10-23,Not as Expected,Refunded
R4004962,O1026127,2023-07-12,Damaged,Refunded
R4004963,O1074721,2025-07-24,Late Delivery,Refunded
R4004964,O1120366,2024-02-06,Changed Mind,Refunded
R4004965,O1118468,2024-08-28,Changed Mind,Refunded
R4004966,O1081986,2024-01-08,Damaged,Refunded
R4004967,O1117276,2023-10-10,Wrong Item,Refunded
R4004968,O1172977,2025-06-07,Late Delivery,Refunded
R4004969,O1164362,2023-04-03,Late Delivery,Refunded
R4004970,O1043461,2023-01-22,Not as Expected,Refunded
R4004971,O1075594,2023-01-25,Late Delivery,Refunded
R4004972,O1095699,2023-06-27,Damaged,Refunded
R4004973,O1025562,2025-11-28,Damaged,Refunded
R4004974,O1033806,2023-06-23,Not as Expected,Refunded
R4004975,O1173774,2024-12-01,Wrong Item,Refunded
R4004976,O1040124,2023-10-04,Changed Mind,Refunded
R4004977,O1095115,2023-01-29,Not as Expected,Refunded
R4004978,O1151500,2024-01-04,Late Delivery,Refunded
R4004979,O1156336,2023-10-31,Not as Expected,Refunded
R4004980,O1108796,2023-06-21,Size Issue,Refunded
R4004981,O1110926,2024-08-16,Late Delivery,Refunded
R4004982,O1099048,2024-09-11,Not as Expected,Refunded
R4004983,O1090556,2023-12-05,Damaged,Refunded
R4004984,O1097673,2024-04-04,Not as Expected,Refunded
R4004985,O1164967,2024-11-27,Damaged,Refunded
R4004986,O1154495,2024-11-24,Changed Mind,Refunded
R4004987,O1090072,2024-03-11,Wrong Item,Refunded
R4004988,O1172717,2025-04-23,Size Issue,Refunded
R4004989,O1176112,2023-12-27,Changed Mind,Refunded
R4004990,O1136816,2023-09-01,Damaged,Refunded
R4004991,O1033911,2025-08-13,Wrong Item,Refunded
R4004992,O1132027,2025-07-06,Not as Expected,Refunded
R4004993,O1102488,2023-08-02,Late Delivery,Refunded
R4004994,O1146719,2024-03-10,Late Delivery,Refunded
R4004995,O1097287,2023-07-16,Not as Expected,Refunded
R4004996,O1145744,2024-10-17,Size Issue,Processing
R4004997,O1160279,2024-09-13,Changed Mind,Refunded
R4004998,O1086510,2024-07-01,Size Issue,Processing
R4004999,O1103610,2023-03-09,Not as Expected,Refunded
R4005000,O1043110,2026-01-04,Wrong Item,Refunded
R4005001,O1002731,2025-01-08,Late Delivery,Refunded
R4005002,O1095354,2023-11-30,Damaged,Processing
R4005003,O1118276,2024-04-16,Damaged,Processing
R4005004,O1158913,2024-01-10,Size Issue,Refunded
R4005005,O1116013,2025-09-03,Size Issue,Refunded
R4005006,O1172647,2024-09-21,Not as Expected,Refunded
R4005007,O1178170,2025-06-29,Not as Expected,Refunded
R4005008,O1025459,2024-10-07,Not as Expected,Refunded
R4005009,O1116911,2025-09-21,Wrong Item,Refunded
R4005010,O1136865,2025-04-23,Damaged,Refunded
R4005011,O1085014,2025-05-29,Changed Mind,Refunded
R4005012,O1104140,2024-12-08,Damaged,Refunded
R4005013,O1163597,2025-09-23,Damaged,Refunded
R4005014,O1166409,2025-07-25,Not as Expected,Refunded
R4005015,O1021266,2025-11-06,Damaged,Refunded
R4005016,O1176310,2023-02-26,Not as Expected,Refunded
R4005017,O1106126,2024-07-31,Damaged,Refunded
R4005018,O1132915,2024-12-01,Changed Mind,Refunded
R4005019,O1026024,2023-05-16,Size Issue,Refunded
R4005020,O1143898,2023-12-08,Damaged,Refunded
R4005021,O1079124,2024-11-11,Not as Expected,Processing
R4005022,O1048664,2024-09-15,Not as Expected,Processing
R4005023,O1043403,2024-11-11,Late Delivery,Refunded
R4005024,O1139321,2023-03-07,Size Issue,Refunded
R4005025,O1074590,2023-09-24,Not as Expected,Refunded
R4005026,O1112482,2025-01-31,Damaged,Refunded
R4005027,O1009580,2023-05-27,Wrong Item,Refunded
R4005028,O1156683,2023-03-18,Damaged,Processing
R4005029,O1042665,2023-01-03,Late Delivery,Refunded
R4005030,O1087098,2024-03-21,Damaged,Refunded
R4005031,O1034590,2024-01-05,Late Delivery,Refunded
R4005032,O1128919,2025-12-05,Changed Mind,Refunded
R4005033,O1169143,2025-11-29,Wrong Item,Refunded
R4005034,O1149036,2023-02-23,Not as Expected,Refunded
R4005035,O1075804,2024-11-09,Size Issue,Refunded
R4005036,O1171851,2023-07-27,Not as Expected,Refunded
R4005037,O1018629,2024-03-12,Damaged,Refunded
R4005038,O1102720,2024-06-11,Size Issue,Refunded
R4005039,O1016037,2023-02-23,Damaged,Refunded
R4005040,O1108734,2023-02-08,Damaged,Refunded
R4005041,O1167698,2025-10-12,Size Issue,Refunded
R4005042,O1121596,2024-07-21,Changed Mind,Refunded
R4005043,O1064038,2023-05-29,Size Issue,Refunded
R4005044,O1085986,2024-12-08,Late Delivery,Refunded
R4005045,O1095669,2023-01-16,Changed Mind,Refunded
R4005046,O1031612,2023-04-26,Late Delivery,Refunded
R4005047,O1020386,2023-08-31,Damaged,Processing
R4005048,O1160911,2024-11-22,Not as Expected,Refunded
R4005049,O1103391,2024-12-08,Damaged,Processing
R4005050,O1038785,2024-10-01,Not as Expected,Refunded
R4005051,O1127793,2023-12-24,Wrong Item,Refunded
R4005052,O1016057,2024-10-25,Damaged,Refunded
R4005053,O1035833,2025-11-01,Size Issue,Refunded
R4005054,O1159029,2025-01-06,Wrong Item,Processing
R4005055,O1106000,2023-12-25,Not as Expected,Refunded
R4005056,O1143024,2023-03-25,Changed Mind,Refunded
R4005057,O1095922,2023-03-12,Damaged,Refunded
R4005058,O1173522,2024-05-26,Changed Mind,Refunded
R4005059,O1081520,2024-04-20,Damaged,Refunded
R4005060,O1033694,2025-01-07,Damaged,Refunded
R4005061,O1008982,2023-09-25,Changed Mind,Processing
R4005062,O1144873,2024-12-07,Not as Expected,Refunded
R4005063,O1177232,2023-08-18,Wrong Item,Refunded
R4005064,O1157828,2023-01-13,Damaged,Refunded
R4005065,O1075225,2025-04-16,Not as Expected,Refunded
R4005066,O1054734,2023-04-06,Not as Expected,Refunded
R4005067,O1028561,2024-06-18,Wrong Item,Refunded
R4005068,O1101397,2024-09-29,Not as Expected,Refunded
R4005069,O1025838,2023-11-02,Size Issue,Refunded
R4005070,O1172260,2023-03-29,Damaged,Refunded
R4005071,O1090259,2025-07-10,Changed Mind,Refunded
R4005072,O1137329,2024-11-22,Not as Expected,Refunded
R4005073,O1024554,2025-11-21,Not as Expected,Refunded
R4005074,O1083654,2024-05-19,Changed Mind,Refunded
R4005075,O1125411,2023-01-09,Late Delivery,Refunded
R4005076,O1179028,2023-12-11,Damaged,Refunded
R4005077,O1078162,2023-02-10,Not as Expected,Refunded
R4005078,O1058734,2025-11-21,Size Issue,Refunded
R4005079,O1145726,2024-07-14,Wrong Item,Refunded
R4005080,O1061142,2024-09-08,Size Issue,Refunded
R4005081,O1108858,2023-11-16,Not as Expected,Refunded
R4005082,O1059589,2025-06-13,Not as Expected,Refunded
R4005083,O1022775,2025-06-25,Not as Expected,Refunded
R4005084,O1101164,2023-06-11,Not as Expected,Refunded
R4005085,O1032245,2024-05-04,Damaged,Refunded
R4005086,O1126855,2025-05-19,Wrong Item,Refunded
R4005087,O1002169,2025-05-05,Not as Expected,Refunded
R4005088,O1158465,2024-12-23,Not as Expected,Refunded
R4005089,O1154489,2024-06-18,Not as Expected,Refunded
R4005090,O1137883,2024-11-11,Size Issue,Refunded
R4005091,O1020470,2024-08-06,Size Issue,Refunded
R4005092,O1114320,2024-09-28,Late Delivery,Refunded
R4005093,O1046544,2025-02-26,Not as Expected,Refunded
R4005094,O1156996,2025-10-23,Wrong Item,Refunded
R4005095,O1004510,2024-06-19,Not as Expected,Refunded
R4005096,O1139520,2025-09-17,Not as Expected,Refunded
R4005097,O1174565,2023-09-20,Not as Expected,Processing
R4005098,O1153875,2023-01-27,Not as Expected,Refunded
R4005099,O1113088,2024-06-25,Changed Mind,Refunded
R4005100,O1058780,2025-06-06,Damaged,Refunded
R4005101,O1059816,2023-10-21,Size Issue,Processing
R4005102,O1124385,2025-10-08,Not as Expected,Refunded
R4005103,O1046323,2024-04-12,Not as Expected,Refunded
R4005104,O1175673,2024-05-25,Not as Expected,Refunded
R4005105,O1110903,2025-10-30,Size Issue,Refunded
R4005106,O1000134,2025-02-04,Changed Mind,Refunded
R4005107,O1048933,2023-07-30,Not as Expected,Refunded
R4005108,O1077177,2023-01-23,Size Issue,Refunded
R4005109,O1155143,2025-10-26,Not as Expected,Refunded
R4005110,O1170339,2024-02-29,Not as Expected,Refunded
R4005111,O1046050,2023-03-18,Changed Mind,Refunded
R4005112,O1142858,2023-09-05,Changed Mind,Refunded
R4005113,O1165768,2025-10-16,Not as Expected,Refunded
R4005114,O1043298,2025-01-12,Not as Expected,Processing
R4005115,O1050206,2023-10-27,Damaged,Refunded
R4005116,O1008025,2025-03-14,Not as Expected,Refunded
R4005117,O1175981,2024-02-27,Not as Expected,Refunded
R4005118,O1170474,2023-10-18,Size Issue,Refunded
R4005119,O1065174,2023-07-22,Not as Expected,Refunded
R4005120,O1151393,2025-10-21,Late Delivery,Refunded
R4005121,O1155144,2023-02-01,Not as Expected,Refunded
R4005122,O1037998,2023-10-12,Size Issue,Refunded
R4005123,O1053017,2023-10-31,Damaged,Refunded
R4005124,O1059848,2024-01-03,Wrong Item,Processing
R4005125,O1175223,2024-03-05,Late Delivery,Processing
R4005126,O1137049,2023-04-12,Changed Mind,Refunded
R4005127,O1176987,2023-02-11,Damaged,Refunded
R4005128,O1150345,2024-10-02,Changed Mind,Refunded
R4005129,O1004853,2025-04-09,Wrong Item,Refunded
R4005130,O1169839,2025-10-04,Size Issue,Refunded
R4005131,O1030051,2025-12-29,Not as Expected,Refunded
R4005132,O1089623,2025-06-12,Late Delivery,Refunded
R4005133,O1018185,2025-12-05,Size Issue,Refunded
R4005134,O1090926,2024-11-15,Not as Expected,Refunded
R4005135,O1137609,2024-06-29,Not as Expected,Refunded
R4005136,O1011929,2023-10-04,Late Delivery,Refunded
R4005137,O1126224,2024-12-27,Late Delivery,Refunded
R4005138,O1001692,2024-02-16,Late Delivery,Refunded
R4005139,O1072000,2025-03-17,Size Issue,Refunded
R4005140,O1174205,2024-06-14,Not as Expected,Refunded
R4005141,O1020626,2025-10-12,Late Delivery,Refunded
R4005142,O1125290,2023-09-23,Changed Mind,Refunded
R4005143,O1015069,2025-07-06,Damaged,Refunded
R4005144,O1049516,2023-07-31,Not as Expected,Refunded
R4005145,O1100838,2024-01-06,Changed Mind,Refunded
R4005146,O1094386,2024-10-07,Changed Mind,Refunded
R4005147,O1070895,2024-11-29,Damaged,Refunded
R4005148,O1116189,2024-11-07,Not as Expected,Refunded
R4005149,O1049910,2024-09-14,Not as Expected,Refunded
R4005150,O1175337,2025-07-26,Size Issue,Refunded
R4005151,O1095106,2024-10-07,Changed Mind,Refunded
R4005152,O1025251,2025-08-28,Not as Expected,Refunded
R4005153,O1177817,2023-09-14,Not as Expected,Refunded
R4005154,O1152649,2025-01-01,Late Delivery,Refunded
R4005155,O1077544,2024-03-10,Not as Expected,Refunded
R4005156,O1101668,2024-10-18,Size Issue,Refunded
R4005157,O1105198,2023-06-13,Not as Expected,Refunded
R4005158,O1039803,2024-04-08,Changed Mind,Refunded
R4005159,O1100053,2025-10-02,Not as Expected,Refunded
R4005160,O1114815,2026-01-07,Not as Expected,Refunded
R4005161,O1013183,2025-04-23,Size Issue,Refunded
R4005162,O1135855,2024-10-23,Damaged,Refunded
R4005163,O1168602,2023-12-23,Damaged,Refunded
R4005164,O1013163,2024-06-28,Wrong Item,Refunded
R4005165,O1090701,2024-04-14,Changed Mind,Refunded
R4005166,O1030906,2025-07-27,Not as Expected,Refunded
R4005167,O1107608,2025-04-14,Size Issue,Refunded
R4005168,O1039004,2024-07-06,Damaged,Processing
R4005169,O1001289,2023-12-13,Wrong Item,Refunded
R4005170,O1021410,2025-01-27,Size Issue,Refunded
R4005171,O1129341,2023-09-20,Late Delivery,Refunded
R4005172,O1097631,2025-07-18,Not as Expected,Refunded
R4005173,O1038841,2023-09-28,Size Issue,Refunded
R4005174,O1117895,2023-05-13,Damaged,Refunded
R4005175,O1003767,2025-04-09,Late Delivery,Refunded
R4005176,O1141011,2023-08-01,Not as Expected,Refunded
R4005177,O1171862,2024-12-27,Size Issue,Refunded
R4005178,O1112912,2025-03-21,Late Delivery,Refunded
R4005179,O1008820,2024-10-03,Wrong Item,Refunded
R4005180,O1150011,2024-03-02,Damaged,Refunded
R4005181,O1037247,2024-10-04,Late Delivery,Refunded
R4005182,O1100929,2024-12-10,Not as Expected,Refunded
R4005183,O1041435,2025-06-27,Wrong Item,Refunded
R4005184,O1123787,2023-11-28,Changed Mind,Refunded
R4005185,O1163629,2023-11-03,Wrong Item,Refunded
R4005186,O1121722,2025-04-03,Wrong Item,Refunded
R4005187,O1159454,2025-10-19,Wrong Item,Refunded
R4005188,O1003665,2024-01-05,Not as Expected,Processing
R4005189,O1007232,2024-12-19,Not as Expected,Refunded
R4005190,O1134817,2023-04-12,Changed Mind,Refunded
R4005191,O1135313,2025-01-29,Late Delivery,Refunded
R4005192,O1058092,2024-03-25,Not as Expected,Refunded
R4005193,O1103982,2024-09-03,Not as Expected,Refunded
R4005194,O1014724,2023-04-27,Damaged,Refunded
R4005195,O1161896,2024-10-31,Wrong Item,Refunded
R4005196,O1109498,2024-11-13,Not as Expected,Refunded
R4005197,O1011818,2023-03-24,Wrong Item,Refunded
R4005198,O1103010,2023-08-18,Changed Mind,Refunded
R4005199,O1041091,2023-05-31,Changed Mind,Refunded
R4005200,O1032165,2025-01-08,Not as Expected,Refunded
R4005201,O1147917,2025-05-08,Size Issue,Refunded
R4005202,O1175466,2025-08-21,Late Delivery,Refunded
R4005203,O1002432,2024-12-11,Size Issue,Refunded
R4005204,O1087751,2023-08-11,Not as Expected,Refunded
R4005205,O1119777,2023-11-25,Not as Expected,Refunded
R4005206,O1168755,2023-11-18,Not as Expected,Refunded
R4005207,O1171229,2023-10-03,Changed Mind,Refunded
R4005208,O1098753,2023-06-12,Size Issue,Refunded
R4005209,O1144635,2023-06-23,Size Issue,Refunded
R4005210,O1074717,2023-09-09,Wrong Item,Refunded
R4005211,O1068405,2023-09-05,Not as Expected,Refunded
R4005212,O1177578,2025-02-16,Damaged,Refunded
R4005213,O1155631,2023-05-20,Wrong Item,Refunded
R4005214,O1008527,2025-06-25,Not as Expected,Refunded
R4005215,O1085033,2025-07-19,Not as Expected,Refunded
R4005216,O1033945,2025-02-03,Not as Expected,Refunded
R4005217,O1120098,2025-02-08,Not as Expected,Refunded
R4005218,O1036948,2023-02-05,Damaged,Refunded
R4005219,O1112882,2023-05-31,Damaged,Refunded
R4005220,O1148496,2024-08-15,Damaged,Refunded
R4005221,O1035392,2024-01-29,Late Delivery,Refunded
R4005222,O1077840,2025-07-27,Size Issue,Refunded
R4005223,O1106588,2025-08-26,Not as Expected,Refunded
R4005224,O1142534,2023-02-06,Late Delivery,Refunded
R4005225,O1079762,2024-11-21,Not as Expected,Refunded
R4005226,O1018970,2023-02-18,Not as Expected,Refunded
R4005227,O1150490,2024-03-24,Changed Mind,Refunded
R4005228,O1163927,2024-11-18,Wrong Item,Refunded
R4005229,O1059758,2024-09-20,Not as Expected,Refunded
R4005230,O1157160,2024-08-29,Damaged,Refunded
R4005231,O1140013,2023-03-17,Not as Expected,Refunded
R4005232,O1086989,2023-06-02,Late Delivery,Refunded
R4005233,O1024614,2024-11-07,Not as Expected,Refunded
R4005234,O1041863,2025-10-14,Changed Mind,Refunded
R4005235,O1080715,2024-10-10,Not as Expected,Refunded
R4005236,O1127484,2023-05-05,Size Issue,Refunded
R4005237,O1167806,2025-01-21,Not as Expected,Refunded
R4005238,O1116982,2023-04-30,Damaged,Refunded
R4005239,O1124991,2023-05-04,Not as Expected,Refunded
R4005240,O1140284,2025-01-20,Not as Expected,Refunded
R4005241,O1149347,2023-08-18,Not as Expected,Refunded
R4005242,O1019856,2025-01-17,Changed Mind,Refunded
R4005243,O1023846,2025-08-14,Not as Expected,Refunded
R4005244,O1089811,2025-02-28,Changed Mind,Refunded
R4005245,O1155951,2023-09-03,Wrong Item,Refunded
R4005246,O1001983,2024-02-22,Wrong Item,Refunded
R4005247,O1095173,2024-12-16,Damaged,Refunded
R4005248,O1048498,2023-07-31,Damaged,Refunded
R4005249,O1009591,2024-12-31,Late Delivery,Refunded
R4005250,O1005762,2023-04-06,Damaged,Refunded
R4005251,O1118938,2023-04-02,Not as Expected,Refunded
R4005252,O1156375,2024-12-15,Wrong Item,Refunded
R4005253,O1047491,2023-11-15,Late Delivery,Refunded
R4005254,O1029449,2024-01-23,Not as Expected,Refunded
R4005255,O1030482,2023-09-26,Not as Expected,Refunded
R4005256,O1177535,2025-09-09,Wrong Item,Refunded
R4005257,O1041839,2025-01-04,Damaged,Refunded
R4005258,O1034270,2025-02-13,Late Delivery,Refunded
R4005259,O1105249,2024-05-13,Damaged,Refunded
R4005260,O1014719,2024-03-20,Not as Expected,Refunded
R4005261,O1160329,2023-02-03,Wrong Item,Refunded
R4005262,O1082148,2024-09-25,Damaged,Refunded
R4005263,O1075883,2024-08-23,Changed Mind,Refunded
R4005264,O1133963,2023-10-12,Wrong Item,Refunded
R4005265,O1063585,2023-01-16,Changed Mind,Refunded
R4005266,O1082085,2025-06-28,Late Delivery,Refunded
R4005267,O1100237,2023-11-25,Size Issue,Refunded
R4005268,O1129124,2025-03-19,Changed Mind,Refunded
R4005269,O1055225,2023-05-20,Size Issue,Refunded
R4005270,O1121990,2023-11-23,Not as Expected,Refunded
R4005271,O1145567,2025-06-02,Late Delivery,Refunded
R4005272,O1133364,2023-03-12,Not as Expected,Refunded
R4005273,O1160158,2025-08-17,Size Issue,Refunded
R4005274,O1153069,2023-03-05,Damaged,Refunded
R4005275,O1053949,2025-08-21,Damaged,Refunded
R4005276,O1169075,2025-12-19,Damaged,Refunded
R4005277,O1088252,2024-02-15,Damaged,Refunded
R4005278,O1048256,2024-07-04,Changed Mind,Refunded
R4005279,O1078833,2023-12-21,Wrong Item,Refunded
R4005280,O1035890,2024-05-16,Not as Expected,Refunded
R4005281,O1102958,2023-07-17,Wrong Item,Refunded
R4005282,O1074860,2024-09-23,Size Issue,Refunded
R4005283,O1042958,2023-03-13,Not as Expected,Refunded
R4005284,O1124188,2023-07-31,Not as Expected,Refunded
R4005285,O1021831,2024-10-27,Wrong Item,Refunded
R4005286,O1102785,2023-01-16,Not as Expected,Refunded
R4005287,O1040203,2024-02-14,Not as Expected,Refunded
R4005288,O1023053,2023-11-23,Wrong Item,Refunded
R4005289,O1164909,2024-12-30,Not as Expected,Refunded
R4005290,O1033027,2024-12-24,Wrong Item,Refunded
R4005291,O1009116,2025-01-12,Not as Expected,Refunded
R4005292,O1116439,2023-05-20,Not as Expected,Refunded
R4005293,O1175890,2024-01-07,Size Issue,Refunded
R4005294,O1002377,2025-07-12,Size Issue,Refunded
R4005295,O1136390,2023-10-04,Size Issue,Refunded
R4005296,O1056555,2025-11-08,Not as Expected,Refunded
R4005297,O1027977,2024-06-09,Size Issue,Refunded
R4005298,O1116730,2024-03-24,Not as Expected,Refunded
R4005299,O1119081,2023-10-06,Not as Expected,Refunded
R4005300,O1046542,2023-12-17,Damaged,Refunded
R4005301,O1078888,2023-11-26,Not as Expected,Refunded
R4005302,O1129429,2023-04-14,Changed Mind,Refunded
R4005303,O1096978,2023-02-15,Damaged,Refunded
R4005304,O1047719,2024-04-01,Damaged,Refunded
R4005305,O1171930,2025-04-28,Size Issue,Refunded
R4005306,O1003013,2024-05-26,Size Issue,Refunded
R4005307,O1009919,2025-10-17,Changed Mind,Refunded
R4005308,O1142418,2025-03-10,Late Delivery,Refunded
R4005309,O1165141,2023-05-15,Not as Expected,Refunded
R4005310,O1015193,2023-03-13,Changed Mind,Refunded
R4005311,O1054962,2024-07-20,Size Issue,Refunded
R4005312,O1153660,2024-10-11,Size Issue,Refunded
R4005313,O1108339,2025-01-24,Size Issue,Refunded
R4005314,O1174447,2023-12-10,Size Issue,Processing
R4005315,O1083614,2025-08-24,Wrong Item,Refunded
R4005316,O1017025,2023-09-07,Not as Expected,Refunded
R4005317,O1020471,2023-06-17,Not as Expected,Refunded
R4005318,O1109515,2023-05-11,Wrong Item,Refunded
R4005319,O1034577,2023-03-20,Wrong Item,Refunded
R4005320,O1098359,2024-09-09,Damaged,Refunded
R4005321,O1053629,2023-11-15,Wrong Item,Refunded
R4005322,O1049538,2023-04-18,Changed Mind,Refunded
R4005323,O1107830,2024-03-28,Not as Expected,Refunded
R4005324,O1159674,2025-07-01,Not as Expected,Processing
R4005325,O1127740,2025-01-31,Changed Mind,Refunded
R4005326,O1074340,2023-03-03,Damaged,Refunded
R4005327,O1149493,2025-12-29,Damaged,Refunded
R4005328,O1032161,2023-05-07,Size Issue,Processing
R4005329,O1001125,2025-01-04,Not as Expected,Refunded
R4005330,O1062278,2024-12-14,Late Delivery,Refunded
R4005331,O1116686,2023-07-31,Late Delivery,Refunded
R4005332,O1102448,2024-09-18,Not as Expected,Processing
R4005333,O1096746,2025-04-01,Changed Mind,Refunded
R4005334,O1080128,2024-06-29,Changed Mind,Refunded
R4005335,O1047638,2023-05-30,Not as Expected,Refunded
R4005336,O1036364,2023-10-14,Not as Expected,Refunded
R4005337,O1031350,2024-11-05,Not as Expected,Refunded
R4005338,O1178107,2023-02-01,Size Issue,Refunded
R4005339,O1108600,2023-01-25,Not as Expected,Refunded
R4005340,O1072824,2023-02-27,Damaged,Processing
R4005341,O1060948,2024-03-23,Wrong Item,Refunded
R4005342,O1149216,2024-03-08,Late Delivery,Refunded
R4005343,O1097808,2024-03-07,Late Delivery,Refunded
R4005344,O1084068,2023-12-13,Changed Mind,Refunded
R4005345,O1102561,2025-03-03,Damaged,Refunded
R4005346,O1093748,2024-07-25,Not as Expected,Refunded
R4005347,O1166571,2025-03-05,Damaged,Refunded
R4005348,O1143003,2023-08-19,Changed Mind,Refunded
R4005349,O1047934,2023-10-30,Size Issue,Refunded
R4005350,O1066722,2024-04-24,Late Delivery,Refunded
R4005351,O1145936,2023-08-02,Size Issue,Refunded
R4005352,O1127509,2024-05-13,Late Delivery,Refunded
R4005353,O1047237,2023-05-19,Size Issue,Refunded
R4005354,O1093705,2024-05-16,Wrong Item,Refunded
R4005355,O1037119,2025-12-18,Wrong Item,Refunded
R4005356,O1006837,2024-12-15,Changed Mind,Refunded
R4005357,O1146015,2025-09-19,Wrong Item,Refunded
R4005358,O1148205,2023-08-07,Wrong Item,Refunded
R4005359,O1137332,2023-06-03,Wrong Item,Refunded
R4005360,O1129865,2023-05-17,Not as Expected,Refunded
R4005361,O1111847,2023-01-29,Size Issue,Refunded
R4005362,O1109714,2025-10-01,Damaged,Refunded
R4005363,O1165562,2024-05-22,Not as Expected,Refunded
R4005364,O1021385,2025-04-04,Changed Mind,Refunded
R4005365,O1147248,2023-12-25,Size Issue,Refunded
R4005366,O1121710,2024-02-22,Not as Expected,Refunded
R4005367,O1083047,2024-08-23,Changed Mind,Refunded
R4005368,O1109117,2025-02-06,Not as Expected,Processing
R4005369,O1153184,2024-11-12,Size Issue,Refunded
R4005370,O1084254,2025-11-08,Changed Mind,Refunded
R4005371,O1025877,2023-11-14,Damaged,Refunded
R4005372,O1019609,2024-07-05,Damaged,Refunded
R4005373,O1124222,2023-06-01,Not as Expected,Refunded
R4005374,O1070233,2023-03-23,Damaged,Processing
R4005375,O1078083,2024-06-27,Size Issue,Refunded
R4005376,O1009325,2025-07-28,Size Issue,Refunded
R4005377,O1148897,2023-06-20,Damaged,Refunded
R4005378,O1142648,2024-02-20,Changed Mind,Refunded
R4005379,O1138668,2023-06-19,Changed Mind,Refunded
R4005380,O1057101,2024-09-21,Changed Mind,Refunded
R4005381,O1066667,2025-08-21,Not as Expected,Refunded
R4005382,O1020837,2023-09-05,Size Issue,Refunded
R4005383,O1156927,2024-04-18,Size Issue,Refunded
R4005384,O1161987,2023-09-06,Not as Expected,Refunded
R4005385,O1164412,2023-07-25,Not as Expected,Refunded
R4005386,O1063407,2024-10-17,Not as Expected,Refunded
R4005387,O1178961,2025-04-23,Size Issue,Processing
R4005388,O1077456,2023-09-24,Damaged,Refunded
R4005389,O1119954,2025-01-27,Wrong Item,Refunded
R4005390,O1133571,2023-02-19,Size Issue,Refunded
R4005391,O1095649,2024-04-24,Damaged,Refunded
R4005392,O1134708,2024-04-23,Changed Mind,Refunded
R4005393,O1172071,2023-09-08,Wrong Item,Refunded
R4005394,O1067961,2024-10-19,Not as Expected,Refunded
R4005395,O1096765,2025-10-20,Wrong Item,Refunded
R4005396,O1149351,2024-06-06,Wrong Item,Refunded
R4005397,O1109221,2025-01-19,Not as Expected,Refunded
R4005398,O1042896,2024-11-21,Late Delivery,Processing
R4005399,O1073020,2023-09-03,Size Issue,Refunded
R4005400,O1030234,2023-03-18,Size Issue,Refunded
R4005401,O1137325,2025-11-11,Not as Expected,Refunded
R4005402,O1040388,2025-04-30,Wrong Item,Refunded
R4005403,O1158684,2024-01-05,Late Delivery,Refunded
R4005404,O1062198,2024-08-10,Not as Expected,Refunded
R4005405,O1051361,2024-10-05,Changed Mind,Refunded
R4005406,O1137600,2023-03-17,Damaged,Refunded
R4005407,O1173987,2023-03-31,Changed Mind,Refunded
R4005408,O1071638,2025-02-26,Size Issue,Processing
R4005409,O1138244,2025-02-25,Damaged,Refunded
R4005410,O1088257,2024-08-16,Size Issue,Processing
R4005411,O1096698,2024-12-08,Late Delivery,Refunded
R4005412,O1179403,2025-06-30,Changed Mind,Refunded
R4005413,O1015121,2025-02-05,Wrong Item,Refunded
R4005414,O1049677,2024-11-13,Changed Mind,Processing
R4005415,O1108720,2025-05-01,Not as Expected,Refunded
R4005416,O1017835,2024-02-05,Changed Mind,Refunded
R4005417,O1009124,2023-04-02,Wrong Item,Refunded
R4005418,O1145187,2024-12-24,Wrong Item,Refunded
R4005419,O1157431,2023-11-14,Wrong Item,Refunded
R4005420,O1055940,2024-02-05,Size Issue,Refunded
R4005421,O1174166,2023-03-22,Changed Mind,Refunded
R4005422,O1015992,2023-01-20,Size Issue,Refunded
R4005423,O1092798,2024-01-03,Not as Expected,Refunded
R4005424,O1089609,2023-03-15,Changed Mind,Refunded
R4005425,O1065807,2023-05-01,Changed Mind,Refunded
R4005426,O1028906,2025-04-27,Size Issue,Refunded
R4005427,O1159910,2025-02-25,Not as Expected,Refunded
R4005428,O1038965,2023-08-07,Changed Mind,Refunded
R4005429,O1000445,2023-11-21,Damaged,Refunded
R4005430,O1071250,2024-12-12,Late Delivery,Refunded
R4005431,O1162244,2025-04-24,Not as Expected,Refunded
R4005432,O1136267,2023-08-16,Damaged,Refunded
R4005433,O1112649,2024-05-24,Wrong Item,Refunded
R4005434,O1127801,2025-08-15,Changed Mind,Refunded
R4005435,O1176622,2025-10-17,Late Delivery,Refunded
R4005436,O1001966,2024-01-27,Wrong Item,Refunded
R4005437,O1134896,2024-05-06,Not as Expected,Refunded
R4005438,O1038047,2023-04-30,Not as Expected,Processing
R4005439,O1157184,2025-03-18,Not as Expected,Refunded
R4005440,O1037704,2024-10-11,Not as Expected,Refunded
R4005441,O1124324,2024-01-13,Size Issue,Refunded
R4005442,O1020269,2024-11-10,Damaged,Refunded
R4005443,O1066435,2024-08-22,Not as Expected,Refunded
R4005444,O1006719,2025-12-14,Damaged,Processing
R4005445,O1105420,2024-12-29,Not as Expected,Refunded
R4005446,O1158930,2025-01-01,Changed Mind,Refunded
R4005447,O1042697,2023-05-18,Damaged,Refunded
R4005448,O1085142,2023-05-24,Late Delivery,Refunded
R4005449,O1034676,2024-11-17,Changed Mind,Refunded
R4005450,O1114736,2025-06-18,Damaged,Refunded
R4005451,O1087925,2024-07-09,Not as Expected,Refunded
R4005452,O1053608,2024-06-01,Not as Expected,Refunded
R4005453,O1146742,2025-11-13,Size Issue,Refunded
R4005454,O1021932,2025-04-16,Wrong Item,Refunded
R4005455,O1032888,2023-11-15,Late Delivery,Processing
R4005456,O1030756,2025-04-22,Not as Expected,Refunded
R4005457,O1006659,2024-07-30,Wrong Item,Refunded
R4005458,O1094126,2025-02-10,Wrong Item,Refunded
R4005459,O1160476,2025-06-07,Not as Expected,Refunded
R4005460,O1091206,2023-03-14,Size Issue,Refunded
R4005461,O1177317,2025-03-08,Not as Expected,Refunded
R4005462,O1025977,2025-03-31,Not as Expected,Refunded
R4005463,O1093031,2025-12-25,Size Issue,Processing
R4005464,O1047987,2023-03-03,Not as Expected,Refunded
R4005465,O1075425,2024-10-22,Not as Expected,Refunded
R4005466,O1104717,2024-09-14,Late Delivery,Refunded
R4005467,O1075456,2023-04-15,Changed Mind,Processing
R4005468,O1051740,2024-02-10,Damaged,Refunded
R4005469,O1013998,2023-02-01,Not as Expected,Refunded
R4005470,O1084479,2025-12-14,Wrong Item,Refunded
R4005471,O1007736,2024-04-03,Size Issue,Refunded
R4005472,O1006684,2024-01-20,Not as Expected,Refunded
R4005473,O1037947,2023-01-09,Late Delivery,Refunded
R4005474,O1088845,2025-10-12,Not as Expected,Processing
R4005475,O1072453,2023-10-08,Wrong Item,Refunded
R4005476,O1091382,2024-01-24,Damaged,Refunded
R4005477,O1104245,2023-03-08,Size Issue,Refunded
R4005478,O1073523,2023-10-14,Not as Expected,Refunded
R4005479,O1083709,2023-02-27,Wrong Item,Refunded
R4005480,O1040712,2025-07-11,Not as Expected,Refunded
R4005481,O1087435,2023-10-16,Late Delivery,Refunded
R4005482,O1058010,2025-07-27,Changed Mind,Refunded
R4005483,O1069457,2024-11-20,Changed Mind,Refunded
R4005484,O1065711,2025-08-10,Late Delivery,Refunded
R4005485,O1002115,2023-02-25,Not as Expected,Refunded
R4005486,O1104731,2025-12-15,Damaged,Processing
R4005487,O1126892,2023-04-12,Changed Mind,Refunded
R4005488,O1090401,2025-09-01,Not as Expected,Refunded
R4005489,O1119171,2025-06-05,Not as Expected,Refunded
R4005490,O1044593,2023-04-09,Changed Mind,Processing
R4005491,O1130064,2024-05-27,Size Issue,Refunded
R4005492,O1052704,2023-05-25,Not as Expected,Processing
R4005493,O1145623,2025-11-17,Changed Mind,Refunded
R4005494,O1021388,2023-05-14,Late Delivery,Refunded
R4005495,O1042502,2024-02-18,Wrong Item,Refunded
R4005496,O1065830,2024-12-12,Damaged,Processing
R4005497,O1132247,2025-08-30,Late Delivery,Refunded
R4005498,O1057290,2025-03-10,Wrong Item,Refunded
R4005499,O1127011,2024-12-21,Wrong Item,Refunded
R4005500,O1100868,2025-10-03,Late Delivery,Refunded
R4005501,O1022394,2024-06-29,Changed Mind,Refunded
R4005502,O1128514,2023-10-07,Late Delivery,Refunded
R4005503,O1028872,2025-02-28,Wrong Item,Refunded
R4005504,O1051608,2025-11-17,Size Issue,Refunded
R4005505,O1106129,2025-03-08,Late Delivery,Refunded
R4005506,O1132637,2025-03-22,Not as Expected,Processing
R4005507,O1112246,2023-07-06,Changed Mind,Processing
R4005508,O1097403,2023-09-27,Late Delivery,Refunded
R4005509,O1036911,2023-12-01,Size Issue,Refunded
R4005510,O1124390,2024-01-19,Changed Mind,Processing
R4005511,O1063329,2023-03-13,Not as Expected,Refunded
R4005512,O1058302,2023-05-09,Damaged,Refunded
R4005513,O1040537,2023-01-16,Not as Expected,Refunded
R4005514,O1165280,2024-03-27,Not as Expected,Refunded
R4005515,O1023560,2024-05-10,Late Delivery,Refunded
R4005516,O1074171,2023-11-13,Late Delivery,Refunded
R4005517,O1054853,2024-11-12,Late Delivery,Refunded
R4005518,O1025579,2025-06-30,Not as Expected,Refunded
R4005519,O1089435,2024-07-20,Changed Mind,Refunded
R4005520,O1160953,2024-02-12,Wrong Item,Refunded
R4005521,O1035181,2025-02-19,Size Issue,Refunded
R4005522,O1028686,2025-07-31,Size Issue,Processing
R4005523,O1021017,2024-12-09,Not as Expected,Processing
R4005524,O1124408,2023-04-12,Not as Expected,Refunded
R4005525,O1068865,2024-04-10,Late Delivery,Refunded
R4005526,O1068078,2023-06-24,Damaged,Refunded
R4005527,O1054722,2023-11-18,Not as Expected,Refunded
R4005528,O1127217,2025-10-01,Size Issue,Refunded
R4005529,O1044121,2025-03-31,Wrong Item,Refunded
R4005530,O1141126,2023-07-26,Damaged,Refunded
R4005531,O1147399,2025-11-26,Not as Expected,Refunded
R4005532,O1159961,2023-06-30,Not as Expected,Refunded
R4005533,O1000193,2024-08-21,Not as Expected,Refunded
R4005534,O1082844,2023-09-29,Damaged,Refunded
R4005535,O1028284,2023-09-25,Late Delivery,Processing
R4005536,O1167872,2025-06-10,Not as Expected,Processing
R4005537,O1032519,2025-03-14,Not as Expected,Refunded
R4005538,O1025159,2024-10-18,Not as Expected,Processing
R4005539,O1035216,2025-05-26,Late Delivery,Refunded
R4005540,O1021936,2024-10-02,Wrong Item,Refunded
R4005541,O1068584,2024-01-03,Size Issue,Refunded
R4005542,O1100641,2024-01-09,Late Delivery,Refunded
R4005543,O1096304,2023-04-08,Not as Expected,Refunded
R4005544,O1106111,2024-09-15,Late Delivery,Processing
R4005545,O1157088,2023-03-31,Size Issue,Refunded
R4005546,O1047235,2023-05-10,Not as Expected,Refunded
R4005547,O1094314,2023-03-24,Changed Mind,Refunded
R4005548,O1150465,2024-10-28,Not as Expected,Refunded
R4005549,O1156221,2024-08-12,Changed Mind,Refunded
R4005550,O1077870,2023-07-23,Wrong Item,Refunded
R4005551,O1032209,2023-03-10,Wrong Item,Refunded
R4005552,O1059409,2023-06-21,Wrong Item,Refunded
R4005553,O1168109,2025-12-14,Size Issue,Refunded
R4005554,O1138522,2024-09-02,Damaged,Refunded
R4005555,O1027003,2025-01-13,Changed Mind,Refunded
R4005556,O1077172,2024-08-29,Damaged,Processing
R4005557,O1064955,2024-01-22,Size Issue,Processing
R4005558,O1147605,2023-06-10,Size Issue,Refunded
R4005559,O1054692,2023-01-18,Wrong Item,Refunded
R4005560,O1133078,2024-01-08,Wrong Item,Refunded
R4005561,O1153424,2025-02-09,Damaged,Refunded
R4005562,O1151271,2025-05-08,Not as Expected,Refunded
R4005563,O1004010,2023-10-25,Late Delivery,Refunded
R4005564,O1179359,2023-08-11,Not as Expected,Refunded
R4005565,O1073079,2024-02-22,Size Issue,Refunded
R4005566,O1148316,2025-03-14,Damaged,Refunded
R4005567,O1016941,2025-08-05,Not as Expected,Refunded
R4005568,O1042183,2025-10-05,Not as Expected,Refunded
R4005569,O1094090,2023-05-13,Wrong Item,Refunded
R4005570,O1052415,2025-04-11,Late Delivery,Processing
R4005571,O1033641,2024-10-24,Wrong Item,Refunded
R4005572,O1021680,2025-11-11,Size Issue,Refunded
R4005573,O1090571,2024-04-23,Changed Mind,Refunded
R4005574,O1142030,2023-02-18,Size Issue,Refunded
R4005575,O1047295,2023-06-07,Wrong Item,Refunded
R4005576,O1148442,2025-02-26,Not as Expected,Refunded
R4005577,O1171641,2023-03-04,Changed Mind,Refunded
R4005578,O1062553,2025-02-10,Damaged,Refunded
R4005579,O1032902,2024-05-03,Not as Expected,Refunded
R4005580,O1006877,2024-06-29,Not as Expected,Refunded
R4005581,O1149622,2023-04-18,Late Delivery,Refunded
R4005582,O1104815,2024-08-10,Late Delivery,Refunded
R4005583,O1060566,2024-11-11,Changed Mind,Refunded
R4005584,O1005852,2025-03-02,Damaged,Refunded
R4005585,O1176643,2023-04-18,Size Issue,Refunded
R4005586,O1036243,2024-10-26,Size Issue,Refunded
R4005587,O1016746,2023-07-29,Late Delivery,Refunded
R4005588,O1132563,2023-06-07,Wrong Item,Refunded
R4005589,O1129043,2023-08-08,Damaged,Refunded
R4005590,O1080908,2024-06-11,Damaged,Refunded
R4005591,O1119389,2023-06-11,Size Issue,Processing
R4005592,O1092031,2023-12-21,Wrong Item,Refunded
R4005593,O1055485,2025-02-14,Not as Expected,Refunded
R4005594,O1088069,2024-09-11,Late Delivery,Refunded
R4005595,O1041791,2024-10-14,Wrong Item,Refunded
R4005596,O1094013,2025-06-27,Not as Expected,Refunded
R4005597,O1110282,2023-10-08,Wrong Item,Refunded
R4005598,O1010763,2024-03-25,Damaged,Refunded
R4005599,O1009329,2024-11-15,Changed Mind,Processing
R4005600,O1125016,2023-11-12,Wrong Item,Refunded
R4005601,O1013303,2023-12-17,Wrong Item,Refunded
R4005602,O1119433,2024-11-29,Not as Expected,Refunded
R4005603,O1105069,2023-02-14,Damaged,Refunded
R4005604,O1095578,2023-12-13,Wrong Item,Processing
R4005605,O1146691,2025-01-28,Damaged,Refunded
R4005606,O1027908,2025-04-21,Not as Expected,Refunded
R4005607,O1048543,2024-05-20,Not as Expected,Refunded
R4005608,O1071444,2024-01-15,Damaged,Refunded
R4005609,O1040080,2023-10-22,Late Delivery,Refunded
R4005610,O1014233,2023-03-07,Late Delivery,Refunded
R4005611,O1110033,2023-11-20,Not as Expected,Refunded
R4005612,O1061272,2023-04-20,Late Delivery,Refunded
R4005613,O1068157,2025-10-02,Size Issue,Refunded
R4005614,O1173447,2024-06-19,Not as Expected,Processing
R4005615,O1104293,2025-06-09,Late Delivery,Refunded
R4005616,O1150414,2025-10-08,Wrong Item,Refunded
R4005617,O1178771,2024-01-12,Damaged,Refunded
R4005618,O1149416,2023-08-05,Size Issue,Refunded
R4005619,O1103902,2024-11-30,Size Issue,Refunded
R4005620,O1035647,2024-09-10,Damaged,Refunded
R4005621,O1179389,2025-12-08,Damaged,Refunded
R4005622,O1068255,2025-04-26,Changed Mind,Refunded
R4005623,O1158775,2023-03-16,Not as Expected,Refunded
R4005624,O1158174,2024-02-10,Changed Mind,Refunded
R4005625,O1053179,2025-10-12,Wrong Item,Refunded
R4005626,O1140652,2024-03-01,Changed Mind,Refunded
R4005627,O1061736,2024-07-13,Changed Mind,Refunded
R4005628,O1018134,2023-01-19,Changed Mind,Refunded
R4005629,O1178209,2025-02-24,Size Issue,Refunded
R4005630,O1088831,2025-02-11,Not as Expected,Refunded
R4005631,O1164030,2025-08-18,Size Issue,Refunded
R4005632,O1117364,2023-02-11,Not as Expected,Refunded
R4005633,O1076045,2024-06-17,Late Delivery,Refunded
R4005634,O1049021,2025-12-13,Not as Expected,Refunded
R4005635,O1033485,2024-04-28,Damaged,Refunded
R4005636,O1054039,2023-04-29,Wrong Item,Refunded
R4005637,O1091659,2023-08-16,Not as Expected,Refunded
R4005638,O1099215,2025-11-15,Size Issue,Processing
R4005639,O1037920,2025-10-18,Not as Expected,Refunded
R4005640,O1123591,2024-02-08,Wrong Item,Refunded
R4005641,O1168868,2025-09-29,Size Issue,Refunded
R4005642,O1171581,2024-12-01,Wrong Item,Refunded
R4005643,O1024970,2025-11-15,Changed Mind,Refunded
R4005644,O1027366,2023-01-11,Late Delivery,Refunded
R4005645,O1014601,2023-08-17,Wrong Item,Refunded
R4005646,O1170295,2024-01-16,Changed Mind,Refunded
R4005647,O1178068,2025-07-12,Size Issue,Refunded
R4005648,O1106688,2023-01-15,Changed Mind,Refunded
R4005649,O1100707,2024-08-15,Not as Expected,Refunded
R4005650,O1051239,2025-05-21,Late Delivery,Refunded
R4005651,O1037865,2025-12-21,Not as Expected,Processing
R4005652,O1106149,2024-09-09,Changed Mind,Refunded
R4005653,O1167783,2024-07-11,Not as Expected,Refunded
R4005654,O1145229,2025-08-28,Size Issue,Refunded
R4005655,O1040462,2023-12-07,Late Delivery,Refunded
R4005656,O1175716,2025-06-25,Changed Mind,Refunded
R4005657,O1086565,2023-05-30,Changed Mind,Refunded
R4005658,O1085505,2024-06-15,Size Issue,Refunded
R4005659,O1005984,2024-04-28,Not as Expected,Refunded
R4005660,O1040665,2023-04-19,Late Delivery,Refunded
R4005661,O1071060,2023-03-05,Late Delivery,Processing
R4005662,O1090240,2024-08-27,Size Issue,Processing
R4005663,O1115836,2024-12-11,Changed Mind,Refunded
R4005664,O1118458,2024-05-24,Size Issue,Refunded
R4005665,O1012290,2023-10-08,Size Issue,Refunded
R4005666,O1063750,2024-03-10,Damaged,Refunded
R4005667,O1150444,2025-03-13,Not as Expected,Refunded
R4005668,O1004337,2025-10-20,Not as Expected,Refunded
R4005669,O1013605,2025-02-22,Damaged,Refunded
R4005670,O1175508,2024-07-27,Damaged,Refunded
R4005671,O1124239,2023-04-29,Size Issue,Refunded
R4005672,O1063169,2024-07-18,Size Issue,Refunded
R4005673,O1111054,2025-10-29,Late Delivery,Refunded
R4005674,O1088954,2024-08-24,Not as Expected,Refunded
R4005675,O1039657,2023-02-04,Not as Expected,Refunded
R4005676,O1090246,2024-06-29,Not as Expected,Refunded
R4005677,O1095606,2025-05-10,Not as Expected,Processing
R4005678,O1147016,2023-05-07,Changed Mind,Refunded
R4005679,O1039575,2024-06-15,Wrong Item,Refunded
R4005680,O1028601,2024-03-03,Size Issue,Refunded
R4005681,O1112447,2024-02-03,Late Delivery,Refunded
R4005682,O1164790,2024-10-11,Wrong Item,Refunded
R4005683,O1038621,2023-04-05,Size Issue,Refunded
R4005684,O1068367,2023-05-28,Size Issue,Refunded
R4005685,O1158341,2025-12-01,Damaged,Refunded
R4005686,O1178911,2024-04-09,Size Issue,Refunded
R4005687,O1163633,2023-12-09,Not as Expected,Refunded
R4005688,O1121383,2024-11-02,Damaged,Refunded
R4005689,O1069583,2025-07-16,Wrong Item,Refunded
R4005690,O1080085,2025-02-10,Not as Expected,Processing
R4005691,O1051496,2024-05-25,Wrong Item,Refunded
R4005692,O1073463,2023-08-11,Not as Expected,Refunded
R4005693,O1088600,2024-11-16,Late Delivery,Refunded
R4005694,O1034262,2025-06-28,Changed Mind,Refunded
R4005695,O1111336,2024-11-20,Late Delivery,Processing
R4005696,O1040368,2025-06-29,Not as Expected,Refunded
R4005697,O1094107,2024-10-26,Wrong Item,Refunded
R4005698,O1065265,2024-06-11,Changed Mind,Refunded
R4005699,O1044830,2024-08-21,Not as Expected,Refunded
R4005700,O1156059,2023-06-24,Damaged,Refunded
R4005701,O1027435,2024-07-12,Size Issue,Refunded
R4005702,O1042710,2025-11-15,Changed Mind,Refunded
R4005703,O1098742,2024-02-27,Size Issue,Refunded
R4005704,O1062264,2024-07-23,Damaged,Processing
R4005705,O1016562,2024-11-06,Changed Mind,Refunded
R4005706,O1020537,2023-03-24,Changed Mind,Refunded
R4005707,O1119996,2023-10-19,Not as Expected,Refunded
R4005708,O1095306,2023-11-26,Wrong Item,Refunded
R4005709,O1134421,2023-07-12,Not as Expected,Refunded
R4005710,O1099413,2025-02-08,Late Delivery,Refunded
R4005711,O1054609,2023-04-09,Damaged,Processing
R4005712,O1148339,2024-01-13,Damaged,Refunded
R4005713,O1074414,2024-06-13,Changed Mind,Refunded
R4005714,O1126109,2025-07-21,Damaged,Refunded
R4005715,O1066251,2024-06-17,Not as Expected,Processing
R4005716,O1029641,2023-07-13,Wrong Item,Refunded
R4005717,O1172018,2025-12-03,Changed Mind,Refunded
R4005718,O1009892,2025-05-05,Late Delivery,Refunded
R4005719,O1073438,2025-06-22,Not as Expected,Refunded
R4005720,O1079734,2024-05-11,Changed Mind,Refunded
R4005721,O1069734,2025-08-30,Wrong Item,Refunded
R4005722,O1044295,2023-03-25,Late Delivery,Refunded
R4005723,O1145145,2025-07-18,Size Issue,Refunded
R4005724,O1059684,2024-04-03,Not as Expected,Refunded
R4005725,O1137331,2024-02-16,Wrong Item,Refunded
R4005726,O1103381,2025-05-16,Wrong Item,Refunded
R4005727,O1064228,2023-08-15,Late Delivery,Refunded
R4005728,O1120135,2023-07-30,Late Delivery,Refunded
R4005729,O1017101,2023-11-12,Size Issue,Refunded
R4005730,O1078055,2025-03-02,Damaged,Refunded
R4005731,O1099839,2026-01-07,Not as Expected,Refunded
R4005732,O1106195,2025-04-08,Not as Expected,Refunded
R4005733,O1026008,2024-12-28,Wrong Item,Refunded
R4005734,O1058252,2023-05-18,Wrong Item,Refunded
R4005735,O1114873,2024-12-14,Not as Expected,Refunded
R4005736,O1118492,2025-12-10,Wrong Item,Refunded
R4005737,O1052571,2025-10-16,Late Delivery,Refunded
R4005738,O1179995,2023-02-11,Not as Expected,Refunded
R4005739,O1087438,2025-06-17,Not as Expected,Refunded
R4005740,O1048781,2023-06-02,Wrong Item,Refunded
R4005741,O1077112,2023-01-18,Wrong Item,Refunded
R4005742,O1040029,2025-07-30,Late Delivery,Refunded
R4005743,O1051737,2025-05-05,Changed Mind,Refunded
R4005744,O1131965,2024-02-20,Late Delivery,Refunded
R4005745,O1064837,2024-12-09,Size Issue,Refunded
R4005746,O1061789,2025-07-18,Wrong Item,Refunded
R4005747,O1141365,2025-01-29,Size Issue,Refunded
R4005748,O1107262,2025-06-17,Late Delivery,Refunded
R4005749,O1153771,2025-05-05,Wrong Item,Refunded
R4005750,O1061923,2024-03-29,Late Delivery,Refunded
R4005751,O1050381,2024-08-11,Late Delivery,Refunded
R4005752,O1012748,2023-05-19,Damaged,Refunded
R4005753,O1177543,2024-05-08,Damaged,Refunded
R4005754,O1042297,2024-10-06,Changed Mind,Refunded
R4005755,O1058835,2024-11-09,Changed Mind,Refunded
R4005756,O1120117,2023-10-12,Wrong Item,Refunded
R4005757,O1013383,2025-02-21,Late Delivery,Refunded
R4005758,O1123387,2024-12-14,Damaged,Refunded
R4005759,O1082022,2023-01-21,Changed Mind,Refunded
R4005760,O1176088,2023-11-04,Wrong Item,Refunded
R4005761,O1143449,2023-08-12,Late Delivery,Refunded
R4005762,O1042273,2024-07-27,Not as Expected,Refunded
R4005763,O1010630,2025-04-15,Size Issue,Refunded
R4005764,O1168530,2023-01-28,Wrong Item,Refunded
R4005765,O1040005,2025-01-06,Damaged,Refunded
R4005766,O1147902,2024-02-18,Wrong Item,Refunded
R4005767,O1149914,2023-01-31,Wrong Item,Refunded
R4005768,O1152947,2025-03-19,Late Delivery,Refunded
R4005769,O1106427,2024-03-06,Not as Expected,Refunded
R4005770,O1001271,2023-02-26,Wrong Item,Refunded
R4005771,O1091898,2023-03-29,Wrong Item,Processing
R4005772,O1002813,2024-11-07,Not as Expected,Refunded
R4005773,O1043369,2026-01-03,Damaged,Refunded
R4005774,O1150371,2024-01-15,Wrong Item,Refunded
R4005775,O1078350,2023-09-07,Wrong Item,Refunded
R4005776,O1070178,2024-03-02,Not as Expected,Refunded
R4005777,O1179345,2024-01-20,Wrong Item,Refunded
R4005778,O1153443,2023-04-22,Damaged,Refunded
R4005779,O1001058,2025-11-01,Not as Expected,Refunded
R4005780,O1080637,2025-05-03,Damaged,Refunded
R4005781,O1111643,2025-03-01,Changed Mind,Processing
R4005782,O1036861,2024-10-13,Damaged,Refunded
R4005783,O1171534,2023-08-20,Not as Expected,Refunded
R4005784,O1050785,2024-01-30,Size Issue,Refunded
R4005785,O1003047,2023-11-01,Size Issue,Refunded
R4005786,O1017377,2025-10-24,Not as Expected,Processing
R4005787,O1093621,2023-03-13,Changed Mind,Refunded
R4005788,O1151899,2025-12-17,Not as Expected,Refunded
R4005789,O1121241,2024-02-27,Not as Expected,Refunded
R4005790,O1127752,2024-12-21,Size Issue,Refunded
R4005791,O1111006,2023-08-13,Changed Mind,Refunded
R4005792,O1106987,2024-08-19,Size Issue,Refunded
R4005793,O1117389,2024-07-02,Size Issue,Refunded
R4005794,O1060744,2023-07-15,Changed Mind,Refunded
R4005795,O1041039,2024-07-29,Late Delivery,Refunded
R4005796,O1141731,2025-06-13,Size Issue,Refunded
R4005797,O1005244,2024-03-22,Damaged,Processing
R4005798,O1080988,2024-03-21,Not as Expected,Refunded
R4005799,O1108462,2023-09-01,Size Issue,Refunded
R4005800,O1039528,2024-05-30,Damaged,Processing
R4005801,O1015344,2025-08-14,Not as Expected,Refunded
R4005802,O1084085,2024-12-20,Changed Mind,Refunded
R4005803,O1146113,2024-03-08,Changed Mind,Refunded
R4005804,O1178460,2024-03-01,Damaged,Refunded
R4005805,O1042211,2024-01-07,Late Delivery,Refunded
R4005806,O1079771,2023-07-22,Late Delivery,Refunded
R4005807,O1041537,2024-08-22,Not as Expected,Refunded
R4005808,O1126143,2024-08-03,Size Issue,Refunded
R4005809,O1031308,2024-03-07,Wrong Item,Refunded
R4005810,O1028450,2025-12-03,Changed Mind,Processing
R4005811,O1083439,2024-05-11,Late Delivery,Refunded
R4005812,O1107143,2025-11-12,Late Delivery,Refunded
R4005813,O1132891,2025-05-14,Size Issue,Refunded
R4005814,O1172950,2025-01-22,Not as Expected,Refunded
R4005815,O1052090,2025-04-15,Damaged,Refunded
R4005816,O1028981,2023-01-12,Size Issue,Refunded
R4005817,O1136069,2024-02-06,Not as Expected,Refunded
R4005818,O1059030,2023-07-24,Changed Mind,Refunded
R4005819,O1000201,2025-07-15,Not as Expected,Refunded
R4005820,O1080193,2024-03-06,Damaged,Refunded
R4005821,O1115682,2025-11-12,Not as Expected,Refunded
R4005822,O1138145,2023-04-15,Not as Expected,Refunded
R4005823,O1169478,2025-05-18,Size Issue,Refunded
R4005824,O1031363,2023-03-07,Changed Mind,Refunded
R4005825,O1090443,2024-07-16,Damaged,Refunded
R4005826,O1034440,2023-02-15,Size Issue,Refunded
R4005827,O1092963,2025-07-12,Wrong Item,Refunded
R4005828,O1067905,2025-12-02,Damaged,Refunded
R4005829,O1019967,2024-08-08,Not as Expected,Refunded
R4005830,O1024079,2023-02-09,Not as Expected,Processing
R4005831,O1133573,2023-12-27,Size Issue,Refunded
R4005832,O1173399,2024-09-05,Not as Expected,Refunded
R4005833,O1035557,2023-05-03,Not as Expected,Refunded
R4005834,O1123083,2023-04-12,Changed Mind,Processing
R4005835,O1075496,2023-11-17,Wrong Item,Refunded
R4005836,O1158477,2024-01-18,Late Delivery,Refunded
R4005837,O1120646,2025-04-03,Size Issue,Refunded
R4005838,O1023272,2024-03-07,Changed Mind,Refunded
R4005839,O1123532,2025-11-12,Not as Expected,Refunded
R4005840,O1009573,2025-01-27,Late Delivery,Refunded
R4005841,O1030881,2023-05-29,Late Delivery,Refunded
R4005842,O1004610,2023-05-10,Size Issue,Refunded
R4005843,O1163366,2023-07-06,Late Delivery,Processing
R4005844,O1014757,2024-08-29,Size Issue,Refunded
R4005845,O1117826,2023-01-16,Not as Expected,Refunded
R4005846,O1152853,2024-01-02,Changed Mind,Refunded
R4005847,O1097178,2023-01-20,Not as Expected,Refunded
R4005848,O1081816,2023-07-06,Damaged,Refunded
R4005849,O1000861,2024-01-21,Not as Expected,Refunded
R4005850,O1154502,2023-08-07,Wrong Item,Refunded
R4005851,O1076098,2024-11-02,Changed Mind,Refunded
R4005852,O1083699,2024-11-03,Size Issue,Refunded
R4005853,O1083281,2024-05-14,Changed Mind,Refunded
R4005854,O1026224,2023-07-11,Damaged,Refunded
R4005855,O1013274,2024-01-06,Not as Expected,Refunded
R4005856,O1091046,2023-12-05,Not as Expected,Refunded
R4005857,O1087063,2025-12-06,Damaged,Refunded
R4005858,O1126511,2024-10-10,Wrong Item,Refunded
R4005859,O1044172,2025-07-25,Late Delivery,Refunded
R4005860,O1165493,2024-05-04,Damaged,Refunded
R4005861,O1179991,2023-09-05,Size Issue,Refunded
R4005862,O1024423,2024-06-11,Not as Expected,Refunded
R4005863,O1051138,2023-12-02,Changed Mind,Refunded
R4005864,O1047828,2025-03-08,Size Issue,Refunded
R4005865,O1022123,2023-10-29,Size Issue,Refunded
R4005866,O1146900,2024-04-03,Damaged,Refunded
R4005867,O1110886,2025-11-05,Size Issue,Refunded
R4005868,O1092059,2023-11-29,Wrong Item,Refunded
R4005869,O1144215,2024-08-25,Wrong Item,Refunded
R4005870,O1007185,2025-05-02,Damaged,Refunded
R4005871,O1082714,2023-08-08,Size Issue,Refunded
R4005872,O1038260,2025-05-22,Damaged,Refunded
R4005873,O1138294,2024-11-24,Size Issue,Refunded
R4005874,O1172196,2025-09-25,Not as Expected,Refunded
R4005875,O1135860,2024-05-29,Not as Expected,Refunded
R4005876,O1096426,2024-02-13,Changed Mind,Refunded
R4005877,O1107971,2024-05-28,Not as Expected,Refunded
R4005878,O1175102,2023-01-23,Size Issue,Refunded
R4005879,O1034250,2024-05-25,Size Issue,Refunded
R4005880,O1114264,2023-10-23,Not as Expected,Refunded
R4005881,O1061627,2024-11-28,Wrong Item,Refunded
R4005882,O1055965,2024-11-25,Not as Expected,Refunded
R4005883,O1149379,2023-05-20,Changed Mind,Refunded
R4005884,O1106578,2025-11-03,Changed Mind,Refunded
R4005885,O1112025,2025-07-14,Not as Expected,Processing
R4005886,O1063758,2023-09-14,Not as Expected,Refunded
R4005887,O1086610,2024-06-07,Wrong Item,Refunded
R4005888,O1177379,2023-02-20,Damaged,Refunded
R4005889,O1172059,2023-12-15,Size Issue,Refunded
R4005890,O1077009,2023-06-14,Size Issue,Refunded
R4005891,O1054031,2025-01-06,Not as Expected,Refunded
R4005892,O1164538,2024-01-31,Not as Expected,Refunded
R4005893,O1070901,2025-02-18,Damaged,Refunded
R4005894,O1123758,2024-03-18,Late Delivery,Refunded
R4005895,O1043670,2024-05-04,Wrong Item,Refunded
R4005896,O1072721,2025-10-01,Not as Expected,Refunded
R4005897,O1142500,2025-05-08,Damaged,Refunded
R4005898,O1051198,2023-10-29,Size Issue,Refunded
R4005899,O1053437,2024-03-08,Size Issue,Refunded
R4005900,O1132955,2025-12-04,Damaged,Refunded
R4005901,O1137712,2025-01-05,Not as Expected,Refunded
R4005902,O1012418,2024-02-29,Damaged,Refunded
R4005903,O1169599,2023-12-18,Wrong Item,Refunded
R4005904,O1165750,2025-09-17,Changed Mind,Refunded
R4005905,O1146741,2024-08-20,Wrong Item,Refunded
R4005906,O1163660,2025-01-07,Changed Mind,Refunded
R4005907,O1021021,2023-01-24,Not as Expected,Refunded
R4005908,O1110710,2023-06-25,Late Delivery,Refunded
R4005909,O1175188,2023-07-10,Late Delivery,Refunded
R4005910,O1033542,2025-09-02,Not as Expected,Refunded
R4005911,O1086415,2025-11-19,Size Issue,Refunded
R4005912,O1159241,2023-04-19,Size Issue,Refunded
R4005913,O1134406,2023-03-11,Size Issue,Processing
R4005914,O1054809,2024-08-16,Not as Expected,Processing
R4005915,O1047142,2025-06-07,Wrong Item,Refunded
R4005916,O1057544,2023-10-11,Late Delivery,Refunded
R4005917,O1156471,2023-06-02,Late Delivery,Refunded
R4005918,O1031466,2024-02-17,Changed Mind,Refunded
R4005919,O1100967,2025-09-29,Not as Expected,Refunded
R4005920,O1103169,2023-12-21,Size Issue,Refunded
R4005921,O1099867,2025-10-30,Late Delivery,Refunded
R4005922,O1056797,2024-06-11,Wrong Item,Refunded
R4005923,O1062844,2024-10-15,Damaged,Refunded
R4005924,O1052916,2024-04-05,Wrong Item,Refunded
R4005925,O1046005,2024-04-18,Not as Expected,Refunded
R4005926,O1078468,2023-10-29,Not as Expected,Refunded
R4005927,O1067139,2024-07-12,Changed Mind,Processing
R4005928,O1040543,2025-08-09,Size Issue,Refunded
R4005929,O1151416,2023-07-10,Damaged,Refunded
R4005930,O1123747,2023-11-30,Changed Mind,Refunded
R4005931,O1146326,2025-09-17,Changed Mind,Refunded
R4005932,O1153135,2024-12-13,Changed Mind,Processing
R4005933,O1147547,2025-03-27,Size Issue,Refunded
R4005934,O1043311,2024-07-17,Late Delivery,Refunded
R4005935,O1042961,2023-04-05,Late Delivery,Refunded
R4005936,O1141224,2025-04-20,Not as Expected,Refunded
R4005937,O1111022,2024-05-23,Late Delivery,Refunded
R4005938,O1172682,2023-07-25,Wrong Item,Refunded
R4005939,O1047956,2023-09-30,Damaged,Refunded
R4005940,O1062534,2023-12-23,Not as Expected,Refunded
R4005941,O1179889,2023-06-06,Late Delivery,Refunded
R4005942,O1093165,2023-02-09,Changed Mind,Refunded
R4005943,O1073291,2024-11-25,Late Delivery,Refunded
R4005944,O1105662,2024-05-31,Wrong Item,Refunded
R4005945,O1178856,2024-01-15,Late Delivery,Refunded
R4005946,O1059294,2024-01-17,Changed Mind,Processing
R4005947,O1161771,2024-04-23,Damaged,Refunded
R4005948,O1110309,2024-10-20,Wrong Item,Refunded
R4005949,O1104943,2025-11-11,Size Issue,Refunded
R4005950,O1061363,2023-12-01,Late Delivery,Processing
R4005951,O1054590,2023-02-25,Size Issue,Refunded
R4005952,O1136484,2023-06-20,Changed Mind,Refunded
R4005953,O1031488,2025-08-12,Changed Mind,Processing
R4005954,O1169230,2024-05-22,Changed Mind,Refunded
R4005955,O1150694,2023-01-21,Size Issue,Refunded
R4005956,O1087913,2023-09-18,Damaged,Refunded
R4005957,O1154410,2024-12-31,Wrong Item,Refunded
R4005958,O1178537,2025-04-21,Size Issue,Refunded
R4005959,O1114512,2023-10-27,Not as Expected,Refunded
R4005960,O1119353,2025-03-08,Size Issue,Refunded
R4005961,O1170153,2024-02-20,Damaged,Refunded
R4005962,O1069247,2023-09-07,Damaged,Refunded
R4005963,O1130247,2023-04-04,Size Issue,Refunded
R4005964,O1077091,2023-10-13,Wrong Item,Refunded
R4005965,O1079776,2024-02-19,Damaged,Refunded
R4005966,O1107718,2025-07-23,Damaged,Refunded
R4005967,O1040658,2025-01-23,Wrong Item,Refunded
R4005968,O1118103,2023-06-26,Changed Mind,Refunded
R4005969,O1136077,2025-07-04,Not as Expected,Refunded
R4005970,O1175362,2024-06-04,Damaged,Refunded
R4005971,O1036793,2023-02-14,Not as Expected,Refunded
R4005972,O1159563,2025-07-01,Wrong Item,Refunded
R4005973,O1095516,2024-07-05,Wrong Item,Refunded
R4005974,O1131982,2025-07-26,Not as Expected,Refunded
R4005975,O1169845,2023-09-15,Late Delivery,Refunded
R4005976,O1158620,2023-08-03,Not as Expected,Refunded
R4005977,O1113130,2023-06-23,Not as Expected,Refunded
R4005978,O1011249,2023-08-10,Not as Expected,Refunded
R4005979,O1159352,2025-12-23,Late Delivery,Refunded
R4005980,O1059243,2025-07-15,Damaged,Refunded
R4005981,O1010612,2025-08-18,Wrong Item,Refunded
R4005982,O1162417,2024-04-18,Damaged,Refunded
R4005983,O1060854,2024-06-14,Damaged,Refunded
R4005984,O1085100,2024-04-12,Size Issue,Refunded
R4005985,O1158658,2025-07-06,Late Delivery,Refunded
R4005986,O1151279,2024-09-30,Changed Mind,Refunded
R4005987,O1111504,2024-11-23,Size Issue,Refunded
R4005988,O1096548,2024-09-20,Not as Expected,Refunded
R4005989,O1114406,2023-05-06,Not as Expected,Processing
R4005990,O1104527,2024-01-02,Damaged,Refunded
R4005991,O1143436,2025-02-04,Not as Expected,Refunded
R4005992,O1143722,2024-02-16,Changed Mind,Processing
R4005993,O1165615,2024-08-26,Damaged,Refunded
R4005994,O1127019,2025-10-08,Not as Expected,Refunded
R4005995,O1153175,2023-05-16,Not as Expected,Refunded
R4005996,O1088484,2023-04-21,Damaged,Refunded
R4005997,O1175206,2023-10-29,Late Delivery,Processing
R4005998,O1009179,2023-02-20,Changed Mind,Refunded
R4005999,O1089999,2025-12-18,Wrong Item,Refunded
R4006000,O1135709,2023-05-07,Late Delivery,Refunded
R4006001,O1133663,2023-05-18,Size Issue,Refunded
R4006002,O1137190,2024-12-04,Damaged,Refunded
R4006003,O1134931,2025-10-14,Not as Expected,Refunded
R4006004,O1165841,2024-09-09,Not as Expected,Refunded
R4006005,O1113344,2024-01-14,Late Delivery,Refunded
R4006006,O1115525,2024-01-20,Not as Expected,Refunded
R4006007,O1157056,2025-10-14,Wrong Item,Refunded
R4006008,O1047651,2023-03-31,Damaged,Refunded
R4006009,O1147396,2025-04-06,Damaged,Refunded
R4006010,O1024053,2025-07-31,Wrong Item,Refunded
R4006011,O1029692,2023-04-19,Not as Expected,Refunded
R4006012,O1013187,2025-12-17,Wrong Item,Processing
R4006013,O1172089,2023-10-23,Wrong Item,Refunded
R4006014,O1160164,2024-03-10,Not as Expected,Refunded
R4006015,O1088945,2023-02-22,Not as Expected,Refunded
R4006016,O1168089,2025-06-22,Size Issue,Refunded
R4006017,O1138307,2024-10-25,Changed Mind,Refunded
R4006018,O1123778,2024-07-16,Damaged,Refunded
R4006019,O1148362,2023-04-06,Changed Mind,Refunded
R4006020,O1008120,2025-06-22,Wrong Item,Processing
R4006021,O1098104,2024-12-07,Wrong Item,Refunded
R4006022,O1086657,2024-05-04,Late Delivery,Refunded
R4006023,O1081873,2024-01-17,Not as Expected,Refunded
R4006024,O1063534,2025-01-26,Not as Expected,Refunded
R4006025,O1050332,2025-08-31,Size Issue,Refunded
R4006026,O1091835,2025-02-14,Changed Mind,Refunded
R4006027,O1150914,2024-11-25,Size Issue,Refunded
R4006028,O1149473,2024-01-31,Damaged,Processing
R4006029,O1095821,2024-01-03,Not as Expected,Refunded
R4006030,O1167828,2025-06-03,Damaged,Refunded
R4006031,O1111947,2023-09-17,Size Issue,Refunded
R4006032,O1052321,2023-05-18,Damaged,Refunded
R4006033,O1126385,2024-10-26,Not as Expected,Processing
R4006034,O1018999,2024-06-08,Not as Expected,Refunded
R4006035,O1119764,2024-01-11,Not as Expected,Refunded
R4006036,O1118724,2023-02-18,Size Issue,Processing
R4006037,O1141763,2025-12-29,Size Issue,Refunded
R4006038,O1151108,2023-11-25,Late Delivery,Refunded
R4006039,O1127921,2023-07-12,Size Issue,Refunded
R4006040,O1040875,2024-10-04,Changed Mind,Refunded
R4006041,O1130381,2023-04-15,Changed Mind,Refunded
R4006042,O1015060,2023-06-05,Damaged,Refunded
R4006043,O1102480,2025-10-06,Not as Expected,Refunded
R4006044,O1078007,2024-03-28,Size Issue,Refunded
R4006045,O1056574,2023-06-22,Late Delivery,Refunded
R4006046,O1154055,2024-07-12,Damaged,Refunded
R4006047,O1001553,2023-07-24,Size Issue,Processing
R4006048,O1003477,2023-05-17,Damaged,Refunded
R4006049,O1093450,2024-10-26,Changed Mind,Refunded
R4006050,O1056238,2024-04-24,Not as Expected,Refunded
R4006051,O1060389,2023-12-27,Not as Expected,Refunded
R4006052,O1007825,2025-04-13,Changed Mind,Refunded
R4006053,O1029984,2023-03-27,Wrong Item,Refunded
R4006054,O1130496,2025-06-19,Wrong Item,Refunded
R4006055,O1034877,2023-09-19,Damaged,Refunded
R4006056,O1021434,2023-05-26,Size Issue,Refunded
R4006057,O1047545,2025-12-19,Not as Expected,Refunded
R4006058,O1047483,2023-10-28,Wrong Item,Refunded
R4006059,O1148298,2025-01-09,Not as Expected,Refunded
R4006060,O1178188,2023-02-10,Not as Expected,Refunded
R4006061,O1038429,2024-03-05,Not as Expected,Refunded
R4006062,O1054295,2024-11-25,Size Issue,Refunded
R4006063,O1048903,2025-08-26,Damaged,Refunded
R4006064,O1076053,2025-11-30,Changed Mind,Refunded
R4006065,O1121920,2025-07-10,Wrong Item,Refunded
R4006066,O1171929,2025-11-14,Changed Mind,Refunded
R4006067,O1046132,2023-07-12,Late Delivery,Refunded
R4006068,O1007296,2025-06-16,Not as Expected,Refunded
R4006069,O1049180,2024-09-03,Late Delivery,Refunded
R4006070,O1161784,2025-12-20,Size Issue,Refunded
R4006071,O1027650,2025-12-01,Changed Mind,Refunded
R4006072,O1005713,2023-03-17,Not as Expected,Refunded
R4006073,O1088089,2023-01-13,Changed Mind,Refunded
R4006074,O1013180,2024-08-20,Not as Expected,Refunded
R4006075,O1058156,2024-01-03,Size Issue,Refunded
R4006076,O1083583,2023-01-29,Wrong Item,Refunded
R4006077,O1099214,2024-08-12,Size Issue,Refunded
R4006078,O1131417,2025-09-27,Wrong Item,Processing
R4006079,O1012934,2023-07-31,Not as Expected,Refunded
R4006080,O1138630,2025-02-28,Wrong Item,Refunded
R4006081,O1048550,2023-05-23,Late Delivery,Processing
R4006082,O1054149,2023-07-20,Not as Expected,Refunded
R4006083,O1103351,2024-10-04,Size Issue,Refunded
R4006084,O1163560,2024-05-04,Wrong Item,Refunded
R4006085,O1026483,2025-03-01,Damaged,Refunded
R4006086,O1172808,2023-04-28,Damaged,Refunded
R4006087,O1144032,2024-01-14,Damaged,Refunded
R4006088,O1028223,2024-02-24,Size Issue,Refunded
R4006089,O1097370,2025-12-08,Size Issue,Refunded
R4006090,O1082268,2025-10-05,Late Delivery,Refunded
R4006091,O1007787,2025-07-15,Not as Expected,Processing
R4006092,O1071019,2024-03-13,Not as Expected,Refunded
R4006093,O1036833,2025-07-03,Late Delivery,Refunded
R4006094,O1177172,2024-08-08,Wrong Item,Refunded
R4006095,O1055897,2025-04-19,Size Issue,Refunded
R4006096,O1073620,2025-06-13,Damaged,Refunded
R4006097,O1061312,2023-11-13,Late Delivery,Refunded
R4006098,O1050504,2023-07-09,Not as Expected,Refunded
R4006099,O1126916,2024-01-21,Not as Expected,Refunded
R4006100,O1071730,2024-01-09,Size Issue,Refunded
R4006101,O1042705,2024-04-24,Changed Mind,Refunded
R4006102,O1028723,2025-03-10,Changed Mind,Refunded
R4006103,O1112446,2023-04-19,Late Delivery,Refunded
R4006104,O1125711,2024-06-14,Size Issue,Refunded
R4006105,O1005839,2023-03-17,Wrong Item,Refunded
R4006106,O1032796,2024-02-14,Wrong Item,Refunded
R4006107,O1163775,2024-05-27,Damaged,Refunded
R4006108,O1010029,2024-12-22,Not as Expected,Refunded
R4006109,O1147651,2024-03-06,Late Delivery,Refunded
R4006110,O1121381,2023-01-31,Size Issue,Refunded
R4006111,O1088290,2023-04-25,Damaged,Refunded
R4006112,O1090030,2024-05-12,Not as Expected,Refunded
R4006113,O1093974,2025-02-06,Late Delivery,Refunded
R4006114,O1144754,2024-08-23,Late Delivery,Refunded
R4006115,O1036679,2025-04-28,Wrong Item,Processing
R4006116,O1019377,2024-07-28,Wrong Item,Refunded
R4006117,O1107519,2024-04-05,Wrong Item,Refunded
R4006118,O1101853,2025-03-31,Changed Mind,Refunded
R4006119,O1155604,2023-10-23,Changed Mind,Refunded
R4006120,O1165503,2024-02-24,Size Issue,Processing
R4006121,O1076807,2024-09-26,Not as Expected,Refunded
R4006122,O1156442,2025-08-13,Damaged,Refunded
R4006123,O1003678,2023-12-02,Late Delivery,Refunded
R4006124,O1103262,2025-09-24,Late Delivery,Refunded
R4006125,O1041380,2025-08-07,Not as Expected,Refunded
R4006126,O1031479,2023-12-03,Not as Expected,Refunded
R4006127,O1119622,2025-12-16,Not as Expected,Refunded
R4006128,O1159171,2024-05-03,Not as Expected,Refunded
R4006129,O1148074,2023-07-19,Wrong Item,Refunded
R4006130,O1141049,2023-07-19,Wrong Item,Processing
R4006131,O1122734,2025-02-14,Wrong Item,Refunded
R4006132,O1084277,2024-03-30,Size Issue,Refunded
R4006133,O1063953,2023-11-17,Wrong Item,Refunded
R4006134,O1132455,2025-01-13,Not as Expected,Refunded
R4006135,O1076261,2023-02-01,Size Issue,Refunded
R4006136,O1161865,2025-08-27,Wrong Item,Processing
R4006137,O1031725,2023-06-09,Not as Expected,Refunded
R4006138,O1003175,2024-07-27,Size Issue,Refunded
R4006139,O1145810,2023-11-28,Not as Expected,Refunded
R4006140,O1092022,2024-11-09,Not as Expected,Processing
R4006141,O1014357,2025-04-21,Late Delivery,Refunded
R4006142,O1158513,2025-02-20,Changed Mind,Refunded
R4006143,O1046639,2023-04-24,Wrong Item,Refunded
R4006144,O1081704,2024-12-15,Damaged,Refunded
R4006145,O1148911,2025-01-28,Damaged,Refunded
R4006146,O1013610,2024-07-19,Damaged,Refunded
R4006147,O1096677,2023-06-21,Changed Mind,Refunded
R4006148,O1012839,2023-05-06,Not as Expected,Refunded
R4006149,O1078628,2023-10-29,Damaged,Refunded
R4006150,O1140240,2024-03-17,Changed Mind,Refunded
R4006151,O1092659,2023-07-24,Not as Expected,Refunded
R4006152,O1124851,2025-04-29,Not as Expected,Refunded
R4006153,O1124974,2025-02-24,Damaged,Refunded
R4006154,O1174186,2025-03-06,Late Delivery,Refunded
R4006155,O1086168,2025-05-05,Wrong Item,Refunded
R4006156,O1056458,2024-11-30,Size Issue,Refunded
R4006157,O1113485,2025-02-16,Not as Expected,Refunded
R4006158,O1060386,2024-09-29,Damaged,Refunded
R4006159,O1175539,2025-10-12,Size Issue,Refunded
R4006160,O1007690,2024-07-06,Changed Mind,Processing
R4006161,O1159203,2025-03-20,Late Delivery,Refunded
R4006162,O1022157,2025-02-04,Size Issue,Refunded
R4006163,O1015580,2023-11-11,Not as Expected,Refunded
R4006164,O1069318,2025-06-20,Wrong Item,Refunded
R4006165,O1035120,2024-03-26,Wrong Item,Refunded
R4006166,O1040118,2024-07-30,Not as Expected,Refunded
R4006167,O1041030,2025-10-13,Changed Mind,Refunded
R4006168,O1026928,2025-03-15,Not as Expected,Refunded
R4006169,O1136817,2024-08-06,Not as Expected,Refunded
R4006170,O1030905,2025-10-27,Changed Mind,Refunded
R4006171,O1179956,2023-04-23,Wrong Item,Refunded
R4006172,O1056361,2025-08-13,Size Issue,Refunded
R4006173,O1008104,2023-03-08,Damaged,Refunded
R4006174,O1056879,2024-02-03,Not as Expected,Refunded
R4006175,O1017973,2025-07-23,Wrong Item,Refunded
R4006176,O1084686,2023-04-19,Size Issue,Refunded
R4006177,O1063856,2025-01-12,Late Delivery,Refunded
R4006178,O1084160,2025-01-18,Late Delivery,Refunded
R4006179,O1175609,2026-01-02,Size Issue,Processing
R4006180,O1034489,2023-10-24,Wrong Item,Refunded
R4006181,O1082127,2025-05-18,Late Delivery,Refunded
R4006182,O1001904,2025-12-17,Not as Expected,Refunded
R4006183,O1048000,2025-11-06,Wrong Item,Refunded
R4006184,O1030091,2024-02-12,Damaged,Refunded
R4006185,O1034703,2025-04-23,Wrong Item,Refunded
R4006186,O1003289,2023-09-19,Not as Expected,Refunded
R4006187,O1119793,2025-09-21,Late Delivery,Refunded
R4006188,O1146704,2025-09-11,Size Issue,Refunded
R4006189,O1067651,2024-03-13,Late Delivery,Processing
R4006190,O1176792,2025-01-08,Not as Expected,Refunded
R4006191,O1074623,2023-08-07,Changed Mind,Refunded
R4006192,O1023919,2024-11-09,Late Delivery,Refunded
R4006193,O1133376,2025-05-25,Changed Mind,Refunded
R4006194,O1024552,2025-08-27,Changed Mind,Refunded
R4006195,O1029696,2024-08-07,Damaged,Refunded
R4006196,O1101549,2024-11-16,Size Issue,Processing
R4006197,O1039884,2024-04-02,Not as Expected,Refunded
R4006198,O1071202,2024-08-27,Not as Expected,Refunded
R4006199,O1019780,2024-03-09,Changed Mind,Refunded
R4006200,O1176272,2024-07-12,Wrong Item,Processing
R4006201,O1070679,2024-05-30,Changed Mind,Refunded
R4006202,O1011074,2025-03-26,Size Issue,Refunded
R4006203,O1136522,2025-10-05,Damaged,Refunded
R4006204,O1165645,2025-10-13,Not as Expected,Refunded
R4006205,O1048323,2025-09-30,Wrong Item,Refunded
R4006206,O1059313,2023-02-26,Changed Mind,Refunded
R4006207,O1096239,2023-03-20,Late Delivery,Processing
R4006208,O1105613,2024-09-19,Changed Mind,Refunded
R4006209,O1027448,2023-10-05,Damaged,Refunded
R4006210,O1045475,2024-06-15,Late Delivery,Refunded
R4006211,O1073036,2023-01-29,Late Delivery,Refunded
R4006212,O1094458,2024-10-21,Size Issue,Refunded
R4006213,O1110048,2025-03-14,Changed Mind,Refunded
R4006214,O1070897,2023-04-24,Late Delivery,Refunded
R4006215,O1116002,2023-02-26,Size Issue,Refunded
R4006216,O1133352,2023-06-12,Wrong Item,Refunded
R4006217,O1091712,2023-02-14,Changed Mind,Refunded
R4006218,O1179627,2023-09-01,Wrong Item,Refunded
R4006219,O1011720,2025-09-21,Not as Expected,Refunded
R4006220,O1089554,2024-02-29,Damaged,Refunded
R4006221,O1158810,2025-04-19,Changed Mind,Refunded
R4006222,O1120252,2025-08-06,Not as Expected,Refunded
R4006223,O1105975,2024-11-24,Not as Expected,Refunded
R4006224,O1151595,2025-06-21,Not as Expected,Refunded
R4006225,O1157295,2023-05-26,Damaged,Refunded
R4006226,O1135851,2024-03-02,Changed Mind,Refunded
R4006227,O1008457,2024-06-20,Not as Expected,Refunded
R4006228,O1056744,2025-08-28,Late Delivery,Refunded
R4006229,O1175342,2024-01-03,Changed Mind,Refunded
R4006230,O1161373,2024-03-02,Not as Expected,Processing
R4006231,O1138058,2023-02-09,Not as Expected,Refunded
R4006232,O1107789,2024-06-17,Size Issue,Refunded
R4006233,O1106170,2023-10-26,Not as Expected,Refunded
R4006234,O1017485,2023-05-26,Damaged,Refunded
R4006235,O1102681,2024-02-05,Size Issue,Refunded
R4006236,O1147095,2025-02-01,Not as Expected,Refunded
R4006237,O1076372,2025-12-18,Size Issue,Refunded
R4006238,O1049098,2024-07-06,Wrong Item,Refunded
R4006239,O1059844,2025-08-31,Size Issue,Refunded
R4006240,O1073379,2023-03-26,Wrong Item,Refunded
R4006241,O1094994,2023-06-08,Late Delivery,Refunded
R4006242,O1083235,2024-10-01,Changed Mind,Refunded
R4006243,O1020190,2025-03-23,Not as Expected,Refunded
R4006244,O1090920,2024-01-06,Changed Mind,Refunded
R4006245,O1136833,2025-09-06,Not as Expected,Refunded
R4006246,O1163954,2023-11-12,Not as Expected,Refunded
R4006247,O1153572,2023-10-25,Not as Expected,Refunded
R4006248,O1012379,2024-11-28,Wrong Item,Refunded
R4006249,O1058833,2024-12-22,Not as Expected,Processing
R4006250,O1077632,2025-09-14,Late Delivery,Refunded
R4006251,O1157788,2024-08-18,Damaged,Refunded
R4006252,O1049700,2023-11-25,Not as Expected,Refunded
R4006253,O1165066,2025-04-28,Size Issue,Refunded
R4006254,O1145395,2023-06-08,Damaged,Refunded
R4006255,O1082412,2024-05-25,Changed Mind,Refunded
R4006256,O1106400,2023-08-13,Changed Mind,Refunded
R4006257,O1078143,2025-04-29,Not as Expected,Refunded
R4006258,O1003590,2023-10-14,Late Delivery,Refunded
R4006259,O1002222,2023-09-10,Size Issue,Refunded
R4006260,O1137672,2023-02-05,Late Delivery,Refunded
R4006261,O1130071,2024-04-30,Size Issue,Refunded
R4006262,O1032400,2025-08-31,Wrong Item,Refunded
R4006263,O1057157,2024-06-23,Damaged,Refunded
R4006264,O1034246,2025-10-25,Late Delivery,Refunded
R4006265,O1116004,2025-08-25,Wrong Item,Refunded
R4006266,O1176102,2025-01-09,Wrong Item,Refunded
R4006267,O1162861,2023-05-05,Not as Expected,Refunded
R4006268,O1155842,2024-03-23,Size Issue,Refunded
R4006269,O1074017,2023-11-29,Wrong Item,Refunded
R4006270,O1015170,2024-09-06,Late Delivery,Processing
R4006271,O1111985,2023-04-25,Not as Expected,Processing
R4006272,O1115967,2023-01-19,Wrong Item,Refunded
R4006273,O1096310,2023-10-08,Late Delivery,Refunded
R4006274,O1143379,2023-05-26,Wrong Item,Refunded
R4006275,O1098661,2025-08-27,Damaged,Refunded
R4006276,O1129485,2025-07-18,Size Issue,Refunded
R4006277,O1109309,2023-08-15,Damaged,Refunded
R4006278,O1102243,2025-12-26,Not as Expected,Refunded
R4006279,O1003702,2025-12-28,Size Issue,Refunded
R4006280,O1133558,2023-05-26,Damaged,Refunded
R4006281,O1078899,2025-06-27,Wrong Item,Refunded
R4006282,O1097096,2025-11-02,Not as Expected,Refunded
R4006283,O1001757,2023-01-25,Wrong Item,Refunded
R4006284,O1080737,2024-12-27,Wrong Item,Refunded
R4006285,O1027060,2024-02-08,Wrong Item,Refunded
R4006286,O1038184,2024-11-10,Damaged,Processing
R4006287,O1028741,2023-10-05,Not as Expected,Refunded
R4006288,O1167614,2023-06-11,Size Issue,Refunded
R4006289,O1002108,2023-06-08,Not as Expected,Refunded
R4006290,O1145839,2024-07-15,Changed Mind,Refunded
R4006291,O1027358,2023-08-11,Damaged,Refunded
R4006292,O1007284,2025-12-16,Wrong Item,Refunded
R4006293,O1107099,2023-08-21,Damaged,Refunded
R4006294,O1014468,2025-06-28,Wrong Item,Refunded
R4006295,O1112183,2025-06-06,Size Issue,Refunded
R4006296,O1008686,2023-03-13,Not as Expected,Refunded
R4006297,O1156527,2025-04-22,Not as Expected,Refunded
R4006298,O1058543,2024-03-11,Changed Mind,Refunded
R4006299,O1110424,2023-08-21,Wrong Item,Refunded
R4006300,O1120572,2025-06-06,Late Delivery,Refunded
R4006301,O1120192,2025-06-22,Late Delivery,Refunded
R4006302,O1114091,2025-05-30,Size Issue,Refunded
R4006303,O1029985,2024-12-09,Late Delivery,Refunded
R4006304,O1117010,2023-07-23,Damaged,Refunded
R4006305,O1028168,2024-11-04,Damaged,Refunded
R4006306,O1124077,2023-01-27,Not as Expected,Refunded
R4006307,O1151258,2024-05-01,Late Delivery,Refunded
R4006308,O1043498,2025-10-10,Damaged,Refunded
R4006309,O1045846,2024-07-27,Wrong Item,Refunded
R4006310,O1030207,2023-01-26,Not as Expected,Processing
R4006311,O1105408,2024-07-11,Not as Expected,Refunded
R4006312,O1036376,2024-11-20,Changed Mind,Refunded
R4006313,O1015075,2023-07-12,Size Issue,Refunded
R4006314,O1128947,2024-12-14,Damaged,Processing
R4006315,O1149879,2025-09-04,Late Delivery,Refunded
R4006316,O1061770,2025-07-06,Wrong Item,Refunded
R4006317,O1081987,2023-06-27,Not as Expected,Refunded
R4006318,O1041721,2023-08-01,Late Delivery,Refunded
R4006319,O1047549,2024-12-21,Not as Expected,Refunded
R4006320,O1169176,2024-01-03,Not as Expected,Refunded
R4006321,O1073491,2024-09-23,Changed Mind,Refunded
R4006322,O1068041,2023-06-01,Damaged,Refunded
R4006323,O1130889,2025-08-13,Not as Expected,Refunded
R4006324,O1080175,2023-10-28,Size Issue,Refunded
R4006325,O1139940,2023-03-20,Changed Mind,Refunded
R4006326,O1120806,2023-12-23,Size Issue,Refunded
R4006327,O1057972,2023-11-28,Changed Mind,Refunded
R4006328,O1091723,2023-08-05,Changed Mind,Refunded
R4006329,O1094531,2024-03-14,Damaged,Refunded
R4006330,O1164647,2024-05-01,Changed Mind,Refunded
R4006331,O1041641,2023-05-18,Changed Mind,Refunded
R4006332,O1001945,2024-11-11,Not as Expected,Refunded
R4006333,O1010776,2023-03-12,Damaged,Refunded
R4006334,O1014142,2023-04-16,Late Delivery,Refunded
R4006335,O1176919,2023-01-23,Damaged,Refunded
R4006336,O1107268,2025-04-03,Damaged,Refunded
R4006337,O1019004,2023-09-05,Size Issue,Refunded
R4006338,O1042486,2024-11-03,Changed Mind,Processing
R4006339,O1119282,2024-08-31,Wrong Item,Refunded
R4006340,O1063191,2025-02-21,Not as Expected,Refunded
R4006341,O1073227,2023-09-20,Size Issue,Refunded
R4006342,O1060725,2025-10-16,Late Delivery,Refunded
R4006343,O1101570,2024-08-28,Size Issue,Refunded
R4006344,O1012978,2025-01-23,Size Issue,Refunded
R4006345,O1102865,2024-04-09,Late Delivery,Refunded
R4006346,O1094242,2024-11-11,Damaged,Refunded
R4006347,O1018619,2023-03-17,Damaged,Refunded
R4006348,O1027756,2025-04-24,Damaged,Refunded
R4006349,O1069090,2024-06-15,Wrong Item,Refunded
R4006350,O1053470,2023-09-24,Changed Mind,Processing
R4006351,O1099415,2025-06-22,Changed Mind,Refunded
R4006352,O1017166,2023-02-26,Damaged,Processing
R4006353,O1171940,2024-02-25,Not as Expected,Refunded
R4006354,O1030865,2023-02-05,Not as Expected,Refunded
R4006355,O1021923,2024-06-02,Late Delivery,Refunded
R4006356,O1179458,2024-08-15,Size Issue,Refunded
R4006357,O1092201,2024-04-17,Wrong Item,Refunded
R4006358,O1108632,2023-04-02,Wrong Item,Processing
R4006359,O1034883,2024-02-06,Size Issue,Refunded
R4006360,O1031579,2024-12-19,Late Delivery,Processing
R4006361,O1001601,2023-05-30,Late Delivery,Refunded
R4006362,O1091161,2023-07-06,Size Issue,Refunded
R4006363,O1102856,2024-06-11,Size Issue,Refunded
R4006364,O1171458,2024-01-10,Not as Expected,Refunded
R4006365,O1088182,2025-08-07,Not as Expected,Refunded
R4006366,O1111852,2025-03-05,Damaged,Refunded
R4006367,O1082638,2025-03-31,Wrong Item,Refunded
R4006368,O1171551,2023-11-02,Damaged,Processing
R4006369,O1145732,2024-01-06,Late Delivery,Refunded
R4006370,O1090563,2024-08-10,Wrong Item,Refunded
R4006371,O1055904,2024-05-26,Not as Expected,Refunded
R4006372,O1169413,2025-05-19,Size Issue,Refunded
R4006373,O1039948,2024-05-29,Late Delivery,Refunded
R4006374,O1030633,2023-07-24,Not as Expected,Refunded
R4006375,O1170604,2025-02-04,Changed Mind,Refunded
R4006376,O1059662,2024-11-26,Damaged,Refunded
R4006377,O1148511,2025-04-06,Damaged,Refunded
R4006378,O1061101,2023-06-17,Late Delivery,Refunded
R4006379,O1017010,2025-07-17,Late Delivery,Refunded
R4006380,O1142112,2023-07-17,Size Issue,Refunded
R4006381,O1159568,2023-11-14,Damaged,Refunded
R4006382,O1007832,2025-08-26,Changed Mind,Refunded
R4006383,O1168579,2024-12-14,Not as Expected,Refunded
R4006384,O1148381,2024-12-26,Not as Expected,Refunded
R4006385,O1013476,2024-06-15,Damaged,Refunded
R4006386,O1105208,2024-04-24,Size Issue,Refunded
R4006387,O1070567,2025-11-29,Size Issue,Refunded
R4006388,O1076898,2023-12-03,Wrong Item,Refunded
R4006389,O1089739,2025-06-03,Not as Expected,Refunded
R4006390,O1133872,2025-05-19,Not as Expected,Refunded
R4006391,O1143237,2023-09-08,Not as Expected,Refunded
R4006392,O1149918,2024-05-06,Not as Expected,Refunded
R4006393,O1048544,2023-06-30,Size Issue,Refunded
R4006394,O1019628,2025-05-02,Not as Expected,Refunded
R4006395,O1147153,2024-09-24,Changed Mind,Refunded
R4006396,O1047592,2024-07-28,Not as Expected,Refunded
R4006397,O1103599,2025-11-11,Size Issue,Refunded
R4006398,O1095814,2024-11-22,Changed Mind,Refunded
R4006399,O1063947,2023-11-04,Size Issue,Refunded
R4006400,O1113690,2025-11-01,Damaged,Refunded
R4006401,O1023323,2025-02-09,Damaged,Refunded
R4006402,O1158861,2023-09-14,Changed Mind,Refunded
R4006403,O1062247,2023-06-15,Size Issue,Refunded
R4006404,O1134432,2024-12-16,Late Delivery,Refunded
R4006405,O1046403,2025-08-28,Late Delivery,Refunded
R4006406,O1155650,2023-09-28,Not as Expected,Refunded
R4006407,O1058589,2025-08-19,Wrong Item,Refunded
R4006408,O1110133,2024-02-10,Size Issue,Processing
R4006409,O1166313,2025-12-19,Not as Expected,Refunded
R4006410,O1041558,2023-07-02,Not as Expected,Refunded
R4006411,O1172602,2024-04-21,Wrong Item,Refunded
R4006412,O1148271,2024-01-01,Not as Expected,Refunded
R4006413,O1080607,2023-04-10,Wrong Item,Refunded
R4006414,O1085567,2025-11-25,Not as Expected,Refunded
R4006415,O1156720,2023-10-06,Size Issue,Refunded
R4006416,O1094984,2025-12-09,Not as Expected,Refunded
R4006417,O1076783,2024-09-06,Size Issue,Refunded
R4006418,O1028089,2023-02-01,Size Issue,Refunded
R4006419,O1051319,2024-11-02,Wrong Item,Refunded
R4006420,O1024182,2025-05-09,Not as Expected,Refunded
R4006421,O1173881,2026-01-06,Damaged,Refunded
R4006422,O1001669,2026-01-09,Damaged,Refunded
R4006423,O1068918,2024-12-10,Late Delivery,Refunded
R4006424,O1167833,2023-09-17,Late Delivery,Refunded
R4006425,O1040145,2023-03-22,Not as Expected,Refunded
R4006426,O1076463,2024-11-11,Late Delivery,Refunded
R4006427,O1065707,2025-09-07,Not as Expected,Refunded
R4006428,O1015041,2024-04-17,Size Issue,Refunded
R4006429,O1045244,2023-07-13,Not as Expected,Refunded
R4006430,O1130883,2024-06-01,Size Issue,Refunded
R4006431,O1054988,2025-04-14,Late Delivery,Refunded
R4006432,O1078530,2024-04-06,Size Issue,Refunded
R4006433,O1083805,2025-09-24,Not as Expected,Refunded
R4006434,O1150446,2025-12-24,Size Issue,Refunded
R4006435,O1159329,2024-01-11,Damaged,Refunded
R4006436,O1007829,2024-03-09,Not as Expected,Refunded
R4006437,O1011531,2023-06-13,Damaged,Refunded
R4006438,O1158819,2023-11-05,Not as Expected,Refunded
R4006439,O1127198,2025-10-13,Not as Expected,Refunded
R4006440,O1009761,2025-04-28,Wrong Item,Processing
R4006441,O1042795,2023-11-25,Not as Expected,Refunded
R4006442,O1173107,2023-09-20,Damaged,Refunded
R4006443,O1026843,2025-07-16,Size Issue,Refunded
R4006444,O1065764,2023-09-14,Late Delivery,Refunded
R4006445,O1177811,2023-05-01,Late Delivery,Refunded
R4006446,O1071797,2025-05-29,Damaged,Refunded
R4006447,O1117140,2026-01-01,Size Issue,Refunded
R4006448,O1166306,2023-01-16,Size Issue,Refunded
R4006449,O1004744,2023-02-07,Wrong Item,Refunded
R4006450,O1149610,2023-11-26,Wrong Item,Refunded
R4006451,O1107145,2025-12-17,Not as Expected,Refunded
R4006452,O1175113,2025-08-26,Wrong Item,Refunded
R4006453,O1027438,2023-02-12,Size Issue,Refunded
R4006454,O1004851,2023-08-22,Damaged,Refunded
R4006455,O1121090,2024-10-11,Not as Expected,Refunded
R4006456,O1115431,2023-12-29,Size Issue,Processing
R4006457,O1015988,2023-09-08,Size Issue,Refunded
R4006458,O1031495,2025-07-23,Not as Expected,Refunded
R4006459,O1032837,2023-06-15,Not as Expected,Refunded
R4006460,O1077901,2025-07-01,Not as Expected,Refunded
R4006461,O1025851,2024-05-23,Size Issue,Refunded
R4006462,O1013574,2025-10-26,Not as Expected,Refunded
R4006463,O1020461,2024-07-18,Changed Mind,Refunded
R4006464,O1157904,2024-06-21,Not as Expected,Refunded
R4006465,O1036102,2025-02-14,Wrong Item,Refunded
R4006466,O1130311,2025-08-31,Wrong Item,Refunded
R4006467,O1022024,2025-05-07,Damaged,Refunded
R4006468,O1033787,2024-07-28,Not as Expected,Refunded
R4006469,O1122758,2023-05-27,Late Delivery,Refunded
R4006470,O1096172,2024-08-23,Damaged,Refunded
R4006471,O1095771,2024-10-24,Wrong Item,Refunded
R4006472,O1149932,2025-05-30,Not as Expected,Refunded
R4006473,O1025874,2024-02-08,Not as Expected,Refunded
R4006474,O1118278,2025-06-08,Not as Expected,Refunded
R4006475,O1054271,2023-04-15,Not as Expected,Processing
R4006476,O1082650,2024-08-04,Wrong Item,Refunded
R4006477,O1044048,2023-04-12,Not as Expected,Refunded
R4006478,O1130303,2023-04-25,Wrong Item,Refunded
R4006479,O1133974,2024-11-30,Changed Mind,Refunded
R4006480,O1086103,2023-08-08,Changed Mind,Refunded
R4006481,O1128785,2023-11-10,Wrong Item,Refunded
R4006482,O1163322,2024-02-20,Damaged,Refunded
R4006483,O1073542,2024-09-18,Damaged,Refunded
R4006484,O1080629,2024-05-02,Changed Mind,Refunded
R4006485,O1127607,2023-07-31,Size Issue,Refunded
R4006486,O1057300,2025-05-04,Late Delivery,Refunded
R4006487,O1166011,2023-10-11,Not as Expected,Refunded
R4006488,O1008878,2024-04-20,Changed Mind,Refunded
R4006489,O1155531,2025-12-22,Changed Mind,Refunded
R4006490,O1166858,2025-04-27,Size Issue,Refunded
R4006491,O1014583,2025-07-14,Size Issue,Refunded
R4006492,O1123240,2023-07-31,Wrong Item,Refunded
R4006493,O1046384,2024-06-01,Wrong Item,Refunded
R4006494,O1029827,2024-11-07,Wrong Item,Refunded
R4006495,O1074550,2023-12-14,Not as Expected,Refunded
R4006496,O1111016,2023-11-07,Not as Expected,Refunded
R4006497,O1107786,2023-05-29,Damaged,Refunded
R4006498,O1092410,2024-05-10,Changed Mind,Refunded
R4006499,O1153758,2024-07-31,Size Issue,Refunded
R4006500,O1035445,2025-05-08,Not as Expected,Refunded
R4006501,O1121782,2023-03-18,Changed Mind,Refunded
R4006502,O1091895,2023-05-28,Changed Mind,Refunded
R4006503,O1073281,2024-05-21,Wrong Item,Refunded
R4006504,O1003471,2024-12-10,Changed Mind,Refunded
R4006505,O1077348,2025-04-30,Not as Expected,Processing
R4006506,O1122350,2024-08-09,Late Delivery,Refunded
R4006507,O1096900,2025-04-25,Size Issue,Refunded
R4006508,O1009717,2023-11-12,Damaged,Processing
R4006509,O1024764,2025-03-11,Changed Mind,Refunded
R4006510,O1023036,2025-07-16,Wrong Item,Refunded
R4006511,O1017356,2025-01-11,Damaged,Processing
R4006512,O1072813,2025-09-16,Damaged,Refunded
R4006513,O1161353,2023-09-22,Wrong Item,Refunded
R4006514,O1030902,2024-06-07,Late Delivery,Refunded
R4006515,O1042749,2024-12-30,Wrong Item,Refunded
R4006516,O1150659,2025-03-31,Damaged,Refunded
R4006517,O1089923,2023-08-20,Changed Mind,Refunded
R4006518,O1032595,2025-08-11,Not as Expected,Refunded
R4006519,O1102504,2023-11-19,Wrong Item,Refunded
R4006520,O1109386,2023-03-10,Changed Mind,Refunded
R4006521,O1125663,2023-01-10,Size Issue,Refunded
R4006522,O1039161,2025-11-26,Changed Mind,Refunded
R4006523,O1122707,2023-01-18,Damaged,Refunded
R4006524,O1167118,2024-05-20,Not as Expected,Refunded
R4006525,O1065165,2025-07-19,Late Delivery,Processing
R4006526,O1012685,2024-08-19,Wrong Item,Refunded
R4006527,O1172874,2023-12-18,Changed Mind,Refunded
R4006528,O1133181,2023-11-23,Damaged,Refunded
R4006529,O1092237,2025-06-06,Not as Expected,Refunded
R4006530,O1103267,2024-04-20,Not as Expected,Refunded
R4006531,O1091709,2023-03-13,Size Issue,Refunded
R4006532,O1042597,2023-10-17,Changed Mind,Refunded
R4006533,O1033821,2023-01-14,Size Issue,Refunded
R4006534,O1021679,2025-04-12,Size Issue,Refunded
R4006535,O1147665,2024-02-04,Damaged,Refunded
R4006536,O1027493,2024-03-11,Changed Mind,Refunded
R4006537,O1169118,2023-04-22,Size Issue,Refunded
R4006538,O1135018,2024-07-08,Damaged,Refunded
R4006539,O1041635,2023-07-13,Not as Expected,Refunded
R4006540,O1065929,2023-03-15,Changed Mind,Refunded
R4006541,O1165902,2023-12-06,Changed Mind,Refunded
R4006542,O1110479,2025-08-21,Damaged,Refunded
R4006543,O1104402,2024-01-25,Damaged,Refunded
R4006544,O1079784,2023-09-21,Wrong Item,Refunded
R4006545,O1165096,2024-05-08,Changed Mind,Refunded
R4006546,O1045024,2023-07-24,Late Delivery,Refunded
R4006547,O1162184,2023-02-08,Late Delivery,Refunded
R4006548,O1140973,2024-08-25,Size Issue,Processing
R4006549,O1162129,2024-08-16,Not as Expected,Refunded
R4006550,O1090014,2023-03-10,Wrong Item,Refunded
R4006551,O1002268,2023-11-21,Changed Mind,Refunded
R4006552,O1160888,2024-11-15,Size Issue,Refunded
R4006553,O1080154,2023-03-05,Size Issue,Refunded
R4006554,O1160229,2025-04-19,Late Delivery,Refunded
R4006555,O1167903,2023-01-12,Not as Expected,Refunded
R4006556,O1117886,2024-07-30,Size Issue,Refunded
R4006557,O1097651,2023-02-25,Not as Expected,Refunded
R4006558,O1139288,2024-05-29,Not as Expected,Refunded
R4006559,O1014570,2024-07-21,Wrong Item,Refunded
R4006560,O1000665,2024-07-14,Changed Mind,Refunded
R4006561,O1014801,2023-09-11,Damaged,Processing
R4006562,O1064524,2024-10-13,Wrong Item,Refunded
R4006563,O1012077,2026-01-07,Wrong Item,Refunded
R4006564,O1008090,2023-09-03,Not as Expected,Refunded
R4006565,O1177581,2024-11-05,Damaged,Processing
R4006566,O1009739,2025-03-18,Wrong Item,Refunded
R4006567,O1176426,2023-07-07,Late Delivery,Refunded
R4006568,O1100613,2023-05-20,Damaged,Refunded
R4006569,O1088270,2024-12-24,Not as Expected,Processing
R4006570,O1152766,2025-12-08,Wrong Item,Refunded
R4006571,O1166507,2024-11-10,Damaged,Refunded
R4006572,O1049038,2024-05-19,Wrong Item,Refunded
R4006573,O1053998,2023-09-09,Late Delivery,Refunded
R4006574,O1000554,2025-09-12,Wrong Item,Refunded
R4006575,O1110758,2023-03-07,Not as Expected,Refunded
R4006576,O1083434,2023-12-18,Late Delivery,Refunded
R4006577,O1124656,2023-12-17,Damaged,Refunded
R4006578,O1076616,2025-05-25,Not as Expected,Refunded
R4006579,O1024129,2024-07-31,Damaged,Refunded
R4006580,O1107138,2025-12-23,Not as Expected,Refunded
R4006581,O1063357,2025-11-07,Not as Expected,Processing
R4006582,O1040725,2025-01-02,Not as Expected,Refunded
R4006583,O1055560,2025-07-10,Wrong Item,Refunded
R4006584,O1098224,2024-05-05,Late Delivery,Refunded
R4006585,O1125998,2024-11-29,Not as Expected,Refunded
R4006586,O1086240,2023-12-22,Wrong Item,Refunded
R4006587,O1075092,2024-02-27,Wrong Item,Refunded
R4006588,O1142515,2024-06-10,Late Delivery,Refunded
R4006589,O1114166,2024-05-08,Not as Expected,Refunded
R4006590,O1095625,2023-06-25,Not as Expected,Refunded
R4006591,O1102637,2024-11-02,Wrong Item,Refunded
R4006592,O1062416,2025-11-15,Changed Mind,Refunded
R4006593,O1007703,2025-01-09,Size Issue,Refunded
R4006594,O1107987,2024-08-15,Not as Expected,Refunded
R4006595,O1110329,2024-10-17,Changed Mind,Refunded
R4006596,O1116380,2023-05-25,Damaged,Refunded
R4006597,O1143002,2024-12-30,Not as Expected,Refunded
R4006598,O1033967,2023-09-27,Changed Mind,Refunded
R4006599,O1143284,2024-04-08,Late Delivery,Refunded
R4006600,O1010064,2024-04-12,Changed Mind,Refunded
R4006601,O1041389,2025-03-24,Damaged,Refunded
R4006602,O1045587,2025-12-07,Size Issue,Refunded
R4006603,O1076742,2023-06-02,Size Issue,Refunded
R4006604,O1052623,2025-01-24,Damaged,Refunded
R4006605,O1001595,2025-03-25,Size Issue,Processing
R4006606,O1072547,2025-10-01,Changed Mind,Refunded
R4006607,O1147204,2024-07-29,Not as Expected,Refunded
R4006608,O1126286,2026-01-12,Not as Expected,Refunded
R4006609,O1082565,2025-06-06,Late Delivery,Refunded
R4006610,O1141275,2024-10-21,Not as Expected,Refunded
R4006611,O1139652,2024-10-29,Damaged,Refunded
R4006612,O1026782,2023-10-27,Not as Expected,Refunded
R4006613,O1137279,2023-06-16,Not as Expected,Refunded
R4006614,O1174003,2025-09-26,Wrong Item,Refunded
R4006615,O1130351,2024-06-01,Not as Expected,Refunded
R4006616,O1043688,2023-04-16,Damaged,Refunded
R4006617,O1094702,2025-03-05,Size Issue,Refunded
R4006618,O1133541,2023-11-28,Changed Mind,Refunded
R4006619,O1045169,2025-08-13,Wrong Item,Refunded
R4006620,O1149457,2025-01-14,Size Issue,Refunded
R4006621,O1176198,2024-06-08,Not as Expected,Refunded
R4006622,O1169748,2025-02-15,Damaged,Processing
R4006623,O1064596,2024-03-18,Not as Expected,Refunded
R4006624,O1088352,2024-08-12,Changed Mind,Refunded
R4006625,O1172429,2025-02-26,Damaged,Refunded
R4006626,O1047023,2024-12-25,Wrong Item,Refunded
R4006627,O1011238,2023-07-12,Damaged,Refunded
R4006628,O1065662,2024-11-17,Late Delivery,Refunded
R4006629,O1060933,2024-12-04,Size Issue,Refunded
R4006630,O1171698,2025-03-11,Damaged,Refunded
R4006631,O1129597,2025-04-20,Damaged,Refunded
R4006632,O1128589,2024-08-24,Size Issue,Refunded
R4006633,O1049578,2024-08-19,Size Issue,Refunded
R4006634,O1056387,2024-08-25,Not as Expected,Processing
R4006635,O1105468,2025-10-03,Not as Expected,Refunded
R4006636,O1042877,2023-03-11,Size Issue,Refunded
R4006637,O1119961,2024-01-09,Wrong Item,Refunded
R4006638,O1142742,2025-08-17,Late Delivery,Refunded
R4006639,O1091077,2023-08-04,Late Delivery,Refunded
R4006640,O1019409,2024-07-13,Wrong Item,Refunded
R4006641,O1091864,2025-08-26,Not as Expected,Processing
R4006642,O1174250,2024-12-20,Wrong Item,Refunded
R4006643,O1036708,2025-09-20,Changed Mind,Refunded
R4006644,O1045811,2024-04-26,Not as Expected,Refunded
R4006645,O1139484,2025-11-10,Size Issue,Refunded
R4006646,O1162649,2025-09-30,Size Issue,Refunded
R4006647,O1066451,2025-05-05,Not as Expected,Refunded
R4006648,O1032017,2024-04-16,Wrong Item,Refunded
R4006649,O1074831,2023-02-18,Damaged,Refunded
R4006650,O1150384,2024-10-10,Size Issue,Refunded
R4006651,O1075889,2025-10-26,Wrong Item,Processing
R4006652,O1163171,2025-01-19,Wrong Item,Refunded
R4006653,O1172012,2025-01-03,Late Delivery,Refunded
R4006654,O1041891,2023-07-21,Not as Expected,Refunded
R4006655,O1065520,2025-02-20,Changed Mind,Refunded
R4006656,O1179089,2024-02-03,Not as Expected,Processing
R4006657,O1041209,2024-03-22,Size Issue,Refunded
R4006658,O1103794,2024-05-28,Not as Expected,Refunded
R4006659,O1016111,2023-06-15,Not as Expected,Refunded
R4006660,O1058060,2024-11-13,Not as Expected,Refunded
R4006661,O1047344,2023-11-06,Damaged,Refunded
R4006662,O1110502,2024-09-17,Changed Mind,Refunded
R4006663,O1163201,2024-08-22,Late Delivery,Refunded
R4006664,O1179084,2025-02-11,Late Delivery,Refunded
R4006665,O1067322,2024-08-01,Wrong Item,Refunded
R4006666,O1082991,2025-01-09,Wrong Item,Refunded
R4006667,O1143585,2025-01-31,Not as Expected,Refunded
R4006668,O1097054,2023-11-25,Not as Expected,Refunded
R4006669,O1034540,2023-03-24,Changed Mind,Refunded
R4006670,O1172270,2023-05-05,Damaged,Refunded
R4006671,O1106690,2025-09-25,Not as Expected,Refunded
R4006672,O1030428,2025-11-09,Changed Mind,Refunded
R4006673,O1142824,2023-08-08,Wrong Item,Refunded
R4006674,O1016464,2023-04-20,Wrong Item,Refunded
R4006675,O1108234,2023-03-18,Damaged,Refunded
R4006676,O1118688,2023-08-10,Not as Expected,Refunded
R4006677,O1157956,2025-01-01,Not as Expected,Refunded
R4006678,O1107007,2025-10-07,Changed Mind,Refunded
R4006679,O1030022,2023-07-23,Late Delivery,Refunded
R4006680,O1005504,2025-04-04,Late Delivery,Refunded
R4006681,O1091292,2023-09-18,Changed Mind,Refunded
R4006682,O1166980,2025-04-12,Damaged,Refunded
R4006683,O1037553,2024-10-25,Size Issue,Refunded
R4006684,O1171021,2025-07-28,Damaged,Refunded
R4006685,O1096425,2024-01-17,Late Delivery,Processing
R4006686,O1127815,2025-11-23,Not as Expected,Refunded
R4006687,O1136255,2025-11-26,Size Issue,Refunded
R4006688,O1174128,2025-09-25,Not as Expected,Refunded
R4006689,O1126896,2024-12-22,Not as Expected,Refunded
R4006690,O1096879,2025-04-04,Late Delivery,Refunded
R4006691,O1014628,2025-03-01,Changed Mind,Refunded
R4006692,O1088950,2024-08-07,Late Delivery,Refunded
R4006693,O1091485,2025-04-13,Not as Expected,Refunded
R4006694,O1170273,2025-09-07,Not as Expected,Refunded
R4006695,O1058850,2024-06-02,Size Issue,Refunded
R4006696,O1178348,2023-03-13,Changed Mind,Refunded
R4006697,O1114855,2023-11-13,Damaged,Refunded
R4006698,O1089653,2024-04-02,Damaged,Refunded
R4006699,O1109873,2025-12-01,Wrong Item,Refunded
R4006700,O1104569,2025-08-22,Changed Mind,Refunded
R4006701,O1175159,2024-11-12,Late Delivery,Refunded
R4006702,O1176417,2025-12-15,Changed Mind,Refunded
R4006703,O1043213,2025-05-14,Damaged,Refunded
R4006704,O1012429,2023-02-28,Not as Expected,Refunded
R4006705,O1087921,2024-09-04,Changed Mind,Refunded
R4006706,O1100538,2023-04-11,Not as Expected,Refunded
R4006707,O1119903,2024-03-12,Wrong Item,Refunded
R4006708,O1063858,2024-12-16,Size Issue,Refunded
R4006709,O1169987,2023-10-10,Changed Mind,Refunded
R4006710,O1165786,2023-04-22,Size Issue,Refunded
R4006711,O1057228,2024-06-13,Wrong Item,Refunded
R4006712,O1085306,2025-06-20,Damaged,Refunded
R4006713,O1025830,2025-04-12,Damaged,Refunded
R4006714,O1012334,2023-08-24,Damaged,Refunded
R4006715,O1088836,2023-09-12,Changed Mind,Refunded
R4006716,O1028547,2025-05-24,Size Issue,Refunded
R4006717,O1100221,2023-11-28,Damaged,Refunded
R4006718,O1043841,2024-09-04,Not as Expected,Refunded
R4006719,O1098556,2023-08-04,Wrong Item,Refunded
R4006720,O1062579,2025-04-11,Not as Expected,Refunded
R4006721,O1037267,2024-09-11,Late Delivery,Processing
R4006722,O1098355,2024-02-21,Wrong Item,Refunded
R4006723,O1061914,2025-02-20,Not as Expected,Refunded
R4006724,O1113448,2025-01-26,Damaged,Processing
R4006725,O1053463,2025-07-13,Damaged,Refunded
R4006726,O1174420,2025-06-15,Wrong Item,Refunded
R4006727,O1004188,2023-04-01,Size Issue,Processing
R4006728,O1152355,2024-08-29,Changed Mind,Processing
R4006729,O1113093,2023-10-13,Not as Expected,Refunded
R4006730,O1024347,2024-05-10,Late Delivery,Refunded
R4006731,O1111260,2025-07-06,Late Delivery,Refunded
R4006732,O1119851,2023-06-28,Changed Mind,Refunded
R4006733,O1046502,2024-05-30,Changed Mind,Refunded
R4006734,O1091830,2024-02-15,Late Delivery,Refunded
R4006735,O1025101,2023-01-30,Size Issue,Refunded
R4006736,O1119301,2023-03-19,Late Delivery,Refunded
R4006737,O1074984,2023-10-11,Not as Expected,Refunded
R4006738,O1048923,2025-02-27,Not as Expected,Refunded
R4006739,O1105596,2023-06-02,Changed Mind,Processing
R4006740,O1013745,2024-04-14,Wrong Item,Refunded
R4006741,O1086273,2025-07-15,Late Delivery,Processing
R4006742,O1072022,2023-12-27,Late Delivery,Refunded
R4006743,O1115182,2024-11-08,Damaged,Refunded
R4006744,O1159226,2023-11-22,Changed Mind,Refunded
R4006745,O1018820,2023-10-28,Not as Expected,Refunded
R4006746,O1136716,2025-12-05,Not as Expected,Refunded
R4006747,O1086692,2024-04-25,Not as Expected,Refunded
R4006748,O1036142,2023-03-01,Wrong Item,Refunded
R4006749,O1104997,2023-12-06,Not as Expected,Refunded
R4006750,O1093859,2024-07-27,Late Delivery,Refunded
R4006751,O1129625,2023-08-22,Not as Expected,Refunded
R4006752,O1146058,2023-04-08,Size Issue,Refunded
R4006753,O1060385,2025-07-24,Size Issue,Refunded
R4006754,O1019365,2024-12-10,Damaged,Refunded
R4006755,O1016566,2025-09-07,Damaged,Refunded
R4006756,O1005620,2025-08-06,Not as Expected,Refunded
R4006757,O1003311,2023-10-17,Damaged,Refunded
R4006758,O1106679,2024-03-18,Not as Expected,Refunded
R4006759,O1060514,2024-12-21,Not as Expected,Refunded
R4006760,O1124780,2023-09-07,Late Delivery,Refunded
R4006761,O1165514,2024-03-08,Size Issue,Refunded
R4006762,O1147141,2025-01-27,Not as Expected,Refunded
R4006763,O1103955,2023-12-06,Wrong Item,Refunded
R4006764,O1023468,2024-07-02,Not as Expected,Refunded
R4006765,O1140542,2023-12-16,Late Delivery,Refunded
R4006766,O1029269,2024-12-30,Damaged,Refunded
R4006767,O1022984,2025-12-24,Not as Expected,Refunded
R4006768,O1031393,2025-01-27,Wrong Item,Refunded
R4006769,O1103281,2024-05-17,Late Delivery,Refunded
R4006770,O1045910,2025-07-24,Damaged,Processing
R4006771,O1090630,2025-11-26,Damaged,Refunded
R4006772,O1014657,2024-01-01,Changed Mind,Refunded
R4006773,O1080473,2025-05-02,Damaged,Refunded
R4006774,O1117295,2023-06-04,Changed Mind,Refunded
R4006775,O1170206,2025-10-12,Not as Expected,Refunded
R4006776,O1111766,2023-10-27,Size Issue,Refunded
R4006777,O1033656,2023-12-14,Changed Mind,Refunded
R4006778,O1102072,2023-12-21,Damaged,Refunded
R4006779,O1018307,2025-04-27,Not as Expected,Refunded
R4006780,O1087212,2023-06-01,Late Delivery,Refunded
R4006781,O1029840,2024-10-08,Late Delivery,Refunded
R4006782,O1115188,2024-09-29,Late Delivery,Refunded
R4006783,O1113450,2024-09-16,Wrong Item,Refunded
R4006784,O1160938,2024-12-26,Not as Expected,Refunded
R4006785,O1046606,2024-03-20,Not as Expected,Refunded
R4006786,O1160570,2024-09-08,Not as Expected,Refunded
R4006787,O1038683,2025-01-27,Late Delivery,Refunded
R4006788,O1092360,2023-03-05,Damaged,Refunded
R4006789,O1056734,2025-04-16,Late Delivery,Refunded
R4006790,O1159808,2025-04-16,Wrong Item,Refunded
R4006791,O1060915,2025-12-22,Late Delivery,Refunded
R4006792,O1133154,2023-05-30,Size Issue,Refunded
R4006793,O1151687,2025-02-02,Late Delivery,Refunded
R4006794,O1176044,2023-05-06,Size Issue,Refunded
R4006795,O1152574,2024-09-03,Size Issue,Refunded
R4006796,O1176961,2025-12-23,Not as Expected,Refunded
R4006797,O1005867,2025-12-20,Wrong Item,Refunded
R4006798,O1131904,2023-07-23,Size Issue,Refunded
R4006799,O1104094,2023-04-18,Wrong Item,Refunded
R4006800,O1096727,2024-08-31,Not as Expected,Refunded
R4006801,O1148533,2025-09-03,Not as Expected,Refunded
R4006802,O1098088,2025-12-20,Wrong Item,Refunded
R4006803,O1056707,2025-11-07,Not as Expected,Refunded
R4006804,O1083031,2024-11-28,Late Delivery,Refunded
R4006805,O1082087,2024-05-24,Late Delivery,Refunded
R4006806,O1029066,2025-07-11,Damaged,Refunded
R4006807,O1142865,2025-07-11,Wrong Item,Refunded
R4006808,O1147203,2024-12-23,Size Issue,Refunded
R4006809,O1100315,2023-07-22,Late Delivery,Refunded
R4006810,O1082447,2025-04-28,Damaged,Refunded
R4006811,O1057545,2024-08-26,Late Delivery,Refunded
R4006812,O1087874,2025-11-26,Damaged,Refunded
R4006813,O1110838,2025-06-21,Size Issue,Refunded
R4006814,O1066489,2023-03-24,Not as Expected,Refunded
R4006815,O1007594,2024-09-17,Wrong Item,Refunded
R4006816,O1168694,2025-03-24,Size Issue,Refunded
R4006817,O1036404,2023-10-09,Changed Mind,Refunded
R4006818,O1161687,2024-06-21,Not as Expected,Refunded
R4006819,O1132416,2025-02-06,Damaged,Refunded
R4006820,O1001257,2024-08-14,Wrong Item,Refunded
R4006821,O1134278,2025-12-17,Wrong Item,Refunded
R4006822,O1078760,2024-07-01,Changed Mind,Refunded
R4006823,O1177468,2025-05-13,Wrong Item,Refunded
R4006824,O1087694,2023-01-28,Not as Expected,Refunded
R4006825,O1053338,2025-12-31,Damaged,Refunded
R4006826,O1178701,2023-05-13,Wrong Item,Refunded
R4006827,O1118186,2024-09-15,Late Delivery,Refunded
R4006828,O1140480,2023-03-14,Size Issue,Refunded
R4006829,O1160331,2024-11-24,Changed Mind,Refunded
R4006830,O1092616,2025-12-02,Size Issue,Refunded
R4006831,O1067384,2025-03-15,Not as Expected,Refunded
R4006832,O1146005,2024-08-17,Not as Expected,Refunded
R4006833,O1166803,2024-10-21,Not as Expected,Refunded
R4006834,O1041032,2024-05-10,Not as Expected,Refunded
R4006835,O1128091,2025-01-13,Late Delivery,Refunded
R4006836,O1002800,2024-05-22,Not as Expected,Refunded
R4006837,O1019153,2023-12-19,Damaged,Refunded
R4006838,O1055585,2024-03-24,Not as Expected,Refunded
R4006839,O1135848,2023-08-16,Late Delivery,Refunded
R4006840,O1161690,2023-10-15,Not as Expected,Refunded
R4006841,O1015477,2024-10-01,Size Issue,Refunded
R4006842,O1022241,2025-08-07,Not as Expected,Refunded
R4006843,O1101115,2023-01-19,Wrong Item,Refunded
R4006844,O1014167,2023-10-23,Late Delivery,Refunded
R4006845,O1067007,2023-07-12,Not as Expected,Refunded
R4006846,O1016780,2024-09-23,Not as Expected,Refunded
R4006847,O1078255,2025-11-26,Changed Mind,Refunded
R4006848,O1026387,2023-12-15,Not as Expected,Refunded
R4006849,O1118388,2024-05-30,Not as Expected,Processing
R4006850,O1010967,2025-02-08,Late Delivery,Refunded
R4006851,O1051067,2023-04-01,Not as Expected,Refunded
R4006852,O1003451,2023-04-28,Not as Expected,Refunded
R4006853,O1099656,2024-04-10,Changed Mind,Refunded
R4006854,O1083480,2023-02-26,Changed Mind,Refunded
R4006855,O1138077,2023-09-05,Not as Expected,Refunded
R4006856,O1063147,2024-04-16,Wrong Item,Refunded
R4006857,O1038558,2025-06-23,Changed Mind,Refunded
R4006858,O1003448,2025-02-03,Wrong Item,Refunded
R4006859,O1009971,2024-08-17,Damaged,Refunded
R4006860,O1099765,2025-04-04,Damaged,Refunded
R4006861,O1069366,2023-02-01,Not as Expected,Refunded
R4006862,O1155676,2023-07-01,Wrong Item,Refunded
R4006863,O1123253,2025-03-09,Damaged,Refunded
R4006864,O1012672,2026-01-09,Not as Expected,Processing
R4006865,O1031727,2025-10-23,Size Issue,Refunded
R4006866,O1172312,2023-04-03,Damaged,Refunded
R4006867,O1174736,2023-09-07,Size Issue,Refunded
R4006868,O1100164,2025-07-26,Wrong Item,Refunded
R4006869,O1125191,2023-06-01,Not as Expected,Refunded
R4006870,O1147514,2024-11-16,Size Issue,Refunded
R4006871,O1168340,2025-12-08,Late Delivery,Refunded
R4006872,O1034646,2023-08-23,Size Issue,Refunded
R4006873,O1117461,2025-02-19,Damaged,Refunded
R4006874,O1028711,2023-04-23,Not as Expected,Refunded
R4006875,O1107737,2025-10-25,Not as Expected,Refunded
R4006876,O1139654,2024-07-13,Late Delivery,Processing
R4006877,O1058100,2025-09-27,Changed Mind,Refunded
R4006878,O1088835,2024-10-04,Size Issue,Refunded
R4006879,O1100991,2025-01-21,Wrong Item,Refunded
R4006880,O1094096,2023-10-07,Changed Mind,Refunded
R4006881,O1058519,2024-01-17,Not as Expected,Refunded
R4006882,O1048400,2023-04-13,Size Issue,Refunded
R4006883,O1102046,2024-09-22,Size Issue,Refunded
R4006884,O1090948,2023-12-18,Wrong Item,Refunded
R4006885,O1170644,2023-03-11,Not as Expected,Refunded
R4006886,O1059766,2023-12-08,Changed Mind,Refunded
R4006887,O1139997,2025-01-09,Not as Expected,Processing
R4006888,O1062609,2025-02-28,Damaged,Refunded
R4006889,O1175258,2024-08-22,Size Issue,Refunded
R4006890,O1157343,2023-06-23,Late Delivery,Refunded
R4006891,O1025362,2024-08-07,Size Issue,Refunded
R4006892,O1103909,2023-06-28,Not as Expected,Refunded
R4006893,O1140147,2023-06-20,Wrong Item,Refunded
R4006894,O1035394,2023-03-22,Damaged,Refunded
R4006895,O1049906,2024-03-29,Changed Mind,Refunded
R4006896,O1022066,2024-11-17,Changed Mind,Refunded
R4006897,O1084932,2025-07-04,Changed Mind,Refunded
R4006898,O1091507,2024-08-28,Size Issue,Refunded
R4006899,O1006304,2025-02-17,Changed Mind,Refunded
R4006900,O1002584,2025-01-05,Not as Expected,Refunded
R4006901,O1091076,2024-06-24,Damaged,Refunded
R4006902,O1026577,2025-05-14,Not as Expected,Processing
R4006903,O1129428,2025-01-04,Not as Expected,Refunded
R4006904,O1132515,2025-05-18,Changed Mind,Refunded
R4006905,O1028470,2024-09-15,Not as Expected,Refunded
R4006906,O1149853,2024-01-15,Not as Expected,Refunded
R4006907,O1175811,2024-07-24,Not as Expected,Refunded
R4006908,O1027227,2023-02-03,Late Delivery,Refunded
R4006909,O1026882,2024-11-14,Changed Mind,Refunded
R4006910,O1032695,2025-09-08,Wrong Item,Refunded
R4006911,O1143057,2023-07-30,Damaged,Refunded
R4006912,O1152783,2023-12-15,Wrong Item,Refunded
R4006913,O1139908,2024-07-12,Wrong Item,Refunded
R4006914,O1137799,2023-11-25,Late Delivery,Refunded
R4006915,O1139699,2025-09-18,Damaged,Refunded
R4006916,O1089887,2024-06-01,Not as Expected,Refunded
R4006917,O1110021,2023-10-11,Changed Mind,Refunded
R4006918,O1123388,2023-02-06,Damaged,Refunded
R4006919,O1073353,2025-11-24,Wrong Item,Refunded
R4006920,O1171854,2023-10-22,Wrong Item,Refunded
R4006921,O1146942,2024-02-02,Not as Expected,Refunded
R4006922,O1118043,2024-11-24,Damaged,Refunded
R4006923,O1075887,2024-10-15,Not as Expected,Refunded
R4006924,O1031404,2025-09-03,Damaged,Refunded
R4006925,O1037371,2025-09-01,Not as Expected,Refunded
R4006926,O1165598,2024-11-14,Damaged,Refunded
R4006927,O1174199,2025-06-08,Late Delivery,Refunded
R4006928,O1077393,2024-02-16,Not as Expected,Refunded
R4006929,O1030131,2025-03-09,Damaged,Refunded
R4006930,O1110619,2024-01-28,Not as Expected,Refunded
R4006931,O1132112,2023-05-21,Damaged,Refunded
R4006932,O1172470,2023-10-29,Not as Expected,Refunded
R4006933,O1065081,2025-07-05,Size Issue,Processing
R4006934,O1056754,2024-04-27,Size Issue,Refunded
R4006935,O1084288,2025-02-12,Not as Expected,Refunded
R4006936,O1060509,2025-03-12,Not as Expected,Refunded
R4006937,O1016418,2023-02-25,Wrong Item,Refunded
R4006938,O1125024,2025-04-26,Changed Mind,Refunded
R4006939,O1155802,2025-09-06,Not as Expected,Refunded
R4006940,O1005477,2024-08-04,Changed Mind,Refunded
R4006941,O1046055,2025-03-05,Not as Expected,Refunded
R4006942,O1078059,2025-05-22,Not as Expected,Refunded
R4006943,O1017495,2024-06-27,Damaged,Refunded
R4006944,O1030210,2023-08-02,Late Delivery,Refunded
R4006945,O1073832,2024-01-18,Damaged,Refunded
R4006946,O1082403,2025-11-09,Not as Expected,Refunded
R4006947,O1089639,2024-11-29,Size Issue,Refunded
R4006948,O1131664,2023-09-08,Not as Expected,Refunded
R4006949,O1111433,2023-06-28,Damaged,Refunded
R4006950,O1166344,2023-03-15,Damaged,Refunded
R4006951,O1072278,2025-01-08,Size Issue,Refunded
R4006952,O1178395,2025-04-14,Late Delivery,Refunded
R4006953,O1079697,2023-03-29,Not as Expected,Refunded
R4006954,O1140767,2025-06-26,Changed Mind,Refunded
R4006955,O1102459,2024-02-14,Late Delivery,Refunded
R4006956,O1072316,2023-02-27,Damaged,Refunded
R4006957,O1171906,2024-09-08,Damaged,Refunded
R4006958,O1077237,2024-03-09,Damaged,Refunded
R4006959,O1028490,2024-04-12,Size Issue,Processing
R4006960,O1150597,2024-06-23,Damaged,Refunded
R4006961,O1135901,2024-11-07,Late Delivery,Refunded
R4006962,O1112048,2025-12-03,Wrong Item,Refunded
R4006963,O1030386,2025-10-26,Size Issue,Refunded
R4006964,O1169151,2023-10-12,Size Issue,Refunded
R4006965,O1148131,2025-03-14,Late Delivery,Refunded
R4006966,O1056330,2025-02-05,Damaged,Refunded
R4006967,O1083265,2023-05-04,Late Delivery,Refunded
R4006968,O1074561,2024-05-04,Not as Expected,Refunded
R4006969,O1111363,2024-12-11,Not as Expected,Refunded
R4006970,O1068120,2024-03-03,Wrong Item,Refunded
R4006971,O1035960,2024-11-22,Not as Expected,Refunded
R4006972,O1145164,2023-07-18,Late Delivery,Refunded
R4006973,O1127638,2023-12-25,Size Issue,Refunded
R4006974,O1101817,2024-07-12,Late Delivery,Refunded
R4006975,O1031515,2026-01-03,Late Delivery,Refunded
R4006976,O1075768,2025-10-17,Damaged,Refunded
R4006977,O1128637,2024-06-28,Size Issue,Refunded
R4006978,O1024622,2025-10-12,Size Issue,Refunded
R4006979,O1058204,2023-03-19,Not as Expected,Refunded
R4006980,O1013292,2024-04-14,Not as Expected,Refunded
R4006981,O1133420,2025-09-19,Not as Expected,Refunded
R4006982,O1112092,2023-10-29,Late Delivery,Refunded
R4006983,O1126218,2024-08-12,Changed Mind,Refunded
R4006984,O1095681,2025-10-09,Not as Expected,Refunded
R4006985,O1165802,2023-02-06,Late Delivery,Refunded
R4006986,O1168814,2024-06-15,Late Delivery,Refunded
R4006987,O1039967,2025-12-21,Wrong Item,Refunded
R4006988,O1162033,2025-04-27,Changed Mind,Refunded
R4006989,O1033510,2024-07-10,Size Issue,Refunded
R4006990,O1104218,2024-01-09,Wrong Item,Refunded
R4006991,O1038363,2024-05-30,Changed Mind,Refunded
R4006992,O1069059,2025-03-07,Size Issue,Processing
R4006993,O1077700,2023-08-30,Damaged,Refunded
R4006994,O1158943,2023-06-09,Size Issue,Refunded
R4006995,O1014314,2024-07-26,Damaged,Refunded
R4006996,O1087815,2025-11-03,Not as Expected,Refunded
R4006997,O1080580,2024-03-15,Late Delivery,Refunded
R4006998,O1109829,2024-07-27,Changed Mind,Refunded
R4006999,O1017012,2025-01-03,Size Issue,Refunded
R4007000,O1154371,2025-03-31,Wrong Item,Refunded
R4007001,O1114379,2024-11-13,Wrong Item,Refunded
R4007002,O1095242,2024-08-24,Damaged,Refunded
R4007003,O1067689,2025-06-02,Damaged,Refunded
R4007004,O1150750,2023-05-10,Not as Expected,Refunded
R4007005,O1129869,2023-05-17,Late Delivery,Processing
R4007006,O1172756,2025-07-23,Not as Expected,Refunded
R4007007,O1135245,2024-04-12,Changed Mind,Refunded
R4007008,O1004907,2023-12-18,Changed Mind,Refunded
R4007009,O1057395,2023-08-17,Damaged,Refunded
R4007010,O1014599,2025-05-20,Wrong Item,Refunded
R4007011,O1094478,2025-07-03,Size Issue,Refunded
R4007012,O1145225,2025-01-11,Not as Expected,Refunded
R4007013,O1055490,2024-09-16,Late Delivery,Refunded
R4007014,O1154436,2024-07-31,Wrong Item,Refunded
R4007015,O1027230,2025-12-16,Changed Mind,Refunded
R4007016,O1132474,2025-01-13,Size Issue,Refunded
R4007017,O1105254,2024-02-27,Not as Expected,Refunded
R4007018,O1063774,2023-04-19,Changed Mind,Refunded
R4007019,O1059292,2025-11-17,Damaged,Refunded
R4007020,O1154430,2023-12-02,Changed Mind,Refunded
R4007021,O1055835,2024-02-25,Size Issue,Refunded
R4007022,O1136061,2025-02-21,Size Issue,Refunded
R4007023,O1109937,2025-04-11,Changed Mind,Refunded
R4007024,O1006401,2024-11-15,Size Issue,Refunded
R4007025,O1067773,2024-08-21,Damaged,Refunded
R4007026,O1039949,2023-06-26,Size Issue,Refunded
R4007027,O1143088,2023-04-03,Late Delivery,Refunded
R4007028,O1162624,2023-03-01,Not as Expected,Refunded
R4007029,O1091551,2025-11-04,Late Delivery,Refunded
R4007030,O1029131,2024-01-30,Damaged,Refunded
R4007031,O1020205,2024-07-16,Not as Expected,Refunded
R4007032,O1030056,2025-10-10,Not as Expected,Refunded
R4007033,O1132789,2024-05-28,Late Delivery,Refunded
R4007034,O1152978,2024-12-05,Not as Expected,Processing
R4007035,O1140905,2026-01-01,Not as Expected,Refunded
R4007036,O1068175,2024-11-21,Not as Expected,Refunded
R4007037,O1092888,2023-04-09,Not as Expected,Refunded
R4007038,O1098111,2024-09-28,Damaged,Refunded
R4007039,O1129234,2025-01-02,Not as Expected,Refunded
R4007040,O1167772,2024-07-18,Wrong Item,Refunded
R4007041,O1145380,2023-04-12,Not as Expected,Refunded
R4007042,O1029080,2024-01-21,Not as Expected,Refunded
R4007043,O1131436,2023-12-29,Wrong Item,Refunded
R4007044,O1155095,2023-10-23,Damaged,Processing
R4007045,O1133911,2025-09-07,Changed Mind,Refunded
R4007046,O1095020,2023-01-13,Late Delivery,Refunded
R4007047,O1041755,2025-12-10,Not as Expected,Refunded
R4007048,O1079325,2023-05-14,Late Delivery,Processing
R4007049,O1105990,2023-04-15,Changed Mind,Refunded
R4007050,O1148274,2025-10-18,Size Issue,Refunded
R4007051,O1080683,2025-04-05,Wrong Item,Refunded
R4007052,O1070170,2023-05-10,Late Delivery,Refunded
R4007053,O1089759,2024-11-24,Wrong Item,Refunded
R4007054,O1081730,2025-02-26,Size Issue,Refunded
R4007055,O1150041,2025-03-10,Not as Expected,Refunded
R4007056,O1092787,2025-03-18,Size Issue,Refunded
R4007057,O1173381,2025-04-22,Late Delivery,Processing
R4007058,O1122369,2025-05-08,Not as Expected,Refunded
R4007059,O1153264,2023-05-30,Not as Expected,Refunded
R4007060,O1061341,2025-07-06,Damaged,Processing
R4007061,O1058825,2024-10-01,Late Delivery,Refunded
R4007062,O1004405,2024-08-30,Damaged,Refunded
R4007063,O1029432,2024-12-22,Not as Expected,Refunded
R4007064,O1039666,2025-04-24,Size Issue,Refunded
R4007065,O1053029,2023-07-26,Not as Expected,Refunded
R4007066,O1158979,2023-09-06,Not as Expected,Refunded
R4007067,O1151623,2025-06-25,Not as Expected,Refunded
R4007068,O1158769,2024-06-18,Size Issue,Refunded
R4007069,O1129304,2025-10-04,Size Issue,Refunded
R4007070,O1101576,2024-01-29,Late Delivery,Refunded
R4007071,O1026200,2025-11-15,Not as Expected,Refunded
R4007072,O1004373,2026-01-06,Changed Mind,Refunded
R4007073,O1011204,2024-10-19,Late Delivery,Refunded
R4007074,O1136005,2023-09-06,Damaged,Refunded
R4007075,O1040951,2023-12-23,Wrong Item,Refunded
R4007076,O1091259,2024-02-25,Size Issue,Refunded
R4007077,O1017923,2024-05-23,Size Issue,Refunded
R4007078,O1158194,2023-11-14,Changed Mind,Refunded
R4007079,O1106009,2024-08-02,Wrong Item,Refunded
R4007080,O1099578,2024-10-03,Not as Expected,Refunded
R4007081,O1027135,2023-08-24,Wrong Item,Refunded
R4007082,O1050711,2023-06-30,Not as Expected,Refunded
R4007083,O1013645,2025-12-17,Size Issue,Refunded
R4007084,O1132217,2023-03-14,Wrong Item,Refunded
R4007085,O1077759,2024-01-19,Changed Mind,Refunded
R4007086,O1141877,2024-08-21,Changed Mind,Refunded
R4007087,O1137385,2025-07-14,Not as Expected,Refunded
R4007088,O1151982,2024-12-30,Size Issue,Refunded
R4007089,O1053076,2023-11-13,Changed Mind,Refunded
R4007090,O1165322,2025-02-25,Not as Expected,Refunded
R4007091,O1051037,2025-12-29,Not as Expected,Refunded
R4007092,O1036133,2025-12-25,Not as Expected,Refunded
R4007093,O1003474,2024-11-11,Changed Mind,Refunded
R4007094,O1038816,2024-10-23,Damaged,Refunded
R4007095,O1054262,2023-02-08,Late Delivery,Refunded
R4007096,O1082019,2026-01-05,Size Issue,Refunded
R4007097,O1044023,2024-08-20,Damaged,Refunded
R4007098,O1019893,2024-07-05,Damaged,Refunded
R4007099,O1064664,2024-08-17,Damaged,Refunded
R4007100,O1081681,2023-11-12,Changed Mind,Refunded
R4007101,O1096831,2024-09-20,Size Issue,Refunded
R4007102,O1165384,2023-05-30,Late Delivery,Refunded
R4007103,O1008382,2023-08-31,Damaged,Refunded
R4007104,O1109170,2023-09-24,Changed Mind,Refunded
R4007105,O1120863,2024-07-28,Not as Expected,Refunded
R4007106,O1104037,2025-10-21,Damaged,Refunded
R4007107,O1000304,2023-09-13,Size Issue,Refunded
R4007108,O1158708,2024-01-28,Wrong Item,Refunded
R4007109,O1080957,2024-04-17,Not as Expected,Refunded
R4007110,O1155054,2024-11-18,Damaged,Refunded
R4007111,O1162171,2023-12-06,Not as Expected,Refunded
R4007112,O1102010,2024-06-30,Changed Mind,Refunded
R4007113,O1092844,2025-10-13,Late Delivery,Refunded
R4007114,O1007397,2023-08-17,Damaged,Refunded
R4007115,O1148727,2025-08-19,Size Issue,Refunded
R4007116,O1098593,2025-03-03,Damaged,Refunded
R4007117,O1127139,2023-06-08,Changed Mind,Refunded
R4007118,O1151214,2023-02-27,Not as Expected,Refunded
R4007119,O1071112,2025-12-05,Changed Mind,Refunded
R4007120,O1101184,2024-07-26,Size Issue,Refunded
R4007121,O1011415,2024-03-05,Wrong Item,Refunded
R4007122,O1073247,2024-06-09,Wrong Item,Refunded
R4007123,O1060298,2024-06-21,Size Issue,Refunded
R4007124,O1131202,2023-12-08,Damaged,Refunded
R4007125,O1170404,2023-01-25,Wrong Item,Refunded
R4007126,O1025085,2024-03-12,Not as Expected,Refunded
R4007127,O1111731,2023-11-13,Not as Expected,Refunded
R4007128,O1097892,2023-09-17,Wrong Item,Refunded
R4007129,O1099796,2023-09-18,Size Issue,Refunded
R4007130,O1138635,2024-06-06,Wrong Item,Refunded
R4007131,O1174735,2023-05-10,Wrong Item,Refunded
R4007132,O1167994,2025-12-04,Size Issue,Refunded
R4007133,O1081770,2024-05-17,Damaged,Refunded
R4007134,O1023215,2023-05-25,Late Delivery,Refunded
R4007135,O1084383,2023-11-16,Late Delivery,Refunded
R4007136,O1100773,2025-01-24,Damaged,Refunded
R4007137,O1082628,2025-08-28,Size Issue,Refunded
R4007138,O1098777,2024-07-15,Late Delivery,Refunded
R4007139,O1062152,2024-03-20,Not as Expected,Refunded
R4007140,O1143194,2023-09-03,Not as Expected,Refunded
R4007141,O1028013,2023-05-08,Wrong Item,Refunded
R4007142,O1078269,2025-08-24,Late Delivery,Refunded
R4007143,O1017577,2025-03-13,Damaged,Refunded
R4007144,O1011013,2023-08-09,Not as Expected,Refunded
R4007145,O1111793,2023-08-10,Late Delivery,Refunded
R4007146,O1060277,2023-09-17,Not as Expected,Refunded
R4007147,O1017979,2024-03-20,Wrong Item,Refunded
R4007148,O1090773,2023-04-07,Wrong Item,Refunded
R4007149,O1053220,2025-06-11,Changed Mind,Refunded
R4007150,O1027236,2023-06-21,Damaged,Processing
R4007151,O1122345,2025-09-04,Late Delivery,Refunded
R4007152,O1032822,2024-11-26,Late Delivery,Refunded
R4007153,O1063412,2023-09-12,Wrong Item,Refunded
R4007154,O1032527,2025-05-31,Damaged,Refunded
R4007155,O1130087,2023-04-04,Size Issue,Refunded
R4007156,O1132641,2024-02-27,Damaged,Refunded
R4007157,O1077351,2024-02-02,Wrong Item,Refunded
R4007158,O1122747,2024-05-11,Wrong Item,Refunded
R4007159,O1041783,2025-04-12,Size Issue,Refunded
R4007160,O1085608,2025-07-04,Wrong Item,Refunded
R4007161,O1075996,2024-03-05,Late Delivery,Refunded
R4007162,O1125027,2025-12-20,Damaged,Refunded
R4007163,O1007522,2023-09-03,Wrong Item,Refunded
R4007164,O1092018,2024-02-11,Changed Mind,Refunded
R4007165,O1136315,2025-06-27,Not as Expected,Refunded
R4007166,O1153814,2024-01-12,Late Delivery,Refunded
R4007167,O1137454,2023-03-22,Not as Expected,Refunded
R4007168,O1116313,2025-12-05,Not as Expected,Refunded
R4007169,O1001428,2024-07-25,Not as Expected,Refunded
R4007170,O1035604,2023-03-11,Size Issue,Refunded
R4007171,O1133455,2025-01-23,Changed Mind,Refunded
R4007172,O1177002,2025-09-16,Late Delivery,Refunded
R4007173,O1001551,2023-10-29,Late Delivery,Refunded
R4007174,O1048434,2023-03-17,Size Issue,Refunded
R4007175,O1073726,2024-11-25,Size Issue,Refunded
R4007176,O1101057,2024-08-28,Size Issue,Processing
R4007177,O1000865,2023-09-08,Size Issue,Refunded
R4007178,O1146279,2024-03-22,Damaged,Refunded
R4007179,O1018102,2025-03-21,Damaged,Refunded
R4007180,O1037590,2024-06-24,Size Issue,Refunded
R4007181,O1117097,2024-05-16,Wrong Item,Refunded
R4007182,O1035390,2025-01-28,Size Issue,Refunded
R4007183,O1107473,2024-06-04,Size Issue,Refunded
R4007184,O1135090,2023-09-25,Late Delivery,Refunded
R4007185,O1019144,2025-03-29,Damaged,Refunded
R4007186,O1083828,2025-07-12,Damaged,Refunded
R4007187,O1123396,2024-11-11,Not as Expected,Refunded
R4007188,O1173015,2024-10-17,Not as Expected,Processing
R4007189,O1024281,2023-07-26,Size Issue,Refunded
R4007190,O1114429,2026-01-03,Changed Mind,Refunded
R4007191,O1119127,2024-04-13,Changed Mind,Refunded
R4007192,O1086175,2023-05-25,Wrong Item,Refunded
R4007193,O1022280,2024-06-21,Not as Expected,Refunded
R4007194,O1069343,2025-02-13,Wrong Item,Refunded
R4007195,O1027013,2025-12-20,Not as Expected,Refunded
R4007196,O1013670,2025-01-15,Not as Expected,Refunded
R4007197,O1173202,2024-12-04,Not as Expected,Refunded
R4007198,O1136580,2023-09-04,Changed Mind,Refunded
R4007199,O1078096,2023-07-19,Late Delivery,Refunded
R4007200,O1101887,2023-09-11,Not as Expected,Refunded
R4007201,O1098613,2025-02-27,Size Issue,Refunded
R4007202,O1056214,2023-11-25,Size Issue,Refunded
R4007203,O1154109,2025-12-07,Late Delivery,Refunded
R4007204,O1022013,2024-09-19,Not as Expected,Refunded
R4007205,O1073196,2024-04-16,Damaged,Refunded
R4007206,O1136877,2025-03-28,Not as Expected,Refunded
R4007207,O1057475,2024-06-12,Damaged,Refunded
R4007208,O1017938,2024-11-14,Damaged,Refunded
R4007209,O1045110,2025-03-30,Wrong Item,Refunded
R4007210,O1054607,2025-05-24,Damaged,Refunded
R4007211,O1111320,2023-06-18,Not as Expected,Refunded
R4007212,O1016573,2024-07-23,Not as Expected,Refunded
R4007213,O1102356,2023-02-02,Not as Expected,Refunded
R4007214,O1029391,2025-12-08,Damaged,Refunded
R4007215,O1175096,2024-06-29,Damaged,Refunded
R4007216,O1015585,2025-10-10,Not as Expected,Refunded
R4007217,O1018918,2024-02-12,Not as Expected,Refunded
R4007218,O1023889,2024-03-10,Not as Expected,Refunded
R4007219,O1060704,2024-09-22,Size Issue,Refunded
R4007220,O1132550,2024-02-21,Damaged,Refunded
R4007221,O1098798,2025-10-02,Wrong Item,Processing
R4007222,O1117193,2025-12-02,Changed Mind,Refunded
R4007223,O1108073,2025-11-06,Size Issue,Refunded
R4007224,O1056927,2025-09-02,Not as Expected,Refunded
R4007225,O1123462,2025-05-18,Wrong Item,Refunded
R4007226,O1008529,2025-03-06,Wrong Item,Refunded
R4007227,O1173270,2023-12-23,Damaged,Refunded
R4007228,O1034938,2023-05-26,Changed Mind,Refunded
R4007229,O1096170,2024-12-18,Not as Expected,Refunded
R4007230,O1092850,2025-02-16,Wrong Item,Refunded
R4007231,O1175805,2024-05-12,Changed Mind,Refunded
R4007232,O1022411,2025-02-26,Not as Expected,Refunded
R4007233,O1076397,2024-11-29,Damaged,Refunded
R4007234,O1034624,2024-05-22,Wrong Item,Refunded
R4007235,O1136661,2024-06-24,Size Issue,Refunded
R4007236,O1034933,2025-05-31,Not as Expected,Refunded
R4007237,O1066553,2023-04-05,Damaged,Refunded
R4007238,O1154988,2023-02-17,Not as Expected,Refunded
R4007239,O1116675,2025-03-23,Late Delivery,Refunded
R4007240,O1090406,2025-07-31,Not as Expected,Refunded
R4007241,O1084345,2025-02-19,Size Issue,Refunded
R4007242,O1119222,2025-04-21,Late Delivery,Refunded
R4007243,O1025740,2023-06-13,Changed Mind,Processing
R4007244,O1165716,2024-01-16,Changed Mind,Refunded
R4007245,O1054073,2024-05-03,Not as Expected,Refunded
R4007246,O1141753,2025-12-05,Not as Expected,Refunded
R4007247,O1053646,2024-04-30,Size Issue,Refunded
R4007248,O1003037,2023-08-17,Not as Expected,Refunded
R4007249,O1010119,2023-11-26,Not as Expected,Refunded
R4007250,O1084912,2025-04-22,Damaged,Refunded
R4007251,O1005142,2025-01-13,Not as Expected,Refunded
R4007252,O1052140,2023-03-23,Not as Expected,Refunded
R4007253,O1148661,2025-10-21,Size Issue,Refunded
R4007254,O1021929,2024-01-05,Damaged,Refunded
R4007255,O1017072,2025-03-19,Size Issue,Refunded
R4007256,O1055227,2025-10-04,Damaged,Refunded
R4007257,O1020925,2023-04-11,Not as Expected,Refunded
R4007258,O1008613,2024-11-04,Size Issue,Processing
R4007259,O1028229,2023-09-30,Size Issue,Refunded
R4007260,O1114853,2023-07-18,Changed Mind,Refunded
R4007261,O1108523,2025-08-17,Size Issue,Refunded
R4007262,O1116577,2023-03-03,Late Delivery,Refunded
R4007263,O1168424,2024-03-28,Size Issue,Refunded
R4007264,O1172657,2023-10-31,Not as Expected,Refunded
R4007265,O1077331,2024-08-30,Changed Mind,Refunded
R4007266,O1007299,2023-08-17,Not as Expected,Processing
R4007267,O1091030,2025-03-09,Changed Mind,Refunded
R4007268,O1037743,2024-03-15,Size Issue,Refunded
R4007269,O1082946,2023-07-09,Late Delivery,Refunded
R4007270,O1133720,2025-01-09,Size Issue,Refunded
R4007271,O1035934,2024-11-29,Size Issue,Refunded
R4007272,O1060773,2023-09-10,Not as Expected,Refunded
R4007273,O1132163,2023-08-01,Damaged,Refunded
R4007274,O1175668,2023-05-10,Size Issue,Refunded
R4007275,O1052903,2024-02-20,Changed Mind,Refunded
R4007276,O1161326,2025-01-23,Size Issue,Refunded
R4007277,O1169129,2025-06-21,Late Delivery,Refunded
R4007278,O1060089,2024-09-29,Size Issue,Refunded
R4007279,O1043785,2024-08-01,Size Issue,Refunded
R4007280,O1010358,2024-11-14,Not as Expected,Refunded
R4007281,O1154780,2024-12-11,Damaged,Refunded
R4007282,O1157004,2025-07-25,Changed Mind,Refunded
R4007283,O1137420,2023-11-15,Late Delivery,Refunded
R4007284,O1098411,2023-06-06,Not as Expected,Refunded
R4007285,O1028261,2024-11-05,Size Issue,Refunded
R4007286,O1025553,2025-12-22,Size Issue,Refunded
R4007287,O1134051,2025-01-14,Wrong Item,Refunded
R4007288,O1020198,2025-07-16,Size Issue,Refunded
R4007289,O1040228,2025-09-09,Changed Mind,Refunded
R4007290,O1179283,2024-08-20,Not as Expected,Refunded
R4007291,O1037487,2023-03-01,Late Delivery,Refunded
R4007292,O1036837,2024-04-11,Damaged,Refunded
R4007293,O1150180,2024-12-27,Wrong Item,Refunded
R4007294,O1035921,2024-03-25,Wrong Item,Refunded
R4007295,O1072531,2023-04-15,Damaged,Refunded
R4007296,O1062639,2025-07-14,Size Issue,Refunded
R4007297,O1043659,2025-12-28,Not as Expected,Refunded
R4007298,O1000579,2025-03-21,Changed Mind,Processing
R4007299,O1125208,2024-09-30,Not as Expected,Refunded
R4007300,O1080630,2024-03-01,Size Issue,Refunded
R4007301,O1129982,2024-09-22,Damaged,Refunded
R4007302,O1087876,2023-10-17,Not as Expected,Refunded
R4007303,O1141601,2023-08-12,Not as Expected,Refunded
R4007304,O1156202,2024-11-20,Wrong Item,Refunded
R4007305,O1022162,2023-01-26,Late Delivery,Refunded
R4007306,O1160459,2025-12-24,Not as Expected,Refunded
R4007307,O1106621,2023-10-19,Wrong Item,Refunded
R4007308,O1056209,2024-01-03,Wrong Item,Refunded
R4007309,O1138166,2023-12-09,Damaged,Refunded
R4007310,O1017565,2025-04-06,Size Issue,Refunded
R4007311,O1014873,2023-08-30,Size Issue,Refunded
R4007312,O1098302,2023-12-05,Size Issue,Processing
R4007313,O1082466,2025-03-08,Not as Expected,Refunded
R4007314,O1134553,2025-05-18,Late Delivery,Refunded
R4007315,O1161683,2024-08-27,Late Delivery,Refunded
R4007316,O1114530,2023-09-18,Late Delivery,Refunded
R4007317,O1092895,2023-04-26,Wrong Item,Refunded
R4007318,O1070643,2024-11-19,Size Issue,Refunded
R4007319,O1011215,2025-04-18,Changed Mind,Refunded
R4007320,O1055882,2025-12-18,Not as Expected,Refunded
R4007321,O1064489,2024-04-06,Not as Expected,Refunded
R4007322,O1081932,2023-01-29,Late Delivery,Refunded
R4007323,O1019217,2024-08-08,Size Issue,Refunded
R4007324,O1074502,2024-12-08,Not as Expected,Refunded
R4007325,O1096684,2025-07-03,Not as Expected,Refunded
R4007326,O1033572,2024-12-29,Not as Expected,Refunded
R4007327,O1164434,2025-09-01,Changed Mind,Refunded
R4007328,O1060215,2024-01-12,Size Issue,Refunded
R4007329,O1102140,2023-10-30,Damaged,Refunded
R4007330,O1036452,2025-10-15,Not as Expected,Refunded
R4007331,O1057879,2025-04-04,Damaged,Refunded
R4007332,O1017624,2025-12-15,Not as Expected,Refunded
R4007333,O1125269,2024-02-21,Late Delivery,Refunded
R4007334,O1152290,2025-11-18,Size Issue,Refunded
R4007335,O1169532,2023-08-09,Damaged,Refunded
R4007336,O1048676,2023-11-18,Damaged,Refunded
R4007337,O1137545,2025-02-23,Not as Expected,Refunded
R4007338,O1045163,2024-11-02,Size Issue,Refunded
R4007339,O1179942,2025-05-22,Size Issue,Refunded
R4007340,O1176910,2024-05-23,Not as Expected,Processing
R4007341,O1069829,2024-08-28,Late Delivery,Refunded
R4007342,O1088534,2024-09-10,Late Delivery,Refunded
R4007343,O1116940,2025-02-06,Not as Expected,Refunded
R4007344,O1143967,2023-02-14,Not as Expected,Refunded
R4007345,O1011487,2025-04-28,Damaged,Refunded
R4007346,O1033005,2025-01-11,Not as Expected,Refunded
R4007347,O1022437,2025-07-16,Not as Expected,Refunded
R4007348,O1144790,2023-08-17,Not as Expected,Refunded
R4007349,O1023678,2025-04-14,Not as Expected,Refunded
R4007350,O1129149,2023-03-16,Not as Expected,Refunded
R4007351,O1165406,2025-05-19,Size Issue,Refunded
R4007352,O1008507,2024-01-20,Wrong Item,Refunded
R4007353,O1160920,2025-07-23,Damaged,Refunded
R4007354,O1131456,2023-10-17,Damaged,Refunded
R4007355,O1085447,2024-02-19,Late Delivery,Refunded
R4007356,O1105612,2024-08-25,Late Delivery,Refunded
R4007357,O1130613,2023-03-14,Size Issue,Refunded
R4007358,O1028011,2023-03-23,Late Delivery,Refunded
R4007359,O1080812,2024-07-26,Size Issue,Refunded
R4007360,O1064493,2025-04-23,Size Issue,Refunded
R4007361,O1027674,2023-02-21,Not as Expected,Refunded
R4007362,O1044616,2025-01-16,Not as Expected,Refunded
R4007363,O1054843,2023-09-18,Damaged,Refunded
R4007364,O1092979,2023-04-14,Not as Expected,Refunded
R4007365,O1108164,2025-08-22,Not as Expected,Refunded
R4007366,O1092288,2025-03-09,Wrong Item,Refunded
R4007367,O1110492,2025-03-24,Not as Expected,Refunded
R4007368,O1095556,2025-01-30,Changed Mind,Refunded
R4007369,O1127901,2024-04-30,Changed Mind,Refunded
R4007370,O1098926,2025-08-06,Changed Mind,Refunded
R4007371,O1102872,2023-07-05,Not as Expected,Refunded
R4007372,O1111995,2024-06-23,Damaged,Refunded
R4007373,O1118486,2025-04-28,Not as Expected,Refunded
R4007374,O1065453,2025-12-31,Not as Expected,Processing
R4007375,O1148669,2024-08-05,Not as Expected,Refunded
R4007376,O1031438,2024-12-06,Damaged,Refunded
R4007377,O1024613,2024-05-01,Late Delivery,Refunded
R4007378,O1003157,2024-05-18,Not as Expected,Refunded
R4007379,O1177518,2024-08-04,Not as Expected,Refunded
R4007380,O1098022,2024-09-02,Size Issue,Refunded
R4007381,O1000139,2025-03-25,Changed Mind,Refunded
R4007382,O1079926,2023-09-13,Changed Mind,Refunded
R4007383,O1090994,2024-08-20,Not as Expected,Refunded
R4007384,O1009063,2024-11-06,Not as Expected,Refunded
R4007385,O1101182,2024-07-17,Size Issue,Refunded
R4007386,O1039855,2024-04-20,Changed Mind,Refunded
R4007387,O1057426,2023-04-15,Changed Mind,Refunded
R4007388,O1035472,2025-01-31,Not as Expected,Refunded
R4007389,O1158313,2023-05-06,Wrong Item,Refunded
R4007390,O1106966,2024-09-09,Size Issue,Refunded
R4007391,O1125971,2025-09-08,Damaged,Processing
R4007392,O1134861,2025-11-14,Damaged,Refunded
R4007393,O1149221,2025-12-05,Size Issue,Refunded
R4007394,O1115714,2023-03-10,Changed Mind,Refunded
R4007395,O1065505,2024-05-22,Late Delivery,Refunded
R4007396,O1098483,2023-04-27,Changed Mind,Refunded
R4007397,O1137187,2023-01-19,Not as Expected,Refunded
R4007398,O1005052,2023-09-12,Wrong Item,Refunded
R4007399,O1098680,2023-08-01,Changed Mind,Refunded
R4007400,O1178888,2025-05-22,Damaged,Refunded
R4007401,O1026848,2025-06-23,Not as Expected,Refunded
R4007402,O1099541,2025-02-18,Changed Mind,Refunded
R4007403,O1020020,2024-12-06,Not as Expected,Refunded
R4007404,O1018866,2024-08-02,Wrong Item,Refunded
R4007405,O1036360,2024-12-01,Wrong Item,Refunded
R4007406,O1166400,2025-06-20,Damaged,Refunded
R4007407,O1155006,2024-07-27,Damaged,Refunded
R4007408,O1081927,2025-03-01,Wrong Item,Refunded
R4007409,O1023041,2023-09-05,Not as Expected,Refunded
R4007410,O1049419,2025-10-17,Wrong Item,Refunded
R4007411,O1040421,2025-12-11,Damaged,Refunded
R4007412,O1044378,2023-08-13,Changed Mind,Refunded
R4007413,O1142441,2023-03-01,Size Issue,Refunded
R4007414,O1055143,2024-11-21,Not as Expected,Refunded
R4007415,O1040333,2025-10-03,Wrong Item,Processing
R4007416,O1091882,2023-02-25,Changed Mind,Refunded
R4007417,O1103239,2023-10-09,Size Issue,Refunded
R4007418,O1142876,2025-04-23,Not as Expected,Refunded
R4007419,O1067759,2024-05-23,Damaged,Refunded
R4007420,O1067178,2025-09-18,Not as Expected,Refunded
R4007421,O1081572,2023-06-02,Not as Expected,Refunded
R4007422,O1089340,2025-07-18,Not as Expected,Refunded
R4007423,O1001006,2025-10-12,Size Issue,Refunded
R4007424,O1017188,2023-07-25,Damaged,Refunded
R4007425,O1162810,2023-10-01,Size Issue,Refunded
R4007426,O1150864,2024-01-20,Damaged,Refunded
R4007427,O1009258,2025-08-01,Size Issue,Refunded
R4007428,O1103828,2024-02-24,Damaged,Refunded
R4007429,O1034364,2024-04-15,Late Delivery,Refunded
R4007430,O1146359,2023-06-29,Damaged,Processing
R4007431,O1061630,2024-03-11,Not as Expected,Refunded
R4007432,O1000919,2023-04-08,Size Issue,Refunded
R4007433,O1014429,2025-07-30,Late Delivery,Refunded
R4007434,O1116790,2024-11-03,Damaged,Refunded
R4007435,O1069264,2025-03-31,Damaged,Refunded
R4007436,O1105943,2023-08-19,Late Delivery,Refunded
R4007437,O1004091,2023-07-10,Late Delivery,Refunded
R4007438,O1086228,2023-04-22,Not as Expected,Refunded
R4007439,O1023260,2025-12-28,Damaged,Refunded
R4007440,O1056998,2024-01-28,Size Issue,Refunded
R4007441,O1144673,2023-03-21,Late Delivery,Refunded
R4007442,O1142520,2025-04-14,Wrong Item,Refunded
R4007443,O1025937,2025-12-06,Not as Expected,Refunded
R4007444,O1111660,2024-01-23,Size Issue,Refunded
R4007445,O1068267,2024-03-27,Not as Expected,Refunded
R4007446,O1160644,2025-11-13,Not as Expected,Refunded
R4007447,O1099139,2025-08-08,Not as Expected,Refunded
R4007448,O1073348,2025-02-07,Size Issue,Refunded
R4007449,O1108268,2024-03-06,Late Delivery,Refunded
R4007450,O1126279,2025-02-23,Not as Expected,Refunded
R4007451,O1001643,2023-12-24,Not as Expected,Refunded
R4007452,O1067901,2023-11-20,Changed Mind,Refunded
R4007453,O1178768,2025-01-19,Late Delivery,Refunded
R4007454,O1041521,2025-10-18,Not as Expected,Refunded
R4007455,O1039576,2024-10-27,Not as Expected,Refunded
R4007456,O1076660,2024-02-13,Size Issue,Refunded
R4007457,O1108039,2023-01-07,Late Delivery,Refunded
R4007458,O1039720,2025-06-15,Damaged,Refunded
R4007459,O1020049,2023-07-29,Not as Expected,Refunded
R4007460,O1029058,2025-10-08,Size Issue,Refunded
R4007461,O1004413,2025-07-09,Not as Expected,Refunded
R4007462,O1013055,2023-09-19,Damaged,Refunded
R4007463,O1167194,2024-09-08,Damaged,Refunded
R4007464,O1092188,2024-10-11,Not as Expected,Processing
R4007465,O1159832,2025-12-03,Changed Mind,Refunded
R4007466,O1100001,2023-04-04,Wrong Item,Processing
R4007467,O1067642,2025-01-01,Damaged,Refunded
R4007468,O1179322,2024-10-30,Wrong Item,Refunded
R4007469,O1027148,2025-11-06,Damaged,Refunded
R4007470,O1130945,2023-05-27,Damaged,Refunded
R4007471,O1163206,2025-09-17,Damaged,Refunded
R4007472,O1095369,2024-02-01,Not as Expected,Refunded
R4007473,O1156756,2025-01-05,Not as Expected,Refunded
R4007474,O1045632,2024-05-24,Not as Expected,Refunded
R4007475,O1013059,2023-10-04,Damaged,Refunded
R4007476,O1109637,2023-07-18,Damaged,Refunded
R4007477,O1051077,2023-06-05,Damaged,Refunded
R4007478,O1136539,2025-07-30,Not as Expected,Refunded
R4007479,O1061218,2023-08-30,Late Delivery,Refunded
R4007480,O1151670,2024-12-27,Late Delivery,Refunded
R4007481,O1128356,2023-08-08,Size Issue,Refunded
R4007482,O1028136,2024-05-14,Size Issue,Refunded
R4007483,O1009976,2025-04-10,Changed Mind,Refunded
R4007484,O1058502,2025-06-24,Size Issue,Processing
R4007485,O1059567,2025-11-20,Damaged,Refunded
R4007486,O1054207,2024-07-13,Changed Mind,Refunded
R4007487,O1117050,2023-04-13,Damaged,Refunded
R4007488,O1088195,2025-06-01,Not as Expected,Refunded
R4007489,O1071514,2024-07-31,Size Issue,Refunded
R4007490,O1097132,2025-08-28,Wrong Item,Refunded
R4007491,O1117995,2025-11-16,Not as Expected,Refunded
R4007492,O1124942,2023-07-21,Size Issue,Refunded
R4007493,O1014741,2024-06-22,Not as Expected,Refunded
R4007494,O1071206,2023-03-18,Not as Expected,Refunded
R4007495,O1109362,2025-09-30,Not as Expected,Refunded
R4007496,O1152540,2024-09-29,Not as Expected,Refunded
R4007497,O1012487,2023-02-18,Damaged,Refunded
R4007498,O1167572,2024-06-09,Size Issue,Refunded
R4007499,O1172680,2023-12-31,Damaged,Refunded
R4007500,O1069363,2024-10-30,Late Delivery,Refunded
R4007501,O1053354,2025-10-29,Wrong Item,Refunded
R4007502,O1064775,2025-05-22,Not as Expected,Refunded
R4007503,O1138863,2025-04-30,Damaged,Refunded
R4007504,O1109275,2024-03-24,Not as Expected,Refunded
R4007505,O1102139,2024-10-13,Wrong Item,Refunded
R4007506,O1138388,2025-02-16,Size Issue,Refunded
R4007507,O1031687,2024-01-24,Size Issue,Refunded
R4007508,O1021411,2024-01-25,Not as Expected,Refunded
R4007509,O1102127,2025-08-06,Changed Mind,Refunded
R4007510,O1036688,2023-03-05,Wrong Item,Refunded
R4007511,O1062946,2023-04-04,Size Issue,Refunded
R4007512,O1131052,2024-04-01,Not as Expected,Refunded
R4007513,O1044197,2025-10-08,Changed Mind,Refunded
R4007514,O1099584,2024-03-24,Damaged,Refunded
R4007515,O1040479,2023-11-27,Size Issue,Refunded
R4007516,O1066521,2024-12-12,Changed Mind,Refunded
R4007517,O1028604,2023-07-05,Changed Mind,Refunded
R4007518,O1163368,2024-05-18,Not as Expected,Refunded
R4007519,O1052278,2024-02-16,Not as Expected,Refunded
R4007520,O1127727,2025-09-30,Not as Expected,Processing
R4007521,O1137954,2024-07-12,Size Issue,Refunded
R4007522,O1005083,2024-01-06,Not as Expected,Refunded
R4007523,O1043547,2023-10-07,Not as Expected,Refunded
R4007524,O1078667,2023-01-15,Size Issue,Refunded
R4007525,O1025835,2024-04-09,Not as Expected,Refunded
R4007526,O1013495,2025-07-19,Damaged,Refunded
R4007527,O1026253,2025-03-23,Not as Expected,Refunded
R4007528,O1107699,2023-11-24,Changed Mind,Refunded
R4007529,O1170929,2023-03-02,Damaged,Refunded
R4007530,O1020227,2023-10-25,Size Issue,Refunded
R4007531,O1048373,2023-10-30,Not as Expected,Refunded
R4007532,O1037848,2025-02-15,Not as Expected,Refunded
R4007533,O1029158,2024-09-13,Changed Mind,Refunded
R4007534,O1132519,2023-01-17,Wrong Item,Refunded
R4007535,O1042841,2024-08-06,Wrong Item,Refunded
R4007536,O1108287,2023-03-26,Not as Expected,Refunded
R4007537,O1104809,2024-11-10,Size Issue,Refunded
R4007538,O1058507,2023-12-25,Damaged,Refunded
R4007539,O1130907,2025-03-01,Late Delivery,Processing
R4007540,O1072219,2023-09-15,Late Delivery,Refunded
R4007541,O1064257,2024-04-16,Not as Expected,Refunded
R4007542,O1146382,2024-10-31,Changed Mind,Processing
R4007543,O1161905,2023-11-13,Size Issue,Refunded
R4007544,O1042409,2024-09-19,Size Issue,Refunded
R4007545,O1065604,2024-08-18,Wrong Item,Refunded
R4007546,O1130524,2024-06-01,Damaged,Refunded
R4007547,O1074025,2025-04-17,Damaged,Refunded
R4007548,O1112438,2024-07-13,Size Issue,Refunded
R4007549,O1042908,2024-04-30,Damaged,Refunded
R4007550,O1008652,2025-02-02,Damaged,Refunded
R4007551,O1019021,2024-02-13,Changed Mind,Refunded
R4007552,O1013021,2024-02-05,Not as Expected,Refunded
R4007553,O1160110,2023-01-30,Size Issue,Refunded
R4007554,O1068678,2025-12-22,Wrong Item,Refunded
R4007555,O1086672,2023-10-29,Not as Expected,Refunded
R4007556,O1131614,2025-09-06,Not as Expected,Processing
R4007557,O1008277,2024-03-01,Wrong Item,Refunded
R4007558,O1155365,2023-07-19,Late Delivery,Refunded
R4007559,O1047325,2024-08-27,Changed Mind,Refunded
R4007560,O1131002,2023-08-07,Not as Expected,Refunded
R4007561,O1011714,2024-06-19,Damaged,Refunded
R4007562,O1122151,2023-08-16,Size Issue,Refunded
R4007563,O1098071,2024-12-25,Not as Expected,Refunded
R4007564,O1097787,2023-05-16,Size Issue,Refunded
R4007565,O1028702,2024-05-14,Not as Expected,Refunded
R4007566,O1089673,2025-02-25,Not as Expected,Refunded
R4007567,O1007158,2024-09-10,Changed Mind,Refunded
R4007568,O1078967,2025-06-04,Late Delivery,Refunded
R4007569,O1140034,2023-04-03,Wrong Item,Refunded
R4007570,O1097621,2023-08-13,Not as Expected,Refunded
R4007571,O1133032,2023-05-02,Size Issue,Refunded
R4007572,O1179102,2025-09-02,Not as Expected,Refunded
R4007573,O1143843,2025-03-21,Damaged,Refunded
R4007574,O1006917,2023-06-04,Size Issue,Refunded
R4007575,O1090811,2025-01-31,Not as Expected,Refunded
R4007576,O1098073,2023-05-07,Damaged,Refunded
R4007577,O1002904,2025-05-19,Size Issue,Refunded
R4007578,O1004255,2023-12-07,Changed Mind,Refunded
R4007579,O1147448,2025-01-23,Late Delivery,Refunded
R4007580,O1160102,2024-10-16,Not as Expected,Refunded
R4007581,O1003117,2025-09-16,Changed Mind,Refunded
R4007582,O1046744,2025-09-17,Wrong Item,Refunded
R4007583,O1016004,2025-01-29,Late Delivery,Refunded
R4007584,O1017585,2025-07-23,Changed Mind,Refunded
R4007585,O1128139,2023-11-13,Size Issue,Refunded
R4007586,O1134521,2024-03-26,Not as Expected,Refunded
R4007587,O1113665,2025-02-22,Not as Expected,Refunded
R4007588,O1140286,2023-12-17,Late Delivery,Refunded
R4007589,O1052478,2023-12-05,Size Issue,Processing
R4007590,O1034767,2025-02-18,Late Delivery,Refunded
R4007591,O1069355,2025-10-25,Late Delivery,Refunded
R4007592,O1170555,2023-10-28,Size Issue,Refunded
R4007593,O1138142,2025-07-05,Changed Mind,Refunded
R4007594,O1082146,2025-04-22,Wrong Item,Refunded
R4007595,O1074979,2024-04-27,Damaged,Refunded
R4007596,O1008863,2023-06-10,Wrong Item,Refunded
R4007597,O1037225,2023-02-23,Not as Expected,Refunded
R4007598,O1042464,2025-03-12,Damaged,Refunded
R4007599,O1145015,2023-09-26,Not as Expected,Refunded
R4007600,O1124333,2023-05-20,Not as Expected,Refunded
R4007601,O1011169,2025-01-11,Late Delivery,Refunded
R4007602,O1157743,2024-10-05,Not as Expected,Refunded
R4007603,O1165614,2025-02-12,Changed Mind,Refunded
R4007604,O1155504,2025-05-24,Late Delivery,Refunded
R4007605,O1044107,2024-04-07,Damaged,Refunded
R4007606,O1104669,2023-06-25,Not as Expected,Refunded
R4007607,O1162043,2024-02-19,Changed Mind,Refunded
R4007608,O1094069,2023-10-09,Not as Expected,Refunded
R4007609,O1042371,2023-06-21,Not as Expected,Refunded
R4007610,O1116722,2025-04-17,Not as Expected,Refunded
R4007611,O1168623,2023-11-15,Damaged,Refunded
R4007612,O1145254,2024-04-05,Not as Expected,Refunded
R4007613,O1156685,2024-06-21,Wrong Item,Processing
R4007614,O1082642,2024-11-23,Damaged,Refunded
R4007615,O1105248,2024-11-02,Damaged,Refunded
R4007616,O1037679,2023-12-10,Wrong Item,Refunded
R4007617,O1151267,2024-05-02,Damaged,Refunded
R4007618,O1089573,2025-10-26,Damaged,Refunded
R4007619,O1074238,2025-04-09,Late Delivery,Refunded
R4007620,O1063015,2025-02-27,Changed Mind,Refunded
R4007621,O1044888,2025-04-09,Not as Expected,Refunded
R4007622,O1072526,2025-05-21,Size Issue,Refunded
R4007623,O1157435,2024-11-21,Damaged,Refunded
R4007624,O1161008,2023-11-04,Size Issue,Refunded
R4007625,O1153280,2025-01-16,Size Issue,Refunded
R4007626,O1097933,2025-01-08,Not as Expected,Processing
R4007627,O1073930,2024-07-20,Wrong Item,Refunded
R4007628,O1009372,2024-05-20,Not as Expected,Refunded
R4007629,O1051109,2024-04-03,Damaged,Processing
R4007630,O1036442,2025-06-11,Late Delivery,Refunded
R4007631,O1037657,2024-10-26,Changed Mind,Refunded
R4007632,O1007395,2025-12-20,Changed Mind,Refunded
R4007633,O1051677,2025-07-14,Not as Expected,Refunded
R4007634,O1103923,2024-03-15,Late Delivery,Processing
R4007635,O1039643,2025-03-19,Wrong Item,Refunded
R4007636,O1017672,2023-12-06,Wrong Item,Refunded
R4007637,O1175263,2024-02-04,Not as Expected,Processing
R4007638,O1024854,2024-01-13,Wrong Item,Processing
R4007639,O1056088,2025-08-05,Changed Mind,Refunded
R4007640,O1039061,2024-11-18,Changed Mind,Refunded
R4007641,O1122066,2025-03-09,Damaged,Refunded
R4007642,O1070790,2023-10-08,Size Issue,Refunded
R4007643,O1085553,2023-06-14,Late Delivery,Refunded
R4007644,O1033650,2023-01-25,Wrong Item,Processing
R4007645,O1100065,2025-01-13,Changed Mind,Refunded
R4007646,O1041885,2023-01-12,Size Issue,Refunded
R4007647,O1151069,2024-01-01,Wrong Item,Refunded
R4007648,O1175369,2024-08-27,Not as Expected,Refunded
R4007649,O1158030,2023-04-19,Damaged,Processing
R4007650,O1175454,2025-10-21,Damaged,Refunded
R4007651,O1043246,2025-09-11,Not as Expected,Refunded
R4007652,O1113717,2024-09-07,Not as Expected,Processing
R4007653,O1025616,2025-11-12,Size Issue,Refunded
R4007654,O1000691,2024-07-15,Changed Mind,Refunded
R4007655,O1116572,2023-12-22,Wrong Item,Refunded
R4007656,O1166514,2024-10-30,Late Delivery,Refunded
R4007657,O1123004,2023-06-08,Size Issue,Refunded
R4007658,O1035892,2023-06-15,Not as Expected,Refunded
R4007659,O1103807,2023-01-26,Wrong Item,Refunded
R4007660,O1081966,2024-03-31,Late Delivery,Refunded
R4007661,O1099004,2023-06-16,Size Issue,Refunded
R4007662,O1153227,2023-04-18,Wrong Item,Refunded
R4007663,O1014018,2025-02-01,Late Delivery,Processing
R4007664,O1034475,2024-06-11,Changed Mind,Refunded
R4007665,O1179966,2024-05-02,Damaged,Refunded
R4007666,O1028367,2023-01-22,Damaged,Refunded
R4007667,O1131861,2023-05-29,Changed Mind,Refunded
R4007668,O1145017,2023-04-03,Late Delivery,Refunded
R4007669,O1141474,2025-11-12,Damaged,Refunded
R4007670,O1086017,2025-07-22,Not as Expected,Refunded
R4007671,O1132849,2024-06-01,Size Issue,Refunded
R4007672,O1115826,2025-10-23,Size Issue,Refunded
R4007673,O1106805,2025-10-12,Not as Expected,Refunded
R4007674,O1002720,2023-09-01,Size Issue,Refunded
R4007675,O1151169,2024-03-22,Size Issue,Refunded
R4007676,O1058233,2025-01-14,Not as Expected,Refunded
R4007677,O1102755,2025-08-12,Size Issue,Refunded
R4007678,O1110660,2024-03-25,Not as Expected,Refunded
R4007679,O1098006,2023-08-21,Wrong Item,Refunded
R4007680,O1166736,2024-12-25,Wrong Item,Refunded
R4007681,O1011920,2023-04-09,Changed Mind,Refunded
R4007682,O1010862,2023-01-22,Damaged,Refunded
R4007683,O1090381,2024-01-25,Size Issue,Processing
R4007684,O1121889,2023-07-07,Wrong Item,Refunded
R4007685,O1119572,2023-03-10,Damaged,Refunded
R4007686,O1096452,2025-10-28,Not as Expected,Refunded
R4007687,O1087763,2024-10-27,Changed Mind,Refunded
R4007688,O1165392,2023-03-24,Late Delivery,Refunded
R4007689,O1121152,2025-12-24,Damaged,Refunded
R4007690,O1051637,2024-05-27,Damaged,Refunded
R4007691,O1107782,2023-06-18,Late Delivery,Refunded
R4007692,O1006923,2023-12-14,Late Delivery,Refunded
R4007693,O1150770,2025-08-22,Wrong Item,Refunded
R4007694,O1010607,2023-11-05,Late Delivery,Refunded
R4007695,O1052576,2025-10-16,Size Issue,Refunded
R4007696,O1169645,2023-05-30,Damaged,Refunded
R4007697,O1036305,2025-08-02,Damaged,Refunded
R4007698,O1037985,2024-06-26,Damaged,Refunded
R4007699,O1153043,2025-10-03,Not as Expected,Refunded
R4007700,O1147025,2024-08-07,Changed Mind,Refunded
R4007701,O1147648,2024-01-29,Size Issue,Refunded
R4007702,O1108630,2024-05-31,Damaged,Refunded
R4007703,O1110063,2025-05-15,Size Issue,Refunded
R4007704,O1088245,2025-04-07,Not as Expected,Refunded
R4007705,O1168545,2024-10-10,Size Issue,Refunded
R4007706,O1103861,2023-12-18,Size Issue,Refunded
R4007707,O1139497,2024-02-19,Not as Expected,Refunded
R4007708,O1158568,2023-11-16,Not as Expected,Refunded
R4007709,O1173002,2025-04-01,Wrong Item,Refunded
R4007710,O1133914,2026-01-04,Not as Expected,Refunded
R4007711,O1077056,2025-02-03,Size Issue,Refunded
R4007712,O1060214,2025-04-11,Changed Mind,Refunded
R4007713,O1078688,2023-05-27,Wrong Item,Refunded
R4007714,O1012353,2023-07-09,Size Issue,Refunded
R4007715,O1134668,2025-10-03,Changed Mind,Refunded
R4007716,O1049275,2025-05-10,Late Delivery,Refunded
R4007717,O1094316,2024-11-30,Not as Expected,Refunded
R4007718,O1057331,2025-06-18,Not as Expected,Refunded
R4007719,O1136643,2024-01-03,Damaged,Refunded
R4007720,O1159907,2024-01-24,Not as Expected,Refunded
R4007721,O1129825,2024-08-27,Late Delivery,Refunded
R4007722,O1137584,2023-08-15,Changed Mind,Refunded
R4007723,O1012687,2024-01-22,Late Delivery,Refunded
R4007724,O1129046,2023-01-27,Changed Mind,Refunded
R4007725,O1164272,2023-11-16,Size Issue,Refunded
R4007726,O1016062,2024-05-04,Wrong Item,Refunded
R4007727,O1104259,2025-06-20,Wrong Item,Refunded
R4007728,O1145024,2024-11-19,Wrong Item,Refunded
R4007729,O1076858,2024-03-11,Size Issue,Refunded
R4007730,O1089709,2024-03-29,Damaged,Refunded
R4007731,O1052193,2024-10-27,Changed Mind,Refunded
R4007732,O1161668,2023-08-08,Wrong Item,Refunded
R4007733,O1007603,2024-03-24,Damaged,Refunded
R4007734,O1063608,2025-08-29,Size Issue,Refunded
R4007735,O1024028,2025-09-04,Wrong Item,Refunded
R4007736,O1021428,2024-05-05,Not as Expected,Refunded
R4007737,O1145311,2025-08-27,Late Delivery,Refunded
R4007738,O1122736,2023-10-25,Wrong Item,Refunded
R4007739,O1058387,2024-08-25,Wrong Item,Processing
R4007740,O1022384,2023-08-01,Late Delivery,Refunded
R4007741,O1147406,2023-04-03,Wrong Item,Refunded
R4007742,O1137005,2024-03-16,Not as Expected,Refunded
R4007743,O1034559,2025-08-13,Wrong Item,Refunded
R4007744,O1125697,2024-06-25,Size Issue,Refunded
R4007745,O1077626,2023-10-14,Late Delivery,Refunded
R4007746,O1036918,2023-03-13,Damaged,Refunded
R4007747,O1110932,2024-03-05,Changed Mind,Refunded
R4007748,O1038466,2024-07-01,Late Delivery,Refunded
R4007749,O1028790,2024-12-05,Not as Expected,Refunded
R4007750,O1078784,2025-11-10,Changed Mind,Processing
R4007751,O1081268,2025-10-09,Changed Mind,Refunded
R4007752,O1145691,2024-06-27,Late Delivery,Refunded
R4007753,O1030937,2024-05-28,Not as Expected,Refunded
R4007754,O1164998,2024-09-18,Not as Expected,Refunded
R4007755,O1010565,2025-05-02,Not as Expected,Refunded
R4007756,O1046515,2023-03-08,Damaged,Refunded
R4007757,O1041595,2024-06-20,Size Issue,Refunded
R4007758,O1043130,2025-02-26,Size Issue,Refunded
R4007759,O1026837,2024-08-06,Size Issue,Refunded
R4007760,O1069241,2024-09-13,Not as Expected,Refunded
R4007761,O1017043,2024-07-26,Size Issue,Refunded
R4007762,O1025039,2024-10-19,Late Delivery,Refunded
R4007763,O1167590,2025-08-28,Not as Expected,Refunded
R4007764,O1072476,2025-10-21,Not as Expected,Refunded
R4007765,O1130170,2024-11-19,Size Issue,Refunded
R4007766,O1101039,2023-04-10,Size Issue,Refunded
R4007767,O1066311,2023-02-12,Late Delivery,Refunded
R4007768,O1132248,2023-04-03,Damaged,Refunded
R4007769,O1000806,2025-12-12,Not as Expected,Refunded
R4007770,O1053079,2023-04-11,Not as Expected,Refunded
R4007771,O1060781,2025-11-12,Late Delivery,Refunded
R4007772,O1053103,2024-10-29,Not as Expected,Refunded
R4007773,O1107733,2026-01-11,Wrong Item,Refunded
R4007774,O1031734,2024-03-15,Changed Mind,Refunded
R4007775,O1159647,2025-11-12,Size Issue,Refunded
R4007776,O1073145,2023-08-16,Not as Expected,Refunded
R4007777,O1138905,2025-11-14,Not as Expected,Refunded
R4007778,O1083308,2023-03-24,Damaged,Refunded
R4007779,O1044629,2025-10-19,Not as Expected,Refunded
R4007780,O1039189,2025-07-03,Damaged,Refunded
R4007781,O1089809,2025-03-23,Not as Expected,Refunded
R4007782,O1096367,2025-01-10,Wrong Item,Processing
R4007783,O1133294,2024-10-08,Not as Expected,Processing
R4007784,O1121974,2023-09-19,Damaged,Refunded
R4007785,O1011129,2024-10-01,Late Delivery,Processing
R4007786,O1163734,2024-06-30,Damaged,Refunded
R4007787,O1102476,2025-03-23,Not as Expected,Refunded
R4007788,O1015708,2023-12-11,Not as Expected,Refunded
R4007789,O1169974,2023-11-02,Changed Mind,Processing
R4007790,O1004724,2025-12-07,Not as Expected,Refunded
R4007791,O1052889,2025-08-01,Late Delivery,Refunded
R4007792,O1009218,2024-07-06,Not as Expected,Refunded
R4007793,O1068559,2023-10-30,Wrong Item,Refunded
R4007794,O1019769,2025-05-14,Wrong Item,Refunded
R4007795,O1143773,2025-03-13,Not as Expected,Refunded
R4007796,O1058929,2024-04-19,Late Delivery,Refunded
R4007797,O1085897,2023-04-13,Damaged,Refunded
R4007798,O1035076,2023-05-19,Late Delivery,Refunded
R4007799,O1015023,2025-11-20,Size Issue,Refunded
R4007800,O1162672,2025-08-22,Wrong Item,Refunded
R4007801,O1161203,2024-08-31,Wrong Item,Processing
R4007802,O1132297,2025-02-11,Wrong Item,Refunded
R4007803,O1109792,2025-06-18,Damaged,Refunded
R4007804,O1027926,2025-11-11,Damaged,Refunded
R4007805,O1170673,2025-09-06,Damaged,Refunded
R4007806,O1047123,2024-11-15,Late Delivery,Refunded
R4007807,O1135923,2024-06-18,Damaged,Refunded
R4007808,O1106333,2023-04-16,Wrong Item,Refunded
R4007809,O1058506,2023-01-17,Size Issue,Refunded
R4007810,O1166473,2023-11-25,Size Issue,Refunded
R4007811,O1116868,2024-03-20,Wrong Item,Refunded
R4007812,O1080201,2025-08-23,Damaged,Refunded
R4007813,O1089868,2024-09-05,Damaged,Refunded
R4007814,O1143276,2024-08-29,Changed Mind,Refunded
R4007815,O1112913,2023-09-04,Not as Expected,Refunded
R4007816,O1044503,2024-07-23,Not as Expected,Refunded
R4007817,O1008221,2023-05-31,Wrong Item,Refunded
R4007818,O1065760,2024-01-12,Late Delivery,Refunded
R4007819,O1133869,2025-04-27,Changed Mind,Refunded
R4007820,O1102080,2024-05-18,Not as Expected,Processing
R4007821,O1048064,2025-05-13,Not as Expected,Refunded
R4007822,O1111754,2024-06-28,Not as Expected,Refunded
R4007823,O1126707,2024-01-10,Wrong Item,Refunded
R4007824,O1047354,2025-02-01,Not as Expected,Refunded
R4007825,O1008326,2023-08-12,Size Issue,Processing
R4007826,O1161425,2025-03-18,Not as Expected,Refunded
R4007827,O1017998,2023-11-14,Size Issue,Refunded
R4007828,O1016946,2024-01-03,Size Issue,Refunded
R4007829,O1130964,2025-06-01,Not as Expected,Refunded
R4007830,O1051479,2024-07-15,Size Issue,Processing
R4007831,O1176288,2025-03-09,Not as Expected,Refunded
R4007832,O1173815,2025-02-04,Not as Expected,Refunded
R4007833,O1064026,2024-09-16,Not as Expected,Refunded
R4007834,O1094439,2025-12-08,Not as Expected,Refunded
R4007835,O1010097,2025-10-24,Size Issue,Refunded
R4007836,O1107121,2023-11-30,Late Delivery,Refunded
R4007837,O1149285,2024-02-29,Size Issue,Refunded
R4007838,O1066670,2025-06-13,Size Issue,Refunded
R4007839,O1139093,2025-07-20,Wrong Item,Refunded
R4007840,O1156406,2024-09-26,Damaged,Refunded
R4007841,O1034234,2023-08-06,Wrong Item,Refunded
R4007842,O1139929,2024-03-03,Late Delivery,Refunded
R4007843,O1096934,2025-11-23,Size Issue,Refunded
R4007844,O1006689,2025-07-06,Size Issue,Refunded
R4007845,O1095059,2025-04-30,Wrong Item,Refunded
R4007846,O1087614,2023-01-15,Wrong Item,Refunded
R4007847,O1115811,2023-06-02,Not as Expected,Refunded
R4007848,O1073425,2024-04-22,Size Issue,Refunded
R4007849,O1050339,2025-06-12,Not as Expected,Refunded
R4007850,O1083007,2023-10-12,Late Delivery,Refunded
R4007851,O1014132,2025-06-17,Late Delivery,Refunded
R4007852,O1021062,2023-12-18,Not as Expected,Refunded
R4007853,O1062161,2023-08-23,Wrong Item,Refunded
R4007854,O1162532,2023-06-21,Damaged,Refunded
R4007855,O1171106,2023-03-20,Damaged,Refunded
R4007856,O1142316,2025-04-25,Changed Mind,Refunded
R4007857,O1006223,2023-08-24,Wrong Item,Refunded
R4007858,O1078069,2025-09-06,Size Issue,Refunded
R4007859,O1168878,2023-07-27,Not as Expected,Refunded
R4007860,O1015123,2025-08-22,Not as Expected,Refunded
R4007861,O1158043,2024-08-23,Not as Expected,Refunded
R4007862,O1000149,2025-01-22,Damaged,Refunded
R4007863,O1151587,2024-01-13,Damaged,Refunded
R4007864,O1089033,2025-06-06,Damaged,Refunded
R4007865,O1178696,2023-09-17,Changed Mind,Refunded
R4007866,O1147581,2025-10-20,Wrong Item,Refunded
R4007867,O1083370,2025-07-02,Not as Expected,Refunded
R4007868,O1070743,2024-07-03,Not as Expected,Refunded
R4007869,O1132280,2023-08-12,Not as Expected,Refunded
R4007870,O1090128,2024-07-09,Size Issue,Refunded
R4007871,O1026552,2023-03-15,Damaged,Refunded
R4007872,O1040921,2025-12-21,Not as Expected,Refunded
R4007873,O1001488,2023-09-30,Not as Expected,Refunded
R4007874,O1161307,2025-01-09,Damaged,Refunded
R4007875,O1089319,2024-07-12,Size Issue,Refunded
R4007876,O1024682,2026-01-06,Damaged,Refunded
R4007877,O1012870,2025-02-21,Wrong Item,Refunded
R4007878,O1087241,2024-07-16,Not as Expected,Refunded
R4007879,O1096332,2024-03-03,Size Issue,Refunded
R4007880,O1102071,2023-11-11,Late Delivery,Refunded
R4007881,O1074352,2023-08-31,Size Issue,Refunded
R4007882,O1170307,2023-12-14,Damaged,Refunded
R4007883,O1023946,2023-01-14,Not as Expected,Refunded
R4007884,O1061314,2025-10-19,Wrong Item,Refunded
R4007885,O1093319,2025-08-09,Not as Expected,Refunded
R4007886,O1083743,2025-07-14,Not as Expected,Refunded
R4007887,O1099629,2023-10-02,Size Issue,Refunded
R4007888,O1003948,2024-10-18,Wrong Item,Refunded
R4007889,O1020251,2025-04-09,Size Issue,Refunded
R4007890,O1023154,2023-06-13,Changed Mind,Refunded
R4007891,O1160960,2023-11-30,Size Issue,Refunded
R4007892,O1138708,2023-03-01,Not as Expected,Refunded
R4007893,O1122439,2023-12-05,Not as Expected,Refunded
R4007894,O1065443,2023-09-12,Not as Expected,Refunded
R4007895,O1084376,2025-12-19,Changed Mind,Refunded
R4007896,O1167276,2025-12-20,Not as Expected,Refunded
R4007897,O1147316,2025-04-08,Not as Expected,Refunded
R4007898,O1123879,2023-02-06,Wrong Item,Refunded
R4007899,O1178469,2023-06-04,Size Issue,Refunded
R4007900,O1177286,2024-01-22,Size Issue,Refunded
R4007901,O1057173,2023-10-14,Size Issue,Refunded
R4007902,O1150439,2025-09-24,Damaged,Refunded
R4007903,O1150057,2025-12-16,Damaged,Refunded
R4007904,O1153133,2023-02-10,Not as Expected,Processing
R4007905,O1007998,2023-05-01,Changed Mind,Refunded
R4007906,O1072757,2025-01-17,Not as Expected,Refunded
R4007907,O1115711,2025-12-22,Not as Expected,Refunded
R4007908,O1008214,2023-05-14,Wrong Item,Refunded
R4007909,O1053051,2025-07-28,Late Delivery,Refunded
R4007910,O1053889,2023-11-16,Not as Expected,Refunded
R4007911,O1090414,2025-02-08,Not as Expected,Refunded
R4007912,O1070249,2023-05-13,Not as Expected,Refunded
R4007913,O1122498,2025-06-28,Not as Expected,Refunded
R4007914,O1134470,2024-07-04,Damaged,Processing
R4007915,O1148554,2025-10-26,Late Delivery,Refunded
R4007916,O1075408,2023-05-25,Late Delivery,Refunded
R4007917,O1055991,2025-04-03,Damaged,Refunded
R4007918,O1084735,2023-10-01,Late Delivery,Refunded
R4007919,O1159134,2025-07-19,Size Issue,Refunded
R4007920,O1177821,2023-12-05,Not as Expected,Refunded
R4007921,O1064424,2025-12-11,Not as Expected,Refunded
R4007922,O1065961,2023-06-15,Size Issue,Refunded
R4007923,O1160625,2023-06-05,Not as Expected,Refunded
R4007924,O1129706,2025-03-27,Not as Expected,Refunded
R4007925,O1099218,2023-01-19,Late Delivery,Refunded
R4007926,O1133685,2025-02-03,Not as Expected,Refunded
R4007927,O1024178,2024-11-19,Size Issue,Refunded
R4007928,O1139996,2026-01-05,Not as Expected,Refunded
R4007929,O1015841,2024-03-02,Size Issue,Refunded
R4007930,O1166366,2023-04-21,Changed Mind,Refunded
R4007931,O1076502,2023-11-04,Late Delivery,Refunded
R4007932,O1128051,2024-10-22,Not as Expected,Refunded
R4007933,O1114334,2023-07-15,Not as Expected,Refunded
R4007934,O1106459,2024-08-19,Size Issue,Refunded
R4007935,O1085479,2025-01-14,Damaged,Refunded
R4007936,O1000171,2023-09-06,Not as Expected,Refunded
R4007937,O1125288,2025-02-18,Damaged,Refunded
R4007938,O1166703,2025-05-05,Wrong Item,Refunded
R4007939,O1116241,2024-03-21,Wrong Item,Refunded
R4007940,O1107281,2025-09-20,Damaged,Refunded
R4007941,O1099994,2025-04-04,Wrong Item,Refunded
R4007942,O1087295,2023-05-30,Late Delivery,Refunded
R4007943,O1069406,2025-05-08,Damaged,Refunded
R4007944,O1152300,2023-02-07,Not as Expected,Refunded
R4007945,O1175115,2024-09-08,Late Delivery,Refunded
R4007946,O1036307,2024-04-21,Size Issue,Refunded
R4007947,O1010812,2023-05-21,Wrong Item,Refunded
R4007948,O1083368,2023-12-09,Not as Expected,Refunded
R4007949,O1072431,2024-06-26,Damaged,Refunded
R4007950,O1124544,2024-03-08,Not as Expected,Refunded
R4007951,O1158552,2023-08-03,Size Issue,Refunded
R4007952,O1153558,2025-12-10,Not as Expected,Refunded
R4007953,O1121382,2023-06-18,Not as Expected,Refunded
R4007954,O1080397,2025-03-04,Not as Expected,Refunded
R4007955,O1153605,2023-11-03,Damaged,Refunded
R4007956,O1147335,2025-03-26,Damaged,Refunded
R4007957,O1050369,2025-02-23,Damaged,Refunded
R4007958,O1169503,2023-01-12,Wrong Item,Processing
R4007959,O1158995,2023-03-28,Late Delivery,Refunded
R4007960,O1034235,2024-12-24,Damaged,Processing
R4007961,O1074190,2023-12-15,Wrong Item,Processing
R4007962,O1114187,2023-03-21,Changed Mind,Refunded
R4007963,O1060421,2025-11-16,Wrong Item,Refunded
R4007964,O1021259,2023-01-27,Late Delivery,Refunded
R4007965,O1090619,2024-02-06,Not as Expected,Refunded
R4007966,O1014328,2025-06-03,Wrong Item,Processing
R4007967,O1011111,2024-05-31,Size Issue,Refunded
R4007968,O1174048,2023-01-24,Damaged,Refunded
R4007969,O1058276,2025-03-31,Size Issue,Refunded
R4007970,O1140442,2024-07-17,Changed Mind,Refunded
R4007971,O1176616,2025-05-18,Late Delivery,Refunded
R4007972,O1139137,2025-05-21,Late Delivery,Refunded
R4007973,O1165365,2025-06-06,Not as Expected,Refunded
R4007974,O1174299,2025-07-19,Not as Expected,Processing
R4007975,O1029792,2023-02-24,Late Delivery,Refunded
R4007976,O1044931,2023-07-16,Wrong Item,Refunded
R4007977,O1067133,2025-10-12,Damaged,Refunded
R4007978,O1105311,2024-03-15,Not as Expected,Processing
R4007979,O1171878,2023-04-27,Damaged,Refunded
R4007980,O1118956,2024-03-12,Changed Mind,Refunded
R4007981,O1045417,2023-07-24,Late Delivery,Refunded
R4007982,O1116746,2023-12-02,Not as Expected,Refunded
R4007983,O1049479,2025-03-12,Late Delivery,Processing
R4007984,O1130539,2024-08-29,Size Issue,Refunded
R4007985,O1062087,2023-05-24,Wrong Item,Refunded
R4007986,O1018605,2023-05-30,Not as Expected,Refunded
R4007987,O1103249,2024-04-08,Wrong Item,Refunded
R4007988,O1102425,2025-08-25,Not as Expected,Refunded
R4007989,O1041113,2024-12-03,Damaged,Refunded
R4007990,O1024453,2024-11-22,Size Issue,Refunded
R4007991,O1061788,2025-09-14,Changed Mind,Refunded
R4007992,O1097312,2023-02-03,Not as Expected,Refunded
R4007993,O1161471,2024-12-07,Late Delivery,Refunded
R4007994,O1027254,2025-07-08,Damaged,Refunded
R4007995,O1121915,2023-08-08,Not as Expected,Refunded
R4007996,O1007514,2024-11-05,Wrong Item,Processing
R4007997,O1079339,2023-12-27,Not as Expected,Refunded
R4007998,O1069479,2024-10-25,Damaged,Refunded
R4007999,O1080013,2025-04-04,Changed Mind,Refunded
R4008000,O1104262,2025-02-13,Changed Mind,Processing
R4008001,O1039991,2025-07-22,Changed Mind,Refunded
R4008002,O1011260,2024-01-08,Damaged,Refunded
R4008003,O1066462,2024-06-04,Not as Expected,Refunded
R4008004,O1036015,2023-03-24,Changed Mind,Refunded
R4008005,O1052611,2025-11-04,Late Delivery,Refunded
R4008006,O1175309,2024-07-25,Late Delivery,Refunded
R4008007,O1024355,2025-10-14,Not as Expected,Refunded
R4008008,O1103571,2024-03-13,Late Delivery,Refunded
R4008009,O1000367,2023-06-29,Late Delivery,Refunded
R4008010,O1012076,2024-12-27,Not as Expected,Refunded
R4008011,O1100189,2023-05-30,Late Delivery,Refunded
R4008012,O1017528,2024-12-02,Late Delivery,Refunded
R4008013,O1053967,2023-12-25,Not as Expected,Refunded
R4008014,O1127462,2025-07-30,Changed Mind,Refunded
R4008015,O1089136,2024-12-23,Size Issue,Refunded
R4008016,O1005819,2024-02-12,Late Delivery,Refunded
R4008017,O1019396,2024-05-19,Size Issue,Refunded
R4008018,O1009013,2025-11-28,Changed Mind,Processing
R4008019,O1151481,2023-08-31,Wrong Item,Refunded
R4008020,O1161125,2024-06-17,Size Issue,Refunded
R4008021,O1041328,2023-09-13,Not as Expected,Refunded
R4008022,O1087730,2025-04-13,Size Issue,Refunded
R4008023,O1088624,2023-03-01,Not as Expected,Refunded
R4008024,O1037156,2024-05-16,Late Delivery,Refunded
R4008025,O1151316,2023-01-10,Not as Expected,Refunded
R4008026,O1171707,2023-06-02,Size Issue,Refunded
R4008027,O1007583,2025-08-30,Changed Mind,Processing
R4008028,O1080348,2025-12-23,Size Issue,Refunded
R4008029,O1008780,2024-02-20,Not as Expected,Refunded
R4008030,O1098440,2023-12-11,Wrong Item,Refunded
R4008031,O1126502,2023-03-09,Size Issue,Refunded
R4008032,O1040495,2024-09-11,Changed Mind,Refunded
R4008033,O1150727,2023-09-16,Damaged,Processing
R4008034,O1126258,2024-12-05,Changed Mind,Refunded
R4008035,O1049582,2023-02-14,Damaged,Refunded
R4008036,O1166510,2024-09-05,Not as Expected,Refunded
R4008037,O1001320,2023-03-14,Damaged,Refunded
R4008038,O1077998,2025-10-09,Not as Expected,Processing
R4008039,O1147165,2024-09-13,Not as Expected,Refunded
R4008040,O1005910,2025-01-01,Late Delivery,Refunded
R4008041,O1136806,2023-01-11,Wrong Item,Refunded
R4008042,O1091398,2024-06-28,Not as Expected,Refunded
R4008043,O1081577,2024-05-03,Not as Expected,Processing
R4008044,O1022017,2023-03-13,Size Issue,Refunded
R4008045,O1017125,2024-04-21,Size Issue,Refunded
R4008046,O1088112,2025-04-28,Not as Expected,Refunded
R4008047,O1000667,2023-09-11,Late Delivery,Refunded
R4008048,O1092131,2024-03-14,Not as Expected,Processing
R4008049,O1006767,2024-12-19,Size Issue,Refunded
R4008050,O1106964,2023-12-02,Not as Expected,Refunded
R4008051,O1089695,2024-08-24,Not as Expected,Refunded
R4008052,O1138686,2025-05-04,Not as Expected,Refunded
R4008053,O1064008,2025-02-11,Changed Mind,Refunded
R4008054,O1111031,2025-08-14,Not as Expected,Refunded
R4008055,O1007429,2023-10-08,Size Issue,Refunded
R4008056,O1178507,2025-11-15,Not as Expected,Refunded
R4008057,O1047437,2024-07-28,Not as Expected,Refunded
R4008058,O1063360,2025-01-18,Damaged,Refunded
R4008059,O1117058,2024-03-23,Damaged,Refunded
R4008060,O1162158,2025-07-12,Not as Expected,Refunded
R4008061,O1083102,2025-08-30,Damaged,Refunded
R4008062,O1135673,2023-09-09,Damaged,Refunded
R4008063,O1135187,2023-08-12,Not as Expected,Refunded
R4008064,O1040162,2025-10-09,Wrong Item,Processing
R4008065,O1126208,2024-11-18,Changed Mind,Refunded
R4008066,O1089947,2025-02-15,Not as Expected,Refunded
R4008067,O1149259,2023-05-01,Size Issue,Processing
R4008068,O1107354,2025-12-06,Late Delivery,Refunded
R4008069,O1036278,2024-03-07,Changed Mind,Refunded
R4008070,O1017712,2024-07-30,Not as Expected,Refunded
R4008071,O1065134,2024-05-30,Late Delivery,Refunded
R4008072,O1063294,2025-03-02,Damaged,Refunded
R4008073,O1051272,2024-09-28,Not as Expected,Refunded
R4008074,O1068226,2025-06-24,Damaged,Refunded
R4008075,O1010954,2023-12-30,Not as Expected,Refunded
R4008076,O1108864,2023-01-31,Damaged,Refunded
R4008077,O1158204,2023-05-31,Late Delivery,Refunded
R4008078,O1008249,2025-10-11,Not as Expected,Refunded
R4008079,O1164396,2025-01-24,Wrong Item,Refunded
R4008080,O1112570,2025-03-07,Size Issue,Refunded
R4008081,O1156437,2025-12-15,Not as Expected,Refunded
R4008082,O1107948,2024-03-11,Wrong Item,Refunded
R4008083,O1053916,2025-05-21,Damaged,Refunded
R4008084,O1051374,2023-06-28,Size Issue,Refunded
R4008085,O1073193,2023-10-22,Not as Expected,Refunded
R4008086,O1034443,2023-04-01,Not as Expected,Refunded
R4008087,O1131472,2023-05-18,Not as Expected,Refunded
R4008088,O1119810,2023-03-29,Damaged,Refunded
R4008089,O1041189,2025-05-24,Not as Expected,Refunded
R4008090,O1009541,2025-04-24,Size Issue,Refunded
R4008091,O1142535,2023-01-31,Size Issue,Refunded
R4008092,O1069848,2024-02-15,Damaged,Refunded
R4008093,O1137118,2023-12-03,Not as Expected,Refunded
R4008094,O1166201,2023-07-27,Wrong Item,Refunded
R4008095,O1011635,2023-04-14,Not as Expected,Refunded
R4008096,O1046349,2023-02-17,Size Issue,Refunded
R4008097,O1155640,2024-08-03,Damaged,Refunded
R4008098,O1103027,2023-08-08,Not as Expected,Refunded
R4008099,O1160702,2025-06-08,Wrong Item,Refunded
R4008100,O1010750,2025-11-10,Size Issue,Refunded
R4008101,O1143872,2024-11-01,Not as Expected,Refunded
R4008102,O1128898,2023-03-19,Wrong Item,Refunded
R4008103,O1177794,2025-12-31,Changed Mind,Refunded
R4008104,O1161193,2023-02-12,Size Issue,Refunded
R4008105,O1103658,2023-03-27,Not as Expected,Refunded
R4008106,O1038559,2025-12-22,Size Issue,Refunded
R4008107,O1079805,2025-07-27,Changed Mind,Refunded
R4008108,O1109375,2025-12-19,Changed Mind,Refunded
R4008109,O1088264,2023-04-11,Damaged,Refunded
R4008110,O1091344,2023-11-20,Wrong Item,Refunded
R4008111,O1087397,2025-03-20,Late Delivery,Refunded
R4008112,O1052076,2024-02-22,Changed Mind,Refunded
R4008113,O1058816,2023-04-07,Damaged,Refunded
R4008114,O1081014,2024-09-09,Changed Mind,Refunded
R4008115,O1136883,2025-06-11,Not as Expected,Refunded
R4008116,O1083778,2023-12-26,Not as Expected,Refunded
R4008117,O1163512,2024-05-10,Not as Expected,Refunded
R4008118,O1001980,2023-09-27,Size Issue,Refunded
R4008119,O1027667,2025-07-31,Size Issue,Refunded
R4008120,O1167038,2024-09-10,Not as Expected,Refunded
R4008121,O1084637,2024-07-07,Wrong Item,Refunded
R4008122,O1154058,2024-09-12,Late Delivery,Refunded
R4008123,O1038539,2023-08-05,Changed Mind,Refunded
R4008124,O1160490,2025-05-23,Changed Mind,Refunded
R4008125,O1125664,2024-03-22,Wrong Item,Refunded
R4008126,O1079897,2025-12-18,Not as Expected,Refunded
R4008127,O1032873,2024-08-11,Not as Expected,Processing
R4008128,O1021676,2024-04-15,Wrong Item,Processing
R4008129,O1044738,2026-01-09,Not as Expected,Refunded
R4008130,O1021379,2023-06-08,Not as Expected,Refunded
R4008131,O1101571,2024-06-06,Late Delivery,Refunded
R4008132,O1143950,2025-08-31,Wrong Item,Refunded
R4008133,O1042261,2024-08-27,Changed Mind,Refunded
R4008134,O1076604,2023-03-15,Late Delivery,Refunded
R4008135,O1027878,2025-05-03,Changed Mind,Refunded
R4008136,O1155061,2024-01-29,Size Issue,Refunded
R4008137,O1032551,2024-01-17,Not as Expected,Refunded
R4008138,O1013122,2023-09-17,Not as Expected,Refunded
R4008139,O1151965,2024-01-13,Late Delivery,Refunded
R4008140,O1148512,2024-09-18,Not as Expected,Refunded
R4008141,O1157724,2023-08-03,Damaged,Refunded
R4008142,O1062587,2026-01-09,Wrong Item,Refunded
R4008143,O1044057,2025-01-05,Not as Expected,Refunded
R4008144,O1038028,2023-11-01,Late Delivery,Refunded
R4008145,O1014561,2024-02-23,Size Issue,Refunded
R4008146,O1131123,2024-06-20,Size Issue,Refunded
R4008147,O1056342,2023-07-24,Not as Expected,Refunded
R4008148,O1079380,2023-03-06,Size Issue,Refunded
R4008149,O1133629,2024-12-26,Wrong Item,Refunded
R4008150,O1066038,2025-11-10,Late Delivery,Refunded
R4008151,O1172474,2025-05-27,Size Issue,Refunded
R4008152,O1099410,2024-10-12,Damaged,Refunded
R4008153,O1175670,2025-10-24,Damaged,Refunded
R4008154,O1146289,2023-11-25,Size Issue,Refunded
R4008155,O1117406,2025-02-22,Size Issue,Refunded
R4008156,O1110851,2024-11-10,Late Delivery,Refunded
R4008157,O1071734,2024-09-16,Wrong Item,Refunded
R4008158,O1116598,2023-12-19,Wrong Item,Refunded
R4008159,O1086982,2023-10-26,Wrong Item,Refunded
R4008160,O1122370,2024-04-18,Size Issue,Refunded
R4008161,O1140919,2024-12-28,Not as Expected,Processing
R4008162,O1004730,2023-09-21,Damaged,Processing
R4008163,O1003261,2023-07-21,Changed Mind,Refunded
R4008164,O1086667,2025-03-20,Damaged,Processing
R4008165,O1154720,2023-07-10,Changed Mind,Refunded
R4008166,O1096512,2023-10-28,Size Issue,Refunded
R4008167,O1042269,2024-01-23,Not as Expected,Refunded
R4008168,O1145645,2023-03-09,Not as Expected,Refunded
R4008169,O1165145,2023-09-22,Damaged,Refunded
R4008170,O1056170,2025-07-22,Size Issue,Refunded
R4008171,O1157204,2025-08-19,Size Issue,Refunded
R4008172,O1010668,2025-11-17,Size Issue,Refunded
R4008173,O1062573,2024-09-08,Size Issue,Refunded
R4008174,O1121378,2023-09-20,Size Issue,Refunded
R4008175,O1054111,2024-07-12,Late Delivery,Refunded
R4008176,O1133133,2025-03-09,Changed Mind,Refunded
R4008177,O1065321,2024-09-25,Not as Expected,Refunded
R4008178,O1174857,2023-11-09,Changed Mind,Refunded
R4008179,O1138026,2025-12-26,Not as Expected,Refunded
R4008180,O1160954,2025-12-14,Late Delivery,Refunded
R4008181,O1087231,2024-06-27,Not as Expected,Refunded
R4008182,O1050677,2024-07-09,Wrong Item,Refunded
R4008183,O1009698,2024-02-20,Wrong Item,Refunded
R4008184,O1127571,2023-09-30,Not as Expected,Refunded
R4008185,O1039273,2025-04-10,Not as Expected,Refunded
R4008186,O1114529,2024-06-26,Damaged,Refunded
R4008187,O1159138,2023-05-15,Not as Expected,Refunded
R4008188,O1110707,2024-04-05,Size Issue,Refunded
R4008189,O1090187,2024-05-04,Size Issue,Refunded
R4008190,O1135120,2024-11-12,Late Delivery,Refunded
R4008191,O1022759,2023-04-24,Not as Expected,Refunded
R4008192,O1099163,2025-09-22,Not as Expected,Refunded
R4008193,O1151287,2024-04-04,Size Issue,Refunded
R4008194,O1117655,2024-06-03,Not as Expected,Refunded
R4008195,O1042796,2023-01-23,Changed Mind,Refunded
R4008196,O1040305,2023-07-29,Wrong Item,Refunded
R4008197,O1056893,2024-07-07,Not as Expected,Refunded
R4008198,O1110163,2023-01-28,Size Issue,Refunded
R4008199,O1060457,2023-08-16,Late Delivery,Refunded
R4008200,O1032683,2025-03-10,Not as Expected,Refunded
R4008201,O1060030,2023-09-26,Changed Mind,Refunded
R4008202,O1099683,2023-03-26,Changed Mind,Refunded
R4008203,O1007381,2023-06-30,Not as Expected,Refunded
R4008204,O1168617,2025-06-19,Late Delivery,Refunded
R4008205,O1006155,2025-11-18,Size Issue,Processing
R4008206,O1123540,2024-09-18,Size Issue,Refunded
R4008207,O1139964,2023-10-15,Changed Mind,Refunded
R4008208,O1090212,2023-08-25,Late Delivery,Processing
R4008209,O1016177,2023-08-12,Not as Expected,Refunded
R4008210,O1066789,2025-11-11,Size Issue,Refunded
R4008211,O1134064,2023-03-02,Changed Mind,Refunded
R4008212,O1162655,2024-09-24,Damaged,Refunded
R4008213,O1007860,2025-08-02,Damaged,Refunded
R4008214,O1150843,2024-07-04,Damaged,Refunded
R4008215,O1062809,2023-11-25,Not as Expected,Refunded
R4008216,O1024184,2025-09-26,Not as Expected,Refunded
R4008217,O1150797,2024-02-17,Size Issue,Refunded
R4008218,O1056023,2025-11-05,Changed Mind,Refunded
R4008219,O1168632,2025-09-12,Damaged,Refunded
R4008220,O1129162,2025-02-10,Changed Mind,Refunded
R4008221,O1110225,2023-02-07,Not as Expected,Refunded
R4008222,O1058234,2024-03-11,Not as Expected,Refunded
R4008223,O1113881,2023-07-05,Size Issue,Refunded
R4008224,O1176381,2024-03-20,Wrong Item,Refunded
R4008225,O1025678,2023-06-17,Not as Expected,Refunded
R4008226,O1043805,2025-10-07,Not as Expected,Refunded
R4008227,O1143463,2023-11-28,Damaged,Refunded
R4008228,O1014293,2024-03-03,Late Delivery,Refunded
R4008229,O1070299,2025-07-07,Size Issue,Refunded
R4008230,O1046997,2024-08-09,Wrong Item,Refunded
R4008231,O1161038,2024-07-27,Size Issue,Refunded
R4008232,O1084083,2025-04-23,Changed Mind,Refunded
R4008233,O1050732,2025-01-27,Wrong Item,Refunded
R4008234,O1099441,2026-01-09,Wrong Item,Refunded
R4008235,O1058887,2023-12-18,Size Issue,Refunded
R4008236,O1073917,2024-11-26,Size Issue,Refunded
R4008237,O1124569,2025-01-31,Not as Expected,Refunded
R4008238,O1026657,2024-11-29,Changed Mind,Refunded
R4008239,O1039894,2023-04-15,Changed Mind,Refunded
R4008240,O1071522,2024-05-09,Size Issue,Refunded
R4008241,O1124819,2024-02-11,Not as Expected,Refunded
R4008242,O1072244,2023-10-10,Size Issue,Processing
R4008243,O1086651,2024-01-27,Wrong Item,Refunded
R4008244,O1058516,2024-02-07,Late Delivery,Refunded
R4008245,O1090229,2024-07-19,Size Issue,Processing
R4008246,O1101828,2024-06-22,Changed Mind,Processing
R4008247,O1150136,2025-12-27,Damaged,Processing
R4008248,O1084471,2024-09-10,Not as Expected,Refunded
R4008249,O1125672,2023-08-18,Changed Mind,Refunded
R4008250,O1023714,2025-06-18,Wrong Item,Refunded
R4008251,O1133430,2024-03-01,Damaged,Refunded
R4008252,O1062493,2025-09-08,Size Issue,Refunded
R4008253,O1064218,2025-12-13,Late Delivery,Refunded
R4008254,O1028748,2025-04-23,Late Delivery,Refunded
R4008255,O1057282,2025-04-08,Not as Expected,Refunded
R4008256,O1091949,2025-07-29,Late Delivery,Refunded
R4008257,O1026229,2025-04-16,Late Delivery,Refunded
R4008258,O1165612,2024-09-08,Size Issue,Refunded
R4008259,O1011275,2023-03-11,Damaged,Refunded
R4008260,O1016957,2024-02-13,Damaged,Refunded
R4008261,O1079516,2025-05-19,Size Issue,Refunded
R4008262,O1044558,2023-01-15,Size Issue,Refunded
R4008263,O1158429,2025-11-11,Not as Expected,Refunded
R4008264,O1046926,2024-12-22,Changed Mind,Refunded
R4008265,O1130383,2024-07-17,Wrong Item,Refunded
R4008266,O1014642,2024-05-24,Wrong Item,Refunded
R4008267,O1092189,2024-12-10,Size Issue,Refunded
R4008268,O1097024,2025-12-16,Size Issue,Refunded
R4008269,O1145012,2024-09-21,Wrong Item,Refunded
R4008270,O1092370,2024-04-17,Damaged,Refunded
R4008271,O1169710,2024-10-17,Damaged,Refunded
R4008272,O1109558,2023-04-29,Changed Mind,Refunded
R4008273,O1003939,2024-04-21,Not as Expected,Refunded
R4008274,O1031111,2024-11-28,Not as Expected,Refunded
R4008275,O1011734,2025-08-06,Size Issue,Refunded
R4008276,O1112099,2025-09-30,Not as Expected,Refunded
R4008277,O1103290,2023-01-26,Late Delivery,Refunded
R4008278,O1015912,2025-02-28,Not as Expected,Refunded
R4008279,O1102410,2024-06-08,Damaged,Refunded
R4008280,O1028167,2025-08-13,Not as Expected,Refunded
R4008281,O1165676,2023-03-31,Late Delivery,Refunded
R4008282,O1098018,2025-02-10,Wrong Item,Refunded
R4008283,O1103401,2025-05-30,Changed Mind,Processing
R4008284,O1059225,2023-08-05,Not as Expected,Refunded
R4008285,O1071237,2023-07-19,Wrong Item,Refunded
R4008286,O1005023,2023-04-08,Not as Expected,Refunded
R4008287,O1164130,2024-01-05,Changed Mind,Refunded
R4008288,O1172883,2024-11-12,Changed Mind,Refunded
R4008289,O1004929,2024-07-04,Size Issue,Refunded
R4008290,O1119180,2023-06-24,Size Issue,Refunded
R4008291,O1027437,2025-09-25,Damaged,Processing
R4008292,O1088995,2023-11-20,Not as Expected,Refunded
R4008293,O1018818,2023-12-10,Not as Expected,Refunded
R4008294,O1134709,2025-12-27,Changed Mind,Refunded
R4008295,O1010380,2023-08-19,Changed Mind,Refunded
R4008296,O1018691,2024-09-17,Damaged,Refunded
R4008297,O1091054,2023-03-13,Changed Mind,Processing
R4008298,O1067643,2024-08-09,Changed Mind,Refunded
R4008299,O1175395,2025-11-29,Size Issue,Refunded
R4008300,O1091867,2024-01-01,Damaged,Refunded
R4008301,O1001340,2023-04-16,Damaged,Refunded
R4008302,O1160512,2025-04-28,Not as Expected,Refunded
R4008303,O1137514,2023-02-03,Changed Mind,Refunded
R4008304,O1065860,2023-04-28,Not as Expected,Processing
R4008305,O1096131,2023-11-15,Size Issue,Refunded
R4008306,O1142786,2024-11-11,Not as Expected,Refunded
R4008307,O1077693,2025-09-07,Damaged,Refunded
R4008308,O1040022,2025-05-16,Late Delivery,Refunded
R4008309,O1065275,2025-03-04,Changed Mind,Refunded
R4008310,O1011446,2025-09-13,Damaged,Refunded
R4008311,O1057553,2023-10-29,Size Issue,Processing
R4008312,O1084140,2025-07-20,Wrong Item,Refunded
R4008313,O1177259,2025-06-12,Wrong Item,Refunded
R4008314,O1039971,2023-07-24,Damaged,Refunded
R4008315,O1147518,2023-04-24,Late Delivery,Processing
R4008316,O1153787,2025-03-27,Size Issue,Refunded
R4008317,O1002707,2024-05-09,Changed Mind,Refunded
R4008318,O1106769,2024-05-29,Changed Mind,Refunded
R4008319,O1059058,2023-08-13,Not as Expected,Refunded
R4008320,O1116188,2025-07-15,Changed Mind,Refunded
R4008321,O1153766,2025-11-14,Size Issue,Refunded
R4008322,O1064946,2024-12-30,Wrong Item,Refunded
R4008323,O1171694,2025-04-03,Not as Expected,Refunded
R4008324,O1073337,2024-01-27,Damaged,Refunded
R4008325,O1125264,2024-02-20,Wrong Item,Refunded
R4008326,O1081398,2023-05-04,Wrong Item,Processing
R4008327,O1101569,2025-07-10,Late Delivery,Refunded
R4008328,O1022288,2024-08-14,Late Delivery,Refunded
R4008329,O1147875,2023-06-18,Late Delivery,Refunded
R4008330,O1087153,2025-08-05,Late Delivery,Refunded
R4008331,O1020250,2025-09-18,Not as Expected,Refunded
R4008332,O1018927,2023-02-17,Not as Expected,Refunded
R4008333,O1134514,2023-07-26,Not as Expected,Refunded
R4008334,O1049411,2025-03-06,Wrong Item,Refunded
R4008335,O1070892,2024-05-24,Damaged,Refunded
R4008336,O1061527,2024-02-07,Late Delivery,Refunded
R4008337,O1171790,2024-04-30,Not as Expected,Refunded
R4008338,O1040660,2025-04-08,Late Delivery,Refunded
R4008339,O1022943,2024-01-03,Damaged,Refunded
R4008340,O1080127,2023-07-21,Wrong Item,Refunded
R4008341,O1103895,2023-12-09,Changed Mind,Refunded
R4008342,O1137938,2024-04-11,Not as Expected,Refunded
R4008343,O1048515,2025-02-28,Size Issue,Refunded
R4008344,O1062892,2024-09-13,Not as Expected,Refunded
R4008345,O1020781,2023-10-06,Not as Expected,Refunded
R4008346,O1154442,2023-05-09,Size Issue,Refunded
R4008347,O1069379,2023-07-22,Wrong Item,Refunded
R4008348,O1094384,2025-09-27,Not as Expected,Refunded
R4008349,O1075132,2024-10-06,Late Delivery,Refunded
R4008350,O1158069,2025-08-01,Not as Expected,Refunded
R4008351,O1149660,2024-01-23,Not as Expected,Refunded
R4008352,O1052822,2024-07-10,Not as Expected,Refunded
R4008353,O1122266,2024-10-12,Damaged,Refunded
R4008354,O1079152,2023-06-22,Not as Expected,Refunded
R4008355,O1164568,2023-08-06,Not as Expected,Refunded
R4008356,O1038653,2023-03-16,Damaged,Refunded
R4008357,O1159464,2025-05-16,Not as Expected,Refunded
R4008358,O1141805,2025-02-21,Size Issue,Refunded
R4008359,O1053181,2024-11-09,Damaged,Refunded
R4008360,O1018047,2023-08-19,Wrong Item,Refunded
R4008361,O1017119,2024-09-03,Size Issue,Refunded
R4008362,O1163689,2024-09-09,Damaged,Refunded
R4008363,O1113949,2025-04-03,Changed Mind,Refunded
R4008364,O1170656,2025-06-27,Wrong Item,Refunded
R4008365,O1028220,2023-08-17,Size Issue,Refunded
R4008366,O1123146,2023-12-02,Not as Expected,Refunded
R4008367,O1129741,2025-12-12,Wrong Item,Refunded
R4008368,O1055635,2024-06-28,Damaged,Refunded
R4008369,O1090104,2025-05-07,Not as Expected,Processing
R4008370,O1018723,2023-12-23,Late Delivery,Refunded
R4008371,O1106465,2025-12-11,Damaged,Refunded
R4008372,O1136914,2023-05-06,Not as Expected,Refunded
R4008373,O1137582,2023-03-10,Late Delivery,Processing
R4008374,O1003217,2025-02-10,Changed Mind,Refunded
R4008375,O1147362,2025-08-16,Changed Mind,Refunded
R4008376,O1012675,2024-05-13,Not as Expected,Refunded
R4008377,O1158489,2024-12-11,Changed Mind,Processing
R4008378,O1159007,2024-02-05,Wrong Item,Refunded
R4008379,O1045883,2025-12-08,Changed Mind,Refunded
R4008380,O1043129,2025-07-16,Damaged,Refunded
R4008381,O1074959,2025-08-08,Damaged,Refunded
R4008382,O1146849,2023-04-07,Damaged,Refunded
R4008383,O1057509,2025-04-28,Size Issue,Refunded
R4008384,O1071466,2025-10-27,Late Delivery,Refunded
R4008385,O1050182,2025-09-24,Late Delivery,Refunded
R4008386,O1058317,2023-06-18,Changed Mind,Refunded
R4008387,O1014928,2023-08-12,Not as Expected,Refunded
R4008388,O1008312,2023-06-14,Not as Expected,Refunded
R4008389,O1123188,2024-12-05,Damaged,Refunded
R4008390,O1060934,2025-07-21,Not as Expected,Refunded
R4008391,O1079210,2024-12-05,Changed Mind,Refunded
R4008392,O1106863,2025-07-17,Late Delivery,Refunded
R4008393,O1072311,2025-01-26,Not as Expected,Refunded
R4008394,O1057931,2023-05-30,Late Delivery,Refunded
R4008395,O1129354,2024-06-17,Not as Expected,Refunded
R4008396,O1114667,2023-05-21,Size Issue,Processing
R4008397,O1142907,2024-07-18,Damaged,Refunded
R4008398,O1146859,2023-12-22,Late Delivery,Processing
R4008399,O1149764,2024-03-31,Late Delivery,Refunded
R4008400,O1164425,2024-12-01,Changed Mind,Refunded
R4008401,O1118385,2025-10-11,Not as Expected,Refunded
R4008402,O1112754,2023-05-20,Late Delivery,Refunded
R4008403,O1112730,2025-06-13,Damaged,Refunded
R4008404,O1120709,2024-02-06,Not as Expected,Refunded
R4008405,O1084994,2023-06-18,Changed Mind,Refunded
R4008406,O1007716,2025-11-28,Wrong Item,Refunded
R4008407,O1009351,2023-04-15,Wrong Item,Refunded
R4008408,O1158077,2023-04-19,Size Issue,Refunded
R4008409,O1168293,2024-01-04,Late Delivery,Refunded
R4008410,O1028553,2024-11-04,Late Delivery,Refunded
R4008411,O1116861,2023-01-05,Size Issue,Refunded
R4008412,O1019051,2024-05-12,Damaged,Refunded
R4008413,O1037523,2024-01-15,Changed Mind,Refunded
R4008414,O1137288,2023-05-13,Late Delivery,Refunded
R4008415,O1131006,2024-07-09,Damaged,Refunded
R4008416,O1048209,2023-03-18,Damaged,Processing
R4008417,O1043324,2025-04-06,Late Delivery,Refunded
R4008418,O1081815,2023-11-27,Not as Expected,Refunded
R4008419,O1139863,2023-06-11,Changed Mind,Refunded
R4008420,O1058498,2023-11-27,Wrong Item,Refunded
R4008421,O1058319,2024-11-16,Not as Expected,Refunded
R4008422,O1086518,2023-11-02,Not as Expected,Refunded
R4008423,O1127517,2023-08-01,Damaged,Refunded
R4008424,O1120291,2025-07-31,Not as Expected,Refunded
R4008425,O1012343,2024-01-11,Changed Mind,Refunded
R4008426,O1067052,2025-04-12,Not as Expected,Refunded
R4008427,O1177984,2023-02-18,Not as Expected,Refunded
R4008428,O1137396,2024-05-12,Wrong Item,Refunded
R4008429,O1090792,2025-12-05,Size Issue,Refunded
R4008430,O1137317,2026-01-05,Not as Expected,Refunded
R4008431,O1144164,2024-11-29,Late Delivery,Refunded
R4008432,O1125759,2024-09-06,Damaged,Refunded
R4008433,O1108667,2023-07-12,Late Delivery,Refunded
R4008434,O1048202,2024-01-08,Changed Mind,Refunded
R4008435,O1055467,2023-05-27,Size Issue,Processing
R4008436,O1010104,2023-04-04,Not as Expected,Refunded
R4008437,O1095040,2023-06-25,Not as Expected,Refunded
R4008438,O1058055,2023-01-12,Not as Expected,Refunded
R4008439,O1055492,2023-10-13,Damaged,Refunded
R4008440,O1133729,2024-11-24,Damaged,Processing
R4008441,O1063165,2025-08-17,Size Issue,Refunded
R4008442,O1110865,2025-10-07,Not as Expected,Refunded
R4008443,O1112448,2025-10-04,Not as Expected,Refunded
R4008444,O1072872,2024-09-14,Damaged,Refunded
R4008445,O1116768,2024-12-05,Size Issue,Refunded
R4008446,O1003914,2025-02-07,Late Delivery,Processing
R4008447,O1164572,2024-08-11,Damaged,Refunded
R4008448,O1121216,2024-12-30,Changed Mind,Refunded
R4008449,O1054292,2023-03-03,Not as Expected,Refunded
R4008450,O1142699,2025-08-07,Changed Mind,Processing
R4008451,O1118593,2024-04-09,Damaged,Refunded
R4008452,O1067605,2025-04-08,Damaged,Refunded
R4008453,O1064151,2023-12-13,Damaged,Refunded
R4008454,O1013246,2025-02-08,Not as Expected,Processing
R4008455,O1126207,2023-07-30,Changed Mind,Refunded
R4008456,O1052110,2025-11-26,Damaged,Refunded
R4008457,O1095761,2024-11-26,Not as Expected,Refunded
R4008458,O1045120,2025-07-08,Not as Expected,Refunded
R4008459,O1064627,2023-08-21,Not as Expected,Refunded
R4008460,O1019219,2024-03-17,Not as Expected,Refunded
R4008461,O1023630,2023-05-28,Size Issue,Refunded
R4008462,O1145228,2024-08-27,Changed Mind,Refunded
R4008463,O1077818,2025-10-02,Changed Mind,Refunded
R4008464,O1139875,2024-10-10,Late Delivery,Refunded
R4008465,O1167678,2023-04-08,Size Issue,Refunded
R4008466,O1104883,2025-12-12,Wrong Item,Refunded
R4008467,O1033420,2025-11-15,Changed Mind,Refunded
R4008468,O1149666,2023-03-04,Wrong Item,Refunded
R4008469,O1066987,2023-11-20,Wrong Item,Refunded
R4008470,O1175573,2025-05-22,Not as Expected,Refunded
R4008471,O1128835,2023-05-28,Wrong Item,Refunded
R4008472,O1145579,2023-10-07,Damaged,Processing
R4008473,O1165236,2024-08-30,Not as Expected,Refunded
R4008474,O1020985,2024-05-15,Size Issue,Refunded
R4008475,O1145029,2023-07-27,Not as Expected,Refunded
R4008476,O1155478,2025-04-07,Not as Expected,Refunded
R4008477,O1022885,2023-10-09,Not as Expected,Refunded
R4008478,O1073385,2025-03-14,Damaged,Refunded
R4008479,O1104947,2025-05-06,Changed Mind,Refunded
R4008480,O1050538,2023-10-23,Size Issue,Refunded
R4008481,O1044353,2026-01-01,Not as Expected,Processing
R4008482,O1031003,2025-02-11,Not as Expected,Refunded
R4008483,O1091591,2023-11-06,Not as Expected,Refunded
R4008484,O1101226,2025-01-31,Size Issue,Refunded
R4008485,O1157733,2023-10-13,Changed Mind,Refunded
R4008486,O1029936,2025-08-12,Wrong Item,Refunded
R4008487,O1069712,2024-01-11,Size Issue,Refunded
R4008488,O1036989,2023-08-14,Not as Expected,Refunded
R4008489,O1146623,2025-05-25,Late Delivery,Refunded
R4008490,O1056251,2024-12-06,Size Issue,Refunded
R4008491,O1166411,2024-08-22,Damaged,Processing
R4008492,O1156264,2025-12-25,Changed Mind,Refunded
R4008493,O1009234,2025-08-11,Damaged,Refunded
R4008494,O1155785,2024-08-25,Changed Mind,Refunded
R4008495,O1070657,2023-05-03,Wrong Item,Refunded
R4008496,O1011947,2024-05-26,Not as Expected,Refunded
R4008497,O1018899,2024-03-12,Changed Mind,Refunded
R4008498,O1097569,2023-06-07,Not as Expected,Refunded
R4008499,O1128874,2023-09-30,Late Delivery,Processing
R4008500,O1096252,2024-02-11,Wrong Item,Refunded
R4008501,O1165132,2023-05-13,Size Issue,Refunded
R4008502,O1116442,2024-02-04,Not as Expected,Refunded
R4008503,O1097471,2025-03-31,Size Issue,Refunded
R4008504,O1019617,2025-03-10,Damaged,Refunded
R4008505,O1096087,2024-05-13,Damaged,Refunded
R4008506,O1026553,2023-08-28,Not as Expected,Refunded
R4008507,O1170764,2023-11-09,Not as Expected,Refunded
R4008508,O1049172,2025-04-16,Wrong Item,Refunded
R4008509,O1066072,2023-11-24,Size Issue,Refunded
R4008510,O1134568,2023-04-06,Size Issue,Refunded
R4008511,O1142348,2024-03-12,Not as Expected,Refunded
R4008512,O1021008,2023-11-02,Not as Expected,Refunded
R4008513,O1152785,2024-11-17,Damaged,Refunded
R4008514,O1017358,2024-04-09,Not as Expected,Refunded
R4008515,O1006632,2023-07-02,Wrong Item,Refunded
R4008516,O1077880,2023-02-25,Damaged,Processing
R4008517,O1027920,2024-05-15,Not as Expected,Refunded
R4008518,O1014488,2024-03-31,Size Issue,Refunded
R4008519,O1161322,2025-12-05,Size Issue,Refunded
R4008520,O1060552,2024-01-23,Wrong Item,Refunded
R4008521,O1178080,2023-04-27,Not as Expected,Refunded
R4008522,O1106228,2024-05-04,Not as Expected,Refunded
R4008523,O1024260,2025-04-22,Not as Expected,Processing
R4008524,O1031150,2024-05-18,Wrong Item,Refunded
R4008525,O1109068,2024-11-18,Late Delivery,Refunded
R4008526,O1136035,2023-09-22,Changed Mind,Refunded
R4008527,O1165385,2024-03-11,Wrong Item,Refunded
R4008528,O1127915,2026-01-01,Not as Expected,Refunded
R4008529,O1019816,2024-08-22,Changed Mind,Refunded
R4008530,O1025462,2024-06-17,Not as Expected,Refunded
R4008531,O1125805,2023-09-04,Size Issue,Refunded
R4008532,O1028758,2023-07-22,Wrong Item,Refunded
R4008533,O1070612,2024-10-14,Not as Expected,Refunded
R4008534,O1135092,2025-06-07,Damaged,Refunded
R4008535,O1174516,2025-06-14,Size Issue,Processing
R4008536,O1011180,2023-03-12,Changed Mind,Refunded
R4008537,O1125265,2024-07-07,Wrong Item,Refunded
R4008538,O1031950,2023-04-21,Not as Expected,Refunded
R4008539,O1068404,2025-07-31,Wrong Item,Refunded
R4008540,O1151277,2025-09-26,Wrong Item,Refunded
R4008541,O1154688,2023-02-08,Damaged,Refunded
R4008542,O1114336,2023-09-12,Not as Expected,Refunded
R4008543,O1032552,2024-05-22,Not as Expected,Refunded
R4008544,O1109999,2025-05-26,Size Issue,Refunded
R4008545,O1091433,2024-08-23,Wrong Item,Refunded
R4008546,O1103583,2025-04-12,Damaged,Refunded
R4008547,O1063981,2025-01-15,Not as Expected,Refunded
R4008548,O1098693,2024-02-11,Not as Expected,Refunded
R4008549,O1129104,2025-05-06,Damaged,Refunded
R4008550,O1035894,2025-09-26,Damaged,Refunded
R4008551,O1132332,2025-03-08,Not as Expected,Refunded
R4008552,O1012419,2025-07-26,Wrong Item,Refunded
R4008553,O1161176,2025-05-17,Wrong Item,Refunded
R4008554,O1049436,2025-01-26,Not as Expected,Refunded
R4008555,O1064539,2025-10-31,Wrong Item,Refunded
R4008556,O1041534,2024-01-25,Damaged,Refunded
R4008557,O1088350,2024-12-20,Changed Mind,Refunded
R4008558,O1012802,2024-05-29,Not as Expected,Refunded
R4008559,O1007935,2025-05-24,Wrong Item,Refunded
R4008560,O1150684,2023-11-24,Changed Mind,Refunded
R4008561,O1106780,2025-09-26,Size Issue,Refunded
R4008562,O1023365,2024-06-28,Damaged,Refunded
R4008563,O1151864,2023-05-31,Changed Mind,Refunded
R4008564,O1087317,2024-06-20,Damaged,Refunded
R4008565,O1063479,2023-12-08,Not as Expected,Refunded
R4008566,O1081874,2024-12-17,Not as Expected,Refunded
R4008567,O1005503,2025-08-20,Late Delivery,Refunded
R4008568,O1179781,2024-11-27,Damaged,Refunded
R4008569,O1051789,2023-02-11,Wrong Item,Refunded
R4008570,O1121125,2025-07-18,Late Delivery,Refunded
R4008571,O1091086,2023-09-15,Size Issue,Refunded
R4008572,O1057994,2024-07-05,Not as Expected,Refunded
R4008573,O1117989,2024-05-01,Damaged,Refunded
R4008574,O1030665,2023-11-28,Wrong Item,Refunded
R4008575,O1080229,2024-05-21,Damaged,Refunded
R4008576,O1066906,2025-10-28,Not as Expected,Refunded
R4008577,O1179000,2023-12-11,Wrong Item,Refunded
R4008578,O1141798,2024-06-27,Late Delivery,Refunded
R4008579,O1043058,2025-02-17,Late Delivery,Refunded
R4008580,O1107998,2023-12-19,Not as Expected,Refunded
R4008581,O1142531,2026-01-07,Damaged,Refunded
R4008582,O1068727,2024-12-27,Wrong Item,Refunded
R4008583,O1113913,2024-05-29,Size Issue,Refunded
R4008584,O1009346,2025-06-27,Size Issue,Refunded
R4008585,O1075337,2024-08-12,Not as Expected,Refunded
R4008586,O1101258,2024-04-12,Damaged,Refunded
R4008587,O1074607,2025-03-16,Damaged,Refunded
R4008588,O1110720,2024-10-05,Not as Expected,Refunded
R4008589,O1134086,2023-12-10,Late Delivery,Refunded
R4008590,O1047386,2025-12-21,Not as Expected,Refunded
R4008591,O1044471,2024-06-14,Wrong Item,Refunded
R4008592,O1130495,2023-02-17,Changed Mind,Refunded
R4008593,O1015090,2023-08-12,Late Delivery,Refunded
R4008594,O1157941,2025-02-11,Damaged,Refunded
R4008595,O1034318,2023-07-10,Not as Expected,Refunded
R4008596,O1150793,2025-12-27,Changed Mind,Refunded
R4008597,O1125395,2024-01-14,Damaged,Refunded
R4008598,O1060438,2023-04-20,Damaged,Refunded
R4008599,O1177365,2023-01-31,Not as Expected,Refunded
R4008600,O1093389,2024-06-04,Damaged,Processing
R4008601,O1087843,2023-07-02,Not as Expected,Refunded
R4008602,O1108227,2024-05-25,Size Issue,Refunded
R4008603,O1111911,2023-03-08,Late Delivery,Processing
R4008604,O1143068,2024-11-03,Not as Expected,Refunded
R4008605,O1040350,2024-11-30,Damaged,Refunded
R4008606,O1049567,2025-10-17,Damaged,Refunded
R4008607,O1036410,2024-10-22,Wrong Item,Refunded
R4008608,O1052358,2025-08-23,Wrong Item,Refunded
R4008609,O1167905,2024-08-06,Damaged,Refunded
R4008610,O1020196,2023-06-25,Damaged,Refunded
R4008611,O1086940,2025-01-02,Damaged,Refunded
R4008612,O1152006,2024-10-27,Wrong Item,Refunded
R4008613,O1142675,2023-06-15,Size Issue,Processing
R4008614,O1078656,2024-06-08,Late Delivery,Refunded
R4008615,O1103364,2024-01-12,Not as Expected,Refunded
R4008616,O1159708,2023-06-01,Size Issue,Refunded
R4008617,O1118152,2023-06-17,Not as Expected,Refunded
R4008618,O1089822,2025-04-17,Size Issue,Refunded
R4008619,O1074452,2025-11-30,Size Issue,Refunded
R4008620,O1115952,2025-03-29,Not as Expected,Refunded
R4008621,O1021408,2023-10-22,Not as Expected,Refunded
R4008622,O1063432,2024-11-26,Wrong Item,Refunded
R4008623,O1040564,2023-10-30,Damaged,Refunded
R4008624,O1129370,2024-06-17,Changed Mind,Refunded
R4008625,O1092984,2026-01-07,Damaged,Refunded
R4008626,O1021804,2024-06-12,Not as Expected,Refunded
R4008627,O1168306,2024-07-18,Damaged,Refunded
R4008628,O1074376,2024-06-08,Wrong Item,Refunded
R4008629,O1148070,2025-01-01,Wrong Item,Refunded
R4008630,O1054333,2024-12-21,Not as Expected,Refunded
R4008631,O1012851,2024-03-22,Late Delivery,Refunded
R4008632,O1091655,2025-10-19,Wrong Item,Refunded
R4008633,O1017807,2025-06-08,Wrong Item,Refunded
R4008634,O1006732,2023-09-13,Damaged,Refunded
R4008635,O1120845,2025-05-06,Wrong Item,Refunded
R4008636,O1116688,2023-01-22,Not as Expected,Refunded
R4008637,O1151717,2025-04-12,Wrong Item,Refunded
R4008638,O1017714,2023-07-31,Not as Expected,Refunded
R4008639,O1120753,2024-04-09,Damaged,Refunded
R4008640,O1069105,2024-03-29,Wrong Item,Refunded
R4008641,O1179200,2025-06-12,Late Delivery,Refunded
R4008642,O1062836,2024-09-15,Damaged,Refunded
R4008643,O1055511,2024-01-05,Not as Expected,Refunded
R4008644,O1075293,2024-07-12,Late Delivery,Refunded
R4008645,O1158479,2023-07-13,Damaged,Refunded
R4008646,O1017367,2023-08-25,Damaged,Refunded
R4008647,O1025307,2024-02-22,Damaged,Refunded
R4008648,O1000099,2024-03-21,Not as Expected,Refunded
R4008649,O1017821,2024-01-15,Changed Mind,Refunded
R4008650,O1093216,2024-01-12,Not as Expected,Refunded
R4008651,O1145880,2024-02-10,Size Issue,Refunded
R4008652,O1124007,2024-04-26,Not as Expected,Refunded
R4008653,O1018697,2025-01-27,Changed Mind,Refunded
R4008654,O1060021,2023-02-02,Size Issue,Refunded
R4008655,O1016231,2023-03-30,Late Delivery,Refunded
R4008656,O1091453,2024-07-22,Wrong Item,Refunded
R4008657,O1052387,2023-04-26,Not as Expected,Refunded
R4008658,O1016800,2024-05-31,Not as Expected,Refunded
R4008659,O1065286,2024-05-08,Damaged,Refunded
R4008660,O1080296,2025-09-12,Damaged,Refunded
R4008661,O1072031,2025-04-06,Changed Mind,Refunded
R4008662,O1008811,2025-01-20,Not as Expected,Refunded
R4008663,O1167106,2023-08-07,Size Issue,Refunded
R4008664,O1145453,2024-03-15,Damaged,Refunded
R4008665,O1157872,2023-12-12,Not as Expected,Refunded
R4008666,O1051124,2024-02-15,Size Issue,Refunded
R4008667,O1101260,2024-03-17,Late Delivery,Refunded
R4008668,O1019741,2025-09-05,Not as Expected,Refunded
R4008669,O1084876,2023-09-22,Damaged,Processing
R4008670,O1005811,2024-07-13,Damaged,Refunded
R4008671,O1085352,2024-05-17,Changed Mind,Refunded
R4008672,O1052337,2025-12-09,Not as Expected,Refunded
R4008673,O1043856,2024-11-02,Changed Mind,Refunded
R4008674,O1037895,2023-07-31,Late Delivery,Refunded
R4008675,O1146898,2023-12-03,Size Issue,Refunded
R4008676,O1153651,2023-12-13,Not as Expected,Refunded
R4008677,O1146740,2025-05-15,Late Delivery,Refunded
R4008678,O1102121,2025-11-09,Late Delivery,Refunded
R4008679,O1120684,2025-02-14,Size Issue,Refunded
R4008680,O1074789,2025-10-10,Changed Mind,Processing
R4008681,O1141318,2024-07-08,Not as Expected,Refunded
R4008682,O1105473,2024-03-01,Size Issue,Refunded
R4008683,O1031937,2024-04-16,Changed Mind,Refunded
R4008684,O1123692,2025-07-27,Not as Expected,Refunded
R4008685,O1021060,2023-03-03,Size Issue,Refunded
R4008686,O1029802,2025-11-20,Wrong Item,Refunded
R4008687,O1057815,2025-09-06,Late Delivery,Refunded
R4008688,O1063554,2023-09-25,Changed Mind,Refunded
R4008689,O1136072,2024-09-09,Wrong Item,Refunded
R4008690,O1067863,2024-07-19,Not as Expected,Refunded
R4008691,O1140185,2023-05-12,Damaged,Refunded
R4008692,O1041025,2025-10-27,Wrong Item,Refunded
R4008693,O1136468,2025-10-29,Wrong Item,Refunded
R4008694,O1104662,2023-06-18,Size Issue,Refunded
R4008695,O1005428,2023-02-01,Not as Expected,Refunded
R4008696,O1134750,2023-11-05,Changed Mind,Refunded
R4008697,O1063912,2023-02-04,Wrong Item,Refunded
R4008698,O1027930,2023-04-28,Size Issue,Refunded
R4008699,O1119321,2025-05-15,Late Delivery,Refunded
R4008700,O1044573,2025-05-15,Changed Mind,Refunded
R4008701,O1150301,2025-03-12,Damaged,Refunded
R4008702,O1112017,2023-03-20,Size Issue,Refunded
R4008703,O1156146,2023-03-02,Damaged,Refunded
R4008704,O1001041,2024-05-22,Size Issue,Refunded
R4008705,O1091377,2025-06-18,Changed Mind,Refunded
R4008706,O1126628,2024-12-27,Not as Expected,Refunded
R4008707,O1027047,2023-05-25,Not as Expected,Refunded
R4008708,O1090608,2025-09-11,Damaged,Refunded
R4008709,O1062220,2024-02-18,Changed Mind,Refunded
R4008710,O1101741,2024-06-17,Changed Mind,Refunded
R4008711,O1122424,2023-10-13,Not as Expected,Refunded
R4008712,O1147912,2023-05-29,Damaged,Refunded
R4008713,O1165313,2023-03-08,Size Issue,Refunded
R4008714,O1023842,2023-11-12,Damaged,Refunded
R4008715,O1019604,2024-06-23,Not as Expected,Refunded
R4008716,O1037172,2025-03-11,Size Issue,Refunded
R4008717,O1070435,2025-06-22,Size Issue,Refunded
R4008718,O1165588,2024-01-10,Changed Mind,Processing
R4008719,O1014447,2023-09-24,Late Delivery,Refunded
R4008720,O1108934,2024-10-05,Size Issue,Refunded
R4008721,O1149064,2025-02-12,Not as Expected,Refunded
R4008722,O1052990,2023-09-18,Damaged,Refunded
R4008723,O1160679,2025-01-27,Damaged,Refunded
R4008724,O1147239,2023-03-22,Size Issue,Refunded
R4008725,O1159478,2023-10-24,Late Delivery,Refunded
R4008726,O1146620,2026-01-01,Not as Expected,Refunded
R4008727,O1076525,2024-04-10,Wrong Item,Refunded
R4008728,O1152545,2023-04-05,Not as Expected,Refunded
R4008729,O1058063,2024-10-27,Changed Mind,Refunded
R4008730,O1119070,2023-08-24,Not as Expected,Refunded
R4008731,O1060637,2025-07-02,Changed Mind,Refunded
R4008732,O1118726,2024-08-13,Size Issue,Refunded
R4008733,O1141200,2025-05-15,Not as Expected,Refunded
R4008734,O1044733,2024-07-15,Late Delivery,Refunded
R4008735,O1097102,2025-11-27,Late Delivery,Processing
R4008736,O1146202,2024-05-04,Late Delivery,Processing
R4008737,O1116300,2024-11-24,Not as Expected,Refunded
R4008738,O1171518,2024-07-25,Not as Expected,Refunded
R4008739,O1048466,2025-04-20,Size Issue,Refunded
R4008740,O1077264,2025-02-13,Size Issue,Refunded
R4008741,O1061177,2024-09-16,Size Issue,Refunded
R4008742,O1136973,2024-08-12,Changed Mind,Refunded
R4008743,O1114887,2023-07-22,Damaged,Refunded
R4008744,O1071481,2024-05-29,Changed Mind,Refunded
R4008745,O1014679,2024-06-04,Size Issue,Refunded
R4008746,O1165250,2025-02-08,Size Issue,Refunded
R4008747,O1025103,2025-10-10,Damaged,Refunded
R4008748,O1173287,2025-04-18,Wrong Item,Refunded
R4008749,O1002771,2025-03-31,Late Delivery,Refunded
R4008750,O1053350,2025-06-08,Changed Mind,Refunded
R4008751,O1090691,2024-11-04,Not as Expected,Refunded
R4008752,O1030562,2025-04-12,Size Issue,Refunded
R4008753,O1070927,2024-04-22,Not as Expected,Refunded
R4008754,O1151535,2024-01-01,Size Issue,Refunded
R4008755,O1169605,2024-09-06,Damaged,Refunded
R4008756,O1098673,2025-01-19,Size Issue,Processing
R4008757,O1118594,2023-09-24,Wrong Item,Refunded
R4008758,O1110406,2023-08-13,Wrong Item,Refunded
R4008759,O1131883,2024-11-04,Not as Expected,Refunded
R4008760,O1162971,2024-01-27,Wrong Item,Refunded
R4008761,O1099427,2025-07-30,Not as Expected,Refunded
R4008762,O1102495,2024-06-06,Size Issue,Refunded
R4008763,O1069682,2023-10-11,Damaged,Processing
R4008764,O1084301,2025-01-12,Damaged,Refunded
R4008765,O1120563,2024-10-26,Size Issue,Refunded
R4008766,O1024101,2024-03-05,Damaged,Refunded
R4008767,O1063697,2025-03-17,Not as Expected,Refunded
R4008768,O1162302,2025-04-28,Not as Expected,Refunded
R4008769,O1042362,2025-12-08,Not as Expected,Processing
R4008770,O1018694,2023-09-02,Not as Expected,Refunded
R4008771,O1157799,2025-04-16,Not as Expected,Refunded
R4008772,O1135998,2024-11-22,Not as Expected,Refunded
R4008773,O1006903,2024-12-29,Not as Expected,Refunded
R4008774,O1046028,2025-04-17,Wrong Item,Refunded
R4008775,O1163580,2023-08-08,Wrong Item,Refunded
R4008776,O1055017,2023-07-19,Wrong Item,Refunded
R4008777,O1070957,2023-03-07,Late Delivery,Refunded
R4008778,O1112786,2023-10-22,Changed Mind,Refunded
R4008779,O1096872,2023-10-04,Late Delivery,Refunded
R4008780,O1000817,2024-10-14,Damaged,Refunded
R4008781,O1161233,2025-02-01,Not as Expected,Refunded
R4008782,O1070607,2025-09-19,Late Delivery,Refunded
R4008783,O1063036,2023-06-11,Changed Mind,Refunded
R4008784,O1057487,2025-12-13,Not as Expected,Refunded
R4008785,O1004079,2024-05-30,Damaged,Refunded
R4008786,O1089115,2025-12-19,Not as Expected,Refunded
R4008787,O1108874,2024-07-01,Changed Mind,Refunded
R4008788,O1141585,2024-02-20,Not as Expected,Refunded
R4008789,O1117409,2024-03-11,Wrong Item,Refunded
R4008790,O1045500,2023-03-11,Wrong Item,Refunded
R4008791,O1035743,2023-02-18,Not as Expected,Refunded
R4008792,O1006852,2025-02-11,Changed Mind,Refunded
R4008793,O1167825,2023-09-07,Not as Expected,Refunded
R4008794,O1128333,2023-10-24,Wrong Item,Refunded
R4008795,O1146471,2023-04-06,Not as Expected,Refunded
R4008796,O1013682,2025-06-19,Size Issue,Refunded
R4008797,O1114614,2023-02-04,Size Issue,Refunded
R4008798,O1151028,2025-12-20,Size Issue,Refunded
R4008799,O1151146,2024-04-13,Not as Expected,Refunded
R4008800,O1040217,2023-08-16,Not as Expected,Refunded
R4008801,O1013127,2025-03-03,Wrong Item,Refunded
R4008802,O1112016,2025-04-01,Not as Expected,Refunded
R4008803,O1099737,2023-04-05,Changed Mind,Refunded
R4008804,O1039975,2023-12-12,Size Issue,Refunded
R4008805,O1130491,2025-03-06,Not as Expected,Refunded
R4008806,O1136557,2024-11-23,Damaged,Refunded
R4008807,O1117746,2025-04-19,Late Delivery,Processing
R4008808,O1071586,2025-11-20,Wrong Item,Refunded
R4008809,O1111257,2023-12-05,Late Delivery,Refunded
R4008810,O1099610,2024-08-24,Not as Expected,Refunded
R4008811,O1133383,2024-02-15,Damaged,Refunded
R4008812,O1161918,2024-04-21,Not as Expected,Refunded
R4008813,O1046556,2025-06-15,Not as Expected,Refunded
R4008814,O1177957,2023-03-24,Late Delivery,Refunded
R4008815,O1164643,2023-08-06,Changed Mind,Refunded
R4008816,O1132138,2023-03-11,Size Issue,Refunded
R4008817,O1126173,2025-03-29,Not as Expected,Refunded
R4008818,O1041342,2023-02-12,Changed Mind,Refunded
R4008819,O1065772,2025-09-23,Size Issue,Refunded
R4008820,O1039085,2025-10-13,Not as Expected,Refunded
R4008821,O1045432,2025-01-22,Late Delivery,Refunded
R4008822,O1059460,2025-12-10,Wrong Item,Refunded
R4008823,O1154927,2024-01-13,Not as Expected,Refunded
R4008824,O1143914,2024-10-05,Size Issue,Processing
R4008825,O1014358,2023-08-22,Size Issue,Refunded
R4008826,O1098401,2024-04-04,Not as Expected,Refunded
R4008827,O1007685,2023-04-30,Not as Expected,Refunded
R4008828,O1087552,2025-04-09,Size Issue,Refunded
R4008829,O1055800,2025-12-13,Late Delivery,Refunded
R4008830,O1150633,2025-08-31,Size Issue,Refunded
R4008831,O1179116,2025-07-17,Late Delivery,Refunded
R4008832,O1067700,2024-12-30,Late Delivery,Refunded
R4008833,O1107402,2023-05-05,Late Delivery,Refunded
R4008834,O1055409,2024-06-20,Size Issue,Processing
R4008835,O1017656,2025-10-07,Damaged,Refunded
R4008836,O1075432,2025-01-03,Late Delivery,Refunded
R4008837,O1105385,2023-07-10,Late Delivery,Refunded
R4008838,O1038964,2024-10-18,Late Delivery,Refunded
R4008839,O1005540,2023-08-13,Not as Expected,Refunded
R4008840,O1038157,2025-11-20,Damaged,Refunded
R4008841,O1036393,2023-02-10,Wrong Item,Processing
R4008842,O1170221,2024-10-28,Not as Expected,Refunded
R4008843,O1169225,2024-12-24,Not as Expected,Refunded
R4008844,O1057210,2023-07-26,Not as Expected,Refunded
R4008845,O1177133,2026-01-05,Changed Mind,Refunded
R4008846,O1100112,2024-01-14,Wrong Item,Refunded
R4008847,O1118219,2023-09-20,Damaged,Refunded
R4008848,O1139476,2024-11-22,Damaged,Refunded
R4008849,O1071513,2025-11-04,Damaged,Processing
R4008850,O1079027,2023-07-09,Size Issue,Refunded
R4008851,O1048866,2024-12-02,Not as Expected,Refunded
R4008852,O1167201,2025-09-15,Not as Expected,Refunded
R4008853,O1076117,2024-11-23,Damaged,Refunded
R4008854,O1079123,2026-01-03,Damaged,Refunded
R4008855,O1179919,2025-01-28,Size Issue,Refunded
R4008856,O1114384,2024-06-12,Wrong Item,Refunded
R4008857,O1178039,2025-06-14,Changed Mind,Refunded
R4008858,O1086473,2023-04-12,Not as Expected,Refunded
R4008859,O1111549,2025-07-13,Damaged,Refunded
R4008860,O1133062,2025-02-26,Late Delivery,Refunded
R4008861,O1171353,2024-12-14,Late Delivery,Processing
R4008862,O1160497,2023-02-15,Changed Mind,Refunded
R4008863,O1033905,2024-01-28,Not as Expected,Refunded
R4008864,O1091810,2024-04-08,Wrong Item,Refunded
R4008865,O1168926,2024-08-11,Damaged,Processing
R4008866,O1063977,2025-09-16,Damaged,Refunded
R4008867,O1006191,2023-07-29,Damaged,Refunded
R4008868,O1029586,2024-03-29,Not as Expected,Refunded
R4008869,O1003926,2025-05-21,Wrong Item,Refunded
R4008870,O1128635,2024-11-19,Not as Expected,Refunded
R4008871,O1044586,2025-03-23,Late Delivery,Refunded
R4008872,O1058192,2025-10-06,Damaged,Processing
R4008873,O1081758,2025-06-12,Wrong Item,Refunded
R4008874,O1038300,2025-11-13,Not as Expected,Processing
R4008875,O1139303,2025-05-05,Not as Expected,Refunded
R4008876,O1177713,2023-01-31,Not as Expected,Refunded
R4008877,O1011321,2023-10-05,Changed Mind,Refunded
R4008878,O1112204,2023-08-10,Changed Mind,Refunded
R4008879,O1007058,2023-07-04,Damaged,Refunded
R4008880,O1157248,2023-03-24,Changed Mind,Refunded
R4008881,O1058920,2023-12-08,Damaged,Refunded
R4008882,O1013815,2025-08-22,Wrong Item,Refunded
R4008883,O1115341,2025-05-27,Damaged,Refunded
R4008884,O1078540,2025-03-11,Not as Expected,Refunded
R4008885,O1082671,2023-05-05,Changed Mind,Refunded
R4008886,O1138175,2025-09-15,Not as Expected,Refunded
R4008887,O1087521,2024-09-05,Damaged,Refunded
R4008888,O1045924,2024-12-11,Changed Mind,Refunded
R4008889,O1099044,2024-01-19,Wrong Item,Refunded
R4008890,O1144293,2023-07-06,Size Issue,Refunded
R4008891,O1083138,2024-08-10,Not as Expected,Refunded
R4008892,O1163203,2023-12-06,Not as Expected,Refunded
R4008893,O1049356,2023-10-22,Wrong Item,Refunded
R4008894,O1174353,2023-02-02,Not as Expected,Refunded
R4008895,O1056900,2024-09-04,Late Delivery,Processing
R4008896,O1153039,2024-11-12,Size Issue,Refunded
R4008897,O1175590,2025-02-22,Late Delivery,Refunded
R4008898,O1017519,2024-12-31,Changed Mind,Refunded
R4008899,O1145872,2025-09-21,Not as Expected,Refunded
R4008900,O1070383,2023-03-18,Late Delivery,Refunded
R4008901,O1155783,2023-04-06,Changed Mind,Refunded
R4008902,O1089772,2025-11-01,Damaged,Refunded
R4008903,O1010496,2023-08-31,Not as Expected,Processing
R4008904,O1161595,2023-08-05,Damaged,Refunded
R4008905,O1153832,2025-12-03,Size Issue,Refunded
R4008906,O1089955,2023-07-24,Not as Expected,Refunded
R4008907,O1009993,2025-02-16,Size Issue,Refunded
R4008908,O1097559,2023-10-23,Size Issue,Refunded
R4008909,O1162024,2024-05-01,Wrong Item,Refunded
R4008910,O1051193,2024-07-22,Not as Expected,Refunded
R4008911,O1009588,2024-05-12,Size Issue,Refunded
R4008912,O1050275,2025-03-01,Size Issue,Refunded
R4008913,O1072634,2025-11-04,Late Delivery,Refunded
R4008914,O1056498,2023-10-03,Size Issue,Refunded
R4008915,O1025185,2024-05-11,Not as Expected,Processing
R4008916,O1088030,2024-10-09,Late Delivery,Refunded
R4008917,O1170664,2024-05-25,Late Delivery,Refunded
R4008918,O1006141,2023-05-07,Not as Expected,Refunded
R4008919,O1062015,2024-04-13,Changed Mind,Refunded
R4008920,O1013378,2023-01-17,Changed Mind,Refunded
R4008921,O1154300,2023-02-02,Not as Expected,Refunded
R4008922,O1176519,2025-02-15,Wrong Item,Refunded
R4008923,O1150045,2024-03-29,Wrong Item,Refunded
R4008924,O1137679,2023-03-09,Changed Mind,Refunded
R4008925,O1004540,2024-09-02,Size Issue,Refunded
R4008926,O1046189,2023-03-07,Wrong Item,Refunded
R4008927,O1134067,2024-12-28,Size Issue,Refunded
R4008928,O1173360,2023-04-19,Wrong Item,Refunded
R4008929,O1072233,2024-11-21,Size Issue,Refunded
R4008930,O1174970,2025-08-30,Late Delivery,Processing
R4008931,O1143649,2025-10-24,Not as Expected,Refunded
R4008932,O1178902,2025-04-19,Late Delivery,Refunded
R4008933,O1097272,2024-05-02,Wrong Item,Refunded
R4008934,O1167981,2024-12-22,Changed Mind,Refunded
R4008935,O1167364,2025-02-17,Changed Mind,Refunded
R4008936,O1000925,2023-05-22,Changed Mind,Refunded
R4008937,O1129140,2025-03-21,Not as Expected,Refunded
R4008938,O1063503,2025-12-12,Changed Mind,Refunded
R4008939,O1073006,2023-07-09,Wrong Item,Refunded
R4008940,O1150261,2024-03-07,Not as Expected,Refunded
R4008941,O1146533,2025-01-11,Not as Expected,Refunded
R4008942,O1102771,2024-03-25,Late Delivery,Refunded
R4008943,O1015818,2023-07-11,Wrong Item,Refunded
R4008944,O1045735,2023-02-12,Wrong Item,Refunded
R4008945,O1027459,2024-10-08,Changed Mind,Refunded
R4008946,O1000527,2023-08-04,Not as Expected,Refunded
R4008947,O1092439,2024-05-13,Not as Expected,Refunded
R4008948,O1161724,2023-04-16,Size Issue,Refunded
R4008949,O1037976,2025-12-26,Damaged,Refunded
R4008950,O1113094,2024-10-14,Damaged,Refunded
R4008951,O1065004,2025-01-04,Not as Expected,Refunded
R4008952,O1119161,2025-08-09,Not as Expected,Refunded
R4008953,O1022652,2025-05-05,Wrong Item,Refunded
R4008954,O1163083,2025-10-21,Late Delivery,Refunded
R4008955,O1009352,2023-04-17,Not as Expected,Refunded
R4008956,O1082376,2023-03-08,Damaged,Processing
R4008957,O1045051,2024-02-11,Not as Expected,Refunded
R4008958,O1179029,2025-12-21,Late Delivery,Refunded
R4008959,O1164924,2024-07-06,Damaged,Refunded
R4008960,O1176025,2025-03-18,Size Issue,Refunded
R4008961,O1095032,2024-02-16,Late Delivery,Refunded
R4008962,O1044659,2023-08-10,Changed Mind,Refunded
R4008963,O1108643,2025-09-27,Changed Mind,Refunded
R4008964,O1048688,2023-05-20,Wrong Item,Refunded
R4008965,O1135515,2025-05-24,Size Issue,Refunded
R4008966,O1065270,2024-03-17,Size Issue,Refunded
R4008967,O1053624,2025-04-30,Not as Expected,Processing
R4008968,O1106898,2024-11-24,Changed Mind,Refunded
R4008969,O1170104,2023-02-16,Not as Expected,Refunded
R4008970,O1061667,2025-12-06,Not as Expected,Refunded
R4008971,O1083321,2023-12-17,Damaged,Refunded
R4008972,O1084596,2025-10-14,Not as Expected,Refunded
R4008973,O1035456,2023-04-29,Wrong Item,Processing
R4008974,O1078102,2023-02-18,Not as Expected,Refunded
R4008975,O1147002,2025-07-16,Damaged,Refunded
R4008976,O1013491,2024-12-07,Changed Mind,Refunded
R4008977,O1066175,2023-10-17,Changed Mind,Refunded
R4008978,O1068988,2023-02-16,Changed Mind,Refunded
R4008979,O1024430,2025-06-07,Damaged,Refunded
R4008980,O1021094,2025-12-14,Damaged,Refunded
R4008981,O1065960,2025-08-15,Changed Mind,Refunded
R4008982,O1108416,2024-04-24,Changed Mind,Refunded
R4008983,O1153805,2024-08-24,Changed Mind,Refunded
R4008984,O1140739,2024-07-10,Damaged,Refunded
R4008985,O1024468,2025-02-23,Not as Expected,Refunded
R4008986,O1146154,2025-05-19,Late Delivery,Refunded
R4008987,O1081240,2023-01-25,Late Delivery,Processing
R4008988,O1019721,2024-02-12,Damaged,Refunded
R4008989,O1092721,2025-10-30,Changed Mind,Refunded
R4008990,O1051083,2025-02-25,Not as Expected,Refunded
R4008991,O1040640,2024-03-28,Not as Expected,Refunded
R4008992,O1077302,2023-07-23,Changed Mind,Refunded
R4008993,O1019298,2025-03-13,Late Delivery,Refunded
R4008994,O1088885,2025-09-02,Size Issue,Refunded
R4008995,O1135995,2025-09-03,Changed Mind,Refunded
R4008996,O1024865,2024-04-28,Changed Mind,Refunded
R4008997,O1035061,2024-09-29,Not as Expected,Refunded
R4008998,O1107686,2025-04-13,Damaged,Refunded
R4008999,O1091372,2025-07-21,Wrong Item,Refunded
R4009000,O1004409,2025-10-17,Damaged,Refunded
R4009001,O1176314,2024-11-26,Not as Expected,Refunded
R4009002,O1045721,2024-04-28,Wrong Item,Refunded
R4009003,O1063579,2024-10-20,Wrong Item,Refunded
R4009004,O1165982,2025-07-24,Not as Expected,Refunded
R4009005,O1073585,2025-08-07,Not as Expected,Refunded
R4009006,O1134731,2023-05-19,Not as Expected,Refunded
R4009007,O1068656,2025-10-07,Damaged,Refunded
R4009008,O1117246,2023-05-10,Late Delivery,Refunded
R4009009,O1034047,2023-11-13,Not as Expected,Refunded
R4009010,O1170937,2023-09-04,Not as Expected,Refunded
R4009011,O1010033,2023-07-11,Wrong Item,Refunded
R4009012,O1022476,2025-12-07,Wrong Item,Refunded
R4009013,O1063178,2024-07-07,Not as Expected,Refunded
R4009014,O1178867,2023-11-09,Damaged,Refunded
R4009015,O1059763,2024-06-14,Late Delivery,Refunded
R4009016,O1175384,2025-02-23,Damaged,Refunded
R4009017,O1178634,2023-08-26,Late Delivery,Refunded
R4009018,O1097984,2025-08-24,Wrong Item,Processing
R4009019,O1136583,2025-06-24,Not as Expected,Refunded
R4009020,O1012655,2023-12-31,Wrong Item,Refunded
R4009021,O1166475,2023-04-28,Not as Expected,Refunded
R4009022,O1003298,2025-12-03,Not as Expected,Refunded
R4009023,O1166070,2023-12-08,Changed Mind,Refunded
R4009024,O1084266,2023-12-26,Not as Expected,Refunded
R4009025,O1124931,2024-02-05,Late Delivery,Processing
R4009026,O1015693,2023-01-19,Damaged,Refunded
R4009027,O1090651,2023-01-07,Not as Expected,Refunded
R4009028,O1041320,2023-09-18,Changed Mind,Refunded
R4009029,O1031302,2023-02-16,Not as Expected,Refunded
R4009030,O1163990,2025-01-24,Changed Mind,Refunded
R4009031,O1078154,2024-10-29,Damaged,Refunded
R4009032,O1169501,2023-08-05,Damaged,Refunded
R4009033,O1110461,2025-08-25,Size Issue,Refunded
R4009034,O1031030,2023-09-15,Late Delivery,Refunded
R4009035,O1142290,2025-07-15,Late Delivery,Refunded
R4009036,O1170628,2025-03-29,Size Issue,Refunded
R4009037,O1038060,2025-12-20,Not as Expected,Refunded
R4009038,O1096090,2023-10-19,Changed Mind,Refunded
R4009039,O1147588,2023-02-14,Not as Expected,Refunded
R4009040,O1105515,2023-09-26,Not as Expected,Refunded
R4009041,O1072054,2023-04-22,Damaged,Refunded
R4009042,O1158205,2025-04-26,Damaged,Refunded
R4009043,O1001540,2023-02-28,Not as Expected,Refunded
R4009044,O1135614,2024-12-03,Not as Expected,Refunded
R4009045,O1014063,2024-04-25,Changed Mind,Refunded
R4009046,O1043825,2023-09-13,Size Issue,Refunded
R4009047,O1016193,2023-02-23,Changed Mind,Processing
R4009048,O1112160,2025-03-29,Wrong Item,Refunded
R4009049,O1076504,2024-06-19,Changed Mind,Refunded
R4009050,O1056607,2023-01-28,Size Issue,Refunded
R4009051,O1045503,2025-11-26,Damaged,Refunded
R4009052,O1165471,2025-01-20,Size Issue,Refunded
R4009053,O1113183,2024-07-31,Size Issue,Refunded
R4009054,O1078591,2023-08-03,Damaged,Refunded
R4009055,O1054631,2025-12-19,Not as Expected,Refunded
R4009056,O1093591,2024-02-22,Not as Expected,Refunded
R4009057,O1090593,2025-10-17,Size Issue,Refunded
R4009058,O1052282,2025-07-01,Not as Expected,Refunded
R4009059,O1046145,2024-12-25,Size Issue,Refunded
R4009060,O1000254,2023-06-15,Size Issue,Refunded
R4009061,O1161448,2025-08-01,Damaged,Refunded
R4009062,O1068521,2024-01-25,Late Delivery,Refunded
R4009063,O1096439,2023-09-13,Late Delivery,Processing
R4009064,O1168504,2024-11-30,Size Issue,Refunded
R4009065,O1092567,2024-02-06,Not as Expected,Refunded
R4009066,O1034129,2023-06-25,Late Delivery,Refunded
R4009067,O1005822,2023-06-15,Size Issue,Refunded
R4009068,O1015156,2024-07-15,Wrong Item,Refunded
R4009069,O1114516,2025-08-11,Not as Expected,Refunded
R4009070,O1153594,2024-09-18,Changed Mind,Refunded
R4009071,O1118791,2023-08-30,Not as Expected,Refunded
R4009072,O1030523,2024-04-24,Changed Mind,Refunded
R4009073,O1058532,2025-05-05,Changed Mind,Refunded
R4009074,O1092305,2023-05-20,Wrong Item,Refunded
R4009075,O1049222,2024-01-18,Size Issue,Refunded
R4009076,O1001308,2024-06-18,Damaged,Refunded
R4009077,O1022788,2025-09-29,Size Issue,Refunded
R4009078,O1087797,2023-10-21,Late Delivery,Refunded
R4009079,O1070810,2023-08-18,Size Issue,Refunded
R4009080,O1022665,2024-10-26,Late Delivery,Refunded
R4009081,O1101553,2025-02-21,Damaged,Refunded
R4009082,O1140343,2024-02-07,Wrong Item,Refunded
R4009083,O1019005,2025-08-30,Damaged,Refunded
R4009084,O1085631,2024-01-26,Not as Expected,Refunded
R4009085,O1145206,2023-04-27,Late Delivery,Refunded
R4009086,O1068813,2025-11-14,Size Issue,Processing
R4009087,O1126677,2023-08-05,Late Delivery,Refunded
R4009088,O1052887,2025-04-17,Late Delivery,Refunded
R4009089,O1083171,2024-05-31,Wrong Item,Refunded
R4009090,O1047796,2024-05-05,Size Issue,Refunded
R4009091,O1033032,2023-11-12,Wrong Item,Refunded
R4009092,O1077780,2025-01-21,Size Issue,Refunded
R4009093,O1081050,2024-10-28,Late Delivery,Refunded
R4009094,O1002421,2025-08-18,Not as Expected,Processing
R4009095,O1056126,2023-10-28,Wrong Item,Refunded
R4009096,O1072786,2023-09-22,Not as Expected,Refunded
R4009097,O1016801,2023-06-11,Late Delivery,Refunded
R4009098,O1059863,2025-01-23,Damaged,Refunded
R4009099,O1128061,2025-05-04,Not as Expected,Refunded
R4009100,O1094120,2023-01-30,Not as Expected,Refunded
R4009101,O1113320,2025-10-20,Not as Expected,Refunded
R4009102,O1127368,2023-05-15,Size Issue,Refunded
R4009103,O1015554,2023-02-23,Wrong Item,Refunded
R4009104,O1126793,2025-12-27,Damaged,Refunded
R4009105,O1005581,2023-09-17,Not as Expected,Refunded
R4009106,O1111265,2023-01-31,Not as Expected,Refunded
R4009107,O1127005,2024-10-22,Not as Expected,Refunded
R4009108,O1041976,2024-11-07,Not as Expected,Refunded
R4009109,O1038701,2023-09-05,Damaged,Refunded
R4009110,O1020968,2025-10-23,Size Issue,Refunded
R4009111,O1073279,2024-07-22,Changed Mind,Refunded
R4009112,O1041068,2024-05-18,Not as Expected,Refunded
R4009113,O1140052,2023-11-27,Not as Expected,Refunded
R4009114,O1075980,2025-03-25,Not as Expected,Refunded
R4009115,O1177071,2024-03-07,Damaged,Refunded
R4009116,O1127993,2024-11-26,Damaged,Refunded
R4009117,O1162313,2025-07-13,Changed Mind,Refunded
R4009118,O1096865,2025-06-04,Size Issue,Refunded
R4009119,O1104242,2025-11-21,Damaged,Refunded
R4009120,O1018378,2024-02-05,Not as Expected,Refunded
R4009121,O1090820,2025-01-30,Wrong Item,Refunded
R4009122,O1086881,2023-10-26,Damaged,Refunded
R4009123,O1143501,2025-06-18,Wrong Item,Refunded
R4009124,O1008903,2023-03-15,Wrong Item,Processing
R4009125,O1110375,2025-03-08,Late Delivery,Refunded
R4009126,O1078819,2023-07-13,Changed Mind,Refunded
R4009127,O1157955,2023-01-06,Late Delivery,Refunded
R4009128,O1161818,2024-04-07,Changed Mind,Refunded
R4009129,O1005755,2025-12-09,Late Delivery,Refunded
R4009130,O1164044,2023-09-03,Wrong Item,Refunded
R4009131,O1019128,2024-03-06,Not as Expected,Refunded
R4009132,O1087637,2023-03-08,Not as Expected,Refunded
R4009133,O1053190,2023-11-29,Size Issue,Refunded
R4009134,O1133071,2025-09-23,Not as Expected,Refunded
R4009135,O1087615,2024-08-12,Late Delivery,Refunded
R4009136,O1134762,2024-12-15,Size Issue,Refunded
R4009137,O1015225,2025-06-22,Not as Expected,Refunded
R4009138,O1083341,2025-09-06,Damaged,Refunded
R4009139,O1135500,2024-05-02,Not as Expected,Refunded
R4009140,O1030802,2024-07-15,Not as Expected,Refunded
R4009141,O1018159,2025-09-30,Not as Expected,Processing
R4009142,O1025974,2025-03-08,Damaged,Refunded
R4009143,O1137130,2024-03-12,Not as Expected,Refunded
R4009144,O1138680,2023-01-14,Damaged,Refunded
R4009145,O1052100,2024-06-30,Not as Expected,Processing
R4009146,O1081379,2024-07-12,Not as Expected,Refunded
R4009147,O1046769,2023-07-09,Not as Expected,Refunded
R4009148,O1084973,2025-05-17,Not as Expected,Refunded
R4009149,O1178211,2023-04-01,Size Issue,Refunded
R4009150,O1147811,2023-08-18,Damaged,Refunded
R4009151,O1095458,2023-05-11,Damaged,Refunded
R4009152,O1081311,2023-05-28,Not as Expected,Refunded
R4009153,O1168083,2023-06-16,Wrong Item,Refunded
R4009154,O1118660,2023-03-21,Wrong Item,Refunded
R4009155,O1141657,2024-03-12,Changed Mind,Refunded
R4009156,O1121228,2025-06-05,Not as Expected,Refunded
R4009157,O1150847,2025-12-20,Changed Mind,Processing
R4009158,O1028325,2023-12-24,Wrong Item,Processing
R4009159,O1128969,2023-03-28,Late Delivery,Refunded
R4009160,O1053920,2023-11-22,Not as Expected,Refunded
R4009161,O1029955,2025-09-28,Not as Expected,Refunded
R4009162,O1115456,2023-11-23,Size Issue,Refunded
R4009163,O1041131,2024-03-08,Not as Expected,Refunded
R4009164,O1101206,2025-06-20,Changed Mind,Processing
R4009165,O1090172,2024-12-03,Changed Mind,Processing
R4009166,O1133633,2025-06-09,Damaged,Refunded
R4009167,O1150026,2023-02-20,Size Issue,Refunded
R4009168,O1028529,2025-06-04,Size Issue,Refunded
R4009169,O1021451,2025-04-10,Size Issue,Refunded
R4009170,O1115428,2025-11-13,Not as Expected,Refunded
R4009171,O1145893,2024-06-19,Not as Expected,Refunded
R4009172,O1061169,2025-12-06,Size Issue,Refunded
R4009173,O1168352,2024-09-06,Wrong Item,Refunded
R4009174,O1169081,2025-09-05,Not as Expected,Refunded
R4009175,O1089430,2025-05-22,Not as Expected,Refunded
R4009176,O1177291,2025-10-25,Not as Expected,Refunded
R4009177,O1095229,2024-01-21,Damaged,Refunded
R4009178,O1001686,2023-06-05,Size Issue,Refunded
R4009179,O1058096,2025-01-06,Late Delivery,Refunded
R4009180,O1025848,2023-06-23,Damaged,Refunded
R4009181,O1143948,2025-02-13,Late Delivery,Refunded
R4009182,O1135718,2023-04-12,Not as Expected,Refunded
R4009183,O1043250,2023-09-11,Damaged,Refunded
R4009184,O1136013,2023-06-06,Not as Expected,Refunded
R4009185,O1041433,2023-04-14,Not as Expected,Refunded
R4009186,O1016668,2023-03-20,Size Issue,Refunded
R4009187,O1053121,2024-10-09,Wrong Item,Refunded
R4009188,O1124248,2024-03-27,Size Issue,Refunded
R4009189,O1009381,2025-08-05,Late Delivery,Refunded
R4009190,O1074082,2024-12-25,Size Issue,Refunded
R4009191,O1177661,2023-10-07,Size Issue,Refunded
R4009192,O1074583,2024-08-31,Wrong Item,Refunded
R4009193,O1011498,2023-06-19,Damaged,Refunded
R4009194,O1153288,2025-04-04,Size Issue,Refunded
R4009195,O1082301,2023-02-24,Changed Mind,Refunded
R4009196,O1177635,2024-05-17,Size Issue,Refunded
R4009197,O1157963,2025-05-24,Wrong Item,Refunded
R4009198,O1025938,2024-06-04,Not as Expected,Refunded
R4009199,O1159758,2025-01-02,Size Issue,Refunded
R4009200,O1029172,2023-09-19,Not as Expected,Refunded
R4009201,O1028737,2024-07-17,Wrong Item,Refunded
R4009202,O1042633,2025-07-26,Damaged,Refunded
R4009203,O1062803,2024-10-27,Damaged,Refunded
R4009204,O1049845,2023-04-09,Size Issue,Refunded
R4009205,O1176183,2025-07-28,Late Delivery,Refunded
R4009206,O1018511,2025-06-10,Not as Expected,Refunded
R4009207,O1142229,2023-08-25,Not as Expected,Refunded
R4009208,O1164479,2024-07-11,Wrong Item,Refunded
R4009209,O1105137,2023-08-09,Size Issue,Refunded
R4009210,O1098821,2025-05-17,Damaged,Refunded
R4009211,O1083013,2023-12-15,Late Delivery,Refunded
R4009212,O1032807,2023-10-04,Changed Mind,Refunded
R4009213,O1120849,2025-01-27,Not as Expected,Refunded
R4009214,O1007752,2025-08-15,Size Issue,Refunded
R4009215,O1107416,2023-09-02,Size Issue,Refunded
R4009216,O1142408,2025-09-16,Changed Mind,Refunded
R4009217,O1086382,2023-04-23,Late Delivery,Refunded
R4009218,O1117767,2024-11-14,Not as Expected,Refunded
R4009219,O1106941,2023-06-10,Wrong Item,Refunded
R4009220,O1173352,2023-06-14,Size Issue,Refunded
R4009221,O1034812,2023-11-14,Changed Mind,Refunded
R4009222,O1011040,2024-10-05,Not as Expected,Refunded
R4009223,O1106560,2023-09-25,Size Issue,Refunded
R4009224,O1172084,2024-10-13,Wrong Item,Refunded
R4009225,O1040732,2024-06-17,Size Issue,Refunded
R4009226,O1171727,2024-05-31,Damaged,Refunded
R4009227,O1051057,2024-07-20,Late Delivery,Refunded
R4009228,O1110617,2025-01-13,Not as Expected,Refunded
R4009229,O1156503,2023-04-06,Not as Expected,Refunded
R4009230,O1146218,2024-03-27,Not as Expected,Processing
R4009231,O1014481,2023-10-24,Size Issue,Refunded
R4009232,O1136097,2025-09-09,Not as Expected,Refunded
R4009233,O1086604,2023-02-12,Changed Mind,Refunded
R4009234,O1096697,2025-09-05,Size Issue,Refunded
R4009235,O1159881,2023-06-06,Damaged,Refunded
R4009236,O1146179,2025-04-05,Damaged,Refunded
R4009237,O1153559,2024-04-25,Not as Expected,Refunded
R4009238,O1177703,2024-11-24,Changed Mind,Refunded
R4009239,O1010599,2023-08-27,Not as Expected,Refunded
R4009240,O1049765,2025-05-03,Not as Expected,Refunded
R4009241,O1116520,2024-06-21,Damaged,Refunded
R4009242,O1048439,2025-05-27,Not as Expected,Refunded
R4009243,O1041646,2024-06-17,Not as Expected,Refunded
R4009244,O1082515,2024-09-08,Wrong Item,Refunded
R4009245,O1079521,2023-09-25,Not as Expected,Refunded
R4009246,O1097745,2023-06-12,Late Delivery,Refunded
R4009247,O1121418,2024-03-17,Size Issue,Refunded
R4009248,O1084328,2025-09-04,Damaged,Refunded
R4009249,O1046320,2025-02-20,Size Issue,Refunded
R4009250,O1077793,2024-05-13,Damaged,Refunded
R4009251,O1053203,2024-08-20,Not as Expected,Refunded
R4009252,O1086421,2025-08-16,Late Delivery,Refunded
R4009253,O1065916,2023-09-01,Changed Mind,Refunded
R4009254,O1032769,2025-07-20,Wrong Item,Processing
R4009255,O1019711,2025-01-07,Size Issue,Refunded
R4009256,O1149753,2024-12-09,Wrong Item,Refunded
R4009257,O1029928,2024-10-13,Damaged,Refunded
R4009258,O1173086,2024-10-04,Wrong Item,Refunded
R4009259,O1122558,2023-05-21,Damaged,Refunded
R4009260,O1080061,2024-07-03,Late Delivery,Refunded
R4009261,O1102245,2023-12-26,Wrong Item,Refunded
R4009262,O1074314,2024-08-22,Late Delivery,Refunded
R4009263,O1116925,2025-12-19,Late Delivery,Refunded
R4009264,O1086321,2023-09-28,Not as Expected,Refunded
R4009265,O1167079,2025-09-04,Wrong Item,Processing
R4009266,O1081905,2023-06-02,Changed Mind,Refunded
R4009267,O1065900,2023-12-20,Wrong Item,Refunded
R4009268,O1047716,2025-01-10,Changed Mind,Processing
R4009269,O1003417,2023-10-19,Size Issue,Refunded
R4009270,O1095951,2023-09-13,Size Issue,Refunded
R4009271,O1108324,2025-02-02,Changed Mind,Refunded
R4009272,O1177403,2024-12-24,Not as Expected,Refunded
R4009273,O1038731,2023-07-17,Not as Expected,Refunded
R4009274,O1179476,2024-02-03,Size Issue,Refunded
R4009275,O1133944,2025-07-30,Not as Expected,Refunded
R4009276,O1143961,2023-09-06,Damaged,Refunded
R4009277,O1136000,2023-09-04,Size Issue,Refunded
R4009278,O1172478,2023-11-25,Not as Expected,Refunded
R4009279,O1179112,2023-12-14,Changed Mind,Refunded
R4009280,O1179086,2024-12-02,Wrong Item,Refunded
R4009281,O1087727,2024-11-29,Not as Expected,Refunded
R4009282,O1046380,2024-12-22,Not as Expected,Refunded
R4009283,O1105163,2025-03-16,Changed Mind,Refunded
R4009284,O1028298,2025-04-30,Not as Expected,Refunded
R4009285,O1128034,2024-05-24,Damaged,Refunded
R4009286,O1161817,2025-09-22,Not as Expected,Refunded
R4009287,O1155446,2023-04-27,Late Delivery,Refunded
R4009288,O1040846,2024-07-02,Size Issue,Refunded
R4009289,O1056549,2024-06-20,Damaged,Refunded
R4009290,O1123512,2025-09-28,Not as Expected,Refunded
R4009291,O1049202,2024-08-30,Size Issue,Refunded
R4009292,O1129388,2023-03-23,Wrong Item,Refunded
R4009293,O1170606,2025-01-08,Size Issue,Refunded
R4009294,O1117480,2024-02-04,Wrong Item,Refunded
R4009295,O1024411,2025-12-17,Late Delivery,Refunded
R4009296,O1168967,2025-01-19,Wrong Item,Refunded
R4009297,O1053106,2023-04-28,Not as Expected,Refunded
R4009298,O1119754,2024-02-19,Changed Mind,Refunded
R4009299,O1071220,2023-11-06,Not as Expected,Processing
R4009300,O1003035,2024-10-18,Changed Mind,Refunded
R4009301,O1069084,2025-03-04,Not as Expected,Refunded
R4009302,O1060721,2023-10-21,Size Issue,Refunded
R4009303,O1179468,2024-02-20,Changed Mind,Refunded
R4009304,O1001389,2024-10-10,Not as Expected,Refunded
R4009305,O1006029,2025-05-25,Wrong Item,Refunded
R4009306,O1101142,2024-12-08,Wrong Item,Refunded
R4009307,O1030143,2023-11-15,Changed Mind,Refunded
R4009308,O1161961,2023-08-15,Damaged,Refunded
R4009309,O1113746,2023-02-05,Late Delivery,Refunded
R4009310,O1160152,2024-10-17,Wrong Item,Refunded
R4009311,O1057963,2025-01-09,Wrong Item,Refunded
R4009312,O1134968,2025-02-08,Late Delivery,Refunded
R4009313,O1052908,2023-03-26,Not as Expected,Refunded
R4009314,O1091947,2025-01-26,Damaged,Refunded
R4009315,O1107588,2024-04-29,Damaged,Refunded
R4009316,O1056065,2024-07-09,Size Issue,Refunded
R4009317,O1155794,2025-06-15,Late Delivery,Refunded
R4009318,O1139591,2024-12-26,Wrong Item,Refunded
R4009319,O1026271,2025-09-03,Damaged,Refunded
R4009320,O1109588,2025-03-07,Wrong Item,Refunded
R4009321,O1125505,2024-12-20,Size Issue,Refunded
R4009322,O1006860,2023-10-29,Damaged,Refunded
R4009323,O1023465,2025-05-02,Changed Mind,Refunded
R4009324,O1131240,2023-02-27,Not as Expected,Refunded
R4009325,O1004740,2025-09-30,Late Delivery,Processing
R4009326,O1003295,2025-11-26,Damaged,Refunded
R4009327,O1112890,2023-09-30,Wrong Item,Refunded
R4009328,O1018232,2025-03-03,Changed Mind,Refunded
R4009329,O1050835,2024-01-19,Damaged,Refunded
R4009330,O1070073,2024-09-06,Changed Mind,Refunded
R4009331,O1113054,2023-11-28,Wrong Item,Refunded
R4009332,O1014080,2025-06-21,Changed Mind,Refunded
R4009333,O1092806,2025-09-24,Not as Expected,Refunded
R4009334,O1101106,2024-11-21,Not as Expected,Processing
R4009335,O1109193,2025-06-28,Size Issue,Refunded
R4009336,O1081995,2025-02-09,Size Issue,Refunded
R4009337,O1071138,2024-09-15,Wrong Item,Refunded
R4009338,O1058380,2025-10-28,Damaged,Refunded
R4009339,O1116348,2025-11-02,Size Issue,Refunded
R4009340,O1038407,2026-01-09,Damaged,Refunded
R4009341,O1012843,2024-03-30,Size Issue,Refunded
R4009342,O1175975,2025-05-15,Not as Expected,Refunded
R4009343,O1047955,2025-04-26,Late Delivery,Refunded
R4009344,O1064103,2023-10-31,Not as Expected,Refunded
R4009345,O1079623,2024-05-19,Changed Mind,Refunded
R4009346,O1051225,2024-10-08,Not as Expected,Refunded
R4009347,O1001426,2023-12-06,Not as Expected,Refunded
R4009348,O1079307,2024-07-06,Size Issue,Processing
R4009349,O1136132,2024-11-17,Damaged,Refunded
R4009350,O1005638,2025-03-06,Not as Expected,Refunded
R4009351,O1148873,2025-01-24,Size Issue,Refunded
R4009352,O1016334,2023-12-08,Late Delivery,Refunded
R4009353,O1045970,2023-10-04,Changed Mind,Refunded
R4009354,O1004519,2025-04-09,Damaged,Refunded
R4009355,O1176355,2024-09-12,Changed Mind,Refunded
R4009356,O1005002,2023-04-29,Size Issue,Refunded
R4009357,O1156161,2025-10-09,Not as Expected,Refunded
R4009358,O1045048,2024-04-04,Damaged,Processing
R4009359,O1010100,2024-06-24,Damaged,Refunded
R4009360,O1086338,2024-02-28,Late Delivery,Refunded
R4009361,O1162355,2023-06-22,Late Delivery,Refunded
R4009362,O1107773,2024-09-26,Not as Expected,Refunded
R4009363,O1105848,2024-07-05,Not as Expected,Refunded
R4009364,O1017662,2023-05-27,Damaged,Refunded
R4009365,O1116522,2023-11-22,Not as Expected,Refunded
R4009366,O1175307,2024-04-19,Size Issue,Refunded
R4009367,O1074722,2025-04-01,Wrong Item,Refunded
R4009368,O1160101,2023-08-17,Late Delivery,Refunded
R4009369,O1021738,2025-08-12,Not as Expected,Refunded
R4009370,O1043846,2023-06-07,Not as Expected,Refunded
R4009371,O1019408,2024-10-22,Wrong Item,Refunded
R4009372,O1096504,2023-09-15,Not as Expected,Refunded
R4009373,O1015083,2025-01-16,Changed Mind,Refunded
R4009374,O1000638,2024-07-13,Not as Expected,Refunded
R4009375,O1169911,2024-10-18,Not as Expected,Refunded
R4009376,O1158736,2023-06-08,Wrong Item,Refunded
R4009377,O1129934,2024-04-01,Damaged,Refunded
R4009378,O1173509,2024-05-18,Size Issue,Refunded
R4009379,O1035471,2023-08-28,Size Issue,Refunded
R4009380,O1113252,2024-11-19,Size Issue,Refunded
R4009381,O1097253,2024-09-14,Not as Expected,Refunded
R4009382,O1074508,2025-06-18,Late Delivery,Refunded
R4009383,O1156363,2023-04-15,Damaged,Processing
R4009384,O1018527,2024-12-06,Wrong Item,Refunded
R4009385,O1045853,2025-04-25,Damaged,Refunded
R4009386,O1043632,2023-06-09,Wrong Item,Refunded
R4009387,O1009996,2023-09-01,Not as Expected,Refunded
R4009388,O1135337,2023-07-31,Not as Expected,Refunded
R4009389,O1058960,2024-08-21,Changed Mind,Refunded
R4009390,O1024620,2025-12-24,Not as Expected,Refunded
R4009391,O1122168,2024-08-21,Size Issue,Refunded
R4009392,O1158231,2024-05-10,Damaged,Refunded
R4009393,O1011131,2023-03-26,Wrong Item,Refunded
R4009394,O1170495,2025-12-28,Changed Mind,Refunded
R4009395,O1045916,2023-05-11,Not as Expected,Refunded
R4009396,O1120353,2024-07-05,Size Issue,Refunded
R4009397,O1126139,2025-12-24,Size Issue,Refunded
R4009398,O1010422,2023-04-21,Changed Mind,Refunded
R4009399,O1037253,2023-02-06,Size Issue,Refunded
R4009400,O1042482,2023-07-05,Not as Expected,Refunded
R4009401,O1025815,2025-01-31,Late Delivery,Refunded
R4009402,O1068230,2025-10-04,Not as Expected,Refunded
R4009403,O1152645,2024-09-12,Changed Mind,Refunded
R4009404,O1027614,2025-11-08,Damaged,Refunded
R4009405,O1131692,2023-10-12,Wrong Item,Refunded
R4009406,O1119151,2023-11-30,Size Issue,Refunded
R4009407,O1022568,2024-03-02,Changed Mind,Refunded
R4009408,O1061355,2023-09-01,Wrong Item,Refunded
R4009409,O1065679,2023-11-08,Changed Mind,Refunded
R4009410,O1120953,2023-07-13,Changed Mind,Refunded
R4009411,O1102033,2025-06-22,Wrong Item,Refunded
R4009412,O1028164,2024-09-03,Size Issue,Refunded
R4009413,O1105374,2024-12-19,Damaged,Refunded
R4009414,O1169419,2024-04-06,Damaged,Refunded
R4009415,O1115514,2023-01-12,Late Delivery,Refunded
R4009416,O1091777,2025-03-04,Damaged,Refunded
R4009417,O1049333,2024-05-13,Wrong Item,Refunded
R4009418,O1168903,2024-03-28,Wrong Item,Refunded
R4009419,O1141296,2025-10-24,Changed Mind,Refunded
R4009420,O1111005,2024-01-10,Damaged,Refunded
R4009421,O1147062,2024-10-26,Size Issue,Refunded
R4009422,O1013512,2025-02-21,Not as Expected,Refunded
R4009423,O1037467,2024-09-18,Not as Expected,Processing
R4009424,O1109385,2023-07-02,Not as Expected,Refunded
R4009425,O1144794,2025-03-10,Late Delivery,Refunded
R4009426,O1094074,2024-07-09,Size Issue,Refunded
R4009427,O1024270,2023-08-07,Changed Mind,Refunded
R4009428,O1081591,2025-06-09,Not as Expected,Refunded
R4009429,O1135462,2025-12-05,Changed Mind,Refunded
R4009430,O1126637,2023-06-29,Size Issue,Processing
R4009431,O1111227,2024-05-02,Size Issue,Refunded
R4009432,O1069947,2023-01-18,Size Issue,Refunded
R4009433,O1121379,2024-02-17,Changed Mind,Refunded
R4009434,O1126600,2023-11-15,Not as Expected,Refunded
R4009435,O1006282,2025-07-22,Wrong Item,Refunded
R4009436,O1103374,2025-01-03,Wrong Item,Refunded
R4009437,O1112970,2024-10-10,Size Issue,Refunded
R4009438,O1037682,2024-07-11,Wrong Item,Refunded
R4009439,O1167988,2023-10-23,Size Issue,Refunded
R4009440,O1111576,2023-06-22,Not as Expected,Refunded
R4009441,O1077536,2025-01-04,Changed Mind,Refunded
R4009442,O1013916,2023-08-09,Not as Expected,Refunded
R4009443,O1003838,2024-08-08,Damaged,Refunded
R4009444,O1147555,2025-09-02,Wrong Item,Refunded
R4009445,O1069508,2025-11-07,Changed Mind,Refunded
R4009446,O1168100,2023-02-21,Damaged,Refunded
R4009447,O1009409,2024-04-27,Changed Mind,Refunded
R4009448,O1053781,2025-09-02,Damaged,Refunded
R4009449,O1168499,2023-05-19,Damaged,Refunded
R4009450,O1173810,2025-05-27,Late Delivery,Refunded
R4009451,O1063190,2024-04-25,Changed Mind,Refunded
R4009452,O1103662,2023-01-15,Not as Expected,Refunded
R4009453,O1156313,2025-11-19,Wrong Item,Refunded
R4009454,O1034913,2024-06-22,Wrong Item,Refunded
R4009455,O1016837,2025-04-12,Size Issue,Processing
R4009456,O1038191,2023-08-07,Not as Expected,Refunded
R4009457,O1154524,2025-04-30,Not as Expected,Refunded
R4009458,O1069909,2023-03-10,Late Delivery,Refunded
R4009459,O1111084,2024-02-14,Wrong Item,Refunded
R4009460,O1003020,2023-09-20,Changed Mind,Refunded
R4009461,O1099483,2023-10-25,Not as Expected,Refunded
R4009462,O1017489,2023-09-07,Wrong Item,Refunded
R4009463,O1075308,2025-06-30,Not as Expected,Refunded
R4009464,O1105389,2023-11-18,Not as Expected,Refunded
R4009465,O1038659,2025-01-04,Not as Expected,Refunded
R4009466,O1007636,2024-05-12,Not as Expected,Refunded
R4009467,O1052499,2023-12-10,Wrong Item,Refunded
R4009468,O1120118,2025-07-07,Size Issue,Refunded
R4009469,O1018245,2024-09-13,Wrong Item,Refunded
R4009470,O1136230,2025-01-19,Late Delivery,Refunded
R4009471,O1039282,2024-10-18,Changed Mind,Refunded
R4009472,O1102283,2023-03-05,Wrong Item,Processing
R4009473,O1160834,2024-08-26,Wrong Item,Refunded
R4009474,O1035842,2024-06-26,Late Delivery,Refunded
R4009475,O1067120,2024-05-03,Wrong Item,Refunded
R4009476,O1178278,2024-06-17,Not as Expected,Refunded
R4009477,O1156248,2023-11-10,Size Issue,Refunded
R4009478,O1066803,2024-03-24,Late Delivery,Refunded
R4009479,O1049048,2024-01-04,Not as Expected,Refunded
R4009480,O1048310,2024-11-13,Damaged,Refunded
R4009481,O1019643,2023-07-01,Not as Expected,Refunded
R4009482,O1167970,2024-12-01,Late Delivery,Refunded
R4009483,O1117500,2025-09-05,Not as Expected,Refunded
R4009484,O1146730,2023-12-31,Changed Mind,Refunded
R4009485,O1020039,2023-06-12,Not as Expected,Refunded
R4009486,O1130553,2024-06-16,Not as Expected,Refunded
R4009487,O1012772,2025-11-24,Size Issue,Refunded
R4009488,O1128260,2023-09-07,Wrong Item,Refunded
R4009489,O1013403,2025-08-28,Not as Expected,Refunded
R4009490,O1131169,2023-02-10,Not as Expected,Refunded
R4009491,O1029373,2024-06-09,Wrong Item,Refunded
R4009492,O1121874,2023-06-14,Damaged,Refunded
R4009493,O1050203,2023-12-13,Not as Expected,Refunded
R4009494,O1155890,2024-06-10,Damaged,Refunded
R4009495,O1166578,2024-03-16,Changed Mind,Refunded
R4009496,O1048214,2024-06-28,Wrong Item,Refunded
R4009497,O1115700,2023-01-28,Size Issue,Refunded
R4009498,O1075196,2023-09-20,Wrong Item,Refunded
R4009499,O1137176,2024-04-02,Not as Expected,Processing
R4009500,O1168361,2023-04-15,Late Delivery,Refunded
R4009501,O1155080,2024-07-27,Size Issue,Refunded
R4009502,O1147789,2023-03-05,Changed Mind,Refunded
R4009503,O1084455,2023-06-27,Not as Expected,Refunded
R4009504,O1121370,2023-12-24,Damaged,Refunded
R4009505,O1130078,2023-05-13,Not as Expected,Refunded
R4009506,O1060506,2025-02-13,Damaged,Refunded
R4009507,O1092480,2024-06-02,Not as Expected,Refunded
R4009508,O1088491,2025-05-18,Size Issue,Refunded
R4009509,O1124488,2024-11-25,Wrong Item,Refunded
R4009510,O1040015,2025-07-11,Late Delivery,Refunded
R4009511,O1070238,2023-02-13,Damaged,Refunded
R4009512,O1161965,2023-03-02,Size Issue,Refunded
R4009513,O1033090,2024-08-04,Changed Mind,Refunded
R4009514,O1162955,2025-03-20,Late Delivery,Refunded
R4009515,O1060055,2023-07-26,Damaged,Refunded
R4009516,O1069965,2024-03-14,Late Delivery,Refunded
R4009517,O1055977,2023-07-27,Size Issue,Refunded
R4009518,O1109801,2024-09-16,Damaged,Refunded
R4009519,O1114197,2025-06-07,Damaged,Refunded
R4009520,O1039258,2023-06-07,Late Delivery,Refunded
R4009521,O1062586,2024-04-10,Size Issue,Refunded
R4009522,O1169015,2024-01-23,Damaged,Refunded
R4009523,O1128889,2025-12-08,Not as Expected,Refunded
R4009524,O1116672,2025-11-01,Changed Mind,Refunded
R4009525,O1064756,2024-09-18,Late Delivery,Refunded
R4009526,O1127104,2025-07-07,Size Issue,Refunded
R4009527,O1009033,2023-05-19,Not as Expected,Refunded
R4009528,O1115564,2024-03-26,Wrong Item,Refunded
R4009529,O1041822,2025-10-15,Not as Expected,Refunded
R4009530,O1045195,2024-07-22,Size Issue,Refunded
R4009531,O1163098,2025-04-21,Size Issue,Refunded
R4009532,O1083212,2024-08-09,Late Delivery,Refunded
R4009533,O1012452,2024-02-10,Size Issue,Refunded
R4009534,O1129350,2024-06-02,Not as Expected,Processing
R4009535,O1053137,2023-11-20,Not as Expected,Refunded
R4009536,O1032344,2024-10-29,Size Issue,Processing
R4009537,O1005748,2024-02-27,Not as Expected,Refunded
R4009538,O1034971,2024-02-17,Wrong Item,Refunded
R4009539,O1153007,2025-04-18,Not as Expected,Refunded
R4009540,O1161550,2024-01-03,Not as Expected,Refunded
R4009541,O1159713,2024-03-30,Changed Mind,Refunded
R4009542,O1040176,2025-01-02,Size Issue,Refunded
R4009543,O1009673,2023-11-21,Not as Expected,Refunded
R4009544,O1098146,2024-11-01,Changed Mind,Refunded
R4009545,O1009898,2023-06-10,Damaged,Refunded
R4009546,O1093168,2023-11-20,Size Issue,Refunded
R4009547,O1171460,2023-10-22,Damaged,Refunded
R4009548,O1166657,2023-10-23,Not as Expected,Refunded
R4009549,O1108281,2024-10-08,Size Issue,Refunded
R4009550,O1084875,2024-03-03,Not as Expected,Refunded
R4009551,O1100696,2024-08-10,Not as Expected,Refunded
R4009552,O1178244,2024-06-16,Not as Expected,Refunded
R4009553,O1123280,2025-08-10,Not as Expected,Refunded
R4009554,O1008285,2023-05-01,Late Delivery,Refunded
R4009555,O1166777,2023-11-26,Wrong Item,Refunded
R4009556,O1161259,2025-10-16,Size Issue,Refunded
R4009557,O1105507,2025-03-17,Not as Expected,Refunded
R4009558,O1026549,2023-10-28,Late Delivery,Refunded
R4009559,O1044060,2024-04-19,Size Issue,Refunded
R4009560,O1071160,2025-08-09,Late Delivery,Refunded
R4009561,O1158350,2023-07-27,Damaged,Refunded
R4009562,O1135884,2024-12-29,Changed Mind,Refunded
R4009563,O1045644,2023-08-10,Changed Mind,Refunded
R4009564,O1064315,2023-02-22,Changed Mind,Refunded
R4009565,O1147299,2024-04-24,Damaged,Refunded
R4009566,O1126629,2023-03-18,Late Delivery,Refunded
R4009567,O1163278,2025-04-07,Damaged,Refunded
R4009568,O1067014,2024-08-31,Damaged,Refunded
R4009569,O1030259,2024-09-12,Size Issue,Refunded
R4009570,O1100391,2024-10-18,Not as Expected,Refunded
R4009571,O1081766,2023-08-02,Wrong Item,Processing
R4009572,O1082775,2024-10-11,Wrong Item,Refunded
R4009573,O1130098,2024-10-17,Late Delivery,Processing
R4009574,O1146323,2023-05-01,Late Delivery,Refunded
R4009575,O1039352,2023-09-19,Not as Expected,Refunded
R4009576,O1126569,2025-05-23,Not as Expected,Refunded
R4009577,O1143955,2024-01-15,Not as Expected,Refunded
R4009578,O1099583,2025-01-16,Damaged,Refunded
R4009579,O1161974,2023-12-07,Wrong Item,Refunded
R4009580,O1158676,2024-03-12,Size Issue,Refunded
R4009581,O1097478,2025-10-25,Damaged,Refunded
R4009582,O1093411,2023-03-12,Size Issue,Refunded
R4009583,O1131730,2024-01-01,Not as Expected,Refunded
R4009584,O1002154,2024-11-26,Wrong Item,Refunded
R4009585,O1136575,2023-12-05,Damaged,Refunded
R4009586,O1047300,2023-11-12,Damaged,Refunded
R4009587,O1013689,2023-10-11,Not as Expected,Refunded
R4009588,O1124342,2025-07-14,Not as Expected,Refunded
R4009589,O1065710,2024-05-21,Wrong Item,Refunded
R4009590,O1025586,2023-03-28,Not as Expected,Processing
R4009591,O1132749,2025-10-14,Changed Mind,Refunded
R4009592,O1017310,2023-10-22,Not as Expected,Refunded
R4009593,O1174503,2024-07-12,Wrong Item,Refunded
R4009594,O1147533,2023-07-22,Changed Mind,Refunded
R4009595,O1108178,2025-07-22,Not as Expected,Refunded
R4009596,O1030856,2023-10-17,Size Issue,Refunded
R4009597,O1030161,2023-06-05,Wrong Item,Refunded
R4009598,O1027168,2024-06-07,Changed Mind,Refunded
R4009599,O1105697,2025-01-16,Changed Mind,Refunded
R4009600,O1084056,2024-03-06,Not as Expected,Refunded
R4009601,O1165080,2025-07-30,Not as Expected,Refunded
R4009602,O1071123,2025-12-23,Damaged,Refunded
R4009603,O1089288,2023-03-25,Damaged,Refunded
R4009604,O1147839,2023-03-11,Changed Mind,Refunded
R4009605,O1125524,2025-08-04,Late Delivery,Refunded
R4009606,O1006441,2024-02-18,Wrong Item,Refunded
R4009607,O1077471,2023-11-12,Wrong Item,Refunded
R4009608,O1042575,2025-09-25,Changed Mind,Refunded
R4009609,O1038898,2024-08-01,Late Delivery,Refunded
R4009610,O1153304,2025-11-27,Wrong Item,Refunded
R4009611,O1107690,2025-11-22,Wrong Item,Refunded
R4009612,O1033223,2024-02-20,Not as Expected,Processing
R4009613,O1163496,2023-12-21,Not as Expected,Refunded
R4009614,O1156886,2025-09-14,Not as Expected,Refunded
R4009615,O1170172,2025-11-04,Not as Expected,Refunded
R4009616,O1134227,2024-08-01,Late Delivery,Refunded
R4009617,O1085554,2024-06-13,Damaged,Refunded
R4009618,O1125853,2023-10-28,Damaged,Refunded
R4009619,O1133341,2025-11-06,Wrong Item,Processing
R4009620,O1104798,2025-09-12,Size Issue,Refunded
R4009621,O1026065,2024-04-04,Wrong Item,Refunded
R4009622,O1003869,2023-08-21,Changed Mind,Refunded
R4009623,O1113120,2025-04-28,Size Issue,Refunded
R4009624,O1122036,2024-04-04,Wrong Item,Refunded
R4009625,O1005859,2023-03-23,Late Delivery,Refunded
R4009626,O1115315,2025-03-02,Not as Expected,Refunded
R4009627,O1007171,2024-11-30,Changed Mind,Refunded
R4009628,O1173439,2023-11-14,Size Issue,Processing
R4009629,O1094563,2024-10-21,Damaged,Refunded
R4009630,O1033605,2024-06-01,Not as Expected,Refunded
R4009631,O1014985,2023-12-13,Not as Expected,Refunded
R4009632,O1082695,2025-04-19,Not as Expected,Refunded
R4009633,O1166892,2024-07-30,Changed Mind,Refunded
R4009634,O1148578,2025-01-03,Size Issue,Refunded
R4009635,O1042789,2024-05-25,Changed Mind,Refunded
R4009636,O1174680,2024-10-03,Not as Expected,Refunded
R4009637,O1064812,2023-06-09,Changed Mind,Refunded
R4009638,O1085340,2025-06-29,Changed Mind,Refunded
R4009639,O1094862,2023-05-14,Wrong Item,Refunded
R4009640,O1131280,2025-01-07,Size Issue,Processing
R4009641,O1123401,2025-02-20,Late Delivery,Refunded
R4009642,O1019987,2024-04-12,Changed Mind,Refunded
R4009643,O1150259,2024-06-21,Wrong Item,Refunded
R4009644,O1120770,2025-01-29,Not as Expected,Refunded
R4009645,O1102159,2024-01-08,Not as Expected,Refunded
R4009646,O1089333,2023-07-13,Size Issue,Refunded
R4009647,O1088911,2025-07-23,Wrong Item,Refunded
R4009648,O1127545,2025-09-23,Damaged,Refunded
R4009649,O1133512,2023-05-28,Late Delivery,Refunded
R4009650,O1076187,2025-02-19,Wrong Item,Refunded
R4009651,O1090149,2023-11-17,Size Issue,Refunded
R4009652,O1077225,2023-09-07,Not as Expected,Refunded
R4009653,O1040584,2024-03-20,Not as Expected,Refunded
R4009654,O1003987,2025-07-07,Not as Expected,Refunded
R4009655,O1093461,2025-11-02,Not as Expected,Refunded
R4009656,O1060997,2023-01-14,Late Delivery,Refunded
R4009657,O1033980,2025-08-27,Not as Expected,Refunded
R4009658,O1039164,2025-07-29,Damaged,Refunded
R4009659,O1006309,2024-05-13,Changed Mind,Refunded
R4009660,O1060994,2023-10-30,Not as Expected,Refunded
R4009661,O1121749,2024-07-26,Late Delivery,Refunded
R4009662,O1085477,2023-09-30,Late Delivery,Refunded
R4009663,O1155532,2024-05-26,Damaged,Refunded
R4009664,O1048699,2023-01-15,Wrong Item,Refunded
R4009665,O1091912,2025-04-05,Not as Expected,Refunded
R4009666,O1147918,2024-03-25,Size Issue,Refunded
R4009667,O1163059,2023-09-01,Not as Expected,Refunded
R4009668,O1174089,2024-09-17,Changed Mind,Refunded
R4009669,O1093313,2024-06-01,Late Delivery,Refunded
R4009670,O1016665,2025-10-30,Not as Expected,Refunded
R4009671,O1075150,2025-06-06,Not as Expected,Refunded
R4009672,O1012215,2024-11-26,Late Delivery,Refunded
R4009673,O1134248,2024-11-15,Size Issue,Refunded
R4009674,O1085555,2023-05-22,Changed Mind,Refunded
R4009675,O1118562,2025-03-26,Late Delivery,Refunded
R4009676,O1128814,2025-02-06,Not as Expected,Refunded
R4009677,O1120855,2024-04-05,Size Issue,Refunded
R4009678,O1028563,2024-10-05,Wrong Item,Refunded
R4009679,O1062145,2023-11-18,Wrong Item,Refunded
R4009680,O1038338,2024-01-13,Not as Expected,Refunded
R4009681,O1020619,2024-09-02,Wrong Item,Refunded
R4009682,O1058299,2025-01-19,Size Issue,Refunded
R4009683,O1132834,2023-05-30,Size Issue,Refunded
R4009684,O1015627,2025-11-29,Not as Expected,Refunded
R4009685,O1144348,2025-10-12,Size Issue,Refunded
R4009686,O1114351,2023-02-12,Size Issue,Refunded
R4009687,O1043775,2025-07-28,Wrong Item,Refunded
R4009688,O1170504,2023-02-15,Size Issue,Refunded
R4009689,O1051044,2023-01-30,Late Delivery,Refunded
R4009690,O1050009,2024-08-14,Damaged,Processing
R4009691,O1005369,2024-05-03,Size Issue,Refunded
R4009692,O1143367,2023-04-08,Size Issue,Refunded
R4009693,O1100533,2024-08-04,Size Issue,Processing
R4009694,O1081882,2025-06-02,Late Delivery,Refunded
R4009695,O1051291,2024-12-04,Size Issue,Refunded
R4009696,O1061323,2023-03-28,Size Issue,Refunded
R4009697,O1143584,2025-09-25,Size Issue,Refunded
R4009698,O1023346,2023-08-11,Late Delivery,Refunded
R4009699,O1134606,2025-12-03,Size Issue,Refunded
R4009700,O1177692,2024-06-03,Not as Expected,Processing
R4009701,O1136830,2023-06-16,Size Issue,Refunded
R4009702,O1174237,2025-02-17,Late Delivery,Refunded
R4009703,O1136083,2025-01-25,Wrong Item,Refunded
R4009704,O1154977,2025-05-06,Not as Expected,Refunded
R4009705,O1171023,2023-04-18,Not as Expected,Refunded
R4009706,O1136453,2024-10-06,Size Issue,Refunded
R4009707,O1158237,2025-09-23,Wrong Item,Refunded
R4009708,O1154902,2025-07-21,Not as Expected,Processing
R4009709,O1112630,2025-10-20,Damaged,Refunded
R4009710,O1058338,2025-03-31,Wrong Item,Refunded
R4009711,O1018078,2023-02-26,Damaged,Refunded
R4009712,O1122008,2023-09-23,Changed Mind,Refunded
R4009713,O1046843,2024-09-15,Not as Expected,Refunded
R4009714,O1164413,2023-04-30,Size Issue,Refunded
R4009715,O1118540,2025-07-01,Not as Expected,Refunded
R4009716,O1151554,2024-06-24,Wrong Item,Refunded
R4009717,O1001395,2024-12-20,Size Issue,Refunded
R4009718,O1073466,2023-02-10,Size Issue,Refunded
R4009719,O1011641,2023-01-13,Size Issue,Refunded
R4009720,O1031426,2025-06-02,Late Delivery,Refunded
R4009721,O1110275,2025-03-16,Damaged,Refunded
R4009722,O1163420,2025-08-26,Damaged,Refunded
R4009723,O1179106,2023-12-29,Changed Mind,Refunded
R4009724,O1121304,2023-12-06,Not as Expected,Refunded
R4009725,O1149593,2023-07-11,Wrong Item,Refunded
R4009726,O1102192,2023-09-25,Not as Expected,Processing
R4009727,O1126209,2025-01-09,Damaged,Refunded
R4009728,O1160947,2023-07-08,Not as Expected,Refunded
R4009729,O1010534,2025-03-21,Not as Expected,Refunded
R4009730,O1076824,2023-02-12,Size Issue,Refunded
R4009731,O1025122,2024-10-02,Late Delivery,Refunded
R4009732,O1120788,2023-09-03,Not as Expected,Refunded
R4009733,O1160795,2023-03-10,Late Delivery,Refunded
R4009734,O1119522,2025-05-28,Damaged,Refunded
R4009735,O1085778,2025-09-16,Not as Expected,Refunded
R4009736,O1049080,2023-11-21,Changed Mind,Processing
R4009737,O1087655,2023-12-07,Not as Expected,Refunded
R4009738,O1083145,2023-03-22,Not as Expected,Refunded
R4009739,O1158184,2025-06-28,Not as Expected,Refunded
R4009740,O1097594,2023-05-19,Late Delivery,Refunded
R4009741,O1090947,2025-02-04,Damaged,Refunded
R4009742,O1170933,2025-10-01,Not as Expected,Refunded
R4009743,O1080320,2025-08-20,Size Issue,Refunded
R4009744,O1009226,2024-12-16,Damaged,Refunded
R4009745,O1003781,2025-03-17,Changed Mind,Refunded
R4009746,O1057237,2023-10-19,Not as Expected,Refunded
R4009747,O1161803,2025-10-30,Changed Mind,Refunded
R4009748,O1118086,2024-10-13,Not as Expected,Refunded
R4009749,O1044118,2023-04-07,Late Delivery,Refunded
R4009750,O1079063,2024-09-19,Late Delivery,Refunded
R4009751,O1031690,2025-09-04,Wrong Item,Refunded
R4009752,O1141167,2023-09-29,Not as Expected,Refunded
R4009753,O1159073,2025-02-06,Not as Expected,Refunded
R4009754,O1147395,2023-06-29,Late Delivery,Refunded
R4009755,O1075725,2023-11-10,Changed Mind,Refunded
R4009756,O1069156,2025-07-29,Late Delivery,Refunded
R4009757,O1135629,2024-11-02,Damaged,Refunded
R4009758,O1044451,2025-06-28,Wrong Item,Refunded
R4009759,O1153289,2024-08-23,Wrong Item,Refunded
R4009760,O1094962,2025-09-12,Changed Mind,Refunded
R4009761,O1160436,2023-06-11,Damaged,Refunded
R4009762,O1138618,2025-10-26,Size Issue,Refunded
R4009763,O1037845,2025-08-16,Not as Expected,Refunded
R4009764,O1037101,2025-04-13,Changed Mind,Processing
R4009765,O1055711,2025-05-16,Late Delivery,Refunded
R4009766,O1066708,2025-09-03,Wrong Item,Refunded
R4009767,O1140562,2025-03-04,Not as Expected,Refunded
R4009768,O1050970,2023-02-18,Size Issue,Refunded
R4009769,O1171903,2023-02-19,Not as Expected,Refunded
R4009770,O1066937,2023-10-09,Size Issue,Refunded
R4009771,O1003532,2024-05-20,Damaged,Refunded
R4009772,O1129269,2025-04-07,Changed Mind,Refunded
R4009773,O1135569,2024-09-23,Size Issue,Refunded
R4009774,O1025634,2023-01-15,Size Issue,Refunded
R4009775,O1166406,2024-04-21,Damaged,Refunded
R4009776,O1112223,2025-11-29,Not as Expected,Refunded
R4009777,O1004968,2023-12-04,Wrong Item,Refunded
R4009778,O1026117,2025-12-06,Late Delivery,Refunded
R4009779,O1052798,2025-02-17,Late Delivery,Refunded
R4009780,O1171341,2023-09-27,Not as Expected,Processing
R4009781,O1092318,2024-06-21,Wrong Item,Refunded
R4009782,O1062200,2024-08-03,Not as Expected,Refunded
R4009783,O1001954,2023-03-10,Damaged,Refunded
R4009784,O1163740,2023-07-28,Wrong Item,Refunded
R4009785,O1116480,2023-05-24,Not as Expected,Refunded
R4009786,O1017229,2025-09-10,Changed Mind,Refunded
R4009787,O1063784,2025-01-14,Damaged,Refunded
R4009788,O1007154,2024-02-28,Damaged,Refunded
R4009789,O1120468,2024-01-03,Late Delivery,Refunded
R4009790,O1139038,2025-08-27,Not as Expected,Refunded
R4009791,O1004110,2024-10-30,Wrong Item,Refunded
R4009792,O1145688,2023-06-17,Not as Expected,Refunded
R4009793,O1131007,2023-04-11,Not as Expected,Refunded
R4009794,O1040331,2025-02-02,Damaged,Refunded
R4009795,O1122517,2025-05-27,Changed Mind,Refunded
R4009796,O1031797,2023-10-26,Not as Expected,Refunded
R4009797,O1099188,2024-07-01,Changed Mind,Refunded
R4009798,O1157093,2023-06-17,Late Delivery,Refunded
R4009799,O1054897,2025-04-15,Changed Mind,Refunded
R4009800,O1069026,2023-02-12,Damaged,Refunded
R4009801,O1120776,2025-04-26,Size Issue,Refunded
R4009802,O1084360,2025-07-26,Not as Expected,Refunded
R4009803,O1104237,2025-08-10,Size Issue,Refunded
R4009804,O1029084,2025-10-06,Size Issue,Refunded
R4009805,O1061337,2024-08-22,Changed Mind,Refunded
R4009806,O1006523,2025-11-17,Late Delivery,Refunded
R4009807,O1012994,2025-11-20,Size Issue,Refunded
R4009808,O1010591,2024-04-08,Not as Expected,Refunded
R4009809,O1129674,2025-07-11,Not as Expected,Refunded
R4009810,O1163151,2024-05-17,Changed Mind,Refunded
R4009811,O1129369,2023-03-13,Not as Expected,Refunded
R4009812,O1046332,2025-08-08,Not as Expected,Refunded
R4009813,O1133830,2025-11-30,Damaged,Refunded
R4009814,O1090517,2024-09-08,Damaged,Processing
R4009815,O1060047,2024-01-22,Damaged,Refunded
R4009816,O1085806,2023-04-22,Damaged,Refunded
R4009817,O1153481,2025-07-28,Size Issue,Refunded
R4009818,O1067818,2023-01-25,Damaged,Refunded
R4009819,O1022859,2023-03-27,Late Delivery,Refunded
R4009820,O1065858,2024-11-06,Late Delivery,Refunded
R4009821,O1175028,2025-03-15,Damaged,Refunded
R4009822,O1085288,2024-08-08,Changed Mind,Refunded
R4009823,O1170979,2025-01-23,Size Issue,Refunded
R4009824,O1123617,2026-01-11,Changed Mind,Refunded
R4009825,O1059993,2025-02-05,Changed Mind,Refunded
R4009826,O1002482,2023-07-18,Wrong Item,Refunded
R4009827,O1038365,2023-05-30,Changed Mind,Processing
R4009828,O1044308,2024-03-15,Changed Mind,Refunded
R4009829,O1106851,2024-07-29,Damaged,Refunded
R4009830,O1079198,2025-11-09,Not as Expected,Refunded
R4009831,O1132000,2025-03-14,Wrong Item,Refunded
R4009832,O1042421,2025-11-28,Not as Expected,Refunded
R4009833,O1009640,2023-02-03,Not as Expected,Refunded
R4009834,O1120334,2024-06-27,Size Issue,Refunded
R4009835,O1127573,2023-07-07,Not as Expected,Refunded
R4009836,O1166085,2023-10-06,Changed Mind,Refunded
R4009837,O1110327,2024-07-14,Not as Expected,Refunded
R4009838,O1104159,2023-07-18,Damaged,Processing
R4009839,O1077000,2025-10-05,Late Delivery,Refunded
R4009840,O1023770,2023-07-08,Late Delivery,Refunded
R4009841,O1025028,2023-05-31,Late Delivery,Refunded
R4009842,O1041717,2024-01-17,Damaged,Refunded
R4009843,O1139319,2025-12-27,Size Issue,Refunded
R4009844,O1015309,2025-07-04,Late Delivery,Refunded
R4009845,O1043912,2025-08-15,Size Issue,Refunded
R4009846,O1090007,2023-02-23,Not as Expected,Refunded
R4009847,O1032573,2023-12-30,Wrong Item,Refunded
R4009848,O1169727,2024-08-08,Not as Expected,Refunded
R4009849,O1108461,2023-08-04,Not as Expected,Refunded
R4009850,O1169924,2025-02-06,Size Issue,Refunded
R4009851,O1126996,2023-01-18,Changed Mind,Refunded
R4009852,O1170990,2025-05-16,Damaged,Refunded
R4009853,O1088379,2023-12-12,Changed Mind,Refunded
R4009854,O1114171,2025-03-09,Damaged,Refunded
R4009855,O1070303,2024-12-06,Damaged,Refunded
R4009856,O1129566,2025-01-20,Changed Mind,Refunded
R4009857,O1134872,2024-10-08,Not as Expected,Processing
R4009858,O1117608,2025-05-18,Changed Mind,Refunded
R4009859,O1038842,2025-03-20,Size Issue,Refunded
R4009860,O1175618,2023-02-25,Not as Expected,Refunded
R4009861,O1039221,2025-08-29,Not as Expected,Refunded
R4009862,O1143739,2023-07-31,Not as Expected,Refunded
R4009863,O1177790,2024-08-27,Wrong Item,Refunded
R4009864,O1053671,2025-04-23,Changed Mind,Refunded
R4009865,O1105981,2024-09-27,Damaged,Refunded
R4009866,O1154948,2023-12-31,Not as Expected,Refunded
R4009867,O1034809,2024-04-05,Late Delivery,Refunded
R4009868,O1126110,2024-11-19,Changed Mind,Refunded
R4009869,O1125060,2025-09-07,Wrong Item,Refunded
R4009870,O1105296,2025-09-04,Wrong Item,Refunded
R4009871,O1135741,2023-09-26,Size Issue,Refunded
R4009872,O1066398,2024-07-12,Not as Expected,Refunded
R4009873,O1081765,2025-07-05,Wrong Item,Refunded
R4009874,O1134807,2025-02-16,Changed Mind,Refunded
R4009875,O1065984,2025-12-26,Damaged,Refunded
R4009876,O1141810,2024-02-07,Not as Expected,Refunded
R4009877,O1139381,2025-06-30,Late Delivery,Refunded
R4009878,O1178700,2025-09-16,Not as Expected,Refunded
R4009879,O1059608,2025-05-16,Changed Mind,Refunded
R4009880,O1117012,2023-03-28,Size Issue,Refunded
R4009881,O1163466,2024-08-22,Size Issue,Refunded
R4009882,O1179693,2025-01-26,Damaged,Refunded
R4009883,O1142954,2023-12-31,Wrong Item,Processing
R4009884,O1109187,2025-02-12,Late Delivery,Refunded
R4009885,O1039658,2024-03-28,Changed Mind,Refunded
R4009886,O1084524,2023-03-28,Wrong Item,Refunded
R4009887,O1179952,2023-09-15,Damaged,Refunded
R4009888,O1143232,2025-08-11,Wrong Item,Refunded
R4009889,O1045393,2023-07-25,Wrong Item,Refunded
R4009890,O1034955,2024-06-03,Wrong Item,Refunded
R4009891,O1079118,2024-09-14,Damaged,Processing
R4009892,O1058931,2025-04-23,Size Issue,Processing
R4009893,O1030470,2024-10-17,Changed Mind,Refunded
R4009894,O1146521,2023-11-11,Late Delivery,Refunded
R4009895,O1163316,2025-05-14,Damaged,Refunded
R4009896,O1028674,2024-03-04,Damaged,Processing
R4009897,O1126467,2024-05-10,Size Issue,Refunded
R4009898,O1036762,2023-10-21,Damaged,Refunded
R4009899,O1157078,2025-05-29,Not as Expected,Refunded
R4009900,O1066888,2024-10-20,Wrong Item,Refunded
R4009901,O1133178,2023-10-14,Not as Expected,Refunded
R4009902,O1060146,2025-03-15,Changed Mind,Refunded
R4009903,O1146645,2025-09-26,Damaged,Refunded
R4009904,O1098505,2023-11-07,Late Delivery,Refunded
R4009905,O1050709,2025-03-27,Wrong Item,Refunded
R4009906,O1176975,2025-05-17,Size Issue,Refunded
R4009907,O1118002,2023-11-13,Not as Expected,Refunded
R4009908,O1130151,2023-09-04,Size Issue,Refunded
R4009909,O1007403,2025-06-26,Not as Expected,Refunded
R4009910,O1059310,2025-03-18,Damaged,Refunded
R4009911,O1043460,2025-06-18,Size Issue,Refunded
R4009912,O1059199,2024-10-02,Late Delivery,Refunded
R4009913,O1154275,2023-08-30,Not as Expected,Refunded
R4009914,O1085176,2025-11-20,Wrong Item,Refunded
R4009915,O1164677,2025-05-11,Changed Mind,Refunded
R4009916,O1080437,2024-07-30,Size Issue,Refunded
R4009917,O1009745,2025-12-25,Size Issue,Refunded
R4009918,O1178071,2024-01-13,Wrong Item,Refunded
R4009919,O1150007,2023-10-28,Size Issue,Refunded
R4009920,O1127526,2023-12-26,Damaged,Refunded
R4009921,O1139919,2025-09-07,Late Delivery,Refunded
R4009922,O1013445,2025-06-17,Changed Mind,Refunded
R4009923,O1129944,2024-11-16,Size Issue,Refunded
R4009924,O1162390,2024-07-20,Wrong Item,Refunded
R4009925,O1042406,2024-10-04,Not as Expected,Refunded
R4009926,O1170449,2025-05-16,Size Issue,Refunded
R4009927,O1130741,2025-03-23,Not as Expected,Refunded
R4009928,O1123797,2025-11-13,Damaged,Processing
R4009929,O1027720,2024-10-20,Damaged,Refunded
R4009930,O1067194,2023-05-15,Wrong Item,Refunded
R4009931,O1157045,2025-11-20,Wrong Item,Refunded
R4009932,O1179600,2025-08-06,Changed Mind,Refunded
R4009933,O1030985,2024-08-22,Damaged,Refunded
R4009934,O1111470,2025-11-02,Wrong Item,Refunded
R4009935,O1020319,2025-04-10,Changed Mind,Refunded
R4009936,O1110523,2024-03-17,Not as Expected,Refunded
R4009937,O1134688,2024-04-28,Not as Expected,Refunded
R4009938,O1046753,2024-06-13,Size Issue,Refunded
R4009939,O1026939,2024-11-28,Not as Expected,Processing
R4009940,O1067889,2023-06-26,Changed Mind,Refunded
R4009941,O1138993,2024-04-30,Wrong Item,Refunded
R4009942,O1142622,2024-08-20,Not as Expected,Refunded
R4009943,O1155160,2023-02-07,Changed Mind,Refunded
R4009944,O1112134,2025-08-31,Size Issue,Refunded
R4009945,O1104455,2024-08-31,Not as Expected,Refunded
R4009946,O1154257,2024-06-15,Not as Expected,Refunded
R4009947,O1125954,2025-10-27,Not as Expected,Refunded
R4009948,O1162039,2024-09-05,Not as Expected,Refunded
R4009949,O1173935,2023-03-22,Size Issue,Refunded
R4009950,O1025256,2025-11-13,Changed Mind,Processing
R4009951,O1122873,2025-08-16,Damaged,Refunded
R4009952,O1153524,2025-07-03,Changed Mind,Refunded
R4009953,O1015253,2025-03-07,Size Issue,Refunded
R4009954,O1023535,2025-01-10,Size Issue,Refunded
R4009955,O1107288,2025-06-10,Wrong Item,Refunded
R4009956,O1089758,2023-01-23,Wrong Item,Refunded
R4009957,O1092254,2023-12-31,Late Delivery,Refunded
R4009958,O1160418,2024-10-04,Not as Expected,Refunded
R4009959,O1059126,2024-01-23,Damaged,Refunded
R4009960,O1036597,2024-06-22,Late Delivery,Refunded
R4009961,O1066319,2024-05-10,Late Delivery,Refunded
R4009962,O1108013,2024-11-21,Changed Mind,Refunded
R4009963,O1088989,2025-07-11,Size Issue,Refunded
R4009964,O1130796,2024-05-08,Not as Expected,Refunded
R4009965,O1142884,2025-04-04,Changed Mind,Refunded
R4009966,O1035147,2024-09-30,Late Delivery,Refunded
R4009967,O1159847,2024-04-10,Late Delivery,Refunded
R4009968,O1035868,2023-03-16,Size Issue,Processing
R4009969,O1016939,2023-07-20,Damaged,Refunded
R4009970,O1113412,2025-10-03,Damaged,Refunded
R4009971,O1025693,2024-07-01,Size Issue,Refunded
R4009972,O1117679,2024-09-09,Size Issue,Refunded
R4009973,O1143188,2024-04-13,Changed Mind,Refunded
R4009974,O1053668,2024-05-01,Wrong Item,Refunded
R4009975,O1117990,2025-10-13,Not as Expected,Refunded
R4009976,O1015433,2025-12-19,Damaged,Refunded
R4009977,O1040445,2025-08-14,Damaged,Refunded
R4009978,O1021287,2025-04-16,Not as Expected,Refunded
R4009979,O1040669,2025-11-30,Size Issue,Refunded
R4009980,O1097581,2025-12-25,Wrong Item,Refunded
R4009981,O1161490,2023-08-16,Wrong Item,Processing
R4009982,O1054591,2023-01-27,Size Issue,Refunded
R4009983,O1024295,2025-09-12,Late Delivery,Refunded
R4009984,O1101577,2023-03-27,Not as Expected,Refunded
R4009985,O1075930,2023-11-06,Wrong Item,Refunded
R4009986,O1010728,2023-06-01,Size Issue,Refunded
R4009987,O1076057,2023-01-11,Not as Expected,Refunded
R4009988,O1073128,2025-05-04,Changed Mind,Refunded
R4009989,O1076244,2023-04-04,Not as Expected,Processing
R4009990,O1132488,2025-10-15,Changed Mind,Processing
R4009991,O1091395,2024-04-24,Not as Expected,Refunded
R4009992,O1141927,2024-11-05,Not as Expected,Refunded
R4009993,O1000246,2023-10-28,Wrong Item,Refunded
R4009994,O1005308,2024-04-21,Late Delivery,Processing
R4009995,O1131420,2024-06-23,Not as Expected,Refunded
R4009996,O1053093,2025-04-28,Size Issue,Refunded
R4009997,O1158303,2025-09-16,Damaged,Refunded
R4009998,O1096134,2024-03-28,Late Delivery,Refunded
R4009999,O1068790,2024-04-02,Size Issue,Refunded
R4010000,O1103733,2023-01-14,Size Issue,Refunded
R4010001,O1127978,2023-04-15,Not as Expected,Refunded
R4010002,O1087640,2023-11-17,Wrong Item,Refunded
R4010003,O1025424,2024-05-18,Damaged,Refunded
R4010004,O1125400,2024-01-29,Damaged,Refunded
R4010005,O1168794,2025-06-29,Not as Expected,Refunded
R4010006,O1006122,2024-10-22,Damaged,Refunded
R4010007,O1084150,2024-10-16,Not as Expected,Refunded
R4010008,O1011031,2024-02-01,Damaged,Refunded
R4010009,O1177023,2024-05-21,Changed Mind,Refunded
R4010010,O1077280,2023-11-20,Wrong Item,Refunded
R4010011,O1147899,2025-09-28,Wrong Item,Refunded
R4010012,O1167690,2024-11-05,Late Delivery,Refunded
R4010013,O1160147,2025-08-30,Not as Expected,Refunded
R4010014,O1166890,2025-09-11,Size Issue,Refunded
R4010015,O1072848,2024-11-27,Not as Expected,Refunded
R4010016,O1078733,2023-02-03,Damaged,Refunded
R4010017,O1033256,2023-07-01,Late Delivery,Refunded
R4010018,O1034649,2024-07-12,Not as Expected,Refunded
R4010019,O1045307,2024-04-28,Damaged,Refunded
R4010020,O1058597,2023-05-17,Not as Expected,Refunded
R4010021,O1011668,2023-09-10,Changed Mind,Refunded
R4010022,O1173344,2025-03-30,Size Issue,Refunded
R4010023,O1020163,2023-08-06,Not as Expected,Refunded
R4010024,O1099549,2024-10-24,Wrong Item,Refunded
R4010025,O1141629,2023-07-30,Late Delivery,Processing
R4010026,O1146779,2026-01-06,Damaged,Refunded
R4010027,O1161746,2023-05-05,Size Issue,Refunded
R4010028,O1172578,2025-04-29,Not as Expected,Refunded
R4010029,O1134735,2025-09-05,Damaged,Refunded
R4010030,O1049911,2023-10-11,Late Delivery,Refunded
R4010031,O1064383,2023-10-21,Size Issue,Refunded
R4010032,O1091195,2025-02-15,Wrong Item,Refunded
R4010033,O1097878,2025-06-08,Size Issue,Refunded
R4010034,O1040664,2025-01-16,Not as Expected,Refunded
R4010035,O1021295,2024-01-09,Damaged,Refunded
R4010036,O1017365,2025-07-04,Not as Expected,Refunded
R4010037,O1032121,2025-02-02,Not as Expected,Refunded
R4010038,O1051629,2025-02-11,Damaged,Refunded
R4010039,O1071845,2024-07-28,Wrong Item,Processing
R4010040,O1077934,2023-07-07,Not as Expected,Refunded
R4010041,O1176507,2025-03-24,Late Delivery,Refunded
R4010042,O1122846,2024-07-27,Wrong Item,Refunded
R4010043,O1167024,2023-11-18,Size Issue,Refunded
R4010044,O1014983,2024-03-04,Not as Expected,Refunded
R4010045,O1042867,2024-12-15,Size Issue,Refunded
R4010046,O1069652,2023-08-03,Late Delivery,Refunded
R4010047,O1013878,2023-11-07,Wrong Item,Refunded
R4010048,O1054766,2025-07-17,Not as Expected,Refunded
R4010049,O1142026,2024-03-07,Damaged,Refunded
R4010050,O1029995,2025-05-25,Wrong Item,Refunded
R4010051,O1113659,2023-02-21,Size Issue,Refunded
R4010052,O1060640,2025-01-21,Damaged,Refunded
R4010053,O1018975,2025-02-05,Not as Expected,Refunded
R4010054,O1126615,2025-05-10,Changed Mind,Refunded
R4010055,O1112642,2025-03-19,Size Issue,Refunded
R4010056,O1122913,2023-02-12,Not as Expected,Refunded
R4010057,O1081367,2024-11-19,Damaged,Refunded
R4010058,O1046193,2024-11-12,Size Issue,Refunded
R4010059,O1021820,2025-11-22,Size Issue,Refunded
R4010060,O1156953,2025-12-01,Damaged,Refunded
R4010061,O1179594,2025-07-29,Changed Mind,Refunded
R4010062,O1087902,2023-11-12,Wrong Item,Refunded
R4010063,O1068318,2024-07-29,Size Issue,Refunded
R4010064,O1146804,2024-07-01,Changed Mind,Refunded
R4010065,O1108450,2024-04-02,Not as Expected,Refunded
R4010066,O1175883,2025-07-24,Size Issue,Refunded
R4010067,O1006410,2024-09-28,Not as Expected,Refunded
R4010068,O1076385,2025-07-17,Size Issue,Refunded
R4010069,O1047630,2025-10-23,Not as Expected,Refunded
R4010070,O1121306,2023-10-01,Not as Expected,Refunded
R4010071,O1122997,2024-04-16,Size Issue,Refunded
R4010072,O1009108,2024-07-20,Wrong Item,Refunded
R4010073,O1030460,2024-11-01,Not as Expected,Processing
R4010074,O1160237,2025-11-29,Damaged,Refunded
R4010075,O1116126,2024-07-01,Changed Mind,Refunded
R4010076,O1161130,2024-10-28,Not as Expected,Refunded
R4010077,O1079506,2023-09-28,Not as Expected,Refunded
R4010078,O1092594,2023-03-25,Not as Expected,Refunded
R4010079,O1077010,2024-01-08,Changed Mind,Processing
R4010080,O1157195,2023-12-26,Size Issue,Refunded
R4010081,O1009869,2025-08-20,Not as Expected,Refunded
R4010082,O1002390,2025-11-28,Not as Expected,Refunded
R4010083,O1062338,2023-08-01,Damaged,Refunded
R4010084,O1019567,2023-04-07,Not as Expected,Refunded
R4010085,O1056283,2023-12-07,Wrong Item,Refunded
R4010086,O1169611,2025-10-20,Changed Mind,Refunded
R4010087,O1111283,2025-10-14,Size Issue,Refunded
R4010088,O1051020,2023-11-10,Size Issue,Refunded
R4010089,O1142698,2023-06-15,Size Issue,Refunded
R4010090,O1002121,2024-04-17,Wrong Item,Refunded
R4010091,O1132844,2024-10-01,Not as Expected,Refunded
R4010092,O1037630,2025-03-12,Late Delivery,Refunded
R4010093,O1126377,2024-07-28,Wrong Item,Refunded
R4010094,O1161481,2025-06-14,Wrong Item,Refunded
R4010095,O1089864,2025-05-11,Damaged,Refunded
R4010096,O1113422,2024-09-26,Damaged,Refunded
R4010097,O1027169,2025-07-27,Not as Expected,Refunded
R4010098,O1122596,2025-05-07,Size Issue,Refunded
R4010099,O1149577,2023-01-13,Wrong Item,Refunded
R4010100,O1068652,2024-05-26,Changed Mind,Refunded
R4010101,O1155642,2025-12-26,Wrong Item,Processing
R4010102,O1025947,2023-07-16,Not as Expected,Refunded
R4010103,O1048388,2024-01-25,Not as Expected,Refunded
R4010104,O1006412,2024-09-19,Damaged,Refunded
R4010105,O1010053,2023-06-29,Not as Expected,Refunded
R4010106,O1169803,2023-05-29,Size Issue,Refunded
R4010107,O1115207,2023-10-01,Size Issue,Refunded
R4010108,O1140631,2025-06-09,Changed Mind,Processing
R4010109,O1076856,2023-06-20,Damaged,Refunded
R4010110,O1074927,2025-03-05,Size Issue,Refunded
R4010111,O1135068,2024-04-26,Size Issue,Refunded
R4010112,O1112949,2023-02-08,Wrong Item,Refunded
R4010113,O1044233,2025-03-21,Late Delivery,Refunded
R4010114,O1163480,2024-03-19,Not as Expected,Refunded
R4010115,O1034976,2024-01-05,Late Delivery,Refunded
R4010116,O1048152,2023-07-29,Not as Expected,Refunded
R4010117,O1013763,2025-05-20,Not as Expected,Refunded
R4010118,O1164897,2025-10-06,Damaged,Processing
R4010119,O1013255,2023-01-10,Not as Expected,Refunded
R4010120,O1092624,2025-07-26,Wrong Item,Refunded
R4010121,O1013302,2023-04-01,Late Delivery,Refunded
R4010122,O1019454,2024-08-07,Damaged,Refunded
R4010123,O1011805,2023-04-16,Late Delivery,Refunded
R4010124,O1154075,2024-03-06,Size Issue,Refunded
R4010125,O1126369,2025-07-26,Late Delivery,Refunded
R4010126,O1142328,2025-12-29,Wrong Item,Processing
R4010127,O1040452,2025-01-28,Changed Mind,Refunded
R4010128,O1115063,2024-10-13,Wrong Item,Refunded
R4010129,O1091158,2024-01-10,Damaged,Refunded
R4010130,O1160361,2023-02-20,Size Issue,Refunded
R4010131,O1161214,2024-11-16,Late Delivery,Processing
R4010132,O1110413,2023-06-28,Not as Expected,Refunded
R4010133,O1118221,2023-05-22,Size Issue,Refunded
R4010134,O1117755,2025-09-10,Changed Mind,Processing
R4010135,O1104244,2025-08-10,Damaged,Refunded
R4010136,O1124428,2024-03-18,Size Issue,Refunded
R4010137,O1050349,2024-02-09,Not as Expected,Refunded
R4010138,O1072979,2025-03-18,Not as Expected,Refunded
R4010139,O1115191,2025-04-04,Damaged,Refunded
R4010140,O1167797,2025-03-24,Size Issue,Refunded
R4010141,O1132807,2023-04-18,Size Issue,Processing
R4010142,O1176459,2025-11-27,Damaged,Refunded
R4010143,O1030363,2023-03-29,Not as Expected,Refunded
R4010144,O1061800,2026-01-03,Not as Expected,Refunded
R4010145,O1005331,2025-05-26,Damaged,Refunded
R4010146,O1026932,2023-03-19,Wrong Item,Refunded
R4010147,O1094967,2024-07-21,Changed Mind,Refunded
R4010148,O1066986,2023-08-02,Damaged,Refunded
R4010149,O1015887,2025-01-11,Wrong Item,Refunded
R4010150,O1086800,2024-02-13,Wrong Item,Refunded
R4010151,O1084625,2024-11-06,Not as Expected,Refunded
R4010152,O1120241,2026-01-08,Changed Mind,Refunded
R4010153,O1085898,2025-05-30,Not as Expected,Refunded
R4010154,O1012657,2023-06-01,Changed Mind,Refunded
R4010155,O1104535,2024-04-12,Size Issue,Refunded
R4010156,O1022834,2025-02-11,Size Issue,Refunded
R4010157,O1051903,2024-12-11,Not as Expected,Refunded
R4010158,O1025099,2023-12-09,Changed Mind,Refunded
R4010159,O1101165,2023-03-19,Wrong Item,Refunded
R4010160,O1040092,2025-09-05,Wrong Item,Refunded
R4010161,O1104525,2025-12-05,Not as Expected,Refunded
R4010162,O1049319,2024-12-05,Wrong Item,Refunded
R4010163,O1107655,2024-05-18,Not as Expected,Refunded
R4010164,O1068456,2025-02-11,Late Delivery,Processing
R4010165,O1084131,2023-01-29,Not as Expected,Refunded
R4010166,O1121019,2023-04-24,Not as Expected,Refunded
R4010167,O1156507,2023-03-21,Wrong Item,Refunded
R4010168,O1072876,2023-09-02,Not as Expected,Refunded
R4010169,O1111246,2023-04-10,Not as Expected,Refunded
R4010170,O1154162,2024-07-10,Size Issue,Refunded
R4010171,O1102767,2023-02-19,Wrong Item,Refunded
R4010172,O1073676,2024-11-14,Damaged,Refunded
R4010173,O1138107,2023-08-26,Not as Expected,Refunded
R4010174,O1083014,2023-12-29,Late Delivery,Processing
R4010175,O1119010,2024-01-29,Late Delivery,Refunded
R4010176,O1105558,2023-10-17,Damaged,Refunded
R4010177,O1061208,2025-03-21,Not as Expected,Refunded
R4010178,O1064085,2023-12-31,Changed Mind,Refunded
R4010179,O1076348,2025-06-10,Changed Mind,Refunded
R4010180,O1004253,2024-03-28,Not as Expected,Refunded
R4010181,O1166828,2023-01-27,Late Delivery,Refunded
R4010182,O1122639,2024-01-30,Late Delivery,Refunded
R4010183,O1074855,2023-09-28,Not as Expected,Refunded
R4010184,O1058247,2023-06-20,Late Delivery,Processing
R4010185,O1049701,2024-09-21,Late Delivery,Refunded
R4010186,O1032603,2024-12-31,Late Delivery,Refunded
R4010187,O1070639,2023-03-25,Late Delivery,Refunded
R4010188,O1025276,2023-05-04,Wrong Item,Refunded
R4010189,O1004050,2025-10-27,Damaged,Refunded
R4010190,O1139713,2024-08-25,Not as Expected,Refunded
R4010191,O1135502,2025-10-31,Wrong Item,Refunded
R4010192,O1049602,2024-04-11,Wrong Item,Refunded
R4010193,O1148536,2023-05-19,Late Delivery,Refunded
R4010194,O1067829,2025-01-30,Late Delivery,Refunded
R4010195,O1133355,2025-05-23,Wrong Item,Refunded
R4010196,O1091053,2023-03-30,Wrong Item,Refunded
R4010197,O1025435,2024-08-03,Size Issue,Refunded
R4010198,O1149563,2025-04-29,Wrong Item,Refunded
R4010199,O1176772,2025-08-27,Size Issue,Refunded
R4010200,O1143240,2023-11-20,Not as Expected,Refunded
R4010201,O1128730,2024-08-25,Wrong Item,Processing
R4010202,O1044703,2023-03-07,Size Issue,Refunded
R4010203,O1064761,2025-04-20,Wrong Item,Refunded
R4010204,O1017977,2026-01-05,Late Delivery,Refunded
R4010205,O1007362,2025-01-03,Size Issue,Refunded
R4010206,O1063217,2023-03-02,Wrong Item,Refunded
R4010207,O1028021,2023-03-30,Late Delivery,Processing
R4010208,O1173378,2025-01-02,Damaged,Refunded
R4010209,O1009979,2025-06-17,Not as Expected,Processing
R4010210,O1001124,2025-02-22,Size Issue,Refunded
R4010211,O1105534,2025-03-31,Size Issue,Refunded
R4010212,O1014508,2023-10-26,Not as Expected,Refunded
R4010213,O1159970,2025-10-07,Wrong Item,Refunded
R4010214,O1116898,2023-09-10,Wrong Item,Refunded
R4010215,O1169640,2025-11-21,Damaged,Refunded
R4010216,O1150646,2025-12-22,Not as Expected,Refunded
R4010217,O1004556,2024-09-22,Size Issue,Refunded
R4010218,O1060624,2025-04-08,Damaged,Refunded
R4010219,O1076050,2025-01-03,Changed Mind,Refunded
R4010220,O1001835,2025-09-14,Late Delivery,Refunded
R4010221,O1022558,2023-12-11,Damaged,Refunded
R4010222,O1090130,2023-09-19,Changed Mind,Refunded
R4010223,O1015599,2023-12-03,Size Issue,Processing
R4010224,O1014910,2025-04-09,Damaged,Refunded
R4010225,O1090835,2024-12-15,Not as Expected,Refunded
R4010226,O1174807,2023-07-22,Changed Mind,Refunded
R4010227,O1169689,2026-01-01,Not as Expected,Refunded
R4010228,O1041240,2023-08-04,Damaged,Refunded
R4010229,O1151954,2023-03-28,Not as Expected,Processing
R4010230,O1178667,2023-03-26,Size Issue,Refunded
R4010231,O1035376,2024-11-28,Wrong Item,Refunded
R4010232,O1098368,2024-07-11,Wrong Item,Refunded
R4010233,O1044335,2025-12-17,Wrong Item,Refunded
R4010234,O1102841,2025-08-19,Not as Expected,Refunded
R4010235,O1006977,2023-04-05,Size Issue,Refunded
R4010236,O1176083,2024-03-08,Wrong Item,Refunded
R4010237,O1148259,2025-11-29,Not as Expected,Refunded
R4010238,O1164839,2024-07-13,Not as Expected,Refunded
R4010239,O1009803,2025-11-05,Not as Expected,Refunded
R4010240,O1068557,2025-06-20,Late Delivery,Refunded
R4010241,O1048121,2024-08-15,Not as Expected,Refunded
R4010242,O1020827,2025-05-04,Changed Mind,Processing
R4010243,O1139203,2026-01-04,Not as Expected,Refunded
R4010244,O1179030,2024-03-31,Not as Expected,Refunded
R4010245,O1170595,2023-12-12,Not as Expected,Refunded
R4010246,O1171415,2023-09-06,Damaged,Refunded
R4010247,O1141522,2023-06-01,Size Issue,Processing
R4010248,O1060259,2024-05-12,Not as Expected,Refunded
R4010249,O1064370,2024-11-10,Not as Expected,Refunded
R4010250,O1054317,2024-03-27,Size Issue,Refunded
R4010251,O1149798,2024-07-22,Wrong Item,Refunded
R4010252,O1059484,2024-12-11,Size Issue,Refunded
R4010253,O1166402,2025-12-29,Wrong Item,Refunded
R4010254,O1135582,2025-10-13,Changed Mind,Refunded
R4010255,O1178853,2024-11-08,Not as Expected,Refunded
R4010256,O1070861,2023-09-17,Late Delivery,Refunded
R4010257,O1072424,2025-06-27,Not as Expected,Refunded
R4010258,O1085606,2024-07-09,Damaged,Refunded
R4010259,O1151994,2024-07-05,Size Issue,Processing
R4010260,O1056428,2025-05-31,Not as Expected,Refunded
R4010261,O1104189,2025-09-09,Not as Expected,Refunded
R4010262,O1105847,2024-08-09,Size Issue,Refunded
R4010263,O1017840,2025-04-10,Damaged,Refunded
R4010264,O1122155,2024-02-08,Wrong Item,Refunded
R4010265,O1030248,2024-09-03,Not as Expected,Refunded
R4010266,O1033270,2023-12-15,Late Delivery,Refunded
R4010267,O1083197,2023-04-15,Size Issue,Refunded
R4010268,O1095772,2023-09-22,Changed Mind,Refunded
R4010269,O1134523,2023-06-28,Late Delivery,Refunded
R4010270,O1161101,2025-12-03,Not as Expected,Refunded
R4010271,O1140064,2024-02-23,Changed Mind,Refunded
R4010272,O1178892,2024-08-31,Changed Mind,Refunded
R4010273,O1002307,2024-07-23,Size Issue,Refunded
R4010274,O1036587,2023-05-04,Not as Expected,Refunded
R4010275,O1140746,2024-10-18,Changed Mind,Refunded
R4010276,O1131754,2023-01-17,Not as Expected,Refunded
R4010277,O1031942,2023-06-15,Wrong Item,Refunded
R4010278,O1038177,2025-04-30,Size Issue,Refunded
R4010279,O1003304,2025-12-23,Late Delivery,Refunded
R4010280,O1023758,2025-06-04,Not as Expected,Refunded
R4010281,O1034891,2023-08-03,Not as Expected,Refunded
R4010282,O1123947,2023-05-20,Damaged,Refunded
R4010283,O1119695,2024-09-09,Not as Expected,Refunded
R4010284,O1073954,2023-06-20,Late Delivery,Processing
R4010285,O1054548,2023-02-19,Damaged,Refunded
R4010286,O1031178,2024-09-27,Size Issue,Refunded
R4010287,O1116580,2024-07-06,Changed Mind,Refunded
R4010288,O1007953,2025-05-01,Changed Mind,Refunded
R4010289,O1023682,2024-01-10,Late Delivery,Refunded
R4010290,O1033179,2025-12-30,Not as Expected,Refunded
R4010291,O1112151,2024-09-21,Late Delivery,Processing
R4010292,O1120887,2024-10-22,Not as Expected,Refunded
R4010293,O1037594,2025-12-12,Changed Mind,Refunded
R4010294,O1179507,2024-05-17,Late Delivery,Refunded
R4010295,O1131071,2025-06-11,Wrong Item,Processing
R4010296,O1126682,2024-10-02,Changed Mind,Refunded
R4010297,O1033622,2024-07-03,Wrong Item,Refunded
R4010298,O1108069,2023-12-08,Not as Expected,Refunded
R4010299,O1108572,2024-06-18,Not as Expected,Refunded
R4010300,O1014884,2025-07-09,Damaged,Refunded
R4010301,O1015449,2025-01-28,Not as Expected,Refunded
R4010302,O1122127,2024-09-11,Wrong Item,Refunded
R4010303,O1163133,2024-01-19,Late Delivery,Refunded
R4010304,O1174127,2025-05-15,Late Delivery,Refunded
R4010305,O1034138,2025-01-20,Wrong Item,Refunded
R4010306,O1156329,2025-10-21,Not as Expected,Refunded
R4010307,O1065424,2025-06-06,Not as Expected,Refunded
R4010308,O1151639,2024-04-02,Late Delivery,Refunded
R4010309,O1034965,2025-10-23,Not as Expected,Processing
R4010310,O1098617,2025-07-06,Changed Mind,Refunded
R4010311,O1087887,2024-04-05,Damaged,Refunded
R4010312,O1108958,2025-09-19,Not as Expected,Refunded
R4010313,O1040295,2025-04-08,Damaged,Refunded
R4010314,O1068393,2025-01-04,Late Delivery,Refunded
R4010315,O1179619,2025-03-23,Size Issue,Refunded
R4010316,O1144214,2024-08-05,Damaged,Refunded
R4010317,O1105849,2024-07-26,Wrong Item,Refunded
R4010318,O1149871,2023-11-19,Not as Expected,Refunded
R4010319,O1060397,2024-01-20,Late Delivery,Refunded
R4010320,O1089777,2025-11-27,Not as Expected,Refunded
R4010321,O1017158,2023-05-19,Wrong Item,Processing
R4010322,O1071700,2025-04-30,Not as Expected,Refunded
R4010323,O1070136,2023-06-08,Late Delivery,Refunded
R4010324,O1038263,2024-07-02,Changed Mind,Refunded
R4010325,O1002762,2025-10-27,Changed Mind,Refunded
R4010326,O1112334,2023-09-27,Changed Mind,Refunded
R4010327,O1024120,2023-02-11,Wrong Item,Refunded
R4010328,O1081540,2024-04-25,Changed Mind,Refunded
R4010329,O1052469,2025-03-07,Wrong Item,Refunded
R4010330,O1074943,2023-12-09,Damaged,Refunded
R4010331,O1096279,2024-04-26,Not as Expected,Refunded
R4010332,O1081751,2025-03-23,Late Delivery,Refunded
R4010333,O1160503,2025-05-13,Changed Mind,Refunded
R4010334,O1085885,2025-01-18,Not as Expected,Refunded
R4010335,O1154110,2024-10-24,Not as Expected,Processing
R4010336,O1089998,2023-05-24,Late Delivery,Refunded
R4010337,O1091459,2024-04-30,Not as Expected,Refunded
R4010338,O1137772,2023-10-11,Changed Mind,Refunded
R4010339,O1127860,2024-06-21,Size Issue,Refunded
R4010340,O1064452,2023-10-12,Size Issue,Refunded
R4010341,O1070863,2024-07-06,Not as Expected,Refunded
R4010342,O1091783,2024-06-27,Late Delivery,Refunded
R4010343,O1069898,2025-08-17,Not as Expected,Refunded
R4010344,O1117910,2024-08-22,Size Issue,Refunded
R4010345,O1114730,2025-01-09,Damaged,Refunded
R4010346,O1097476,2023-06-06,Wrong Item,Refunded
R4010347,O1012821,2024-02-14,Not as Expected,Refunded
R4010348,O1069135,2024-05-24,Late Delivery,Refunded
R4010349,O1034825,2023-06-04,Wrong Item,Refunded
R4010350,O1045532,2024-09-15,Size Issue,Refunded
R4010351,O1120020,2024-06-09,Wrong Item,Refunded
R4010352,O1149587,2024-08-29,Size Issue,Refunded
R4010353,O1028665,2024-06-11,Size Issue,Refunded
R4010354,O1039086,2023-05-14,Changed Mind,Refunded
R4010355,O1138105,2023-03-20,Wrong Item,Refunded
R4010356,O1096971,2023-02-13,Not as Expected,Refunded
R4010357,O1137012,2025-07-28,Not as Expected,Refunded
R4010358,O1041847,2024-04-04,Not as Expected,Refunded
R4010359,O1047020,2024-02-12,Not as Expected,Refunded
R4010360,O1109621,2025-04-15,Not as Expected,Refunded
R4010361,O1045294,2024-05-10,Wrong Item,Refunded
R4010362,O1063742,2023-09-02,Changed Mind,Refunded
R4010363,O1124891,2024-12-12,Wrong Item,Refunded
R4010364,O1040670,2025-12-24,Not as Expected,Refunded
R4010365,O1156923,2024-07-02,Changed Mind,Refunded
R4010366,O1095021,2025-03-04,Not as Expected,Refunded
R4010367,O1115956,2025-05-03,Not as Expected,Refunded
R4010368,O1011789,2023-05-23,Size Issue,Refunded
R4010369,O1177754,2023-05-04,Not as Expected,Refunded
R4010370,O1018150,2025-06-08,Not as Expected,Refunded
R4010371,O1127301,2024-09-20,Late Delivery,Refunded
R4010372,O1104123,2023-12-17,Changed Mind,Processing
R4010373,O1093538,2023-12-20,Changed Mind,Refunded
R4010374,O1018567,2024-06-24,Not as Expected,Refunded
R4010375,O1019500,2023-07-31,Not as Expected,Refunded
R4010376,O1094930,2024-11-19,Size Issue,Refunded
R4010377,O1082865,2025-10-04,Size Issue,Refunded
R4010378,O1031450,2025-11-09,Not as Expected,Refunded
R4010379,O1028318,2023-12-31,Size Issue,Processing
R4010380,O1005715,2023-05-03,Changed Mind,Refunded
R4010381,O1026303,2023-06-27,Damaged,Processing
R4010382,O1002207,2023-07-16,Not as Expected,Refunded
R4010383,O1053374,2023-02-08,Not as Expected,Refunded
R4010384,O1002375,2023-11-08,Not as Expected,Refunded
R4010385,O1060846,2024-12-14,Changed Mind,Refunded
R4010386,O1075380,2023-06-06,Size Issue,Refunded
R4010387,O1003992,2023-12-03,Damaged,Refunded
R4010388,O1164710,2023-10-05,Wrong Item,Refunded
R4010389,O1128155,2023-09-25,Not as Expected,Refunded
R4010390,O1136384,2024-03-28,Changed Mind,Refunded
R4010391,O1025850,2024-02-13,Size Issue,Processing
R4010392,O1115297,2024-08-07,Late Delivery,Processing
R4010393,O1175944,2023-01-21,Changed Mind,Refunded
R4010394,O1134788,2023-06-03,Size Issue,Refunded
R4010395,O1059053,2024-07-27,Wrong Item,Refunded
R4010396,O1120327,2024-12-26,Not as Expected,Refunded
R4010397,O1001987,2024-07-19,Late Delivery,Refunded
R4010398,O1082090,2023-06-14,Changed Mind,Refunded
R4010399,O1001589,2023-03-26,Changed Mind,Refunded
R4010400,O1143610,2023-07-28,Damaged,Refunded
R4010401,O1039923,2025-10-20,Wrong Item,Refunded
R4010402,O1073558,2023-08-23,Changed Mind,Refunded
R4010403,O1097230,2025-07-22,Size Issue,Refunded
R4010404,O1058723,2025-07-15,Not as Expected,Refunded
R4010405,O1040061,2024-03-08,Damaged,Refunded
R4010406,O1167945,2024-11-15,Size Issue,Refunded
R4010407,O1108284,2025-04-12,Not as Expected,Refunded
R4010408,O1019658,2023-08-28,Late Delivery,Refunded
R4010409,O1000384,2023-07-18,Not as Expected,Refunded
R4010410,O1166453,2025-06-08,Size Issue,Refunded
R4010411,O1166468,2023-07-11,Not as Expected,Refunded
R4010412,O1115277,2025-02-20,Wrong Item,Refunded
R4010413,O1156878,2023-11-05,Damaged,Refunded
R4010414,O1001655,2024-03-22,Late Delivery,Refunded
R4010415,O1136632,2024-05-18,Wrong Item,Refunded
R4010416,O1157344,2025-12-13,Size Issue,Refunded
R4010417,O1113518,2023-11-01,Late Delivery,Refunded
R4010418,O1047640,2025-05-10,Late Delivery,Refunded
R4010419,O1053457,2024-03-03,Changed Mind,Refunded
R4010420,O1065785,2024-11-08,Wrong Item,Refunded
R4010421,O1165323,2024-02-11,Changed Mind,Refunded
R4010422,O1072902,2024-07-15,Size Issue,Refunded
R4010423,O1086542,2025-07-02,Not as Expected,Refunded
R4010424,O1060714,2023-11-15,Late Delivery,Refunded
R4010425,O1089386,2024-12-15,Damaged,Refunded
R4010426,O1155519,2024-07-11,Late Delivery,Refunded
R4010427,O1114044,2024-07-16,Damaged,Refunded
R4010428,O1046951,2025-04-24,Not as Expected,Refunded
R4010429,O1150260,2025-11-16,Changed Mind,Refunded
R4010430,O1054834,2025-05-21,Size Issue,Refunded
R4010431,O1135017,2024-01-17,Size Issue,Processing
R4010432,O1075265,2023-02-09,Wrong Item,Refunded
R4010433,O1107422,2023-07-30,Wrong Item,Refunded
R4010434,O1131343,2025-07-08,Late Delivery,Refunded
R4010435,O1174336,2023-07-11,Changed Mind,Refunded
R4010436,O1038827,2023-03-21,Changed Mind,Refunded
R4010437,O1044222,2024-06-10,Size Issue,Refunded
R4010438,O1019563,2023-12-08,Not as Expected,Refunded
R4010439,O1176281,2024-09-05,Not as Expected,Processing
R4010440,O1108711,2023-05-21,Late Delivery,Refunded
R4010441,O1055367,2023-12-03,Changed Mind,Refunded
R4010442,O1122888,2024-05-17,Wrong Item,Refunded
R4010443,O1056831,2024-07-13,Changed Mind,Processing
R4010444,O1024547,2023-07-09,Size Issue,Refunded
R4010445,O1046241,2024-07-17,Late Delivery,Refunded
R4010446,O1092854,2025-12-01,Damaged,Refunded
R4010447,O1162982,2023-04-16,Wrong Item,Refunded
R4010448,O1083876,2024-11-04,Size Issue,Refunded
R4010449,O1096515,2023-04-19,Size Issue,Refunded
R4010450,O1079336,2024-12-03,Damaged,Refunded
R4010451,O1051136,2025-10-01,Not as Expected,Refunded
R4010452,O1009366,2025-04-21,Late Delivery,Refunded
R4010453,O1147404,2023-12-11,Changed Mind,Refunded
R4010454,O1104812,2024-09-03,Not as Expected,Refunded
R4010455,O1037425,2023-05-29,Size Issue,Refunded
R4010456,O1036045,2025-02-09,Not as Expected,Refunded
R4010457,O1112443,2023-12-11,Not as Expected,Refunded
R4010458,O1016219,2023-10-30,Late Delivery,Refunded
R4010459,O1028397,2023-09-01,Size Issue,Refunded
R4010460,O1101219,2024-04-02,Changed Mind,Refunded
R4010461,O1015561,2025-12-24,Not as Expected,Refunded
R4010462,O1102293,2024-11-10,Size Issue,Refunded
R4010463,O1144604,2024-04-12,Changed Mind,Processing
R4010464,O1059572,2023-05-29,Size Issue,Refunded
R4010465,O1135058,2025-01-30,Changed Mind,Refunded
R4010466,O1034149,2025-01-20,Not as Expected,Refunded
R4010467,O1095691,2024-12-11,Wrong Item,Refunded
R4010468,O1014158,2026-01-07,Not as Expected,Refunded
R4010469,O1121049,2023-02-10,Size Issue,Refunded
R4010470,O1022475,2023-09-25,Damaged,Refunded
R4010471,O1039924,2025-07-08,Damaged,Processing
R4010472,O1083260,2024-08-17,Not as Expected,Refunded
R4010473,O1065562,2025-03-16,Size Issue,Refunded
R4010474,O1049641,2025-07-19,Not as Expected,Refunded
R4010475,O1091995,2024-01-18,Damaged,Refunded
R4010476,O1047792,2025-02-15,Wrong Item,Refunded
R4010477,O1147713,2025-08-03,Size Issue,Refunded
R4010478,O1161542,2025-08-09,Late Delivery,Refunded
R4010479,O1067462,2023-07-22,Not as Expected,Refunded
R4010480,O1051007,2024-10-29,Wrong Item,Refunded
R4010481,O1041727,2025-07-29,Not as Expected,Refunded
R4010482,O1095263,2025-07-30,Not as Expected,Refunded
R4010483,O1002273,2024-11-16,Late Delivery,Refunded
R4010484,O1142253,2024-11-18,Wrong Item,Refunded
R4010485,O1101807,2023-07-16,Not as Expected,Refunded
R4010486,O1005266,2023-05-22,Wrong Item,Refunded
R4010487,O1164140,2024-04-23,Size Issue,Refunded
R4010488,O1062769,2025-12-11,Not as Expected,Refunded
R4010489,O1077736,2023-11-21,Not as Expected,Refunded
R4010490,O1012692,2023-06-10,Damaged,Refunded
R4010491,O1157870,2025-12-02,Damaged,Refunded
R4010492,O1037770,2023-12-20,Not as Expected,Refunded
R4010493,O1144263,2023-02-14,Not as Expected,Refunded
R4010494,O1106026,2024-08-05,Late Delivery,Refunded
R4010495,O1138230,2025-10-30,Size Issue,Refunded
R4010496,O1055974,2025-07-31,Size Issue,Refunded
R4010497,O1039740,2024-04-17,Damaged,Refunded
R4010498,O1042244,2024-05-23,Late Delivery,Processing
R4010499,O1049876,2025-07-18,Not as Expected,Refunded
R4010500,O1130723,2025-11-09,Damaged,Refunded
R4010501,O1002689,2025-07-07,Wrong Item,Refunded
R4010502,O1106452,2024-11-22,Damaged,Refunded
R4010503,O1088205,2023-02-12,Late Delivery,Refunded
R4010504,O1087809,2024-09-18,Changed Mind,Refunded
R4010505,O1062371,2024-03-28,Not as Expected,Refunded
R4010506,O1137356,2024-08-08,Not as Expected,Refunded
R4010507,O1157771,2025-02-02,Not as Expected,Refunded
R4010508,O1003603,2025-03-30,Changed Mind,Refunded
R4010509,O1156207,2025-11-15,Not as Expected,Refunded
R4010510,O1085509,2025-11-08,Late Delivery,Refunded
R4010511,O1117121,2025-07-10,Wrong Item,Refunded
R4010512,O1166255,2025-06-09,Size Issue,Refunded
R4010513,O1142508,2025-02-08,Not as Expected,Refunded
R4010514,O1113333,2024-09-18,Not as Expected,Refunded
R4010515,O1095737,2025-06-16,Changed Mind,Refunded
R4010516,O1049725,2023-04-14,Not as Expected,Refunded
R4010517,O1124717,2024-12-02,Late Delivery,Refunded
R4010518,O1049867,2025-04-16,Size Issue,Refunded
R4010519,O1150303,2025-12-21,Size Issue,Refunded
R4010520,O1052825,2024-10-05,Not as Expected,Refunded
R4010521,O1178623,2025-03-03,Size Issue,Refunded
R4010522,O1160845,2024-03-25,Damaged,Refunded
R4010523,O1139053,2023-10-27,Changed Mind,Refunded
R4010524,O1135627,2024-11-17,Damaged,Refunded
R4010525,O1058036,2023-11-06,Size Issue,Refunded
R4010526,O1028525,2024-07-23,Damaged,Refunded
R4010527,O1024947,2024-05-27,Damaged,Refunded
R4010528,O1044560,2025-12-06,Damaged,Refunded
R4010529,O1120249,2024-06-23,Damaged,Refunded
R4010530,O1051004,2025-07-04,Wrong Item,Refunded
R4010531,O1021394,2025-10-17,Changed Mind,Refunded
R4010532,O1125093,2025-07-08,Damaged,Refunded
R4010533,O1149087,2025-09-05,Size Issue,Processing
R4010534,O1048091,2025-05-19,Changed Mind,Refunded
R4010535,O1050462,2023-05-10,Size Issue,Refunded
R4010536,O1101125,2023-03-21,Not as Expected,Refunded
R4010537,O1159330,2023-02-13,Damaged,Refunded
R4010538,O1142503,2025-02-01,Changed Mind,Refunded
R4010539,O1042127,2025-03-19,Late Delivery,Refunded
R4010540,O1002606,2025-01-30,Not as Expected,Refunded
R4010541,O1131962,2025-05-16,Not as Expected,Refunded
R4010542,O1153921,2025-08-22,Damaged,Refunded
R4010543,O1129840,2023-04-02,Changed Mind,Processing
R4010544,O1133598,2025-08-08,Not as Expected,Refunded
R4010545,O1128998,2023-08-04,Not as Expected,Refunded
R4010546,O1052542,2025-04-10,Damaged,Refunded
R4010547,O1065871,2024-10-04,Not as Expected,Refunded
R4010548,O1076148,2024-03-03,Not as Expected,Refunded
R4010549,O1162392,2025-10-05,Not as Expected,Refunded
R4010550,O1032782,2023-12-07,Damaged,Refunded
R4010551,O1042878,2023-04-28,Size Issue,Refunded
R4010552,O1171057,2024-10-29,Late Delivery,Refunded
R4010553,O1028858,2025-10-20,Not as Expected,Refunded
R4010554,O1172707,2024-07-01,Wrong Item,Refunded
R4010555,O1111523,2024-06-14,Damaged,Refunded
R4010556,O1023270,2024-09-06,Late Delivery,Refunded
R4010557,O1032952,2023-11-29,Not as Expected,Refunded
R4010558,O1100556,2024-11-03,Wrong Item,Refunded
R4010559,O1107421,2023-01-29,Not as Expected,Refunded
R4010560,O1123860,2025-05-29,Damaged,Refunded
R4010561,O1064019,2023-02-10,Size Issue,Refunded
R4010562,O1081668,2024-05-08,Not as Expected,Refunded
R4010563,O1165449,2025-08-07,Not as Expected,Refunded
R4010564,O1045055,2024-12-05,Damaged,Refunded
R4010565,O1160308,2023-01-24,Not as Expected,Refunded
R4010566,O1098045,2024-07-19,Damaged,Refunded
R4010567,O1073146,2024-04-01,Damaged,Refunded
R4010568,O1153000,2024-03-29,Changed Mind,Refunded
R4010569,O1066102,2025-12-19,Wrong Item,Refunded
R4010570,O1095621,2023-10-08,Damaged,Refunded
R4010571,O1032066,2025-08-16,Damaged,Refunded
R4010572,O1002985,2023-11-18,Wrong Item,Refunded
R4010573,O1174907,2024-05-10,Not as Expected,Refunded
R4010574,O1100227,2024-03-05,Size Issue,Refunded
R4010575,O1038216,2026-01-07,Damaged,Refunded
R4010576,O1159495,2023-01-29,Not as Expected,Refunded
R4010577,O1151936,2024-04-04,Not as Expected,Refunded
R4010578,O1137266,2025-07-01,Wrong Item,Refunded
R4010579,O1126618,2023-08-10,Wrong Item,Refunded
R4010580,O1140309,2025-01-30,Late Delivery,Refunded
R4010581,O1171389,2024-01-27,Wrong Item,Refunded
R4010582,O1050113,2024-09-22,Wrong Item,Refunded
R4010583,O1171724,2025-04-06,Wrong Item,Refunded
R4010584,O1158122,2024-08-30,Late Delivery,Refunded
R4010585,O1110333,2023-09-15,Not as Expected,Refunded
R4010586,O1033779,2025-08-05,Late Delivery,Refunded
R4010587,O1092745,2023-12-30,Wrong Item,Refunded
R4010588,O1054314,2023-10-05,Late Delivery,Refunded
R4010589,O1114540,2024-11-15,Size Issue,Refunded
R4010590,O1041557,2025-03-26,Size Issue,Processing
R4010591,O1163909,2024-07-28,Changed Mind,Refunded
R4010592,O1066696,2023-09-22,Damaged,Refunded
R4010593,O1029349,2024-02-01,Changed Mind,Refunded
R4010594,O1007714,2025-09-28,Not as Expected,Refunded
R4010595,O1124702,2023-08-13,Late Delivery,Refunded
R4010596,O1115008,2024-08-18,Size Issue,Refunded
R4010597,O1097068,2024-01-22,Not as Expected,Processing
R4010598,O1140841,2025-04-10,Not as Expected,Refunded
R4010599,O1052179,2025-09-26,Wrong Item,Refunded
R4010600,O1152774,2025-06-11,Damaged,Refunded
R4010601,O1113209,2023-10-21,Damaged,Refunded
R4010602,O1032242,2025-11-22,Damaged,Refunded
R4010603,O1176970,2024-02-23,Late Delivery,Refunded
R4010604,O1061414,2023-02-04,Not as Expected,Processing
R4010605,O1096392,2024-10-16,Not as Expected,Refunded
R4010606,O1016442,2025-02-09,Size Issue,Refunded
R4010607,O1109919,2024-05-26,Not as Expected,Refunded
R4010608,O1153466,2025-02-14,Damaged,Refunded
R4010609,O1030926,2024-03-20,Not as Expected,Refunded
R4010610,O1021161,2024-05-09,Wrong Item,Refunded
R4010611,O1097009,2025-12-01,Size Issue,Refunded
R4010612,O1151921,2023-07-08,Damaged,Refunded
R4010613,O1055812,2023-05-13,Damaged,Refunded
R4010614,O1093373,2023-03-05,Not as Expected,Refunded
R4010615,O1131543,2025-08-29,Size Issue,Refunded
R4010616,O1110095,2024-04-02,Size Issue,Refunded
R4010617,O1179886,2024-07-21,Wrong Item,Refunded
R4010618,O1040267,2024-05-12,Late Delivery,Refunded
R4010619,O1150929,2025-07-02,Size Issue,Refunded
R4010620,O1056276,2024-03-18,Size Issue,Refunded
R4010621,O1004237,2023-01-31,Changed Mind,Refunded
R4010622,O1111977,2024-09-01,Size Issue,Refunded
R4010623,O1162458,2025-08-15,Damaged,Refunded
R4010624,O1007588,2024-12-05,Not as Expected,Refunded
R4010625,O1066502,2026-01-05,Late Delivery,Refunded
R4010626,O1012071,2024-04-30,Not as Expected,Refunded
R4010627,O1085853,2024-12-06,Not as Expected,Refunded
R4010628,O1157908,2024-04-23,Not as Expected,Refunded
R4010629,O1073695,2025-03-27,Wrong Item,Refunded
R4010630,O1172516,2023-02-19,Late Delivery,Refunded
R4010631,O1075377,2026-01-08,Not as Expected,Refunded
R4010632,O1081805,2024-11-23,Wrong Item,Refunded
R4010633,O1026057,2024-07-15,Damaged,Refunded
R4010634,O1082534,2024-03-09,Not as Expected,Refunded
R4010635,O1103859,2025-02-16,Size Issue,Refunded
R4010636,O1177885,2026-01-10,Changed Mind,Refunded
R4010637,O1162516,2025-11-25,Not as Expected,Refunded
R4010638,O1171465,2023-06-17,Damaged,Refunded
R4010639,O1036947,2024-03-15,Not as Expected,Refunded
R4010640,O1128362,2025-08-15,Late Delivery,Refunded
R4010641,O1061183,2025-09-15,Size Issue,Refunded
R4010642,O1091432,2024-12-11,Not as Expected,Refunded
R4010643,O1050523,2023-05-05,Damaged,Refunded
R4010644,O1141697,2024-03-22,Wrong Item,Refunded
R4010645,O1141105,2023-07-05,Damaged,Refunded
R4010646,O1043494,2023-06-08,Not as Expected,Refunded
R4010647,O1018257,2024-07-21,Size Issue,Refunded
R4010648,O1177098,2023-05-09,Size Issue,Refunded
R4010649,O1069828,2023-02-01,Size Issue,Refunded
R4010650,O1051094,2025-04-08,Size Issue,Refunded
R4010651,O1100178,2023-07-14,Size Issue,Refunded
R4010652,O1031753,2024-12-13,Changed Mind,Refunded
R4010653,O1146661,2025-01-05,Wrong Item,Refunded
R4010654,O1014890,2024-01-05,Wrong Item,Refunded
R4010655,O1159571,2023-03-06,Not as Expected,Refunded
R4010656,O1058749,2024-10-05,Damaged,Refunded
R4010657,O1032920,2024-11-03,Not as Expected,Processing
R4010658,O1093630,2024-07-14,Damaged,Refunded
R4010659,O1098535,2025-08-17,Size Issue,Refunded
R4010660,O1114260,2023-01-16,Not as Expected,Refunded
R4010661,O1172685,2023-11-14,Late Delivery,Refunded
R4010662,O1171922,2024-06-26,Late Delivery,Refunded
R4010663,O1055068,2025-06-27,Late Delivery,Refunded
R4010664,O1107993,2023-07-22,Late Delivery,Refunded
R4010665,O1149349,2025-12-26,Not as Expected,Refunded
R4010666,O1133227,2024-09-06,Damaged,Refunded
R4010667,O1026138,2024-05-08,Late Delivery,Refunded
R4010668,O1048105,2024-08-01,Not as Expected,Refunded
R4010669,O1023155,2023-01-30,Not as Expected,Refunded
R4010670,O1035016,2025-04-12,Not as Expected,Refunded
R4010671,O1019105,2023-04-09,Not as Expected,Refunded
R4010672,O1027122,2025-09-09,Size Issue,Refunded
R4010673,O1005768,2023-10-02,Late Delivery,Refunded
R4010674,O1120695,2024-04-11,Not as Expected,Refunded
R4010675,O1132569,2024-02-19,Not as Expected,Refunded
R4010676,O1127014,2023-05-22,Damaged,Refunded
R4010677,O1097615,2024-05-29,Wrong Item,Refunded
R4010678,O1116521,2024-11-05,Not as Expected,Processing
R4010679,O1092216,2023-05-17,Size Issue,Refunded
R4010680,O1071805,2024-10-16,Wrong Item,Refunded
R4010681,O1094621,2024-09-08,Not as Expected,Refunded
R4010682,O1105899,2023-05-25,Size Issue,Refunded
R4010683,O1014045,2024-01-22,Size Issue,Refunded
R4010684,O1161236,2024-11-27,Wrong Item,Refunded
R4010685,O1011852,2023-07-21,Late Delivery,Refunded
R4010686,O1010076,2024-10-10,Not as Expected,Refunded
R4010687,O1023424,2023-09-20,Wrong Item,Processing
R4010688,O1028589,2025-09-20,Damaged,Refunded
R4010689,O1107861,2024-09-28,Not as Expected,Refunded
R4010690,O1109821,2024-07-18,Size Issue,Refunded
R4010691,O1055198,2025-08-09,Late Delivery,Refunded
R4010692,O1069101,2025-02-24,Size Issue,Refunded
R4010693,O1146959,2025-12-28,Damaged,Refunded
R4010694,O1151503,2025-03-03,Not as Expected,Refunded
R4010695,O1160706,2024-09-27,Wrong Item,Refunded
R4010696,O1084696,2024-03-17,Late Delivery,Refunded
R4010697,O1003372,2025-01-21,Damaged,Refunded
R4010698,O1008829,2025-10-17,Damaged,Refunded
R4010699,O1114206,2024-06-25,Damaged,Refunded
R4010700,O1122684,2024-10-09,Wrong Item,Refunded
R4010701,O1045075,2025-04-02,Size Issue,Refunded
R4010702,O1022282,2024-08-16,Damaged,Refunded
R4010703,O1097011,2025-07-24,Wrong Item,Refunded
R4010704,O1029260,2023-11-04,Size Issue,Refunded
R4010705,O1107077,2024-10-30,Damaged,Refunded
R4010706,O1164325,2023-07-25,Damaged,Refunded
R4010707,O1046802,2023-12-26,Size Issue,Refunded
R4010708,O1015516,2025-04-08,Damaged,Refunded
R4010709,O1026251,2025-12-28,Late Delivery,Refunded
R4010710,O1018445,2024-07-27,Late Delivery,Refunded
R4010711,O1138118,2024-08-22,Size Issue,Refunded
R4010712,O1088866,2025-02-21,Late Delivery,Refunded
R4010713,O1074665,2023-12-13,Late Delivery,Refunded
R4010714,O1093865,2024-02-06,Late Delivery,Refunded
R4010715,O1073838,2025-06-16,Not as Expected,Refunded
R4010716,O1089583,2023-04-04,Wrong Item,Refunded
R4010717,O1113850,2023-02-27,Not as Expected,Refunded
R4010718,O1057301,2024-02-03,Damaged,Refunded
R4010719,O1137490,2023-08-12,Size Issue,Refunded
R4010720,O1109262,2025-06-27,Size Issue,Refunded
R4010721,O1007146,2023-12-04,Late Delivery,Refunded
R4010722,O1084046,2023-08-13,Damaged,Refunded
R4010723,O1147698,2023-11-08,Damaged,Processing
R4010724,O1045861,2023-04-16,Changed Mind,Refunded
R4010725,O1070770,2024-01-23,Damaged,Refunded
R4010726,O1117883,2023-05-17,Late Delivery,Refunded
R4010727,O1133555,2025-05-22,Size Issue,Refunded
R4010728,O1075622,2025-05-14,Changed Mind,Refunded
R4010729,O1105490,2024-02-29,Size Issue,Processing
R4010730,O1060288,2025-04-16,Damaged,Refunded
R4010731,O1056317,2024-06-03,Changed Mind,Refunded
R4010732,O1089714,2024-03-09,Wrong Item,Refunded
R4010733,O1041984,2023-12-15,Damaged,Refunded
R4010734,O1112196,2023-03-20,Wrong Item,Refunded
R4010735,O1164418,2024-10-30,Not as Expected,Refunded
R4010736,O1078013,2023-02-21,Not as Expected,Refunded
R4010737,O1118915,2023-04-14,Late Delivery,Refunded
R4010738,O1041719,2023-02-12,Wrong Item,Refunded
R4010739,O1100335,2024-09-20,Late Delivery,Refunded
R4010740,O1127540,2024-10-11,Wrong Item,Refunded
R4010741,O1153658,2023-04-20,Size Issue,Refunded
R4010742,O1029412,2025-12-18,Damaged,Refunded
R4010743,O1045011,2024-08-10,Not as Expected,Refunded
R4010744,O1132414,2023-03-01,Not as Expected,Refunded
R4010745,O1171008,2025-08-09,Wrong Item,Refunded
R4010746,O1120449,2025-08-23,Wrong Item,Refunded
R4010747,O1046081,2024-10-14,Wrong Item,Refunded
R4010748,O1015715,2025-02-17,Not as Expected,Refunded
R4010749,O1115679,2023-04-10,Damaged,Refunded
R4010750,O1081560,2023-03-24,Late Delivery,Refunded
R4010751,O1028230,2025-07-15,Changed Mind,Refunded
R4010752,O1060311,2025-03-20,Size Issue,Refunded
R4010753,O1109359,2023-11-14,Size Issue,Processing
R4010754,O1100051,2024-09-26,Changed Mind,Refunded
R4010755,O1078894,2025-02-08,Not as Expected,Refunded
R4010756,O1131204,2023-04-10,Size Issue,Processing
R4010757,O1004250,2024-12-14,Size Issue,Refunded
R4010758,O1120600,2025-06-13,Not as Expected,Refunded
R4010759,O1069627,2025-12-19,Size Issue,Processing
R4010760,O1014024,2025-08-11,Changed Mind,Refunded
R4010761,O1092522,2023-12-06,Size Issue,Refunded
R4010762,O1152704,2023-05-08,Not as Expected,Refunded
R4010763,O1044786,2023-03-30,Changed Mind,Refunded
R4010764,O1004932,2025-05-18,Size Issue,Refunded
R4010765,O1149686,2024-07-26,Damaged,Refunded
R4010766,O1068945,2023-04-15,Not as Expected,Refunded
R4010767,O1114939,2023-02-26,Not as Expected,Refunded
R4010768,O1044015,2023-09-22,Damaged,Refunded
R4010769,O1134448,2024-06-26,Not as Expected,Refunded
R4010770,O1129468,2024-08-21,Damaged,Refunded
R4010771,O1090227,2025-09-08,Changed Mind,Refunded
R4010772,O1058899,2023-09-09,Not as Expected,Refunded
R4010773,O1052325,2023-08-22,Size Issue,Refunded
R4010774,O1055095,2023-03-18,Changed Mind,Refunded
R4010775,O1160842,2023-06-26,Not as Expected,Processing
R4010776,O1143908,2025-04-23,Not as Expected,Refunded
R4010777,O1125471,2023-05-30,Late Delivery,Refunded
R4010778,O1021682,2023-07-02,Not as Expected,Refunded
R4010779,O1030095,2023-06-21,Size Issue,Refunded
R4010780,O1057932,2024-11-30,Size Issue,Refunded
R4010781,O1029186,2025-09-12,Late Delivery,Refunded
R4010782,O1096125,2025-02-16,Late Delivery,Refunded
R4010783,O1057273,2024-09-04,Changed Mind,Refunded
R4010784,O1060824,2025-10-09,Size Issue,Refunded
R4010785,O1171954,2024-02-08,Late Delivery,Refunded
R4010786,O1034751,2025-02-25,Late Delivery,Refunded
R4010787,O1060615,2025-02-11,Not as Expected,Refunded
R4010788,O1009233,2023-07-22,Size Issue,Refunded
R4010789,O1121059,2023-10-21,Late Delivery,Refunded
R4010790,O1156819,2023-12-10,Size Issue,Refunded
R4010791,O1047335,2025-05-03,Not as Expected,Refunded
R4010792,O1133447,2025-03-30,Wrong Item,Refunded
R4010793,O1024578,2023-03-18,Size Issue,Refunded
R4010794,O1173773,2025-03-19,Not as Expected,Refunded
R4010795,O1006381,2023-08-04,Late Delivery,Refunded
R4010796,O1165682,2024-05-23,Changed Mind,Refunded
R4010797,O1059552,2026-01-04,Size Issue,Refunded
R4010798,O1082586,2023-02-19,Not as Expected,Refunded
R4010799,O1116370,2025-06-09,Changed Mind,Refunded
R4010800,O1040382,2024-06-08,Damaged,Refunded
R4010801,O1118988,2023-10-27,Size Issue,Refunded
R4010802,O1054020,2023-02-23,Not as Expected,Refunded
R4010803,O1052269,2025-06-22,Damaged,Refunded
R4010804,O1122561,2025-12-19,Not as Expected,Refunded
R4010805,O1136717,2024-12-16,Not as Expected,Refunded
R4010806,O1160243,2023-05-14,Size Issue,Refunded
R4010807,O1110141,2024-10-02,Late Delivery,Refunded
R4010808,O1088494,2024-11-08,Late Delivery,Refunded
R4010809,O1005891,2023-06-19,Size Issue,Refunded
R4010810,O1136028,2024-02-01,Wrong Item,Refunded
R4010811,O1098207,2023-01-09,Damaged,Refunded
R4010812,O1101609,2025-03-26,Damaged,Refunded
R4010813,O1106481,2025-08-21,Size Issue,Refunded
R4010814,O1026814,2025-05-20,Not as Expected,Refunded
R4010815,O1160062,2023-04-09,Size Issue,Refunded
R4010816,O1033036,2024-06-29,Changed Mind,Refunded
R4010817,O1121021,2025-07-20,Late Delivery,Refunded
R4010818,O1070460,2025-09-23,Damaged,Refunded
R4010819,O1170330,2023-04-26,Damaged,Refunded
R4010820,O1104378,2025-01-30,Wrong Item,Refunded
R4010821,O1113536,2025-09-08,Not as Expected,Refunded
R4010822,O1110205,2024-01-26,Not as Expected,Refunded
R4010823,O1029537,2023-11-08,Damaged,Refunded
R4010824,O1070400,2024-10-09,Damaged,Refunded
R4010825,O1077405,2023-09-29,Not as Expected,Processing
R4010826,O1121699,2023-01-29,Changed Mind,Refunded
R4010827,O1001605,2024-05-19,Size Issue,Refunded
R4010828,O1028377,2024-09-08,Damaged,Refunded
R4010829,O1103121,2024-02-11,Wrong Item,Refunded
R4010830,O1174939,2025-04-01,Not as Expected,Refunded
R4010831,O1021047,2023-03-04,Late Delivery,Refunded
R4010832,O1026180,2025-10-01,Late Delivery,Refunded
R4010833,O1146971,2025-09-16,Size Issue,Refunded
R4010834,O1086243,2025-12-14,Not as Expected,Refunded
R4010835,O1121344,2023-02-26,Changed Mind,Refunded
R4010836,O1105674,2023-02-18,Size Issue,Refunded
R4010837,O1103446,2025-04-25,Changed Mind,Refunded
R4010838,O1139829,2024-05-12,Changed Mind,Refunded
R4010839,O1126320,2024-05-14,Damaged,Refunded
R4010840,O1012344,2024-02-02,Wrong Item,Refunded
R4010841,O1117287,2023-05-02,Late Delivery,Refunded
R4010842,O1007220,2023-08-03,Size Issue,Refunded
R4010843,O1080997,2025-02-02,Size Issue,Refunded
R4010844,O1177113,2025-09-05,Damaged,Refunded
R4010845,O1153060,2025-05-30,Not as Expected,Refunded
R4010846,O1110101,2025-12-07,Wrong Item,Refunded
R4010847,O1164271,2024-10-11,Size Issue,Refunded
R4010848,O1115217,2023-05-11,Wrong Item,Refunded
R4010849,O1161789,2025-11-07,Wrong Item,Refunded
R4010850,O1154867,2023-12-23,Size Issue,Refunded
R4010851,O1138304,2024-11-04,Not as Expected,Refunded
R4010852,O1033063,2025-02-15,Late Delivery,Refunded
R4010853,O1032692,2023-08-22,Size Issue,Refunded
R4010854,O1160878,2023-12-12,Changed Mind,Refunded
R4010855,O1000223,2025-01-15,Not as Expected,Refunded
R4010856,O1168809,2023-02-19,Wrong Item,Refunded
R4010857,O1148046,2023-05-31,Wrong Item,Refunded
R4010858,O1101640,2024-02-05,Late Delivery,Refunded
R4010859,O1034386,2025-04-20,Damaged,Refunded
R4010860,O1023942,2025-12-09,Changed Mind,Refunded
R4010861,O1066014,2025-05-01,Size Issue,Refunded
R4010862,O1153956,2024-01-09,Damaged,Refunded
R4010863,O1004764,2024-03-17,Changed Mind,Refunded
R4010864,O1169275,2024-02-15,Damaged,Refunded
R4010865,O1045461,2023-12-22,Changed Mind,Refunded
R4010866,O1131190,2024-01-28,Damaged,Refunded
R4010867,O1007864,2024-04-10,Damaged,Refunded
R4010868,O1148856,2024-05-17,Late Delivery,Processing
R4010869,O1081769,2023-07-24,Not as Expected,Refunded
R4010870,O1022757,2025-05-24,Not as Expected,Refunded
R4010871,O1130179,2023-06-24,Changed Mind,Refunded
R4010872,O1051210,2023-08-08,Late Delivery,Refunded
R4010873,O1176745,2023-12-01,Late Delivery,Refunded
R4010874,O1016481,2025-02-08,Not as Expected,Refunded
R4010875,O1103430,2025-02-20,Size Issue,Refunded
R4010876,O1159026,2024-02-11,Not as Expected,Processing
R4010877,O1069835,2023-07-08,Size Issue,Refunded
R4010878,O1051397,2025-08-11,Not as Expected,Refunded
R4010879,O1041312,2023-06-25,Late Delivery,Refunded
R4010880,O1004246,2024-04-06,Not as Expected,Refunded
R4010881,O1164184,2025-02-05,Size Issue,Refunded
R4010882,O1163588,2023-12-27,Damaged,Refunded
R4010883,O1046340,2024-11-12,Not as Expected,Refunded
R4010884,O1013455,2023-12-17,Not as Expected,Refunded
R4010885,O1121260,2023-09-08,Changed Mind,Refunded
R4010886,O1143528,2024-07-03,Size Issue,Refunded
R4010887,O1002046,2024-06-18,Not as Expected,Refunded
R4010888,O1151367,2025-03-24,Not as Expected,Processing
R4010889,O1060599,2025-07-24,Not as Expected,Refunded
R4010890,O1121542,2024-06-18,Changed Mind,Refunded
R4010891,O1078308,2025-05-09,Damaged,Refunded
R4010892,O1030620,2023-12-11,Damaged,Refunded
R4010893,O1041904,2023-01-15,Wrong Item,Refunded
R4010894,O1173707,2023-04-29,Late Delivery,Refunded
R4010895,O1004408,2024-02-03,Not as Expected,Refunded
R4010896,O1157768,2023-12-12,Size Issue,Refunded
R4010897,O1121714,2024-09-17,Damaged,Refunded
R4010898,O1171204,2023-01-21,Size Issue,Refunded
R4010899,O1035705,2024-11-23,Wrong Item,Refunded
R4010900,O1085245,2023-10-06,Not as Expected,Refunded
R4010901,O1119750,2023-09-04,Not as Expected,Refunded
R4010902,O1105178,2024-09-28,Wrong Item,Refunded
R4010903,O1156889,2024-03-14,Changed Mind,Refunded
R4010904,O1110499,2024-10-31,Damaged,Refunded
R4010905,O1104442,2025-09-11,Not as Expected,Refunded
R4010906,O1143363,2025-10-24,Size Issue,Refunded
R4010907,O1118045,2024-12-02,Damaged,Refunded
R4010908,O1075855,2025-03-04,Size Issue,Refunded
R4010909,O1083635,2024-01-12,Not as Expected,Refunded
R4010910,O1082718,2025-11-27,Changed Mind,Refunded
R4010911,O1126735,2025-01-06,Changed Mind,Refunded
R4010912,O1089035,2024-05-22,Not as Expected,Refunded
R4010913,O1079519,2025-01-16,Not as Expected,Refunded
R4010914,O1061081,2024-08-23,Not as Expected,Refunded
R4010915,O1080034,2024-06-02,Not as Expected,Processing
R4010916,O1124762,2024-03-27,Late Delivery,Refunded
R4010917,O1024566,2024-09-07,Not as Expected,Refunded
R4010918,O1089481,2026-01-13,Not as Expected,Refunded
R4010919,O1011472,2024-01-23,Not as Expected,Refunded
R4010920,O1087170,2023-08-20,Late Delivery,Refunded
R4010921,O1038237,2025-12-23,Not as Expected,Refunded
R4010922,O1058126,2023-05-05,Damaged,Refunded
R4010923,O1166936,2024-12-27,Not as Expected,Refunded
R4010924,O1112272,2023-06-02,Not as Expected,Refunded
R4010925,O1151774,2025-06-04,Size Issue,Refunded
R4010926,O1155610,2023-08-09,Not as Expected,Refunded
R4010927,O1073868,2023-10-08,Changed Mind,Refunded
R4010928,O1003168,2025-08-03,Changed Mind,Refunded
R4010929,O1083496,2025-01-04,Not as Expected,Processing
R4010930,O1118955,2023-02-02,Damaged,Refunded
R4010931,O1100325,2024-02-03,Not as Expected,Refunded
R4010932,O1163115,2023-10-01,Not as Expected,Refunded
R4010933,O1089026,2024-04-07,Not as Expected,Refunded
R4010934,O1012679,2024-06-25,Damaged,Refunded
R4010935,O1014837,2023-04-12,Late Delivery,Processing
R4010936,O1178427,2024-03-23,Not as Expected,Processing
R4010937,O1166026,2025-07-07,Size Issue,Refunded
R4010938,O1173830,2025-11-03,Not as Expected,Refunded
R4010939,O1053210,2025-01-17,Damaged,Refunded
R4010940,O1119740,2023-05-01,Changed Mind,Refunded
R4010941,O1117854,2023-10-06,Changed Mind,Refunded
R4010942,O1105305,2023-10-16,Damaged,Refunded
R4010943,O1127374,2025-12-27,Wrong Item,Refunded
R4010944,O1112069,2024-05-08,Damaged,Refunded
R4010945,O1143652,2025-09-03,Not as Expected,Refunded
R4010946,O1031878,2023-05-25,Not as Expected,Refunded
R4010947,O1073093,2023-09-14,Changed Mind,Refunded
R4010948,O1028125,2025-07-31,Changed Mind,Processing
R4010949,O1052934,2024-09-25,Damaged,Refunded
R4010950,O1064928,2023-09-12,Late Delivery,Refunded
R4010951,O1074595,2025-04-25,Late Delivery,Refunded
R4010952,O1025332,2023-02-13,Not as Expected,Refunded
R4010953,O1072009,2025-05-23,Not as Expected,Refunded
R4010954,O1163235,2023-10-20,Not as Expected,Refunded
R4010955,O1015460,2024-06-25,Not as Expected,Refunded
R4010956,O1109913,2023-01-12,Size Issue,Refunded
R4010957,O1152698,2024-12-27,Size Issue,Refunded
R4010958,O1050241,2024-10-12,Size Issue,Refunded
R4010959,O1155596,2024-03-16,Not as Expected,Refunded
R4010960,O1014225,2024-09-10,Wrong Item,Refunded
R4010961,O1006418,2025-03-18,Not as Expected,Refunded
R4010962,O1081961,2024-08-18,Late Delivery,Refunded
R4010963,O1148663,2024-05-05,Damaged,Refunded
R4010964,O1033161,2025-05-26,Wrong Item,Refunded
R4010965,O1021871,2024-09-20,Not as Expected,Refunded
R4010966,O1025327,2024-08-31,Not as Expected,Refunded
R4010967,O1001678,2025-06-11,Late Delivery,Refunded
R4010968,O1146644,2025-02-05,Wrong Item,Refunded
R4010969,O1137285,2023-05-02,Not as Expected,Refunded
R4010970,O1104810,2025-07-18,Late Delivery,Refunded
R4010971,O1091332,2023-10-26,Wrong Item,Refunded
R4010972,O1001728,2025-06-15,Size Issue,Processing
R4010973,O1173611,2025-06-17,Damaged,Refunded
R4010974,O1057685,2025-10-27,Late Delivery,Refunded
R4010975,O1082724,2023-12-10,Not as Expected,Refunded
R4010976,O1021719,2025-06-15,Size Issue,Refunded
R4010977,O1042068,2023-02-09,Size Issue,Refunded
R4010978,O1099924,2024-04-28,Changed Mind,Refunded
R4010979,O1018238,2023-06-16,Wrong Item,Refunded
R4010980,O1037631,2023-02-22,Wrong Item,Refunded
R4010981,O1044339,2024-10-28,Not as Expected,Refunded
R4010982,O1125815,2024-12-16,Changed Mind,Refunded
R4010983,O1147575,2023-05-07,Changed Mind,Refunded
R4010984,O1073313,2025-08-11,Damaged,Refunded
R4010985,O1075747,2024-09-10,Wrong Item,Refunded
R4010986,O1043268,2025-06-29,Late Delivery,Refunded
R4010987,O1111308,2024-03-02,Damaged,Refunded
R4010988,O1161826,2023-08-13,Wrong Item,Refunded
R4010989,O1095865,2024-06-02,Damaged,Refunded
R4010990,O1166516,2025-04-22,Wrong Item,Refunded
R4010991,O1129508,2023-03-28,Damaged,Refunded
R4010992,O1111089,2025-01-02,Size Issue,Refunded
R4010993,O1025027,2025-02-20,Late Delivery,Refunded
R4010994,O1088934,2025-10-27,Damaged,Processing
R4010995,O1065914,2023-04-06,Not as Expected,Refunded
R4010996,O1165620,2023-02-26,Wrong Item,Refunded
R4010997,O1108626,2023-06-12,Wrong Item,Refunded
R4010998,O1067292,2024-02-25,Size Issue,Refunded
R4010999,O1128604,2023-12-30,Changed Mind,Refunded
R4011000,O1081452,2023-08-02,Late Delivery,Refunded
R4011001,O1086320,2024-12-23,Not as Expected,Refunded
R4011002,O1107464,2023-09-13,Size Issue,Refunded
R4011003,O1039519,2024-02-25,Late Delivery,Refunded
R4011004,O1109422,2024-12-23,Damaged,Refunded
R4011005,O1150361,2024-07-02,Not as Expected,Refunded
R4011006,O1025315,2024-12-18,Size Issue,Refunded
R4011007,O1053236,2024-09-16,Not as Expected,Refunded
R4011008,O1007157,2023-03-15,Not as Expected,Refunded
R4011009,O1029458,2024-07-31,Late Delivery,Refunded
R4011010,O1029332,2023-04-26,Size Issue,Refunded
R4011011,O1168262,2023-09-28,Damaged,Refunded
R4011012,O1030613,2025-01-18,Not as Expected,Refunded
R4011013,O1085961,2025-03-25,Late Delivery,Refunded
R4011014,O1037866,2024-04-27,Late Delivery,Refunded
R4011015,O1130739,2023-05-04,Size Issue,Refunded
R4011016,O1008325,2025-03-09,Not as Expected,Refunded
R4011017,O1063072,2025-11-05,Changed Mind,Refunded
R4011018,O1096912,2025-02-07,Size Issue,Refunded
R4011019,O1102639,2024-08-05,Damaged,Refunded
R4011020,O1164036,2024-12-20,Not as Expected,Refunded
R4011021,O1099355,2023-11-30,Late Delivery,Refunded
R4011022,O1009447,2023-01-31,Size Issue,Refunded
R4011023,O1030500,2023-08-28,Damaged,Refunded
R4011024,O1051542,2023-02-19,Changed Mind,Refunded
R4011025,O1140283,2024-08-11,Size Issue,Refunded
R4011026,O1079873,2025-07-11,Changed Mind,Refunded
R4011027,O1087403,2025-02-24,Changed Mind,Refunded
R4011028,O1038727,2023-09-20,Damaged,Refunded
R4011029,O1001944,2025-03-01,Size Issue,Refunded
R4011030,O1042934,2023-05-09,Late Delivery,Refunded
R4011031,O1171084,2025-10-14,Wrong Item,Refunded
R4011032,O1179033,2025-03-28,Damaged,Processing
R4011033,O1099837,2023-08-02,Not as Expected,Refunded
R4011034,O1095095,2025-10-23,Not as Expected,Refunded
R4011035,O1031333,2024-12-04,Changed Mind,Refunded
R4011036,O1152939,2024-03-20,Size Issue,Processing
R4011037,O1012866,2024-02-27,Not as Expected,Refunded
R4011038,O1022073,2025-05-17,Changed Mind,Refunded
R4011039,O1081364,2024-01-29,Changed Mind,Refunded
R4011040,O1092225,2023-11-18,Changed Mind,Refunded
R4011041,O1114182,2023-04-07,Not as Expected,Refunded
R4011042,O1039763,2023-03-17,Not as Expected,Refunded
R4011043,O1000483,2026-01-03,Size Issue,Refunded
R4011044,O1002367,2024-07-06,Changed Mind,Refunded
R4011045,O1153589,2025-04-14,Not as Expected,Refunded
R4011046,O1085917,2024-12-06,Wrong Item,Refunded
R4011047,O1152537,2023-12-03,Size Issue,Refunded
R4011048,O1071637,2024-12-23,Changed Mind,Refunded
R4011049,O1143900,2023-10-07,Not as Expected,Refunded
R4011050,O1149100,2025-07-18,Not as Expected,Refunded
R4011051,O1169266,2025-04-11,Size Issue,Refunded
R4011052,O1031124,2023-07-05,Size Issue,Refunded
R4011053,O1058154,2025-12-15,Changed Mind,Refunded
R4011054,O1171801,2024-06-10,Size Issue,Refunded
R4011055,O1068602,2025-09-05,Not as Expected,Refunded
R4011056,O1028259,2024-12-11,Size Issue,Refunded
R4011057,O1071261,2024-05-09,Damaged,Refunded
R4011058,O1092212,2025-10-08,Damaged,Refunded
R4011059,O1054130,2025-09-05,Size Issue,Refunded
R4011060,O1084805,2024-05-11,Not as Expected,Refunded
R4011061,O1057463,2025-10-22,Not as Expected,Refunded
R4011062,O1099759,2023-02-25,Damaged,Refunded
R4011063,O1094543,2024-12-14,Size Issue,Refunded
R4011064,O1004659,2025-11-04,Wrong Item,Refunded
R4011065,O1170331,2025-08-06,Wrong Item,Processing
R4011066,O1067693,2024-11-27,Wrong Item,Refunded
R4011067,O1002811,2023-04-25,Size Issue,Refunded
R4011068,O1077564,2023-05-12,Not as Expected,Refunded
R4011069,O1165275,2023-07-31,Wrong Item,Refunded
R4011070,O1152060,2024-08-06,Changed Mind,Refunded
R4011071,O1106907,2024-01-15,Not as Expected,Refunded
R4011072,O1098186,2024-01-22,Damaged,Refunded
R4011073,O1173922,2023-11-19,Changed Mind,Refunded
R4011074,O1074712,2023-03-18,Late Delivery,Refunded
R4011075,O1123534,2024-05-19,Size Issue,Refunded
R4011076,O1007579,2026-01-02,Damaged,Processing
R4011077,O1133829,2023-10-21,Changed Mind,Processing
R4011078,O1141985,2023-04-21,Not as Expected,Refunded
R4011079,O1105819,2025-10-24,Damaged,Refunded
R4011080,O1150798,2023-06-17,Changed Mind,Refunded
R4011081,O1141531,2025-03-27,Changed Mind,Refunded
R4011082,O1050107,2023-02-16,Not as Expected,Refunded
R4011083,O1090982,2024-04-23,Damaged,Refunded
R4011084,O1147526,2025-11-21,Late Delivery,Refunded
R4011085,O1061231,2025-04-18,Damaged,Refunded
R4011086,O1162090,2024-12-16,Not as Expected,Refunded
R4011087,O1139678,2025-06-17,Changed Mind,Refunded
R4011088,O1136565,2024-10-25,Changed Mind,Refunded
R4011089,O1005382,2024-04-19,Not as Expected,Refunded
R4011090,O1044408,2023-07-31,Changed Mind,Refunded
R4011091,O1083029,2024-04-27,Wrong Item,Refunded
R4011092,O1058226,2025-10-25,Not as Expected,Refunded
R4011093,O1129262,2023-03-29,Damaged,Refunded
R4011094,O1117400,2024-03-02,Wrong Item,Refunded
R4011095,O1053234,2023-09-18,Wrong Item,Refunded
R4011096,O1098830,2024-08-15,Not as Expected,Refunded
R4011097,O1028964,2024-10-16,Not as Expected,Processing
R4011098,O1123961,2025-11-29,Changed Mind,Refunded
R4011099,O1087468,2024-08-16,Damaged,Refunded
R4011100,O1108949,2025-06-16,Damaged,Refunded
R4011101,O1038025,2023-03-06,Wrong Item,Refunded
R4011102,O1059086,2024-07-27,Damaged,Refunded
R4011103,O1050991,2025-09-18,Size Issue,Processing
R4011104,O1059908,2024-10-04,Changed Mind,Refunded
R4011105,O1098564,2025-07-15,Damaged,Refunded
R4011106,O1139195,2025-05-14,Late Delivery,Refunded
R4011107,O1095123,2025-07-25,Size Issue,Refunded
R4011108,O1132465,2023-12-19,Not as Expected,Refunded
R4011109,O1147663,2025-03-22,Not as Expected,Refunded
R4011110,O1061752,2025-03-03,Wrong Item,Refunded
R4011111,O1120012,2025-03-02,Not as Expected,Refunded
R4011112,O1084579,2023-06-01,Late Delivery,Refunded
R4011113,O1122464,2024-05-26,Late Delivery,Refunded
R4011114,O1132660,2025-12-08,Late Delivery,Refunded
R4011115,O1113948,2024-06-25,Size Issue,Refunded
R4011116,O1126180,2025-11-01,Late Delivery,Refunded
R4011117,O1064269,2025-02-11,Not as Expected,Refunded
R4011118,O1119230,2025-10-17,Size Issue,Refunded
R4011119,O1101038,2023-01-21,Not as Expected,Refunded
R4011120,O1026944,2023-09-24,Damaged,Refunded
R4011121,O1101218,2024-04-10,Wrong Item,Refunded
R4011122,O1169106,2024-09-17,Not as Expected,Refunded
R4011123,O1020266,2025-07-16,Wrong Item,Refunded
R4011124,O1172979,2023-11-20,Wrong Item,Processing
R4011125,O1055555,2025-07-11,Changed Mind,Refunded
R4011126,O1014255,2023-04-16,Wrong Item,Refunded
R4011127,O1052993,2025-04-18,Size Issue,Refunded
R4011128,O1071409,2024-01-14,Not as Expected,Refunded
R4011129,O1007448,2023-12-21,Not as Expected,Refunded
R4011130,O1023669,2024-09-13,Changed Mind,Refunded
R4011131,O1070603,2025-01-19,Not as Expected,Refunded
R4011132,O1066317,2024-09-15,Not as Expected,Refunded
R4011133,O1003185,2025-03-09,Size Issue,Refunded
R4011134,O1057259,2024-11-09,Wrong Item,Refunded
R4011135,O1096117,2026-01-12,Size Issue,Refunded
R4011136,O1104406,2025-06-26,Not as Expected,Refunded
R4011137,O1063930,2023-11-16,Not as Expected,Refunded
R4011138,O1177832,2024-03-10,Late Delivery,Refunded
R4011139,O1014819,2024-06-05,Damaged,Refunded
R4011140,O1135609,2023-09-26,Late Delivery,Refunded
R4011141,O1001538,2023-02-17,Changed Mind,Refunded
R4011142,O1124578,2024-06-07,Wrong Item,Refunded
R4011143,O1113946,2023-02-01,Damaged,Processing
R4011144,O1008038,2023-10-16,Changed Mind,Refunded
R4011145,O1047960,2025-09-15,Changed Mind,Refunded
R4011146,O1081522,2024-07-11,Damaged,Processing
R4011147,O1177430,2024-03-01,Not as Expected,Processing
R4011148,O1068184,2024-02-26,Changed Mind,Refunded
R4011149,O1013360,2024-09-22,Size Issue,Refunded
R4011150,O1074638,2023-07-11,Wrong Item,Refunded
R4011151,O1170158,2023-10-21,Damaged,Refunded
R4011152,O1058880,2024-03-11,Not as Expected,Refunded
R4011153,O1131298,2025-12-23,Not as Expected,Refunded
R4011154,O1036439,2025-10-21,Size Issue,Refunded
R4011155,O1164680,2023-08-16,Late Delivery,Refunded
R4011156,O1016649,2025-02-26,Not as Expected,Refunded
R4011157,O1065815,2025-12-23,Damaged,Refunded
R4011158,O1090190,2025-03-06,Not as Expected,Refunded
R4011159,O1007861,2025-02-01,Size Issue,Processing
R4011160,O1078828,2024-02-08,Size Issue,Refunded
R4011161,O1108607,2023-06-28,Not as Expected,Refunded
R4011162,O1053363,2025-12-04,Not as Expected,Refunded
R4011163,O1136167,2023-03-26,Wrong Item,Refunded
R4011164,O1121489,2025-11-21,Wrong Item,Refunded
R4011165,O1164518,2024-08-26,Wrong Item,Refunded
R4011166,O1146412,2024-04-17,Changed Mind,Processing
R4011167,O1132960,2023-01-15,Late Delivery,Refunded
R4011168,O1060533,2025-06-08,Late Delivery,Refunded
R4011169,O1124140,2024-08-20,Not as Expected,Refunded
R4011170,O1125829,2025-03-28,Not as Expected,Refunded
R4011171,O1151816,2023-05-29,Late Delivery,Refunded
R4011172,O1097259,2025-05-04,Size Issue,Refunded
R4011173,O1104782,2025-04-04,Wrong Item,Processing
R4011174,O1136044,2024-04-18,Late Delivery,Refunded
R4011175,O1068893,2024-11-15,Damaged,Refunded
R4011176,O1055814,2023-03-15,Damaged,Refunded
R4011177,O1095116,2025-03-08,Damaged,Refunded
R4011178,O1075730,2024-12-18,Changed Mind,Refunded
R4011179,O1033608,2025-09-13,Late Delivery,Refunded
R4011180,O1141760,2024-08-29,Changed Mind,Refunded
R4011181,O1027514,2024-10-04,Changed Mind,Refunded
R4011182,O1151859,2023-04-20,Late Delivery,Refunded
R4011183,O1089677,2024-05-28,Size Issue,Refunded
R4011184,O1091172,2025-12-02,Late Delivery,Refunded
R4011185,O1141916,2025-09-06,Wrong Item,Refunded
R4011186,O1150706,2025-10-25,Size Issue,Refunded
R4011187,O1075389,2025-11-28,Wrong Item,Refunded
R4011188,O1071045,2024-01-05,Damaged,Refunded
R4011189,O1044649,2025-02-21,Size Issue,Refunded
R4011190,O1022431,2025-01-07,Late Delivery,Refunded
R4011191,O1101679,2025-06-11,Size Issue,Refunded
R4011192,O1158500,2024-11-24,Wrong Item,Refunded
R4011193,O1115953,2025-10-14,Not as Expected,Refunded
R4011194,O1014969,2025-01-29,Late Delivery,Refunded
R4011195,O1096364,2024-01-27,Not as Expected,Refunded
R4011196,O1131555,2024-12-13,Wrong Item,Refunded
R4011197,O1039188,2025-07-02,Not as Expected,Refunded
R4011198,O1151119,2026-01-11,Size Issue,Refunded
R4011199,O1014292,2025-09-11,Not as Expected,Refunded
R4011200,O1123856,2024-02-10,Size Issue,Refunded
R4011201,O1025891,2023-06-07,Size Issue,Processing
R4011202,O1094063,2025-01-04,Wrong Item,Refunded
R4011203,O1014191,2025-06-26,Changed Mind,Refunded
R4011204,O1128679,2023-04-24,Late Delivery,Refunded
R4011205,O1088789,2025-12-06,Wrong Item,Refunded
R4011206,O1144514,2023-02-10,Not as Expected,Refunded
R4011207,O1037992,2025-01-05,Wrong Item,Refunded
R4011208,O1169932,2023-07-09,Late Delivery,Processing
R4011209,O1003936,2024-05-28,Wrong Item,Processing
R4011210,O1129014,2025-03-27,Size Issue,Refunded
R4011211,O1118037,2024-03-11,Not as Expected,Refunded
R4011212,O1047189,2024-12-02,Damaged,Refunded
R4011213,O1071793,2025-07-30,Changed Mind,Refunded
R4011214,O1053328,2024-07-29,Changed Mind,Refunded
R4011215,O1019066,2024-07-29,Changed Mind,Refunded
R4011216,O1073436,2024-08-22,Not as Expected,Refunded
R4011217,O1065884,2024-10-04,Not as Expected,Refunded
R4011218,O1121452,2025-10-28,Damaged,Refunded
R4011219,O1113123,2025-05-16,Damaged,Processing
R4011220,O1155093,2023-02-04,Late Delivery,Refunded
R4011221,O1153163,2024-03-23,Size Issue,Refunded
R4011222,O1077722,2023-06-06,Not as Expected,Refunded
R4011223,O1119162,2023-01-13,Damaged,Refunded
R4011224,O1168407,2024-03-12,Late Delivery,Refunded
R4011225,O1032685,2023-11-03,Not as Expected,Processing
R4011226,O1130235,2025-04-17,Not as Expected,Refunded
R4011227,O1008169,2025-06-09,Damaged,Refunded
R4011228,O1176009,2024-06-20,Damaged,Refunded
R4011229,O1075643,2024-05-28,Changed Mind,Refunded
R4011230,O1110848,2024-05-01,Size Issue,Refunded
R4011231,O1042156,2024-05-21,Changed Mind,Processing
R4011232,O1083474,2025-06-12,Size Issue,Refunded
R4011233,O1062144,2025-08-15,Size Issue,Refunded
R4011234,O1079137,2025-11-07,Changed Mind,Refunded
R4011235,O1177096,2025-01-13,Not as Expected,Refunded
R4011236,O1088005,2025-08-28,Late Delivery,Refunded
R4011237,O1142185,2025-02-21,Wrong Item,Refunded
R4011238,O1151323,2025-12-03,Changed Mind,Processing
R4011239,O1135979,2024-05-16,Wrong Item,Refunded
R4011240,O1119366,2025-10-02,Damaged,Refunded
R4011241,O1046949,2024-05-22,Wrong Item,Refunded
R4011242,O1102973,2023-09-10,Damaged,Refunded
R4011243,O1076069,2023-06-16,Not as Expected,Processing
R4011244,O1131714,2025-01-29,Changed Mind,Refunded
R4011245,O1070613,2025-10-16,Wrong Item,Processing
R4011246,O1003814,2023-08-04,Not as Expected,Processing
R4011247,O1082964,2023-05-22,Size Issue,Refunded
R4011248,O1134294,2026-01-02,Not as Expected,Refunded
R4011249,O1015552,2023-11-16,Not as Expected,Refunded
R4011250,O1003933,2024-11-29,Size Issue,Refunded
R4011251,O1067371,2023-03-22,Not as Expected,Processing
R4011252,O1108641,2025-08-20,Size Issue,Refunded
R4011253,O1167254,2024-12-29,Wrong Item,Refunded
R4011254,O1085406,2025-06-06,Not as Expected,Refunded
R4011255,O1157311,2025-05-06,Late Delivery,Refunded
R4011256,O1095245,2024-08-02,Wrong Item,Refunded
R4011257,O1149140,2024-06-15,Wrong Item,Refunded
R4011258,O1149936,2023-07-17,Wrong Item,Refunded
R4011259,O1000383,2023-06-23,Damaged,Refunded
R4011260,O1158852,2025-04-09,Changed Mind,Refunded
R4011261,O1022312,2023-06-23,Wrong Item,Processing
R4011262,O1133677,2025-12-01,Not as Expected,Refunded
R4011263,O1023213,2025-10-24,Not as Expected,Refunded
R4011264,O1074196,2024-06-05,Not as Expected,Refunded
R4011265,O1034382,2023-12-16,Not as Expected,Refunded
R4011266,O1123844,2023-03-12,Changed Mind,Refunded
R4011267,O1054862,2024-05-20,Wrong Item,Refunded
R4011268,O1069894,2025-06-16,Not as Expected,Refunded
R4011269,O1093779,2025-04-08,Late Delivery,Refunded
R4011270,O1027684,2023-04-21,Changed Mind,Refunded
R4011271,O1078368,2023-09-06,Late Delivery,Processing
R4011272,O1052476,2024-03-24,Changed Mind,Refunded
R4011273,O1061235,2024-01-20,Changed Mind,Refunded
R4011274,O1146401,2023-09-12,Not as Expected,Refunded
R4011275,O1122305,2025-12-22,Wrong Item,Refunded
R4011276,O1173263,2024-02-04,Size Issue,Refunded
R4011277,O1054494,2023-09-28,Changed Mind,Refunded
R4011278,O1168077,2024-01-18,Damaged,Processing
R4011279,O1106471,2023-03-25,Wrong Item,Refunded
R4011280,O1048808,2024-03-11,Not as Expected,Refunded
R4011281,O1068884,2023-11-09,Late Delivery,Refunded
R4011282,O1093104,2024-12-13,Not as Expected,Refunded
R4011283,O1119315,2025-03-12,Damaged,Refunded
R4011284,O1175520,2023-01-10,Not as Expected,Refunded
R4011285,O1052557,2024-04-15,Size Issue,Refunded
R4011286,O1162966,2025-03-20,Changed Mind,Refunded
R4011287,O1009972,2025-01-11,Wrong Item,Processing
R4011288,O1059048,2025-12-11,Damaged,Processing
R4011289,O1005833,2023-04-11,Wrong Item,Refunded
R4011290,O1105821,2024-04-15,Not as Expected,Refunded
R4011291,O1037918,2025-07-23,Size Issue,Processing
R4011292,O1140776,2024-05-19,Wrong Item,Refunded
R4011293,O1093311,2023-09-02,Late Delivery,Refunded
R4011294,O1090405,2024-02-02,Damaged,Refunded
R4011295,O1001660,2025-06-30,Late Delivery,Refunded
R4011296,O1092090,2023-02-08,Size Issue,Refunded
R4011297,O1167980,2025-03-23,Size Issue,Refunded
R4011298,O1032903,2023-12-28,Not as Expected,Refunded
R4011299,O1037503,2025-08-25,Late Delivery,Refunded
R4011300,O1064591,2023-12-30,Size Issue,Refunded
R4011301,O1058605,2023-04-27,Size Issue,Refunded
R4011302,O1011425,2024-05-11,Changed Mind,Refunded
R4011303,O1083149,2025-05-19,Wrong Item,Refunded
R4011304,O1162275,2024-07-02,Damaged,Refunded
R4011305,O1054387,2025-10-31,Late Delivery,Refunded
R4011306,O1113465,2023-04-29,Late Delivery,Refunded
R4011307,O1088304,2023-07-07,Damaged,Refunded
R4011308,O1121772,2025-05-27,Changed Mind,Refunded
R4011309,O1148658,2023-01-05,Wrong Item,Refunded
R4011310,O1155584,2024-12-08,Damaged,Refunded
R4011311,O1154805,2023-05-12,Not as Expected,Refunded
R4011312,O1072860,2023-06-07,Not as Expected,Refunded
R4011313,O1153307,2023-06-02,Damaged,Refunded
R4011314,O1030739,2024-01-13,Changed Mind,Refunded
R4011315,O1068285,2024-02-14,Damaged,Refunded
R4011316,O1007136,2025-06-07,Damaged,Refunded
R4011317,O1022611,2024-03-19,Wrong Item,Refunded
R4011318,O1044041,2025-10-31,Size Issue,Refunded
R4011319,O1146158,2024-05-23,Not as Expected,Refunded
R4011320,O1056019,2024-08-09,Not as Expected,Refunded
R4011321,O1106008,2024-12-03,Damaged,Refunded
R4011322,O1088324,2023-10-08,Size Issue,Refunded
R4011323,O1119332,2024-09-09,Not as Expected,Refunded
R4011324,O1142912,2024-12-09,Damaged,Refunded
R4011325,O1047244,2023-12-28,Not as Expected,Refunded
R4011326,O1102869,2023-12-06,Wrong Item,Refunded
R4011327,O1139995,2024-02-15,Late Delivery,Processing
R4011328,O1002698,2024-12-31,Not as Expected,Refunded
R4011329,O1013731,2024-08-24,Changed Mind,Refunded
R4011330,O1078545,2025-03-08,Changed Mind,Refunded
R4011331,O1123298,2025-02-02,Size Issue,Refunded
R4011332,O1071967,2025-02-16,Not as Expected,Refunded
R4011333,O1064856,2023-02-25,Size Issue,Refunded
R4011334,O1039628,2024-07-13,Not as Expected,Refunded
R4011335,O1002167,2023-04-08,Not as Expected,Refunded
R4011336,O1171911,2023-07-20,Late Delivery,Refunded
R4011337,O1055083,2023-07-11,Not as Expected,Refunded
R4011338,O1135438,2025-02-06,Damaged,Refunded
R4011339,O1069210,2025-02-21,Wrong Item,Refunded
R4011340,O1041207,2023-02-10,Not as Expected,Refunded
R4011341,O1173389,2024-02-18,Wrong Item,Refunded
R4011342,O1044426,2023-02-07,Changed Mind,Refunded
R4011343,O1067890,2023-05-09,Not as Expected,Refunded
R4011344,O1090782,2025-09-18,Wrong Item,Processing
R4011345,O1013671,2025-01-21,Wrong Item,Refunded
R4011346,O1159752,2024-12-03,Wrong Item,Refunded
R4011347,O1117614,2023-06-14,Wrong Item,Refunded
R4011348,O1061576,2025-10-16,Size Issue,Refunded
R4011349,O1055479,2024-10-31,Late Delivery,Refunded
R4011350,O1066940,2025-05-26,Wrong Item,Refunded
R4011351,O1131013,2025-03-14,Size Issue,Refunded
R4011352,O1006237,2025-10-31,Changed Mind,Refunded
R4011353,O1133023,2025-10-13,Not as Expected,Refunded
R4011354,O1022229,2025-03-15,Not as Expected,Refunded
R4011355,O1122990,2025-03-19,Not as Expected,Refunded
R4011356,O1092911,2025-12-05,Not as Expected,Refunded
R4011357,O1071268,2025-01-12,Size Issue,Refunded
R4011358,O1059089,2024-11-17,Size Issue,Refunded
R4011359,O1148596,2024-04-16,Late Delivery,Refunded
R4011360,O1163649,2024-11-01,Not as Expected,Refunded
R4011361,O1029289,2024-03-21,Late Delivery,Refunded
R4011362,O1006616,2023-03-24,Late Delivery,Refunded
R4011363,O1011808,2024-04-29,Size Issue,Refunded
R4011364,O1109749,2023-08-22,Changed Mind,Processing
R4011365,O1070730,2023-02-02,Size Issue,Processing
R4011366,O1097598,2024-05-14,Damaged,Refunded
R4011367,O1021751,2024-10-25,Late Delivery,Refunded
R4011368,O1160177,2023-12-21,Damaged,Refunded
R4011369,O1135933,2023-10-31,Damaged,Refunded
R4011370,O1041193,2024-07-26,Wrong Item,Refunded
R4011371,O1097519,2024-11-03,Damaged,Processing
R4011372,O1025916,2025-03-26,Damaged,Refunded
R4011373,O1056397,2025-09-19,Not as Expected,Refunded
R4011374,O1143355,2023-04-14,Not as Expected,Refunded
R4011375,O1138858,2024-01-04,Not as Expected,Refunded
R4011376,O1065712,2025-09-30,Changed Mind,Refunded
R4011377,O1007234,2025-12-11,Late Delivery,Refunded
R4011378,O1171642,2023-09-13,Size Issue,Refunded
R4011379,O1165110,2025-11-22,Size Issue,Refunded
R4011380,O1127864,2024-10-25,Wrong Item,Processing
R4011381,O1037742,2023-05-03,Size Issue,Refunded
R4011382,O1051282,2025-09-07,Not as Expected,Processing
R4011383,O1126894,2025-08-02,Wrong Item,Refunded
R4011384,O1079975,2025-12-19,Damaged,Refunded
R4011385,O1111812,2023-10-01,Damaged,Refunded
R4011386,O1099697,2024-05-07,Size Issue,Refunded
R4011387,O1032143,2024-07-08,Changed Mind,Refunded
R4011388,O1078403,2023-12-21,Not as Expected,Refunded
R4011389,O1086041,2025-03-12,Wrong Item,Refunded
R4011390,O1082180,2023-07-01,Not as Expected,Refunded
R4011391,O1163099,2024-09-20,Wrong Item,Refunded
R4011392,O1094233,2026-01-02,Not as Expected,Refunded
R4011393,O1008753,2025-09-10,Changed Mind,Refunded
R4011394,O1166122,2025-05-30,Not as Expected,Refunded
R4011395,O1059112,2024-09-29,Size Issue,Refunded
R4011396,O1105860,2024-10-29,Wrong Item,Refunded
R4011397,O1118795,2023-11-27,Late Delivery,Refunded
R4011398,O1079250,2023-12-11,Damaged,Refunded
R4011399,O1021947,2024-07-28,Not as Expected,Refunded
R4011400,O1156113,2025-09-26,Not as Expected,Refunded
R4011401,O1030449,2024-03-07,Damaged,Refunded
R4011402,O1169239,2023-07-20,Damaged,Refunded
R4011403,O1090248,2023-04-12,Not as Expected,Refunded
R4011404,O1010199,2024-04-23,Late Delivery,Refunded
R4011405,O1117074,2025-04-24,Not as Expected,Refunded
R4011406,O1054241,2025-12-14,Damaged,Refunded
R4011407,O1174862,2024-04-11,Changed Mind,Refunded
R4011408,O1158799,2025-09-17,Not as Expected,Refunded
R4011409,O1175579,2023-12-28,Changed Mind,Refunded
R4011410,O1038404,2025-07-20,Not as Expected,Refunded
R4011411,O1036227,2023-06-11,Not as Expected,Refunded
R4011412,O1075987,2025-10-28,Not as Expected,Refunded
R4011413,O1074751,2025-04-17,Damaged,Refunded
R4011414,O1126233,2024-03-19,Late Delivery,Refunded
R4011415,O1009798,2023-03-18,Size Issue,Refunded
R4011416,O1049995,2024-05-29,Damaged,Refunded
R4011417,O1173209,2023-12-30,Damaged,Refunded
R4011418,O1097490,2025-07-09,Size Issue,Refunded
R4011419,O1177500,2024-12-13,Wrong Item,Processing
R4011420,O1046239,2023-08-21,Not as Expected,Processing
R4011421,O1109266,2024-09-15,Damaged,Refunded
R4011422,O1028046,2024-04-06,Not as Expected,Refunded
R4011423,O1091509,2024-10-28,Not as Expected,Refunded
R4011424,O1099678,2023-02-22,Not as Expected,Refunded
R4011425,O1106501,2023-06-20,Size Issue,Refunded
R4011426,O1025091,2024-07-25,Not as Expected,Refunded
R4011427,O1175160,2024-02-06,Not as Expected,Processing
R4011428,O1027023,2023-02-28,Not as Expected,Refunded
R4011429,O1158348,2024-05-05,Damaged,Refunded
R4011430,O1140419,2024-06-30,Changed Mind,Refunded
R4011431,O1051486,2024-06-07,Size Issue,Processing
R4011432,O1178225,2023-06-04,Not as Expected,Processing
R4011433,O1113272,2025-01-11,Late Delivery,Refunded
R4011434,O1024485,2023-07-31,Size Issue,Refunded
R4011435,O1003786,2023-01-23,Wrong Item,Refunded
R4011436,O1012780,2024-09-17,Late Delivery,Refunded
R4011437,O1054959,2025-05-14,Not as Expected,Refunded
R4011438,O1109411,2023-07-16,Not as Expected,Refunded
R4011439,O1029531,2024-08-07,Late Delivery,Refunded
R4011440,O1172645,2024-01-03,Size Issue,Refunded
R4011441,O1076387,2023-04-13,Changed Mind,Refunded
R4011442,O1064254,2023-10-09,Changed Mind,Refunded
R4011443,O1156066,2024-02-13,Changed Mind,Refunded
R4011444,O1168889,2023-08-04,Late Delivery,Refunded
R4011445,O1022921,2025-11-25,Size Issue,Refunded
R4011446,O1110080,2024-11-13,Wrong Item,Refunded
R4011447,O1084484,2023-02-24,Wrong Item,Refunded
R4011448,O1135433,2025-03-21,Wrong Item,Refunded
R4011449,O1018067,2024-11-29,Changed Mind,Refunded
R4011450,O1161107,2025-05-07,Changed Mind,Refunded
R4011451,O1128753,2024-01-21,Not as Expected,Refunded
R4011452,O1077571,2024-11-01,Damaged,Refunded
R4011453,O1081324,2024-01-16,Wrong Item,Refunded
R4011454,O1158019,2024-09-05,Wrong Item,Processing
R4011455,O1059815,2025-03-30,Not as Expected,Refunded
R4011456,O1002265,2025-11-28,Not as Expected,Refunded
R4011457,O1008197,2025-12-23,Changed Mind,Refunded
R4011458,O1137467,2023-03-30,Not as Expected,Refunded
R4011459,O1171965,2024-03-25,Damaged,Refunded
R4011460,O1159187,2024-07-11,Late Delivery,Refunded
R4011461,O1024031,2024-01-03,Late Delivery,Refunded
R4011462,O1106260,2025-01-30,Not as Expected,Refunded
R4011463,O1069701,2025-04-29,Wrong Item,Refunded
R4011464,O1017702,2024-07-28,Changed Mind,Refunded
R4011465,O1091001,2023-03-24,Size Issue,Refunded
R4011466,O1140109,2024-02-13,Size Issue,Refunded
R4011467,O1121801,2024-10-18,Size Issue,Refunded
R4011468,O1172451,2024-05-15,Not as Expected,Refunded
R4011469,O1111856,2025-01-10,Damaged,Refunded
R4011470,O1160659,2023-06-17,Wrong Item,Refunded
R4011471,O1126836,2024-07-11,Changed Mind,Refunded
R4011472,O1054547,2025-08-22,Changed Mind,Refunded
R4011473,O1077480,2024-06-13,Damaged,Refunded
R4011474,O1165866,2023-08-14,Wrong Item,Processing
R4011475,O1115278,2024-03-29,Wrong Item,Refunded
R4011476,O1119694,2025-10-29,Damaged,Refunded
R4011477,O1026952,2023-08-25,Not as Expected,Refunded
R4011478,O1108738,2024-08-12,Wrong Item,Refunded
R4011479,O1058902,2025-04-23,Wrong Item,Refunded
R4011480,O1108764,2025-04-18,Not as Expected,Refunded
R4011481,O1098055,2023-04-23,Changed Mind,Refunded
R4011482,O1129842,2023-12-28,Changed Mind,Refunded
R4011483,O1055849,2025-07-27,Changed Mind,Refunded
R4011484,O1032917,2023-02-05,Not as Expected,Refunded
R4011485,O1018906,2024-11-05,Wrong Item,Refunded
R4011486,O1137625,2023-10-20,Not as Expected,Refunded
R4011487,O1047669,2025-06-27,Late Delivery,Refunded
R4011488,O1118000,2023-02-04,Size Issue,Refunded
R4011489,O1124843,2023-06-02,Size Issue,Refunded
R4011490,O1075750,2025-01-23,Not as Expected,Refunded
R4011491,O1172077,2024-10-06,Wrong Item,Refunded
R4011492,O1172600,2025-01-20,Late Delivery,Refunded
R4011493,O1161795,2023-03-14,Not as Expected,Refunded
R4011494,O1102622,2024-06-24,Size Issue,Refunded
R4011495,O1054933,2025-10-04,Damaged,Refunded
R4011496,O1064851,2025-12-11,Changed Mind,Refunded
R4011497,O1067860,2024-03-06,Not as Expected,Refunded
R4011498,O1017630,2024-02-19,Not as Expected,Refunded
R4011499,O1103285,2024-01-27,Not as Expected,Refunded
R4011500,O1159069,2024-01-19,Not as Expected,Refunded
R4011501,O1115869,2025-03-31,Not as Expected,Refunded
R4011502,O1023543,2024-10-28,Not as Expected,Refunded
R4011503,O1138518,2025-01-04,Changed Mind,Refunded
R4011504,O1044258,2023-04-13,Not as Expected,Refunded
R4011505,O1077244,2023-03-26,Damaged,Refunded
R4011506,O1123347,2023-04-02,Size Issue,Refunded
R4011507,O1035033,2023-03-30,Changed Mind,Refunded
R4011508,O1142415,2024-06-19,Wrong Item,Refunded
R4011509,O1097013,2025-07-21,Size Issue,Refunded
R4011510,O1092158,2023-10-05,Late Delivery,Refunded
R4011511,O1060608,2024-11-21,Changed Mind,Refunded
R4011512,O1118755,2024-03-16,Damaged,Refunded
R4011513,O1007400,2025-09-25,Not as Expected,Refunded
R4011514,O1174215,2024-03-14,Wrong Item,Refunded
R4011515,O1142747,2025-05-27,Size Issue,Refunded
R4011516,O1173218,2023-01-10,Not as Expected,Refunded
R4011517,O1119958,2025-05-06,Wrong Item,Refunded
R4011518,O1120183,2025-07-06,Late Delivery,Refunded
R4011519,O1005556,2025-09-22,Damaged,Refunded
R4011520,O1113889,2024-08-15,Wrong Item,Refunded
R4011521,O1137953,2025-12-28,Late Delivery,Refunded
R4011522,O1127059,2023-09-29,Size Issue,Refunded
R4011523,O1042985,2023-06-11,Late Delivery,Refunded
R4011524,O1087559,2024-03-05,Late Delivery,Refunded
R4011525,O1069676,2025-06-29,Damaged,Refunded
R4011526,O1091113,2024-11-04,Changed Mind,Refunded
R4011527,O1144921,2024-06-07,Not as Expected,Refunded
R4011528,O1090144,2023-03-28,Not as Expected,Refunded
R4011529,O1037028,2024-03-08,Size Issue,Refunded
R4011530,O1158196,2025-11-11,Not as Expected,Refunded
R4011531,O1177229,2025-03-10,Damaged,Refunded
R4011532,O1139057,2024-08-09,Not as Expected,Refunded
R4011533,O1140521,2025-05-08,Damaged,Refunded
R4011534,O1046730,2023-04-04,Changed Mind,Refunded
R4011535,O1167107,2023-05-09,Not as Expected,Refunded
R4011536,O1036627,2024-12-20,Size Issue,Refunded
R4011537,O1024971,2025-08-31,Size Issue,Refunded
R4011538,O1014941,2024-03-13,Not as Expected,Refunded
R4011539,O1135713,2024-05-17,Size Issue,Refunded
R4011540,O1029454,2023-12-20,Damaged,Refunded
R4011541,O1104671,2024-08-15,Changed Mind,Refunded
R4011542,O1018867,2023-06-18,Size Issue,Refunded
R4011543,O1036675,2025-11-14,Damaged,Refunded
R4011544,O1042566,2025-12-29,Late Delivery,Refunded
R4011545,O1114308,2024-11-05,Damaged,Refunded
R4011546,O1033970,2024-03-22,Not as Expected,Refunded
R4011547,O1075290,2025-01-26,Size Issue,Refunded
R4011548,O1093217,2025-01-03,Not as Expected,Refunded
R4011549,O1164084,2023-09-19,Late Delivery,Refunded
R4011550,O1058144,2025-04-01,Not as Expected,Refunded
R4011551,O1019849,2025-02-18,Size Issue,Refunded
R4011552,O1142595,2023-11-26,Size Issue,Refunded
R4011553,O1038576,2024-04-11,Wrong Item,Refunded
R4011554,O1140441,2024-09-16,Damaged,Refunded
R4011555,O1002127,2025-03-17,Wrong Item,Refunded
R4011556,O1011455,2025-12-30,Late Delivery,Refunded
R4011557,O1146882,2025-03-24,Not as Expected,Refunded
R4011558,O1081302,2024-05-15,Changed Mind,Refunded
R4011559,O1157383,2025-08-14,Changed Mind,Refunded
R4011560,O1082395,2024-08-01,Not as Expected,Refunded
R4011561,O1162585,2025-05-28,Changed Mind,Processing
R4011562,O1091609,2025-03-30,Size Issue,Refunded
R4011563,O1161267,2023-10-09,Late Delivery,Refunded
R4011564,O1041989,2025-12-19,Wrong Item,Refunded
R4011565,O1131632,2024-08-19,Damaged,Refunded
R4011566,O1055789,2025-07-27,Wrong Item,Refunded
R4011567,O1053720,2024-01-11,Not as Expected,Refunded
R4011568,O1005560,2025-01-19,Late Delivery,Refunded
R4011569,O1073568,2025-10-13,Late Delivery,Refunded
R4011570,O1042346,2023-09-18,Damaged,Refunded
R4011571,O1055069,2025-03-02,Changed Mind,Refunded
R4011572,O1022221,2024-11-05,Not as Expected,Refunded
R4011573,O1133524,2024-07-03,Damaged,Refunded
R4011574,O1022367,2025-05-20,Size Issue,Refunded
R4011575,O1067960,2023-02-21,Damaged,Refunded
R4011576,O1042170,2023-11-16,Damaged,Refunded
R4011577,O1086216,2023-09-17,Not as Expected,Refunded
R4011578,O1110912,2024-11-30,Late Delivery,Refunded
R4011579,O1000183,2024-08-20,Size Issue,Refunded
R4011580,O1029476,2024-10-24,Wrong Item,Refunded
R4011581,O1080266,2023-02-26,Changed Mind,Refunded
R4011582,O1066286,2023-12-13,Not as Expected,Refunded
R4011583,O1108910,2025-11-04,Not as Expected,Refunded
R4011584,O1129073,2024-09-05,Not as Expected,Refunded
R4011585,O1026534,2023-05-20,Changed Mind,Refunded
R4011586,O1088397,2025-11-10,Wrong Item,Refunded
R4011587,O1061642,2024-10-17,Damaged,Refunded
R4011588,O1012553,2025-03-29,Size Issue,Refunded
R4011589,O1084185,2024-10-05,Not as Expected,Refunded
R4011590,O1038136,2023-05-28,Changed Mind,Refunded
R4011591,O1082484,2025-12-26,Changed Mind,Refunded
R4011592,O1179959,2024-06-28,Size Issue,Refunded
R4011593,O1144543,2024-09-12,Not as Expected,Refunded
R4011594,O1133643,2024-10-22,Changed Mind,Refunded
R4011595,O1095909,2023-08-18,Not as Expected,Processing
R4011596,O1042636,2023-12-09,Wrong Item,Refunded
R4011597,O1096547,2025-08-17,Not as Expected,Refunded
R4011598,O1099608,2024-01-13,Wrong Item,Refunded
R4011599,O1015658,2024-01-31,Not as Expected,Refunded
R4011600,O1134024,2023-03-05,Not as Expected,Refunded
R4011601,O1006449,2025-10-14,Late Delivery,Refunded
R4011602,O1124714,2025-04-21,Not as Expected,Refunded
R4011603,O1054353,2024-11-16,Late Delivery,Refunded
R4011604,O1020395,2025-10-15,Late Delivery,Processing
R4011605,O1015391,2025-06-15,Not as Expected,Refunded
R4011606,O1097398,2025-01-15,Size Issue,Refunded
R4011607,O1087803,2023-05-29,Changed Mind,Processing
R4011608,O1039062,2023-10-29,Late Delivery,Refunded
R4011609,O1114771,2023-07-18,Wrong Item,Refunded
R4011610,O1065687,2024-04-20,Size Issue,Refunded
R4011611,O1048701,2025-10-12,Changed Mind,Refunded
R4011612,O1102723,2024-03-25,Wrong Item,Refunded
R4011613,O1179376,2025-11-10,Size Issue,Processing
R4011614,O1068307,2025-07-09,Not as Expected,Refunded
R4011615,O1074327,2025-07-24,Not as Expected,Refunded
R4011616,O1102919,2025-02-26,Changed Mind,Refunded
R4011617,O1067406,2023-05-11,Damaged,Refunded
R4011618,O1105253,2025-09-09,Damaged,Refunded
R4011619,O1098320,2024-03-31,Damaged,Processing
R4011620,O1128684,2025-01-18,Not as Expected,Refunded
R4011621,O1088358,2025-01-23,Wrong Item,Refunded
R4011622,O1152623,2024-03-19,Wrong Item,Refunded
R4011623,O1153423,2023-08-25,Late Delivery,Refunded
R4011624,O1010956,2024-11-23,Damaged,Refunded
R4011625,O1123140,2025-03-19,Not as Expected,Refunded
R4011626,O1103133,2023-09-12,Not as Expected,Processing
R4011627,O1149584,2025-04-03,Damaged,Refunded
R4011628,O1064284,2023-02-25,Not as Expected,Refunded
R4011629,O1012203,2024-04-13,Late Delivery,Refunded
R4011630,O1143740,2024-03-31,Damaged,Refunded
R4011631,O1041759,2023-06-26,Wrong Item,Refunded
R4011632,O1144044,2024-05-05,Not as Expected,Refunded
R4011633,O1007465,2025-04-20,Wrong Item,Refunded
R4011634,O1121720,2025-11-13,Changed Mind,Refunded
R4011635,O1057165,2024-08-31,Damaged,Refunded
R4011636,O1111186,2023-04-21,Size Issue,Refunded
R4011637,O1069475,2025-05-17,Damaged,Refunded
R4011638,O1074731,2023-04-19,Not as Expected,Refunded
R4011639,O1078462,2024-12-23,Size Issue,Refunded
R4011640,O1024918,2024-07-14,Late Delivery,Processing
R4011641,O1164812,2024-07-06,Not as Expected,Refunded
R4011642,O1134314,2024-06-29,Changed Mind,Refunded
R4011643,O1038165,2025-07-02,Late Delivery,Refunded
R4011644,O1141116,2024-05-15,Changed Mind,Refunded
R4011645,O1125338,2024-08-23,Not as Expected,Refunded
R4011646,O1070690,2025-03-21,Damaged,Refunded
R4011647,O1000518,2023-11-10,Size Issue,Refunded
R4011648,O1172061,2024-08-31,Wrong Item,Refunded
R4011649,O1065592,2024-04-05,Changed Mind,Processing
R4011650,O1021958,2025-07-29,Not as Expected,Refunded
R4011651,O1067012,2025-01-26,Size Issue,Refunded
R4011652,O1050055,2023-05-21,Damaged,Refunded
R4011653,O1175988,2025-08-08,Size Issue,Refunded
R4011654,O1164367,2023-11-28,Not as Expected,Refunded
R4011655,O1168111,2024-10-02,Late Delivery,Processing
R4011656,O1011289,2025-01-21,Changed Mind,Refunded
R4011657,O1151808,2023-04-03,Not as Expected,Refunded
R4011658,O1122103,2024-02-10,Damaged,Refunded
R4011659,O1138643,2025-02-10,Not as Expected,Refunded
R4011660,O1030304,2024-09-24,Wrong Item,Refunded
R4011661,O1156837,2025-12-27,Changed Mind,Processing
R4011662,O1106866,2023-03-27,Not as Expected,Refunded
R4011663,O1149080,2024-03-17,Damaged,Refunded
R4011664,O1175490,2024-06-13,Not as Expected,Refunded
R4011665,O1100547,2023-09-10,Damaged,Processing
R4011666,O1075079,2025-12-23,Changed Mind,Refunded
R4011667,O1011463,2023-11-13,Damaged,Refunded
R4011668,O1053628,2024-09-13,Size Issue,Processing
R4011669,O1042181,2025-12-29,Changed Mind,Refunded
R4011670,O1023954,2024-08-10,Damaged,Refunded
R4011671,O1079420,2025-07-15,Size Issue,Refunded
R4011672,O1074841,2025-01-18,Damaged,Refunded
R4011673,O1081865,2025-01-12,Damaged,Refunded
R4011674,O1002635,2024-10-24,Size Issue,Refunded
R4011675,O1123700,2023-04-20,Not as Expected,Refunded
R4011676,O1151703,2024-09-21,Size Issue,Refunded
R4011677,O1115877,2024-10-01,Damaged,Refunded
R4011678,O1146455,2024-03-06,Not as Expected,Refunded
R4011679,O1006956,2025-05-02,Size Issue,Refunded
R4011680,O1123346,2025-05-11,Size Issue,Refunded
R4011681,O1114570,2023-10-15,Late Delivery,Refunded
R4011682,O1157107,2024-02-29,Late Delivery,Refunded
R4011683,O1010524,2025-02-15,Late Delivery,Refunded
R4011684,O1164284,2024-01-24,Late Delivery,Refunded
R4011685,O1065950,2023-09-27,Not as Expected,Refunded
R4011686,O1063757,2025-02-17,Changed Mind,Refunded
R4011687,O1098797,2025-10-19,Not as Expected,Refunded
R4011688,O1031744,2023-03-09,Wrong Item,Refunded
R4011689,O1130989,2023-05-03,Not as Expected,Refunded
R4011690,O1153384,2025-02-25,Damaged,Refunded
R4011691,O1135676,2024-04-16,Changed Mind,Refunded
R4011692,O1050782,2024-10-06,Damaged,Refunded
R4011693,O1080324,2023-10-15,Not as Expected,Refunded
R4011694,O1027288,2025-01-07,Not as Expected,Refunded
R4011695,O1086676,2025-11-15,Late Delivery,Refunded
R4011696,O1052627,2025-10-01,Size Issue,Refunded
R4011697,O1081468,2024-05-26,Size Issue,Refunded
R4011698,O1106835,2025-07-14,Not as Expected,Refunded
R4011699,O1008115,2023-08-06,Late Delivery,Processing
R4011700,O1066519,2024-03-25,Not as Expected,Refunded
R4011701,O1071703,2023-06-15,Late Delivery,Processing
R4011702,O1137447,2024-06-08,Changed Mind,Refunded
R4011703,O1064016,2024-11-24,Damaged,Refunded
R4011704,O1136760,2024-12-07,Not as Expected,Refunded
R4011705,O1074582,2023-06-18,Changed Mind,Refunded
R4011706,O1030503,2023-07-14,Not as Expected,Refunded
R4011707,O1009403,2023-05-17,Changed Mind,Refunded
R4011708,O1176463,2024-12-06,Damaged,Refunded
R4011709,O1142299,2023-05-10,Size Issue,Refunded
R4011710,O1073183,2024-09-01,Changed Mind,Refunded
R4011711,O1125212,2025-06-21,Not as Expected,Refunded
R4011712,O1019630,2025-01-03,Changed Mind,Refunded
R4011713,O1041596,2024-04-16,Damaged,Refunded
R4011714,O1148360,2025-07-05,Size Issue,Refunded
R4011715,O1121511,2024-05-19,Size Issue,Refunded
R4011716,O1166499,2024-03-23,Wrong Item,Refunded
R4011717,O1051739,2023-08-22,Wrong Item,Refunded
R4011718,O1033646,2025-07-17,Not as Expected,Refunded
R4011719,O1100196,2023-07-20,Changed Mind,Refunded
R4011720,O1073730,2025-01-28,Changed Mind,Refunded
R4011721,O1008194,2025-11-16,Not as Expected,Refunded
R4011722,O1059710,2025-03-10,Damaged,Refunded
R4011723,O1085088,2024-12-03,Not as Expected,Refunded
R4011724,O1025630,2025-06-19,Not as Expected,Refunded
R4011725,O1164866,2023-12-11,Not as Expected,Refunded
R4011726,O1016046,2025-12-13,Late Delivery,Refunded
R4011727,O1067951,2025-06-16,Damaged,Refunded
R4011728,O1084285,2023-08-13,Changed Mind,Processing
R4011729,O1151728,2024-08-03,Not as Expected,Refunded
R4011730,O1033548,2023-08-22,Size Issue,Refunded
R4011731,O1015792,2024-12-09,Damaged,Refunded
R4011732,O1072061,2024-05-25,Changed Mind,Processing
R4011733,O1112837,2023-08-28,Late Delivery,Refunded
R4011734,O1024370,2024-04-03,Changed Mind,Refunded
R4011735,O1016713,2023-12-31,Size Issue,Refunded
R4011736,O1149374,2024-09-22,Changed Mind,Refunded
R4011737,O1105642,2023-02-16,Late Delivery,Refunded
R4011738,O1099649,2024-06-14,Size Issue,Processing
R4011739,O1044453,2024-12-01,Changed Mind,Refunded
R4011740,O1046476,2024-06-01,Changed Mind,Refunded
R4011741,O1090779,2023-09-16,Size Issue,Refunded
R4011742,O1171544,2023-06-08,Changed Mind,Processing
R4011743,O1158185,2024-03-25,Changed Mind,Refunded
R4011744,O1021790,2023-09-15,Damaged,Refunded
R4011745,O1068540,2024-08-21,Not as Expected,Refunded
R4011746,O1133139,2023-08-31,Not as Expected,Refunded
R4011747,O1089461,2023-06-29,Not as Expected,Refunded
R4011748,O1064936,2023-10-24,Not as Expected,Refunded
R4011749,O1042717,2023-03-31,Not as Expected,Refunded
R4011750,O1054942,2023-05-18,Damaged,Refunded
R4011751,O1090970,2025-06-13,Not as Expected,Refunded
R4011752,O1146637,2024-05-11,Changed Mind,Refunded
R4011753,O1179745,2025-03-29,Damaged,Refunded
R4011754,O1103549,2023-08-24,Changed Mind,Refunded
R4011755,O1116617,2023-06-08,Wrong Item,Refunded
R4011756,O1010572,2024-09-07,Size Issue,Refunded
R4011757,O1068828,2025-10-22,Size Issue,Refunded
R4011758,O1067600,2025-06-21,Size Issue,Refunded
R4011759,O1116236,2023-06-22,Size Issue,Refunded
R4011760,O1019028,2024-09-28,Late Delivery,Refunded
R4011761,O1088691,2023-05-10,Late Delivery,Refunded
R4011762,O1126413,2025-09-01,Changed Mind,Refunded
R4011763,O1012365,2025-03-24,Damaged,Refunded
R4011764,O1020436,2024-09-09,Damaged,Refunded
R4011765,O1106206,2024-01-08,Size Issue,Refunded
R4011766,O1145129,2025-01-10,Damaged,Refunded
R4011767,O1125819,2025-09-04,Wrong Item,Refunded
R4011768,O1140717,2023-06-30,Wrong Item,Refunded
R4011769,O1034567,2024-12-07,Wrong Item,Refunded
R4011770,O1067507,2024-08-27,Changed Mind,Refunded
R4011771,O1081317,2024-07-27,Late Delivery,Refunded
R4011772,O1078672,2023-03-24,Not as Expected,Refunded
R4011773,O1006317,2025-11-27,Changed Mind,Refunded
R4011774,O1164345,2024-11-07,Damaged,Refunded
R4011775,O1140291,2024-06-26,Not as Expected,Refunded
R4011776,O1079570,2026-01-01,Late Delivery,Refunded
R4011777,O1004777,2025-06-12,Size Issue,Refunded
R4011778,O1124496,2023-07-26,Not as Expected,Refunded
R4011779,O1044612,2025-12-10,Damaged,Refunded
R4011780,O1160693,2025-04-23,Not as Expected,Refunded
R4011781,O1085525,2024-03-12,Not as Expected,Refunded
R4011782,O1126606,2025-04-11,Size Issue,Refunded
R4011783,O1037506,2023-01-16,Size Issue,Refunded
R4011784,O1038665,2023-03-03,Size Issue,Processing
R4011785,O1011574,2023-11-12,Damaged,Processing
R4011786,O1053098,2025-12-12,Wrong Item,Refunded
R4011787,O1064836,2025-08-27,Damaged,Refunded
R4011788,O1061601,2024-04-27,Size Issue,Refunded
R4011789,O1015898,2023-07-16,Size Issue,Refunded
R4011790,O1070767,2023-09-08,Size Issue,Refunded
R4011791,O1088724,2024-10-28,Late Delivery,Processing
R4011792,O1123730,2023-12-23,Not as Expected,Refunded
R4011793,O1131741,2025-08-21,Changed Mind,Refunded
R4011794,O1031760,2024-05-20,Not as Expected,Refunded
R4011795,O1160267,2024-12-23,Late Delivery,Refunded
R4011796,O1046355,2023-11-16,Changed Mind,Refunded
R4011797,O1058225,2024-01-14,Size Issue,Refunded
R4011798,O1114616,2025-09-01,Damaged,Refunded
R4011799,O1178754,2025-01-18,Not as Expected,Refunded
R4011800,O1068693,2025-09-26,Damaged,Refunded
R4011801,O1000029,2025-09-21,Changed Mind,Refunded
R4011802,O1172448,2023-05-28,Late Delivery,Refunded
R4011803,O1025675,2025-11-01,Size Issue,Refunded
R4011804,O1101621,2024-07-06,Size Issue,Refunded
R4011805,O1107307,2023-04-12,Changed Mind,Refunded
R4011806,O1060048,2024-02-27,Wrong Item,Refunded
R4011807,O1113718,2024-08-20,Damaged,Refunded
R4011808,O1043866,2025-12-11,Not as Expected,Refunded
R4011809,O1121630,2024-02-14,Changed Mind,Processing
R4011810,O1004172,2025-08-05,Not as Expected,Processing
R4011811,O1073184,2023-06-04,Damaged,Refunded
R4011812,O1016972,2025-08-16,Not as Expected,Refunded
R4011813,O1078165,2023-05-09,Size Issue,Refunded
R4011814,O1033037,2024-08-22,Wrong Item,Refunded
R4011815,O1132742,2023-07-18,Size Issue,Refunded
R4011816,O1153482,2023-02-27,Changed Mind,Refunded
R4011817,O1135125,2024-04-18,Not as Expected,Refunded
R4011818,O1001375,2025-10-27,Changed Mind,Refunded
R4011819,O1055394,2025-06-28,Damaged,Refunded
R4011820,O1132009,2024-10-09,Damaged,Refunded
R4011821,O1000894,2025-08-30,Damaged,Refunded
R4011822,O1145367,2025-06-13,Late Delivery,Refunded
R4011823,O1041532,2023-07-10,Size Issue,Refunded
R4011824,O1102093,2025-06-18,Late Delivery,Refunded
R4011825,O1179578,2025-09-28,Damaged,Refunded
R4011826,O1044982,2025-11-21,Not as Expected,Refunded
R4011827,O1156578,2025-10-03,Wrong Item,Refunded
R4011828,O1126962,2024-04-05,Damaged,Refunded
R4011829,O1115891,2024-01-24,Size Issue,Refunded
R4011830,O1125747,2025-10-13,Not as Expected,Refunded
R4011831,O1014385,2025-11-14,Not as Expected,Refunded
R4011832,O1106625,2024-05-30,Wrong Item,Refunded
R4011833,O1097070,2023-08-24,Not as Expected,Refunded
R4011834,O1057863,2024-05-06,Not as Expected,Refunded
R4011835,O1055334,2024-08-30,Changed Mind,Refunded
R4011836,O1055577,2023-03-21,Size Issue,Refunded
R4011837,O1117710,2025-12-17,Size Issue,Refunded
R4011838,O1150925,2025-02-21,Size Issue,Refunded
R4011839,O1145725,2024-10-07,Changed Mind,Refunded
R4011840,O1095602,2024-05-13,Not as Expected,Refunded
R4011841,O1096319,2024-01-22,Not as Expected,Refunded
R4011842,O1157995,2025-02-15,Wrong Item,Refunded
R4011843,O1169213,2025-04-15,Size Issue,Refunded
R4011844,O1173967,2023-10-31,Size Issue,Refunded
R4011845,O1169554,2025-11-05,Late Delivery,Refunded
R4011846,O1121911,2025-07-20,Wrong Item,Refunded
R4011847,O1093068,2023-02-04,Size Issue,Refunded
R4011848,O1057891,2023-01-18,Size Issue,Refunded
R4011849,O1064724,2024-10-12,Size Issue,Refunded
R4011850,O1173372,2023-04-15,Damaged,Refunded
R4011851,O1179862,2025-05-26,Size Issue,Refunded
R4011852,O1069696,2025-06-17,Damaged,Refunded
R4011853,O1053767,2025-07-26,Damaged,Refunded
R4011854,O1127555,2024-02-26,Changed Mind,Refunded
R4011855,O1105409,2024-11-07,Late Delivery,Processing
R4011856,O1111923,2024-04-12,Not as Expected,Refunded
R4011857,O1114578,2023-06-26,Late Delivery,Refunded
R4011858,O1088425,2023-06-20,Late Delivery,Refunded
R4011859,O1020711,2023-03-16,Damaged,Refunded
R4011860,O1099968,2025-06-15,Not as Expected,Refunded
R4011861,O1055389,2023-07-12,Changed Mind,Refunded
R4011862,O1127562,2023-01-08,Not as Expected,Refunded
R4011863,O1027647,2024-02-22,Not as Expected,Refunded
R4011864,O1101407,2023-08-19,Size Issue,Refunded
R4011865,O1045865,2024-04-08,Not as Expected,Refunded
R4011866,O1123682,2024-06-15,Damaged,Refunded
R4011867,O1089972,2024-06-22,Wrong Item,Refunded
R4011868,O1049584,2023-07-21,Wrong Item,Refunded
R4011869,O1014942,2025-02-01,Damaged,Refunded
R4011870,O1020795,2024-10-16,Changed Mind,Refunded
R4011871,O1170326,2023-04-08,Changed Mind,Refunded
R4011872,O1054662,2024-08-22,Size Issue,Refunded
R4011873,O1156498,2023-02-28,Not as Expected,Refunded
R4011874,O1127552,2025-04-30,Not as Expected,Refunded
R4011875,O1007350,2023-05-15,Wrong Item,Refunded
R4011876,O1083645,2024-03-11,Size Issue,Refunded
R4011877,O1042443,2024-10-26,Late Delivery,Refunded
R4011878,O1177401,2024-04-13,Late Delivery,Refunded
R4011879,O1077102,2023-06-05,Wrong Item,Refunded
R4011880,O1169371,2024-02-25,Not as Expected,Refunded
R4011881,O1062156,2024-09-25,Size Issue,Refunded
R4011882,O1176741,2025-04-08,Size Issue,Refunded
R4011883,O1137036,2023-07-20,Not as Expected,Refunded
R4011884,O1002724,2024-08-06,Wrong Item,Refunded
R4011885,O1000165,2025-09-02,Not as Expected,Refunded
R4011886,O1116786,2023-07-01,Wrong Item,Refunded
R4011887,O1140824,2024-03-17,Changed Mind,Refunded
R4011888,O1121608,2025-07-12,Late Delivery,Refunded
R4011889,O1127266,2023-03-14,Size Issue,Refunded
R4011890,O1097119,2023-07-19,Not as Expected,Refunded
R4011891,O1137554,2023-02-12,Not as Expected,Refunded
R4011892,O1022505,2023-01-31,Damaged,Refunded
R4011893,O1026225,2023-08-18,Size Issue,Refunded
R4011894,O1058872,2023-10-06,Wrong Item,Refunded
R4011895,O1128160,2024-08-04,Changed Mind,Refunded
R4011896,O1086764,2024-10-11,Late Delivery,Refunded
R4011897,O1159816,2025-03-31,Not as Expected,Refunded
R4011898,O1100852,2024-11-16,Late Delivery,Refunded
R4011899,O1110075,2025-07-22,Size Issue,Refunded
R4011900,O1078868,2024-11-13,Not as Expected,Refunded
R4011901,O1110196,2025-03-02,Changed Mind,Refunded
R4011902,O1102866,2024-04-13,Damaged,Processing
R4011903,O1072018,2025-12-25,Not as Expected,Refunded
R4011904,O1101236,2024-10-14,Changed Mind,Refunded
R4011905,O1075399,2026-01-10,Not as Expected,Refunded
R4011906,O1177486,2024-02-11,Not as Expected,Refunded
R4011907,O1013415,2023-02-13,Size Issue,Refunded
R4011908,O1061841,2024-01-28,Changed Mind,Refunded
R4011909,O1142192,2023-07-18,Changed Mind,Refunded
R4011910,O1052236,2024-09-02,Wrong Item,Refunded
R4011911,O1048887,2025-01-18,Late Delivery,Refunded
R4011912,O1179044,2025-01-09,Late Delivery,Refunded
R4011913,O1020255,2024-05-24,Wrong Item,Refunded
R4011914,O1162921,2024-01-29,Size Issue,Refunded
R4011915,O1039955,2023-02-01,Not as Expected,Refunded
R4011916,O1015568,2025-11-02,Late Delivery,Refunded
R4011917,O1078981,2024-01-07,Not as Expected,Refunded
R4011918,O1034232,2024-12-19,Changed Mind,Refunded
R4011919,O1085410,2023-08-02,Wrong Item,Refunded
R4011920,O1012430,2023-03-22,Size Issue,Refunded
R4011921,O1071564,2023-10-09,Size Issue,Processing
R4011922,O1045176,2024-11-26,Wrong Item,Refunded
R4011923,O1115949,2024-04-04,Not as Expected,Refunded
R4011924,O1078254,2025-07-16,Late Delivery,Refunded
R4011925,O1175316,2024-06-13,Wrong Item,Refunded
R4011926,O1017599,2024-09-03,Not as Expected,Refunded
R4011927,O1022628,2025-07-29,Damaged,Refunded
R4011928,O1042759,2025-12-16,Not as Expected,Refunded
R4011929,O1116475,2023-10-03,Wrong Item,Refunded
R4011930,O1069880,2024-01-01,Size Issue,Refunded
R4011931,O1071349,2023-05-31,Not as Expected,Refunded
R4011932,O1092762,2024-05-11,Damaged,Refunded
R4011933,O1109415,2023-04-28,Size Issue,Refunded
R4011934,O1054403,2025-07-18,Wrong Item,Refunded
R4011935,O1123009,2025-10-11,Changed Mind,Refunded
R4011936,O1085791,2023-02-05,Damaged,Refunded
R4011937,O1135643,2024-06-24,Damaged,Refunded
R4011938,O1114990,2025-09-05,Not as Expected,Refunded
R4011939,O1065743,2025-05-17,Not as Expected,Refunded
R4011940,O1064887,2024-08-04,Changed Mind,Refunded
R4011941,O1031305,2023-10-07,Not as Expected,Refunded
R4011942,O1006764,2025-02-02,Not as Expected,Refunded
R4011943,O1130675,2025-05-12,Damaged,Refunded
R4011944,O1002191,2023-11-02,Not as Expected,Refunded
R4011945,O1052271,2023-09-17,Size Issue,Refunded
R4011946,O1084965,2024-03-28,Not as Expected,Refunded
R4011947,O1028348,2024-01-18,Not as Expected,Refunded
R4011948,O1024607,2025-06-14,Not as Expected,Refunded
R4011949,O1037696,2025-03-02,Size Issue,Refunded
R4011950,O1179921,2024-01-20,Changed Mind,Refunded
R4011951,O1138980,2025-10-10,Damaged,Refunded
R4011952,O1139003,2023-03-03,Damaged,Refunded
R4011953,O1018348,2023-05-07,Changed Mind,Refunded
R4011954,O1086065,2025-12-17,Late Delivery,Refunded
R4011955,O1117077,2024-02-28,Wrong Item,Refunded
R4011956,O1045422,2023-01-20,Not as Expected,Refunded
R4011957,O1045131,2025-12-03,Not as Expected,Refunded
R4011958,O1175382,2024-10-25,Not as Expected,Refunded
R4011959,O1088288,2023-12-06,Not as Expected,Refunded
R4011960,O1140958,2024-10-05,Wrong Item,Refunded
R4011961,O1036956,2025-02-03,Damaged,Processing
R4011962,O1065811,2023-09-10,Late Delivery,Refunded
R4011963,O1039549,2023-06-19,Size Issue,Refunded
R4011964,O1093201,2023-07-31,Wrong Item,Refunded
R4011965,O1028726,2025-02-06,Size Issue,Refunded
R4011966,O1108732,2025-02-19,Damaged,Processing
R4011967,O1124086,2024-05-18,Not as Expected,Refunded
R4011968,O1097492,2024-08-02,Changed Mind,Refunded
R4011969,O1057021,2023-03-15,Size Issue,Refunded
R4011970,O1170985,2025-08-29,Damaged,Refunded
R4011971,O1075423,2023-12-09,Changed Mind,Refunded
R4011972,O1019133,2024-06-04,Not as Expected,Refunded
R4011973,O1024343,2024-01-06,Wrong Item,Refunded
R4011974,O1091012,2023-01-25,Not as Expected,Refunded
R4011975,O1016722,2025-11-15,Size Issue,Refunded
R4011976,O1053479,2023-02-01,Size Issue,Refunded
R4011977,O1035103,2024-04-11,Size Issue,Refunded
R4011978,O1112521,2025-11-20,Not as Expected,Refunded
R4011979,O1067241,2023-02-12,Size Issue,Refunded
R4011980,O1016688,2024-06-18,Not as Expected,Refunded
R4011981,O1126536,2023-07-31,Not as Expected,Refunded
R4011982,O1055775,2024-02-18,Not as Expected,Refunded
R4011983,O1042404,2025-09-19,Damaged,Refunded
R4011984,O1140194,2023-12-07,Wrong Item,Refunded
R4011985,O1094828,2023-05-12,Late Delivery,Refunded
R4011986,O1143812,2024-03-13,Changed Mind,Refunded
R4011987,O1134898,2023-05-09,Size Issue,Refunded
R4011988,O1131841,2024-02-28,Damaged,Refunded
R4011989,O1042991,2024-08-01,Damaged,Refunded
R4011990,O1045972,2025-12-18,Changed Mind,Processing
R4011991,O1093597,2024-12-14,Not as Expected,Refunded
R4011992,O1060539,2025-12-27,Late Delivery,Refunded
R4011993,O1159804,2023-07-29,Size Issue,Refunded
R4011994,O1128981,2025-12-25,Late Delivery,Refunded
R4011995,O1143936,2024-03-17,Wrong Item,Refunded
R4011996,O1057275,2025-01-13,Wrong Item,Refunded
R4011997,O1097903,2023-09-01,Damaged,Refunded
R4011998,O1131818,2024-03-03,Late Delivery,Refunded
R4011999,O1022922,2025-07-19,Wrong Item,Refunded
R4012000,O1131272,2024-12-02,Not as Expected,Refunded
R4012001,O1127155,2023-02-14,Late Delivery,Refunded
R4012002,O1111570,2025-02-18,Changed Mind,Refunded
R4012003,O1008207,2025-07-26,Damaged,Refunded
R4012004,O1034794,2024-12-19,Late Delivery,Refunded
R4012005,O1124697,2024-04-01,Changed Mind,Refunded
R4012006,O1003201,2025-07-31,Size Issue,Refunded
R4012007,O1149228,2025-08-19,Changed Mind,Refunded
R4012008,O1133519,2023-02-27,Wrong Item,Refunded
R4012009,O1122133,2024-04-19,Late Delivery,Refunded
R4012010,O1039122,2023-05-17,Size Issue,Refunded
R4012011,O1131823,2023-03-09,Damaged,Refunded
R4012012,O1100173,2024-03-14,Not as Expected,Refunded
R4012013,O1016207,2025-10-21,Wrong Item,Refunded
R4012014,O1143171,2024-08-23,Not as Expected,Refunded
R4012015,O1078678,2025-09-26,Late Delivery,Refunded
R4012016,O1164288,2025-02-13,Late Delivery,Refunded
R4012017,O1000752,2024-12-19,Damaged,Refunded
R4012018,O1013143,2023-09-14,Changed Mind,Refunded
R4012019,O1081850,2025-11-13,Not as Expected,Refunded
R4012020,O1040974,2025-11-24,Wrong Item,Refunded
R4012021,O1144421,2024-01-06,Late Delivery,Refunded
R4012022,O1039326,2023-05-13,Wrong Item,Refunded
R4012023,O1051836,2025-07-22,Damaged,Refunded
R4012024,O1141684,2024-07-31,Not as Expected,Refunded
R4012025,O1028438,2024-12-20,Size Issue,Refunded
R4012026,O1154795,2025-07-25,Late Delivery,Refunded
R4012027,O1153218,2023-05-26,Not as Expected,Refunded
R4012028,O1086893,2024-02-01,Wrong Item,Refunded
R4012029,O1061963,2025-02-18,Not as Expected,Refunded
R4012030,O1055874,2023-06-06,Not as Expected,Refunded
R4012031,O1153546,2025-02-02,Damaged,Refunded
R4012032,O1060369,2025-07-05,Damaged,Refunded
R4012033,O1058684,2025-03-28,Not as Expected,Refunded
R4012034,O1160862,2024-01-24,Not as Expected,Refunded
R4012035,O1143450,2023-11-08,Late Delivery,Refunded
R4012036,O1004726,2024-06-01,Damaged,Refunded
R4012037,O1041793,2023-10-07,Damaged,Refunded
R4012038,O1113998,2023-08-14,Not as Expected,Processing
R4012039,O1048693,2025-09-21,Late Delivery,Refunded
R4012040,O1044084,2023-10-05,Not as Expected,Refunded
R4012041,O1122225,2023-11-16,Wrong Item,Refunded
R4012042,O1030830,2025-12-16,Not as Expected,Refunded
R4012043,O1146955,2024-01-13,Not as Expected,Refunded
R4012044,O1105072,2024-12-09,Late Delivery,Refunded
R4012045,O1179596,2023-10-11,Size Issue,Refunded
R4012046,O1176544,2025-10-30,Changed Mind,Refunded
R4012047,O1011104,2024-09-13,Not as Expected,Processing
R4012048,O1104625,2025-03-22,Size Issue,Refunded
R4012049,O1053701,2025-07-24,Not as Expected,Refunded
R4012050,O1078763,2025-10-15,Late Delivery,Refunded
R4012051,O1052670,2024-05-03,Size Issue,Refunded
R4012052,O1154978,2024-08-31,Wrong Item,Refunded
R4012053,O1103420,2023-04-21,Late Delivery,Refunded
R4012054,O1136262,2023-05-26,Not as Expected,Refunded
R4012055,O1112412,2024-12-11,Not as Expected,Refunded
R4012056,O1153826,2025-09-11,Not as Expected,Refunded
R4012057,O1140655,2025-07-12,Not as Expected,Refunded
R4012058,O1142522,2023-08-11,Not as Expected,Refunded
R4012059,O1045591,2024-08-15,Damaged,Refunded
R4012060,O1111133,2025-06-28,Late Delivery,Refunded
R4012061,O1078791,2024-03-21,Wrong Item,Processing
R4012062,O1132510,2025-05-08,Damaged,Refunded
R4012063,O1054201,2025-01-17,Damaged,Refunded
R4012064,O1026361,2023-10-22,Size Issue,Refunded
R4012065,O1048776,2023-03-27,Not as Expected,Refunded
R4012066,O1040394,2024-08-19,Wrong Item,Processing
R4012067,O1044144,2023-09-01,Changed Mind,Refunded
R4012068,O1100375,2023-07-18,Damaged,Processing
R4012069,O1106916,2025-04-18,Late Delivery,Refunded
R4012070,O1039969,2023-02-11,Not as Expected,Refunded
R4012071,O1142206,2023-06-11,Damaged,Refunded
R4012072,O1083524,2023-09-20,Changed Mind,Refunded
R4012073,O1044368,2023-01-28,Late Delivery,Refunded
R4012074,O1115558,2025-03-11,Not as Expected,Refunded
R4012075,O1054969,2024-02-02,Size Issue,Refunded
R4012076,O1172956,2025-03-01,Not as Expected,Refunded
R4012077,O1160675,2025-08-12,Changed Mind,Refunded
R4012078,O1137077,2024-11-03,Not as Expected,Refunded
R4012079,O1161139,2024-03-02,Changed Mind,Refunded
R4012080,O1155417,2024-01-30,Wrong Item,Refunded
R4012081,O1131253,2023-11-03,Damaged,Refunded
R4012082,O1141570,2025-03-11,Not as Expected,Refunded
R4012083,O1087675,2025-02-19,Wrong Item,Refunded
R4012084,O1050542,2025-10-01,Late Delivery,Refunded
R4012085,O1153136,2025-01-17,Late Delivery,Refunded
R4012086,O1074200,2024-04-11,Size Issue,Refunded
R4012087,O1116338,2023-04-26,Wrong Item,Refunded
R4012088,O1136217,2023-01-22,Wrong Item,Refunded
R4012089,O1178743,2024-04-25,Damaged,Refunded
R4012090,O1120868,2025-06-02,Size Issue,Processing
R4012091,O1142606,2025-05-31,Damaged,Refunded
R4012092,O1074172,2025-04-28,Not as Expected,Refunded
R4012093,O1071670,2024-08-07,Damaged,Refunded
R4012094,O1160820,2025-12-26,Not as Expected,Refunded
R4012095,O1081416,2025-11-21,Wrong Item,Processing
R4012096,O1168584,2025-07-10,Wrong Item,Refunded
R4012097,O1125507,2023-02-23,Damaged,Refunded
R4012098,O1128544,2023-11-16,Not as Expected,Refunded
R4012099,O1105127,2024-04-02,Late Delivery,Refunded
R4012100,O1135335,2023-08-09,Damaged,Refunded
R4012101,O1074784,2024-01-24,Size Issue,Refunded
R4012102,O1153364,2023-04-07,Late Delivery,Refunded
R4012103,O1017461,2023-11-07,Not as Expected,Refunded
R4012104,O1105932,2024-02-03,Damaged,Refunded
R4012105,O1065933,2024-06-26,Size Issue,Refunded
R4012106,O1090768,2025-04-24,Late Delivery,Refunded
R4012107,O1175110,2023-03-01,Changed Mind,Refunded
R4012108,O1064093,2023-02-03,Late Delivery,Refunded
R4012109,O1102824,2023-07-12,Wrong Item,Refunded
R4012110,O1159896,2023-03-19,Damaged,Refunded
R4012111,O1171491,2024-06-03,Wrong Item,Refunded
R4012112,O1040377,2023-10-16,Damaged,Refunded
R4012113,O1071644,2025-12-04,Size Issue,Refunded
R4012114,O1022673,2025-07-27,Size Issue,Refunded
R4012115,O1099358,2024-01-22,Changed Mind,Refunded
R4012116,O1054275,2025-07-15,Late Delivery,Processing
R4012117,O1018824,2025-12-10,Size Issue,Refunded
R4012118,O1166257,2025-09-16,Damaged,Refunded
R4012119,O1113426,2024-03-27,Size Issue,Refunded
R4012120,O1064906,2024-09-21,Size Issue,Refunded
R4012121,O1060665,2025-02-12,Not as Expected,Refunded
R4012122,O1102550,2024-05-20,Late Delivery,Refunded
R4012123,O1167529,2024-01-10,Not as Expected,Refunded
R4012124,O1011199,2023-01-18,Size Issue,Processing
R4012125,O1067211,2023-01-20,Wrong Item,Refunded
R4012126,O1172928,2023-02-26,Wrong Item,Refunded
R4012127,O1016160,2025-03-28,Not as Expected,Refunded
R4012128,O1041674,2024-07-08,Changed Mind,Refunded
R4012129,O1169533,2025-09-13,Damaged,Refunded
R4012130,O1076215,2023-01-21,Late Delivery,Processing
R4012131,O1046447,2025-06-05,Late Delivery,Refunded
R4012132,O1025679,2025-01-10,Damaged,Refunded
R4012133,O1029162,2024-09-27,Damaged,Refunded
R4012134,O1123977,2023-03-12,Changed Mind,Refunded
R4012135,O1010649,2023-03-03,Damaged,Refunded
R4012136,O1119116,2024-05-02,Not as Expected,Refunded
R4012137,O1081080,2025-05-05,Changed Mind,Refunded
R4012138,O1177149,2023-03-19,Not as Expected,Refunded
R4012139,O1116363,2024-12-14,Damaged,Refunded
R4012140,O1140341,2023-03-21,Changed Mind,Refunded
R4012141,O1111546,2025-06-24,Damaged,Refunded
R4012142,O1068829,2025-10-12,Changed Mind,Refunded
R4012143,O1042383,2024-04-28,Changed Mind,Refunded
R4012144,O1010928,2025-05-15,Size Issue,Refunded
R4012145,O1171813,2024-11-03,Not as Expected,Refunded
R4012146,O1080095,2023-05-31,Changed Mind,Processing
R4012147,O1002236,2023-05-30,Not as Expected,Refunded
R4012148,O1136443,2024-04-28,Damaged,Refunded
R4012149,O1172612,2024-01-30,Not as Expected,Refunded
R4012150,O1178883,2023-08-07,Wrong Item,Refunded
R4012151,O1092088,2025-07-12,Late Delivery,Refunded
R4012152,O1043930,2025-02-25,Wrong Item,Refunded
R4012153,O1117032,2024-05-02,Not as Expected,Refunded
R4012154,O1082497,2025-04-29,Wrong Item,Refunded
R4012155,O1144554,2025-08-30,Changed Mind,Refunded
R4012156,O1017870,2025-10-12,Not as Expected,Refunded
R4012157,O1150585,2023-04-30,Wrong Item,Refunded
R4012158,O1139564,2025-10-16,Changed Mind,Refunded
R4012159,O1177554,2025-03-11,Not as Expected,Refunded
R4012160,O1120137,2023-07-05,Wrong Item,Refunded
R4012161,O1097420,2025-12-11,Changed Mind,Refunded
R4012162,O1068347,2024-08-18,Not as Expected,Processing
R4012163,O1099597,2023-11-08,Not as Expected,Refunded
R4012164,O1108824,2024-04-14,Not as Expected,Refunded
R4012165,O1032633,2024-09-17,Late Delivery,Refunded
R4012166,O1085993,2024-05-07,Damaged,Refunded
R4012167,O1087405,2024-03-28,Changed Mind,Refunded
R4012168,O1176340,2023-03-17,Not as Expected,Refunded
R4012169,O1006204,2025-12-30,Size Issue,Refunded
R4012170,O1098586,2025-10-18,Size Issue,Refunded
R4012171,O1037501,2024-07-10,Damaged,Refunded
R4012172,O1127748,2025-09-23,Wrong Item,Refunded
R4012173,O1062883,2024-12-18,Changed Mind,Refunded
R4012174,O1134784,2024-03-04,Not as Expected,Refunded
R4012175,O1007651,2023-03-20,Size Issue,Refunded
R4012176,O1108108,2023-12-12,Size Issue,Refunded
R4012177,O1073038,2023-07-03,Size Issue,Refunded
R4012178,O1097820,2023-05-02,Late Delivery,Refunded
R4012179,O1169403,2024-04-15,Wrong Item,Processing
R4012180,O1001693,2025-01-21,Not as Expected,Refunded
R4012181,O1168641,2024-05-23,Late Delivery,Refunded
R4012182,O1136665,2025-07-07,Not as Expected,Refunded
R4012183,O1042632,2024-07-22,Damaged,Refunded
R4012184,O1023656,2025-09-01,Late Delivery,Refunded
R4012185,O1072821,2025-05-09,Size Issue,Refunded
R4012186,O1105741,2023-09-01,Wrong Item,Refunded
R4012187,O1141523,2023-12-04,Wrong Item,Refunded
R4012188,O1028075,2025-12-19,Size Issue,Refunded
R4012189,O1118477,2023-09-21,Changed Mind,Refunded
R4012190,O1067496,2025-02-25,Damaged,Refunded
R4012191,O1140697,2023-06-23,Not as Expected,Refunded
R4012192,O1006461,2024-11-04,Not as Expected,Refunded
R4012193,O1162919,2025-03-09,Not as Expected,Refunded
R4012194,O1167014,2024-01-01,Late Delivery,Refunded
R4012195,O1164657,2025-07-09,Size Issue,Refunded
R4012196,O1108613,2024-03-03,Late Delivery,Refunded
R4012197,O1055052,2024-07-06,Late Delivery,Refunded
R4012198,O1046417,2023-09-24,Wrong Item,Refunded
R4012199,O1023359,2025-09-26,Late Delivery,Refunded
R4012200,O1021741,2023-12-24,Not as Expected,Refunded
R4012201,O1002878,2024-10-03,Wrong Item,Refunded
R4012202,O1154212,2023-06-28,Size Issue,Refunded
R4012203,O1026332,2025-04-22,Changed Mind,Refunded
R4012204,O1161025,2024-04-26,Not as Expected,Refunded
R4012205,O1018806,2023-12-05,Size Issue,Refunded
R4012206,O1081410,2024-10-21,Changed Mind,Refunded
R4012207,O1132928,2025-11-18,Changed Mind,Refunded
R4012208,O1101622,2025-11-12,Wrong Item,Refunded
R4012209,O1076252,2024-12-19,Not as Expected,Refunded
R4012210,O1104340,2024-11-28,Not as Expected,Refunded
R4012211,O1092995,2024-03-26,Not as Expected,Refunded
R4012212,O1127284,2023-11-24,Not as Expected,Refunded
R4012213,O1013874,2025-10-03,Wrong Item,Refunded
R4012214,O1004202,2024-04-21,Not as Expected,Refunded
R4012215,O1054596,2023-10-09,Changed Mind,Refunded
R4012216,O1099713,2024-10-03,Not as Expected,Refunded
R4012217,O1056861,2024-12-14,Size Issue,Refunded
R4012218,O1009915,2024-04-15,Late Delivery,Refunded
R4012219,O1159555,2024-06-29,Size Issue,Refunded
R4012220,O1004672,2024-06-10,Changed Mind,Refunded
R4012221,O1128624,2025-08-28,Size Issue,Refunded
R4012222,O1063894,2023-08-25,Late Delivery,Refunded
R4012223,O1082908,2025-06-24,Wrong Item,Refunded
R4012224,O1127878,2024-12-06,Not as Expected,Refunded
R4012225,O1091787,2023-08-18,Size Issue,Refunded
R4012226,O1128548,2024-07-05,Size Issue,Refunded
R4012227,O1039000,2023-02-21,Not as Expected,Refunded
R4012228,O1164281,2025-01-20,Not as Expected,Refunded
R4012229,O1112475,2025-05-14,Not as Expected,Refunded
R4012230,O1149198,2024-07-23,Size Issue,Refunded
R4012231,O1084441,2025-06-06,Not as Expected,Refunded
R4012232,O1055138,2024-02-12,Changed Mind,Refunded
R4012233,O1056357,2024-12-30,Size Issue,Refunded
R4012234,O1133735,2023-07-16,Damaged,Refunded
R4012235,O1116176,2025-06-26,Wrong Item,Refunded
R4012236,O1021982,2025-11-29,Not as Expected,Refunded
R4012237,O1036759,2023-01-18,Size Issue,Refunded
R4012238,O1086298,2025-12-02,Not as Expected,Refunded
R4012239,O1151168,2024-03-25,Changed Mind,Refunded
R4012240,O1045136,2024-04-03,Late Delivery,Refunded
R4012241,O1035533,2025-08-20,Size Issue,Refunded
R4012242,O1102806,2024-11-29,Late Delivery,Processing
R4012243,O1106989,2024-06-13,Size Issue,Refunded
R4012244,O1062808,2024-10-16,Not as Expected,Refunded
R4012245,O1082980,2023-05-18,Changed Mind,Refunded
R4012246,O1037079,2023-05-08,Not as Expected,Refunded
R4012247,O1154059,2023-10-27,Damaged,Processing
R4012248,O1008407,2023-11-20,Size Issue,Refunded
R4012249,O1001051,2023-10-20,Changed Mind,Refunded
R4012250,O1044915,2024-09-05,Not as Expected,Refunded
R4012251,O1109973,2024-04-28,Wrong Item,Refunded
R4012252,O1066396,2023-01-26,Damaged,Refunded
R4012253,O1148401,2024-12-12,Wrong Item,Refunded
R4012254,O1054916,2024-07-24,Damaged,Refunded
R4012255,O1142802,2023-09-17,Wrong Item,Refunded
R4012256,O1116920,2025-08-22,Size Issue,Processing
R4012257,O1014446,2023-09-22,Not as Expected,Refunded
R4012258,O1162979,2023-08-04,Damaged,Refunded
R4012259,O1173382,2025-01-15,Not as Expected,Refunded
R4012260,O1164409,2025-07-20,Size Issue,Refunded
R4012261,O1126623,2025-10-18,Damaged,Refunded
R4012262,O1133988,2023-04-13,Not as Expected,Refunded
R4012263,O1039053,2024-03-08,Not as Expected,Refunded
R4012264,O1170939,2024-09-18,Not as Expected,Refunded
R4012265,O1080724,2024-04-18,Not as Expected,Refunded
R4012266,O1104551,2025-11-18,Damaged,Refunded
R4012267,O1029396,2024-08-14,Changed Mind,Refunded
R4012268,O1025842,2023-04-25,Damaged,Refunded
R4012269,O1020288,2025-09-24,Late Delivery,Refunded
R4012270,O1074932,2023-12-04,Late Delivery,Refunded
R4012271,O1085270,2025-12-02,Size Issue,Refunded
R4012272,O1115072,2023-03-13,Not as Expected,Refunded
R4012273,O1030741,2025-04-27,Changed Mind,Refunded
R4012274,O1079525,2024-04-19,Not as Expected,Refunded
R4012275,O1003419,2025-05-25,Damaged,Refunded
R4012276,O1086678,2025-12-21,Size Issue,Refunded
R4012277,O1049106,2024-05-12,Wrong Item,Refunded
R4012278,O1174995,2025-12-16,Changed Mind,Refunded
R4012279,O1167366,2024-01-05,Late Delivery,Refunded
R4012280,O1048338,2025-03-27,Size Issue,Processing
R4012281,O1021422,2025-03-03,Late Delivery,Refunded
R4012282,O1010083,2025-06-07,Size Issue,Refunded
R4012283,O1162258,2023-09-06,Not as Expected,Refunded
R4012284,O1151433,2024-09-09,Changed Mind,Refunded
R4012285,O1038044,2024-02-19,Late Delivery,Refunded
R4012286,O1163113,2025-10-11,Changed Mind,Refunded
R4012287,O1170746,2025-05-16,Damaged,Refunded
R4012288,O1043966,2023-04-11,Late Delivery,Refunded
R4012289,O1129159,2023-11-20,Wrong Item,Refunded
R4012290,O1133538,2025-09-08,Not as Expected,Refunded
R4012291,O1176498,2025-09-10,Not as Expected,Processing
R4012292,O1133118,2023-04-19,Size Issue,Refunded
R4012293,O1057492,2025-05-08,Changed Mind,Refunded
R4012294,O1145013,2024-02-10,Size Issue,Refunded
R4012295,O1058587,2024-01-20,Wrong Item,Refunded
R4012296,O1046089,2025-01-29,Size Issue,Refunded
R4012297,O1108153,2025-04-26,Not as Expected,Refunded
R4012298,O1080341,2023-11-25,Size Issue,Refunded
R4012299,O1070839,2025-06-12,Size Issue,Refunded
R4012300,O1039634,2024-10-08,Late Delivery,Refunded
R4012301,O1105177,2025-08-18,Size Issue,Refunded
R4012302,O1013618,2023-11-15,Not as Expected,Refunded
R4012303,O1111397,2024-07-24,Size Issue,Refunded
R4012304,O1112214,2023-06-03,Late Delivery,Refunded
R4012305,O1066406,2023-07-19,Wrong Item,Refunded
R4012306,O1175719,2023-05-07,Wrong Item,Refunded
R4012307,O1032848,2024-01-10,Size Issue,Refunded
R4012308,O1003589,2025-03-01,Not as Expected,Refunded
R4012309,O1112245,2023-08-24,Wrong Item,Refunded
R4012310,O1029163,2024-03-05,Damaged,Refunded
R4012311,O1079237,2023-08-18,Changed Mind,Refunded
R4012312,O1155308,2023-07-04,Size Issue,Refunded
R4012313,O1141694,2023-06-10,Changed Mind,Refunded
R4012314,O1051793,2023-06-24,Damaged,Refunded
R4012315,O1061439,2024-11-18,Changed Mind,Refunded
R4012316,O1034730,2024-06-25,Not as Expected,Refunded
R4012317,O1082567,2025-12-18,Wrong Item,Refunded
R4012318,O1174408,2023-03-17,Not as Expected,Refunded
R4012319,O1080675,2025-02-09,Not as Expected,Refunded
R4012320,O1084359,2024-06-11,Size Issue,Processing
R4012321,O1107641,2023-10-23,Late Delivery,Refunded
R4012322,O1149975,2023-08-15,Size Issue,Refunded
R4012323,O1047687,2023-01-27,Damaged,Refunded
R4012324,O1111428,2025-04-26,Not as Expected,Refunded
R4012325,O1000828,2023-04-13,Not as Expected,Refunded
R4012326,O1013699,2023-03-17,Wrong Item,Refunded
R4012327,O1013722,2024-02-02,Size Issue,Refunded
R4012328,O1071169,2025-07-08,Not as Expected,Refunded
R4012329,O1050765,2025-03-28,Not as Expected,Refunded
R4012330,O1101578,2024-11-29,Not as Expected,Refunded
R4012331,O1160671,2023-12-16,Wrong Item,Refunded
R4012332,O1001640,2023-07-07,Not as Expected,Refunded
R4012333,O1021072,2023-02-07,Damaged,Refunded
R4012334,O1029671,2024-04-28,Damaged,Refunded
R4012335,O1030221,2024-03-12,Wrong Item,Refunded
R4012336,O1120060,2025-11-10,Not as Expected,Refunded
R4012337,O1001303,2023-03-20,Size Issue,Refunded
R4012338,O1135007,2025-09-26,Wrong Item,Refunded
R4012339,O1157614,2024-01-16,Changed Mind,Refunded
R4012340,O1179417,2023-06-21,Wrong Item,Refunded
R4012341,O1073664,2023-04-06,Not as Expected,Refunded
R4012342,O1130007,2023-04-28,Late Delivery,Refunded
R4012343,O1092579,2024-08-11,Late Delivery,Refunded
R4012344,O1006744,2023-10-04,Not as Expected,Refunded
R4012345,O1087811,2025-12-13,Wrong Item,Refunded
R4012346,O1128393,2024-08-26,Damaged,Refunded
R4012347,O1049429,2024-03-31,Wrong Item,Refunded
R4012348,O1046915,2024-01-13,Size Issue,Refunded
R4012349,O1072510,2024-07-26,Not as Expected,Refunded
R4012350,O1079333,2024-05-27,Size Issue,Refunded
R4012351,O1173315,2023-04-01,Changed Mind,Refunded
R4012352,O1026752,2023-08-05,Wrong Item,Refunded
R4012353,O1080203,2025-04-19,Size Issue,Refunded
R4012354,O1074461,2023-01-16,Damaged,Refunded
R4012355,O1005448,2025-02-01,Not as Expected,Refunded
R4012356,O1133774,2023-07-24,Damaged,Refunded
R4012357,O1028712,2025-03-27,Not as Expected,Refunded
R4012358,O1090194,2024-09-08,Late Delivery,Refunded
R4012359,O1021818,2023-12-31,Not as Expected,Refunded
R4012360,O1003846,2024-11-15,Late Delivery,Refunded
R4012361,O1013238,2025-08-17,Wrong Item,Refunded
R4012362,O1157268,2025-01-30,Wrong Item,Refunded
R4012363,O1144288,2023-03-21,Late Delivery,Refunded
R4012364,O1034344,2025-11-11,Changed Mind,Refunded
R4012365,O1053340,2024-09-14,Wrong Item,Refunded
R4012366,O1054316,2023-12-14,Late Delivery,Refunded
R4012367,O1127766,2024-08-20,Not as Expected,Refunded
R4012368,O1149987,2023-08-22,Wrong Item,Refunded
R4012369,O1148000,2023-06-05,Not as Expected,Refunded
R4012370,O1115698,2025-05-30,Late Delivery,Refunded
R4012371,O1158856,2023-05-07,Size Issue,Refunded
R4012372,O1138732,2023-08-02,Changed Mind,Refunded
R4012373,O1097426,2025-09-09,Size Issue,Refunded
R4012374,O1070119,2023-12-25,Wrong Item,Refunded
R4012375,O1115740,2025-07-04,Changed Mind,Refunded
R4012376,O1154555,2023-02-04,Late Delivery,Refunded
R4012377,O1172576,2024-08-12,Changed Mind,Refunded
R4012378,O1121280,2023-11-13,Damaged,Refunded
R4012379,O1165158,2024-03-17,Late Delivery,Refunded
R4012380,O1128965,2024-10-10,Not as Expected,Refunded
R4012381,O1025888,2025-04-05,Not as Expected,Refunded
R4012382,O1061579,2023-07-20,Size Issue,Refunded
R4012383,O1016438,2023-06-25,Not as Expected,Refunded
R4012384,O1162652,2025-12-23,Not as Expected,Refunded
R4012385,O1119371,2024-05-02,Not as Expected,Processing
R4012386,O1088887,2025-08-02,Damaged,Refunded
R4012387,O1101123,2025-09-28,Changed Mind,Refunded
R4012388,O1103512,2023-02-05,Not as Expected,Refunded
R4012389,O1022865,2023-12-17,Late Delivery,Refunded
R4012390,O1005218,2024-02-29,Not as Expected,Refunded
R4012391,O1165896,2023-11-26,Late Delivery,Refunded
R4012392,O1026285,2023-12-08,Late Delivery,Refunded
R4012393,O1035114,2024-06-04,Changed Mind,Refunded
R4012394,O1150224,2025-05-03,Damaged,Refunded
R4012395,O1085073,2023-12-08,Wrong Item,Refunded
R4012396,O1072956,2023-02-28,Wrong Item,Refunded
R4012397,O1159131,2023-03-27,Late Delivery,Refunded
R4012398,O1002668,2025-01-18,Damaged,Refunded
R4012399,O1163243,2025-01-08,Not as Expected,Refunded
R4012400,O1002251,2024-08-10,Late Delivery,Refunded
R4012401,O1142491,2024-09-10,Size Issue,Refunded
R4012402,O1042850,2024-04-03,Damaged,Refunded
R4012403,O1026627,2024-01-20,Not as Expected,Refunded
R4012404,O1078520,2023-06-25,Not as Expected,Processing
R4012405,O1105126,2025-12-05,Not as Expected,Refunded
R4012406,O1171189,2024-02-14,Changed Mind,Refunded
R4012407,O1039360,2025-08-28,Changed Mind,Processing
R4012408,O1073770,2024-04-25,Wrong Item,Refunded
R4012409,O1042623,2023-08-07,Changed Mind,Refunded
R4012410,O1101208,2025-11-10,Changed Mind,Refunded
R4012411,O1175903,2025-06-04,Changed Mind,Refunded
R4012412,O1101022,2024-04-26,Late Delivery,Refunded
R4012413,O1035101,2024-11-11,Not as Expected,Refunded
R4012414,O1091251,2025-06-04,Not as Expected,Refunded
R4012415,O1007113,2025-03-06,Changed Mind,Refunded
R4012416,O1004605,2025-11-02,Not as Expected,Refunded
R4012417,O1024981,2023-05-10,Not as Expected,Refunded
R4012418,O1009561,2023-08-30,Damaged,Refunded
R4012419,O1177322,2025-02-26,Damaged,Refunded
R4012420,O1090010,2025-09-05,Wrong Item,Refunded
R4012421,O1004182,2025-04-26,Size Issue,Processing
R4012422,O1153402,2025-12-14,Changed Mind,Refunded
R4012423,O1089074,2025-04-21,Size Issue,Refunded
R4012424,O1173165,2023-03-11,Wrong Item,Processing
R4012425,O1080277,2023-05-10,Changed Mind,Refunded
R4012426,O1081588,2023-11-06,Not as Expected,Processing
R4012427,O1173094,2023-10-08,Not as Expected,Refunded
R4012428,O1065096,2023-10-16,Not as Expected,Refunded
R4012429,O1075328,2024-09-13,Late Delivery,Refunded
R4012430,O1038695,2025-11-04,Damaged,Refunded
R4012431,O1117159,2023-11-06,Damaged,Refunded
R4012432,O1058052,2025-04-02,Changed Mind,Refunded
R4012433,O1027018,2024-05-21,Wrong Item,Processing
R4012434,O1096609,2023-04-17,Not as Expected,Refunded
R4012435,O1108264,2025-11-11,Size Issue,Refunded
R4012436,O1077697,2024-08-15,Size Issue,Refunded
R4012437,O1075809,2023-06-13,Late Delivery,Refunded
R4012438,O1118930,2024-07-05,Damaged,Refunded
R4012439,O1047680,2023-05-15,Changed Mind,Refunded
R4012440,O1154296,2025-01-14,Size Issue,Refunded
R4012441,O1052289,2024-01-24,Not as Expected,Refunded
R4012442,O1031631,2023-02-27,Not as Expected,Refunded
R4012443,O1175016,2025-06-03,Wrong Item,Refunded
R4012444,O1090340,2025-08-20,Not as Expected,Refunded
R4012445,O1028425,2024-06-09,Late Delivery,Refunded
R4012446,O1038398,2023-12-14,Size Issue,Refunded
R4012447,O1045827,2023-04-09,Not as Expected,Refunded
R4012448,O1137743,2024-10-17,Changed Mind,Processing
R4012449,O1142438,2024-02-19,Damaged,Refunded
R4012450,O1094729,2025-03-25,Damaged,Refunded
R4012451,O1169217,2023-07-23,Not as Expected,Refunded
R4012452,O1082000,2024-08-23,Changed Mind,Refunded
R4012453,O1120035,2024-07-15,Size Issue,Refunded
R4012454,O1177781,2023-07-19,Wrong Item,Refunded
R4012455,O1026061,2024-01-10,Changed Mind,Refunded
R4012456,O1046808,2024-06-30,Not as Expected,Refunded
R4012457,O1008674,2024-02-27,Damaged,Refunded
R4012458,O1179120,2025-03-24,Damaged,Refunded
R4012459,O1039215,2023-09-08,Late Delivery,Refunded
R4012460,O1143949,2025-03-02,Changed Mind,Refunded
R4012461,O1177911,2025-01-08,Size Issue,Refunded
R4012462,O1042177,2025-03-01,Late Delivery,Refunded
R4012463,O1145314,2025-03-16,Changed Mind,Refunded
R4012464,O1084257,2023-04-18,Not as Expected,Refunded
R4012465,O1046117,2023-10-24,Size Issue,Refunded
R4012466,O1122387,2023-04-13,Not as Expected,Refunded
R4012467,O1063558,2025-11-10,Late Delivery,Refunded
R4012468,O1079228,2025-01-12,Not as Expected,Refunded
R4012469,O1166909,2025-10-18,Changed Mind,Refunded
R4012470,O1177710,2024-03-22,Size Issue,Refunded
R4012471,O1004419,2025-12-05,Damaged,Refunded
R4012472,O1144570,2025-01-31,Wrong Item,Refunded
R4012473,O1153577,2023-05-06,Size Issue,Refunded
R4012474,O1002520,2024-09-16,Wrong Item,Refunded
R4012475,O1106678,2024-04-17,Wrong Item,Refunded
R4012476,O1085787,2023-04-21,Not as Expected,Refunded
R4012477,O1042011,2023-11-06,Wrong Item,Refunded
R4012478,O1102034,2023-06-28,Size Issue,Refunded
R4012479,O1162245,2024-07-17,Wrong Item,Refunded
R4012480,O1075053,2024-06-22,Not as Expected,Refunded
R4012481,O1140583,2025-05-11,Changed Mind,Refunded
R4012482,O1057440,2024-01-08,Wrong Item,Processing
R4012483,O1051466,2023-10-08,Wrong Item,Refunded
R4012484,O1162432,2023-10-07,Size Issue,Refunded
R4012485,O1170426,2024-12-06,Late Delivery,Refunded
R4012486,O1116962,2023-11-14,Size Issue,Refunded
R4012487,O1055415,2024-05-05,Wrong Item,Refunded
R4012488,O1002270,2024-12-29,Late Delivery,Refunded
R4012489,O1047444,2023-09-13,Not as Expected,Refunded
R4012490,O1048358,2025-06-27,Damaged,Refunded
R4012491,O1085717,2024-03-21,Size Issue,Refunded
R4012492,O1169104,2025-08-10,Changed Mind,Refunded
R4012493,O1127411,2023-10-10,Late Delivery,Refunded
R4012494,O1132342,2023-06-13,Damaged,Refunded
R4012495,O1018161,2025-03-03,Wrong Item,Refunded
R4012496,O1147942,2025-07-27,Late Delivery,Refunded
R4012497,O1126552,2024-02-28,Not as Expected,Refunded
R4012498,O1028668,2025-05-02,Late Delivery,Refunded
R4012499,O1010356,2023-11-08,Not as Expected,Refunded
R4012500,O1089926,2025-08-07,Not as Expected,Refunded
R4012501,O1002272,2024-11-16,Wrong Item,Processing
R4012502,O1107766,2024-12-12,Size Issue,Refunded
R4012503,O1052709,2025-09-09,Late Delivery,Refunded
R4012504,O1106291,2023-11-14,Changed Mind,Refunded
R4012505,O1159385,2025-11-13,Damaged,Refunded
R4012506,O1151466,2024-08-06,Not as Expected,Refunded
R4012507,O1149967,2025-01-18,Changed Mind,Processing
R4012508,O1151293,2023-04-16,Changed Mind,Refunded
R4012509,O1063970,2025-12-04,Not as Expected,Refunded
R4012510,O1109316,2024-02-18,Damaged,Refunded
R4012511,O1131444,2025-01-09,Changed Mind,Refunded
R4012512,O1081061,2025-08-01,Wrong Item,Refunded
R4012513,O1110997,2025-03-09,Wrong Item,Refunded
R4012514,O1045516,2024-06-26,Wrong Item,Refunded
R4012515,O1154361,2023-07-26,Wrong Item,Refunded
R4012516,O1070137,2025-01-19,Wrong Item,Refunded
R4012517,O1125150,2025-09-03,Size Issue,Refunded
R4012518,O1104289,2024-04-29,Changed Mind,Refunded
R4012519,O1079820,2023-06-04,Damaged,Refunded
R4012520,O1039692,2024-02-06,Not as Expected,Refunded
R4012521,O1013000,2024-07-10,Not as Expected,Refunded
R4012522,O1154947,2025-10-21,Not as Expected,Refunded
R4012523,O1134959,2023-08-06,Changed Mind,Refunded
R4012524,O1176130,2023-12-08,Damaged,Processing
R4012525,O1157092,2023-12-16,Size Issue,Refunded
R4012526,O1022267,2025-08-20,Size Issue,Refunded
R4012527,O1029436,2025-04-09,Damaged,Refunded
R4012528,O1089525,2023-04-08,Changed Mind,Refunded
R4012529,O1009644,2025-06-22,Changed Mind,Refunded
R4012530,O1030945,2025-01-06,Wrong Item,Refunded
R4012531,O1056326,2024-09-04,Damaged,Refunded
R4012532,O1167167,2023-04-13,Changed Mind,Refunded
R4012533,O1095045,2024-01-20,Not as Expected,Refunded
R4012534,O1093445,2025-04-05,Not as Expected,Refunded
R4012535,O1049217,2025-06-01,Late Delivery,Refunded
R4012536,O1002796,2024-07-22,Wrong Item,Refunded
R4012537,O1072482,2024-07-29,Wrong Item,Refunded
R4012538,O1138083,2023-07-18,Damaged,Refunded
R4012539,O1035634,2025-08-05,Size Issue,Processing
R4012540,O1008343,2025-11-08,Not as Expected,Refunded
R4012541,O1010418,2023-10-03,Wrong Item,Refunded
R4012542,O1060749,2023-11-24,Size Issue,Refunded
R4012543,O1130804,2025-04-08,Not as Expected,Refunded
R4012544,O1155945,2023-12-30,Not as Expected,Refunded
R4012545,O1007259,2024-04-01,Wrong Item,Refunded
R4012546,O1109190,2025-03-16,Late Delivery,Refunded
R4012547,O1019157,2025-02-25,Not as Expected,Refunded
R4012548,O1138001,2025-08-04,Damaged,Refunded
R4012549,O1154774,2023-04-24,Size Issue,Refunded
R4012550,O1067494,2024-10-03,Size Issue,Refunded
R4012551,O1136678,2025-01-09,Wrong Item,Refunded
R4012552,O1061453,2023-10-02,Size Issue,Refunded
R4012553,O1116364,2024-03-06,Size Issue,Refunded
R4012554,O1088689,2025-01-17,Size Issue,Refunded
R4012555,O1122836,2025-02-15,Late Delivery,Processing
R4012556,O1074757,2024-03-03,Changed Mind,Refunded
R4012557,O1019809,2025-07-10,Wrong Item,Processing
R4012558,O1027027,2023-02-19,Not as Expected,Processing
R4012559,O1027782,2023-03-21,Late Delivery,Refunded
R4012560,O1120105,2024-08-21,Size Issue,Refunded
R4012561,O1076970,2023-08-18,Wrong Item,Refunded
R4012562,O1014137,2025-10-04,Size Issue,Refunded
R4012563,O1170886,2023-08-02,Size Issue,Refunded
R4012564,O1028708,2023-06-18,Not as Expected,Refunded
R4012565,O1100724,2023-02-01,Size Issue,Refunded
R4012566,O1066098,2024-08-12,Size Issue,Refunded
R4012567,O1055288,2023-12-01,Damaged,Refunded
R4012568,O1135740,2025-10-03,Damaged,Refunded
R4012569,O1055134,2025-07-08,Damaged,Processing
R4012570,O1013169,2025-02-10,Wrong Item,Refunded
R4012571,O1119673,2023-03-06,Changed Mind,Refunded
R4012572,O1003620,2023-06-20,Late Delivery,Refunded
R4012573,O1121359,2025-07-16,Late Delivery,Refunded
R4012574,O1172009,2023-08-04,Changed Mind,Refunded
R4012575,O1098578,2023-04-02,Damaged,Refunded
R4012576,O1078341,2024-12-14,Late Delivery,Refunded
R4012577,O1082329,2025-07-04,Damaged,Refunded
R4012578,O1077071,2024-10-13,Size Issue,Refunded
R4012579,O1096086,2025-01-03,Late Delivery,Refunded
R4012580,O1071751,2024-08-28,Size Issue,Refunded
R4012581,O1144310,2023-11-14,Late Delivery,Refunded
R4012582,O1095344,2024-07-13,Not as Expected,Refunded
R4012583,O1086074,2024-02-27,Wrong Item,Refunded
R4012584,O1054531,2025-11-05,Not as Expected,Refunded
R4012585,O1036265,2024-05-21,Wrong Item,Refunded
R4012586,O1036620,2025-01-15,Late Delivery,Processing
R4012587,O1116219,2023-11-11,Size Issue,Refunded
R4012588,O1013858,2024-07-07,Not as Expected,Refunded
R4012589,O1093214,2024-01-06,Not as Expected,Refunded
R4012590,O1139848,2025-11-27,Wrong Item,Refunded
R4012591,O1144445,2023-08-21,Wrong Item,Refunded
R4012592,O1078479,2025-01-05,Changed Mind,Refunded
R4012593,O1090267,2025-03-22,Size Issue,Refunded
R4012594,O1058866,2025-08-24,Damaged,Refunded
R4012595,O1022393,2025-10-02,Damaged,Refunded
R4012596,O1026902,2024-03-16,Changed Mind,Refunded
R4012597,O1103113,2025-06-05,Not as Expected,Refunded
R4012598,O1107763,2023-05-30,Not as Expected,Refunded
R4012599,O1046539,2023-05-19,Wrong Item,Refunded
R4012600,O1012888,2024-02-25,Late Delivery,Refunded
R4012601,O1130378,2023-04-12,Late Delivery,Refunded
R4012602,O1101222,2023-10-15,Size Issue,Refunded
R4012603,O1088218,2024-05-02,Damaged,Processing
R4012604,O1150910,2024-12-01,Size Issue,Refunded
R4012605,O1140926,2024-06-20,Not as Expected,Refunded
R4012606,O1135392,2025-03-04,Late Delivery,Processing
R4012607,O1139097,2024-08-06,Not as Expected,Refunded
R4012608,O1094559,2023-09-25,Size Issue,Refunded
R4012609,O1038802,2023-01-14,Damaged,Refunded
R4012610,O1049513,2023-04-18,Size Issue,Refunded
R4012611,O1108856,2025-04-08,Size Issue,Refunded
R4012612,O1073979,2025-08-04,Size Issue,Refunded
R4012613,O1014743,2023-06-29,Changed Mind,Refunded
R4012614,O1134066,2025-05-15,Wrong Item,Refunded
R4012615,O1116641,2025-05-08,Wrong Item,Refunded
R4012616,O1045718,2025-05-10,Damaged,Refunded
R4012617,O1073034,2023-10-21,Not as Expected,Refunded
R4012618,O1132398,2023-10-06,Not as Expected,Refunded
R4012619,O1018085,2025-10-15,Late Delivery,Refunded
R4012620,O1019250,2025-02-13,Changed Mind,Refunded
R4012621,O1057737,2025-08-30,Not as Expected,Refunded
R4012622,O1152305,2025-11-16,Size Issue,Refunded
R4012623,O1042857,2023-11-23,Late Delivery,Refunded
R4012624,O1114214,2023-12-09,Late Delivery,Refunded
R4012625,O1008886,2024-03-07,Not as Expected,Refunded
R4012626,O1079433,2024-07-09,Damaged,Refunded
R4012627,O1166852,2024-05-28,Size Issue,Refunded
R4012628,O1111907,2023-07-07,Wrong Item,Processing
R4012629,O1168592,2024-02-14,Not as Expected,Refunded
R4012630,O1008302,2025-09-14,Size Issue,Refunded
R4012631,O1165857,2024-06-04,Not as Expected,Refunded
R4012632,O1026874,2023-12-11,Changed Mind,Refunded
R4012633,O1130555,2024-07-13,Damaged,Refunded
R4012634,O1121001,2025-10-28,Damaged,Refunded
R4012635,O1081342,2023-05-31,Changed Mind,Refunded
R4012636,O1033305,2024-09-26,Not as Expected,Refunded
R4012637,O1137146,2023-12-31,Not as Expected,Refunded
R4012638,O1045438,2025-08-27,Changed Mind,Refunded
R4012639,O1130457,2023-05-08,Late Delivery,Refunded
R4012640,O1062240,2023-12-09,Changed Mind,Refunded
R4012641,O1097334,2023-10-17,Size Issue,Refunded
R4012642,O1082001,2023-02-14,Size Issue,Refunded
R4012643,O1142695,2025-07-21,Size Issue,Refunded
R4012644,O1048110,2025-07-27,Not as Expected,Refunded
R4012645,O1040689,2023-02-08,Not as Expected,Refunded
R4012646,O1045802,2023-02-02,Not as Expected,Refunded
R4012647,O1005793,2023-12-05,Wrong Item,Refunded
R4012648,O1172444,2025-03-28,Late Delivery,Refunded
R4012649,O1131845,2025-11-08,Size Issue,Processing
R4012650,O1015653,2024-12-14,Changed Mind,Refunded
R4012651,O1027009,2025-11-08,Damaged,Refunded
R4012652,O1117859,2023-11-30,Late Delivery,Refunded
R4012653,O1105479,2024-07-13,Wrong Item,Refunded
R4012654,O1155618,2025-05-13,Damaged,Refunded
R4012655,O1159621,2023-07-25,Late Delivery,Refunded
R4012656,O1144864,2023-07-20,Changed Mind,Refunded
R4012657,O1169912,2023-01-18,Damaged,Refunded
R4012658,O1027963,2023-07-03,Damaged,Refunded
R4012659,O1128137,2023-09-20,Damaged,Processing
R4012660,O1160828,2025-05-30,Not as Expected,Refunded
R4012661,O1162312,2025-07-30,Not as Expected,Refunded
R4012662,O1038884,2025-11-19,Wrong Item,Refunded
R4012663,O1046477,2025-11-23,Not as Expected,Refunded
R4012664,O1100294,2024-12-26,Not as Expected,Refunded
R4012665,O1096224,2024-08-11,Not as Expected,Refunded
R4012666,O1042765,2023-04-11,Wrong Item,Refunded
R4012667,O1073272,2025-01-31,Late Delivery,Refunded
R4012668,O1067618,2023-11-29,Wrong Item,Refunded
R4012669,O1169804,2025-12-07,Not as Expected,Refunded
R4012670,O1170643,2023-10-23,Size Issue,Refunded
R4012671,O1080383,2023-04-11,Damaged,Refunded
R4012672,O1168197,2025-02-10,Damaged,Processing
R4012673,O1134549,2025-05-14,Damaged,Refunded
R4012674,O1132252,2024-02-05,Not as Expected,Refunded
R4012675,O1083229,2024-01-21,Not as Expected,Refunded
R4012676,O1011351,2023-01-10,Size Issue,Refunded
R4012677,O1174709,2024-01-01,Damaged,Refunded
R4012678,O1100091,2024-12-10,Late Delivery,Refunded
R4012679,O1147637,2023-02-10,Size Issue,Refunded
R4012680,O1004345,2023-11-08,Wrong Item,Refunded
R4012681,O1010736,2024-09-01,Size Issue,Refunded
R4012682,O1017136,2025-06-19,Damaged,Refunded
R4012683,O1075170,2023-08-15,Damaged,Refunded
R4012684,O1101771,2025-06-17,Not as Expected,Refunded
R4012685,O1119901,2025-02-19,Changed Mind,Refunded
R4012686,O1166035,2023-09-06,Not as Expected,Refunded
R4012687,O1026649,2023-12-15,Size Issue,Refunded
R4012688,O1034557,2024-02-18,Wrong Item,Refunded
R4012689,O1126958,2024-12-25,Not as Expected,Refunded
R4012690,O1115827,2025-03-05,Wrong Item,Refunded
R4012691,O1130445,2023-02-11,Late Delivery,Refunded
R4012692,O1105292,2025-09-16,Not as Expected,Refunded
R4012693,O1120795,2023-04-15,Not as Expected,Refunded
R4012694,O1024515,2024-10-01,Size Issue,Refunded
R4012695,O1093277,2024-04-05,Wrong Item,Refunded
R4012696,O1122379,2024-10-31,Late Delivery,Refunded
R4012697,O1165956,2024-04-23,Wrong Item,Processing
R4012698,O1050161,2023-10-06,Size Issue,Refunded
R4012699,O1124394,2026-01-09,Damaged,Refunded
R4012700,O1151920,2024-11-24,Not as Expected,Refunded
R4012701,O1011895,2025-03-22,Size Issue,Refunded
R4012702,O1009646,2025-10-02,Changed Mind,Refunded
R4012703,O1165034,2024-06-29,Not as Expected,Refunded
R4012704,O1033397,2025-09-01,Wrong Item,Refunded
R4012705,O1037626,2024-06-15,Changed Mind,Refunded
R4012706,O1052700,2024-01-03,Size Issue,Refunded
R4012707,O1013318,2023-07-18,Size Issue,Processing
R4012708,O1125926,2025-01-01,Changed Mind,Refunded
R4012709,O1029530,2024-05-03,Wrong Item,Refunded
R4012710,O1058638,2023-06-08,Late Delivery,Refunded
R4012711,O1164738,2023-08-28,Damaged,Refunded
R4012712,O1043412,2025-06-12,Not as Expected,Refunded
R4012713,O1089715,2025-11-12,Wrong Item,Refunded
R4012714,O1004696,2024-11-05,Size Issue,Refunded
R4012715,O1177476,2025-03-05,Not as Expected,Refunded
R4012716,O1137471,2023-10-20,Wrong Item,Refunded
R4012717,O1102023,2024-02-02,Late Delivery,Refunded
R4012718,O1133063,2024-03-08,Size Issue,Refunded
R4012719,O1008742,2024-07-19,Changed Mind,Refunded
R4012720,O1006257,2025-08-11,Damaged,Refunded
R4012721,O1035815,2023-08-23,Changed Mind,Refunded
R4012722,O1137439,2024-01-20,Size Issue,Refunded
R4012723,O1107698,2023-12-30,Wrong Item,Refunded
R4012724,O1019269,2023-11-30,Wrong Item,Refunded
R4012725,O1152531,2025-06-27,Not as Expected,Processing
R4012726,O1115344,2024-08-29,Changed Mind,Processing
R4012727,O1058974,2025-03-28,Wrong Item,Refunded
R4012728,O1047744,2025-04-11,Not as Expected,Refunded
R4012729,O1105690,2024-01-09,Damaged,Refunded
R4012730,O1151815,2023-05-20,Damaged,Refunded
R4012731,O1009254,2025-03-01,Damaged,Refunded
R4012732,O1165026,2025-11-19,Changed Mind,Refunded
R4012733,O1054415,2025-12-27,Late Delivery,Refunded
R4012734,O1023132,2024-03-10,Late Delivery,Refunded
R4012735,O1090861,2025-05-18,Not as Expected,Refunded
R4012736,O1024489,2023-09-09,Not as Expected,Refunded
R4012737,O1078385,2025-11-25,Changed Mind,Refunded
R4012738,O1175684,2023-06-08,Not as Expected,Refunded
R4012739,O1172613,2023-07-19,Changed Mind,Refunded
R4012740,O1008683,2024-01-04,Not as Expected,Refunded
R4012741,O1064380,2025-10-02,Late Delivery,Refunded
R4012742,O1003272,2024-08-17,Damaged,Refunded
R4012743,O1055967,2024-11-29,Not as Expected,Refunded
R4012744,O1028152,2024-07-29,Late Delivery,Refunded
R4012745,O1089904,2023-01-15,Size Issue,Refunded
R4012746,O1031449,2025-09-15,Not as Expected,Refunded
R4012747,O1103538,2024-11-15,Size Issue,Refunded
R4012748,O1012514,2024-11-27,Not as Expected,Refunded
R4012749,O1112349,2024-04-01,Not as Expected,Refunded
R4012750,O1076695,2023-09-06,Size Issue,Refunded
R4012751,O1160560,2023-10-30,Late Delivery,Refunded
R4012752,O1050146,2025-03-28,Changed Mind,Refunded
R4012753,O1157260,2023-09-18,Damaged,Refunded
R4012754,O1084836,2024-05-13,Damaged,Refunded
R4012755,O1068111,2023-02-25,Damaged,Refunded
R4012756,O1021447,2024-05-08,Not as Expected,Refunded
R4012757,O1015803,2023-07-18,Late Delivery,Refunded
R4012758,O1066990,2024-05-01,Not as Expected,Refunded
R4012759,O1056041,2024-04-22,Not as Expected,Refunded
R4012760,O1092008,2023-03-11,Wrong Item,Refunded
R4012761,O1096418,2025-10-26,Size Issue,Refunded
R4012762,O1140602,2025-11-04,Changed Mind,Refunded
R4012763,O1056576,2023-08-21,Not as Expected,Refunded
R4012764,O1098671,2023-04-01,Not as Expected,Refunded
R4012765,O1135595,2025-11-04,Damaged,Refunded
R4012766,O1039592,2023-03-25,Changed Mind,Refunded
R4012767,O1029961,2025-06-07,Not as Expected,Refunded
R4012768,O1126538,2024-10-12,Size Issue,Refunded
R4012769,O1126967,2025-06-26,Not as Expected,Refunded
R4012770,O1112799,2023-10-18,Damaged,Refunded
R4012771,O1003887,2024-05-04,Not as Expected,Refunded
R4012772,O1017154,2025-01-31,Changed Mind,Refunded
R4012773,O1088144,2023-12-17,Wrong Item,Refunded
R4012774,O1104251,2023-04-27,Changed Mind,Refunded
R4012775,O1014106,2023-12-26,Wrong Item,Refunded
R4012776,O1158291,2023-06-01,Damaged,Refunded
R4012777,O1130873,2023-03-03,Size Issue,Processing
R4012778,O1014513,2025-11-24,Damaged,Refunded
R4012779,O1045831,2024-12-14,Not as Expected,Refunded
R4012780,O1078095,2024-09-21,Damaged,Refunded
R4012781,O1091583,2025-05-14,Damaged,Refunded
R4012782,O1086631,2025-04-12,Wrong Item,Processing
R4012783,O1101189,2025-01-12,Late Delivery,Refunded
R4012784,O1143145,2025-04-08,Not as Expected,Refunded
R4012785,O1088472,2025-04-06,Not as Expected,Refunded
R4012786,O1037438,2023-07-14,Not as Expected,Refunded
R4012787,O1129603,2023-03-08,Not as Expected,Refunded
R4012788,O1169736,2024-03-12,Late Delivery,Refunded
R4012789,O1036776,2025-01-30,Not as Expected,Processing
R4012790,O1087802,2025-10-07,Damaged,Refunded
R4012791,O1013521,2023-05-18,Damaged,Refunded
R4012792,O1109446,2023-10-29,Size Issue,Refunded
R4012793,O1133864,2025-03-05,Not as Expected,Refunded
R4012794,O1178999,2025-12-28,Size Issue,Refunded
R4012795,O1119895,2023-07-13,Wrong Item,Refunded
R4012796,O1127508,2023-02-15,Late Delivery,Refunded
R4012797,O1002467,2023-12-12,Damaged,Refunded
R4012798,O1012157,2025-02-14,Not as Expected,Refunded
R4012799,O1179632,2025-09-25,Size Issue,Refunded
R4012800,O1087857,2025-05-18,Not as Expected,Refunded
R4012801,O1046171,2023-06-12,Late Delivery,Refunded
R4012802,O1058824,2025-09-18,Not as Expected,Refunded
R4012803,O1106257,2025-07-08,Not as Expected,Refunded
R4012804,O1153945,2025-06-23,Late Delivery,Refunded
R4012805,O1036525,2023-05-22,Not as Expected,Refunded
R4012806,O1160634,2025-07-11,Not as Expected,Refunded
R4012807,O1153783,2023-09-06,Wrong Item,Refunded
R4012808,O1110751,2024-01-13,Not as Expected,Refunded
R4012809,O1095189,2024-08-28,Wrong Item,Refunded
R4012810,O1055931,2024-07-13,Not as Expected,Refunded
R4012811,O1077281,2025-08-02,Not as Expected,Refunded
R4012812,O1030552,2025-04-05,Changed Mind,Refunded
R4012813,O1104188,2023-06-03,Damaged,Refunded
R4012814,O1027283,2025-08-01,Size Issue,Refunded
R4012815,O1116502,2023-03-24,Changed Mind,Refunded
R4012816,O1174445,2023-03-05,Damaged,Refunded
R4012817,O1057364,2025-01-17,Changed Mind,Refunded
R4012818,O1064800,2024-06-10,Changed Mind,Refunded
R4012819,O1159887,2024-11-26,Not as Expected,Refunded
R4012820,O1042415,2025-01-05,Wrong Item,Refunded
R4012821,O1023900,2025-10-19,Changed Mind,Refunded
R4012822,O1147966,2025-11-20,Not as Expected,Refunded
R4012823,O1145597,2025-02-21,Not as Expected,Refunded
R4012824,O1063913,2024-03-01,Not as Expected,Refunded
R4012825,O1163925,2023-09-08,Not as Expected,Refunded
R4012826,O1072216,2023-02-01,Size Issue,Refunded
R4012827,O1119751,2024-02-10,Changed Mind,Refunded
R4012828,O1018704,2026-01-02,Not as Expected,Refunded
R4012829,O1151952,2025-11-30,Changed Mind,Refunded
R4012830,O1134726,2024-11-13,Size Issue,Refunded
R4012831,O1067567,2025-12-14,Wrong Item,Refunded
R4012832,O1127145,2024-10-07,Damaged,Refunded
R4012833,O1149097,2024-02-11,Late Delivery,Refunded
R4012834,O1130367,2023-12-23,Late Delivery,Refunded
R4012835,O1106485,2025-06-11,Not as Expected,Refunded
R4012836,O1057833,2023-04-15,Not as Expected,Refunded
R4012837,O1016526,2023-02-14,Damaged,Refunded
R4012838,O1009780,2025-10-05,Not as Expected,Refunded
R4012839,O1068700,2025-10-19,Wrong Item,Refunded
R4012840,O1013908,2025-05-03,Size Issue,Refunded
R4012841,O1117341,2024-12-29,Not as Expected,Refunded
R4012842,O1128769,2023-04-22,Damaged,Refunded
R4012843,O1100094,2025-01-20,Late Delivery,Refunded
R4012844,O1012562,2025-03-08,Damaged,Refunded
R4012845,O1055199,2023-06-09,Damaged,Refunded
R4012846,O1024427,2025-12-02,Not as Expected,Refunded
R4012847,O1109279,2025-02-08,Damaged,Refunded
R4012848,O1014084,2024-10-07,Size Issue,Refunded
R4012849,O1113247,2024-05-22,Not as Expected,Refunded
R4012850,O1149375,2025-02-08,Wrong Item,Refunded
R4012851,O1086314,2025-04-01,Wrong Item,Refunded
R4012852,O1159477,2023-03-02,Wrong Item,Refunded
R4012853,O1038650,2024-12-22,Size Issue,Refunded
R4012854,O1111753,2024-10-14,Wrong Item,Refunded
R4012855,O1069675,2024-04-28,Damaged,Refunded
R4012856,O1164781,2026-01-05,Not as Expected,Refunded
R4012857,O1144890,2023-02-21,Not as Expected,Refunded
R4012858,O1047587,2024-04-27,Size Issue,Refunded
R4012859,O1080299,2025-01-21,Changed Mind,Refunded
R4012860,O1089911,2025-01-28,Not as Expected,Refunded
R4012861,O1064547,2023-08-23,Not as Expected,Refunded
R4012862,O1080851,2024-12-13,Changed Mind,Refunded
R4012863,O1169636,2024-08-23,Wrong Item,Refunded
R4012864,O1146530,2023-04-20,Damaged,Refunded
R4012865,O1127718,2025-06-25,Not as Expected,Processing
R4012866,O1143571,2025-04-06,Damaged,Refunded
R4012867,O1113598,2023-06-08,Not as Expected,Refunded
R4012868,O1091545,2023-03-05,Late Delivery,Refunded
R4012869,O1055122,2025-04-26,Not as Expected,Refunded
R4012870,O1066258,2025-07-14,Changed Mind,Refunded
R4012871,O1108233,2024-06-12,Not as Expected,Refunded
R4012872,O1006555,2024-11-14,Not as Expected,Refunded
R4012873,O1129422,2024-04-07,Changed Mind,Refunded
R4012874,O1171894,2024-10-30,Not as Expected,Refunded
R4012875,O1161949,2023-03-13,Not as Expected,Refunded
R4012876,O1170546,2024-04-22,Not as Expected,Refunded
R4012877,O1102759,2023-10-07,Size Issue,Refunded
R4012878,O1112101,2025-04-03,Damaged,Refunded
R4012879,O1035266,2025-07-23,Damaged,Refunded
R4012880,O1025168,2023-12-29,Changed Mind,Refunded
R4012881,O1114037,2024-05-01,Wrong Item,Refunded
R4012882,O1052827,2025-12-06,Not as Expected,Refunded
R4012883,O1077425,2024-03-26,Changed Mind,Refunded
R4012884,O1021442,2024-08-09,Wrong Item,Refunded
R4012885,O1079698,2025-04-24,Size Issue,Refunded
R4012886,O1114546,2023-11-15,Damaged,Refunded
R4012887,O1099501,2023-03-03,Not as Expected,Refunded
R4012888,O1109202,2023-11-03,Changed Mind,Refunded
R4012889,O1013020,2023-09-09,Damaged,Refunded
R4012890,O1106818,2024-04-07,Damaged,Refunded
R4012891,O1126903,2024-02-22,Size Issue,Refunded
R4012892,O1116286,2025-01-03,Damaged,Processing
R4012893,O1036280,2025-11-23,Not as Expected,Refunded
R4012894,O1017051,2023-07-18,Wrong Item,Refunded
R4012895,O1070715,2023-09-20,Not as Expected,Refunded
R4012896,O1123958,2023-09-22,Changed Mind,Refunded
R4012897,O1067853,2025-01-12,Wrong Item,Refunded
R4012898,O1082142,2023-12-25,Damaged,Refunded
R4012899,O1105533,2024-06-02,Late Delivery,Refunded
R4012900,O1139823,2025-01-27,Wrong Item,Refunded
R4012901,O1049703,2025-05-03,Not as Expected,Refunded
R4012902,O1105730,2023-05-07,Not as Expected,Refunded
R4012903,O1055498,2023-08-20,Wrong Item,Refunded
R4012904,O1164625,2025-08-18,Late Delivery,Refunded
R4012905,O1088170,2025-06-01,Not as Expected,Refunded
R4012906,O1141249,2025-10-17,Wrong Item,Refunded
R4012907,O1165390,2024-11-23,Not as Expected,Refunded
R4012908,O1110300,2024-11-17,Not as Expected,Refunded
R4012909,O1102375,2024-10-31,Wrong Item,Refunded
R4012910,O1176995,2025-11-08,Changed Mind,Refunded
R4012911,O1085507,2025-05-17,Not as Expected,Refunded
R4012912,O1093098,2024-05-28,Not as Expected,Refunded
R4012913,O1137174,2023-01-17,Changed Mind,Refunded
R4012914,O1100799,2025-01-10,Not as Expected,Refunded
R4012915,O1052845,2023-02-26,Not as Expected,Refunded
R4012916,O1124871,2023-09-25,Not as Expected,Refunded
R4012917,O1002590,2024-01-27,Wrong Item,Processing
R4012918,O1057875,2025-07-29,Late Delivery,Refunded
R4012919,O1004807,2023-08-06,Size Issue,Refunded
R4012920,O1015305,2023-11-29,Wrong Item,Refunded
R4012921,O1130350,2023-04-14,Size Issue,Refunded
R4012922,O1096363,2025-04-08,Wrong Item,Refunded
R4012923,O1032767,2025-08-04,Damaged,Refunded
R4012924,O1106240,2024-12-22,Not as Expected,Refunded
R4012925,O1120822,2025-04-18,Not as Expected,Processing
R4012926,O1064603,2024-08-24,Not as Expected,Refunded
R4012927,O1113376,2025-04-01,Changed Mind,Refunded
R4012928,O1092405,2024-02-10,Damaged,Refunded
R4012929,O1060142,2023-01-16,Damaged,Refunded
R4012930,O1149214,2024-11-12,Damaged,Refunded
R4012931,O1096909,2024-06-20,Wrong Item,Refunded
R4012932,O1091340,2024-01-15,Not as Expected,Refunded
R4012933,O1167547,2025-08-29,Changed Mind,Refunded
R4012934,O1068376,2023-10-30,Not as Expected,Refunded
R4012935,O1110414,2025-11-27,Wrong Item,Refunded
R4012936,O1102825,2023-03-01,Changed Mind,Refunded
R4012937,O1029421,2024-11-30,Not as Expected,Processing
R4012938,O1084381,2025-06-24,Size Issue,Refunded
R4012939,O1049284,2024-12-15,Damaged,Refunded
R4012940,O1171919,2025-01-19,Damaged,Refunded
R4012941,O1096778,2023-07-19,Not as Expected,Processing
R4012942,O1100668,2025-05-06,Damaged,Refunded
R4012943,O1177894,2023-07-17,Not as Expected,Refunded
R4012944,O1022054,2025-11-20,Not as Expected,Refunded
R4012945,O1040402,2024-08-03,Not as Expected,Refunded
R4012946,O1080463,2023-03-24,Late Delivery,Refunded
R4012947,O1018424,2023-01-24,Not as Expected,Refunded
R4012948,O1177337,2024-11-01,Not as Expected,Refunded
R4012949,O1005702,2024-06-13,Not as Expected,Refunded
R4012950,O1023623,2024-10-20,Not as Expected,Refunded
R4012951,O1002369,2023-04-24,Wrong Item,Processing
R4012952,O1126353,2025-05-23,Not as Expected,Refunded
R4012953,O1079575,2024-07-29,Size Issue,Refunded
R4012954,O1110592,2025-10-18,Wrong Item,Refunded
R4012955,O1139766,2024-11-22,Not as Expected,Refunded
R4012956,O1108748,2025-12-07,Late Delivery,Refunded
R4012957,O1002407,2023-05-24,Wrong Item,Refunded
R4012958,O1002018,2025-03-25,Not as Expected,Processing
R4012959,O1102088,2023-07-12,Size Issue,Refunded
R4012960,O1050889,2023-05-10,Changed Mind,Refunded
R4012961,O1018225,2024-07-08,Late Delivery,Refunded
R4012962,O1129715,2024-09-15,Size Issue,Refunded
R4012963,O1082868,2025-07-28,Not as Expected,Refunded
R4012964,O1089807,2025-03-25,Not as Expected,Refunded
R4012965,O1151039,2024-10-22,Not as Expected,Refunded
R4012966,O1054453,2025-09-17,Not as Expected,Refunded
R4012967,O1165440,2024-04-26,Late Delivery,Refunded
R4012968,O1120308,2024-02-05,Late Delivery,Refunded
R4012969,O1093497,2023-05-14,Damaged,Refunded
R4012970,O1096496,2024-03-24,Not as Expected,Refunded
R4012971,O1029159,2023-11-08,Size Issue,Refunded
R4012972,O1043961,2025-11-11,Not as Expected,Refunded
R4012973,O1009275,2025-12-11,Not as Expected,Refunded
R4012974,O1160716,2025-12-08,Changed Mind,Refunded
R4012975,O1031373,2024-05-22,Not as Expected,Refunded
R4012976,O1057577,2023-11-19,Changed Mind,Refunded
R4012977,O1140816,2023-10-29,Not as Expected,Refunded
R4012978,O1079919,2026-01-13,Not as Expected,Processing
R4012979,O1122089,2024-12-03,Not as Expected,Refunded
R4012980,O1027158,2024-01-04,Damaged,Refunded
R4012981,O1090764,2025-06-06,Wrong Item,Processing
R4012982,O1027949,2023-12-09,Late Delivery,Refunded
R4012983,O1024196,2025-03-30,Not as Expected,Refunded
R4012984,O1094893,2024-01-03,Size Issue,Refunded
R4012985,O1175044,2023-12-21,Changed Mind,Refunded
R4012986,O1176454,2025-05-01,Size Issue,Refunded
R4012987,O1024877,2024-02-16,Changed Mind,Refunded
R4012988,O1014624,2024-01-25,Damaged,Refunded
R4012989,O1050138,2023-11-28,Not as Expected,Refunded
R4012990,O1121734,2024-09-29,Changed Mind,Refunded
R4012991,O1086690,2023-08-04,Late Delivery,Refunded
R4012992,O1063052,2024-07-16,Damaged,Refunded
R4012993,O1037660,2023-04-20,Size Issue,Processing
R4012994,O1153857,2024-08-19,Wrong Item,Refunded
R4012995,O1090765,2023-12-10,Changed Mind,Processing
R4012996,O1152710,2025-09-27,Late Delivery,Refunded
R4012997,O1155929,2025-04-23,Size Issue,Refunded
R4012998,O1100406,2025-07-31,Wrong Item,Refunded
R4012999,O1059822,2023-02-12,Not as Expected,Refunded
R4013000,O1133741,2023-11-07,Damaged,Refunded
R4013001,O1158751,2025-05-20,Wrong Item,Refunded
R4013002,O1159867,2023-10-26,Wrong Item,Refunded
R4013003,O1176771,2023-08-31,Late Delivery,Refunded
R4013004,O1170760,2025-04-05,Damaged,Refunded
R4013005,O1032118,2023-05-23,Changed Mind,Refunded
R4013006,O1130440,2023-07-10,Damaged,Refunded
R4013007,O1059325,2024-08-17,Not as Expected,Refunded
R4013008,O1048979,2025-11-29,Changed Mind,Refunded
R4013009,O1009598,2023-01-25,Wrong Item,Refunded
R4013010,O1009777,2023-02-12,Wrong Item,Refunded
R4013011,O1033052,2024-08-04,Late Delivery,Refunded
R4013012,O1004019,2025-09-18,Not as Expected,Refunded
R4013013,O1102758,2025-11-17,Not as Expected,Refunded
R4013014,O1095659,2023-02-24,Damaged,Refunded
R4013015,O1100968,2025-08-07,Late Delivery,Processing
R4013016,O1140692,2024-09-27,Not as Expected,Refunded
R4013017,O1083444,2024-02-07,Changed Mind,Refunded
R4013018,O1056908,2024-04-02,Changed Mind,Refunded
R4013019,O1127384,2024-08-17,Changed Mind,Refunded
R4013020,O1100166,2023-01-05,Not as Expected,Refunded
R4013021,O1053950,2023-09-10,Changed Mind,Refunded
R4013022,O1106810,2023-06-07,Not as Expected,Refunded
R4013023,O1059332,2024-02-19,Damaged,Refunded
R4013024,O1141821,2024-03-22,Late Delivery,Refunded
R4013025,O1000787,2023-10-06,Size Issue,Refunded
R4013026,O1080436,2024-04-23,Changed Mind,Refunded
R4013027,O1044682,2024-06-06,Not as Expected,Refunded
R4013028,O1108953,2023-08-09,Not as Expected,Refunded
R4013029,O1045666,2024-05-28,Not as Expected,Refunded
R4013030,O1152525,2023-01-24,Size Issue,Refunded
R4013031,O1076508,2023-03-14,Late Delivery,Refunded
R4013032,O1109711,2024-05-19,Not as Expected,Refunded
R4013033,O1145787,2025-01-06,Wrong Item,Refunded
R4013034,O1146626,2024-07-23,Not as Expected,Refunded
R4013035,O1040751,2024-05-30,Late Delivery,Refunded
R4013036,O1152472,2025-05-27,Late Delivery,Refunded
R4013037,O1058678,2023-05-01,Size Issue,Refunded
R4013038,O1070134,2023-05-24,Not as Expected,Refunded
R4013039,O1104733,2024-09-25,Wrong Item,Refunded
R4013040,O1018553,2023-09-08,Damaged,Refunded
R4013041,O1019837,2023-05-29,Size Issue,Refunded
R4013042,O1116776,2023-07-27,Damaged,Refunded
R4013043,O1152481,2023-10-23,Damaged,Refunded
R4013044,O1069382,2025-09-24,Damaged,Refunded
R4013045,O1105616,2024-04-04,Size Issue,Refunded
R4013046,O1114296,2023-12-18,Changed Mind,Refunded
R4013047,O1007261,2025-03-31,Not as Expected,Refunded
R4013048,O1078217,2023-07-06,Changed Mind,Refunded
R4013049,O1155978,2024-04-20,Changed Mind,Processing
R4013050,O1032729,2024-01-12,Late Delivery,Refunded
R4013051,O1123923,2024-08-12,Changed Mind,Refunded
R4013052,O1159362,2023-02-16,Size Issue,Refunded
R4013053,O1146787,2025-10-12,Late Delivery,Refunded
R4013054,O1087494,2024-07-14,Size Issue,Refunded
R4013055,O1002732,2024-05-29,Not as Expected,Refunded
R4013056,O1107692,2025-12-27,Damaged,Refunded
R4013057,O1066434,2023-07-28,Not as Expected,Refunded
R4013058,O1054815,2023-09-16,Damaged,Refunded
R4013059,O1178194,2024-01-17,Damaged,Refunded
R4013060,O1052470,2024-11-21,Size Issue,Refunded
R4013061,O1135329,2024-07-23,Late Delivery,Refunded
R4013062,O1046481,2023-06-02,Not as Expected,Refunded
R4013063,O1056207,2025-08-31,Wrong Item,Refunded
R4013064,O1104500,2023-07-26,Not as Expected,Refunded
R4013065,O1054216,2024-09-07,Late Delivery,Refunded
R4013066,O1038734,2023-08-22,Size Issue,Refunded
R4013067,O1166219,2023-11-24,Not as Expected,Refunded
R4013068,O1076061,2023-12-04,Size Issue,Refunded
R4013069,O1157213,2025-05-31,Late Delivery,Refunded
R4013070,O1087074,2025-01-26,Size Issue,Refunded
R4013071,O1107838,2023-02-09,Not as Expected,Refunded
R4013072,O1140261,2023-08-08,Size Issue,Refunded
R4013073,O1151164,2025-09-06,Late Delivery,Refunded
R4013074,O1051344,2025-02-09,Size Issue,Refunded
R4013075,O1075052,2023-06-17,Late Delivery,Refunded
R4013076,O1109384,2024-06-30,Not as Expected,Refunded
R4013077,O1070270,2025-12-12,Size Issue,Refunded
R4013078,O1008744,2023-11-27,Late Delivery,Refunded
R4013079,O1007764,2024-10-17,Not as Expected,Refunded
R4013080,O1084777,2024-01-02,Not as Expected,Refunded
R4013081,O1074381,2024-01-01,Changed Mind,Refunded
R4013082,O1083949,2024-05-19,Damaged,Refunded
R4013083,O1160604,2024-08-07,Not as Expected,Refunded
R4013084,O1086748,2025-09-22,Not as Expected,Refunded
R4013085,O1019827,2026-01-02,Not as Expected,Refunded
R4013086,O1013527,2023-12-20,Size Issue,Refunded
R4013087,O1132533,2025-09-27,Not as Expected,Refunded
R4013088,O1140255,2023-11-06,Damaged,Refunded
R4013089,O1067482,2025-07-13,Damaged,Refunded
R4013090,O1111896,2023-11-24,Not as Expected,Refunded
R4013091,O1050501,2024-05-19,Wrong Item,Refunded
R4013092,O1050456,2025-07-24,Late Delivery,Refunded
R4013093,O1150650,2023-05-01,Not as Expected,Refunded
R4013094,O1055860,2025-08-04,Changed Mind,Refunded
R4013095,O1013030,2024-06-12,Changed Mind,Refunded
R4013096,O1125632,2025-01-31,Damaged,Processing
R4013097,O1156604,2023-07-24,Size Issue,Processing
R4013098,O1012057,2023-02-28,Wrong Item,Processing
R4013099,O1022707,2024-10-03,Damaged,Refunded
R4013100,O1157057,2023-12-20,Not as Expected,Refunded
R4013101,O1021329,2025-10-28,Not as Expected,Refunded
R4013102,O1043745,2024-10-24,Wrong Item,Refunded
R4013103,O1098509,2023-06-10,Damaged,Refunded
R4013104,O1048085,2025-09-28,Late Delivery,Refunded
R4013105,O1124315,2024-04-26,Late Delivery,Refunded
R4013106,O1008798,2025-09-25,Size Issue,Refunded
R4013107,O1066988,2025-09-22,Changed Mind,Refunded
R4013108,O1092413,2024-01-24,Damaged,Refunded
R4013109,O1049505,2025-08-09,Size Issue,Refunded
R4013110,O1094470,2024-03-05,Size Issue,Refunded
R4013111,O1144912,2024-03-05,Damaged,Refunded
R4013112,O1177252,2025-05-09,Damaged,Refunded
R4013113,O1034108,2023-08-17,Size Issue,Refunded
R4013114,O1166646,2023-11-27,Changed Mind,Refunded
R4013115,O1052816,2024-04-23,Damaged,Refunded
R4013116,O1064429,2024-01-24,Damaged,Refunded
R4013117,O1002623,2025-10-23,Damaged,Refunded
R4013118,O1054256,2023-10-24,Damaged,Refunded
R4013119,O1089433,2025-04-20,Not as Expected,Refunded
R4013120,O1100507,2023-05-08,Size Issue,Refunded
R4013121,O1168112,2025-03-26,Damaged,Refunded
R4013122,O1123837,2024-04-01,Changed Mind,Refunded
R4013123,O1142659,2024-12-10,Size Issue,Refunded
R4013124,O1037518,2025-06-07,Not as Expected,Refunded
R4013125,O1173392,2024-01-14,Size Issue,Processing
R4013126,O1164640,2025-07-09,Wrong Item,Refunded
R4013127,O1171541,2025-01-23,Size Issue,Refunded
R4013128,O1072430,2025-12-27,Late Delivery,Refunded
R4013129,O1112217,2024-12-23,Changed Mind,Refunded
R4013130,O1155761,2024-03-22,Size Issue,Refunded
R4013131,O1082846,2023-09-28,Not as Expected,Refunded
R4013132,O1163698,2023-06-25,Changed Mind,Refunded
R4013133,O1056362,2024-05-20,Wrong Item,Refunded
R4013134,O1141948,2025-11-25,Size Issue,Refunded
R4013135,O1172100,2024-03-25,Damaged,Refunded
R4013136,O1127660,2025-06-27,Damaged,Refunded
R4013137,O1035189,2025-08-04,Not as Expected,Refunded
R4013138,O1175444,2023-10-01,Not as Expected,Refunded
R4013139,O1165925,2025-10-30,Wrong Item,Refunded
R4013140,O1136584,2024-10-14,Wrong Item,Refunded
R4013141,O1032460,2024-01-10,Size Issue,Refunded
R4013142,O1130431,2025-03-26,Changed Mind,Refunded
R4013143,O1002164,2025-09-30,Not as Expected,Refunded
R4013144,O1047906,2025-04-25,Late Delivery,Refunded
R4013145,O1112620,2024-07-07,Wrong Item,Processing
R4013146,O1109718,2025-11-11,Late Delivery,Refunded
R4013147,O1164455,2025-06-15,Size Issue,Refunded
R4013148,O1112665,2025-10-20,Changed Mind,Refunded
R4013149,O1128583,2024-12-11,Late Delivery,Refunded
R4013150,O1032697,2023-12-06,Damaged,Refunded
R4013151,O1175821,2025-12-01,Changed Mind,Refunded
R4013152,O1138423,2023-11-15,Size Issue,Processing
R4013153,O1017839,2023-08-16,Not as Expected,Refunded
R4013154,O1002556,2023-03-19,Wrong Item,Refunded
R4013155,O1157998,2025-04-01,Not as Expected,Refunded
R4013156,O1038390,2024-09-07,Wrong Item,Refunded
R4013157,O1027339,2025-08-18,Not as Expected,Refunded
R4013158,O1082965,2023-02-21,Wrong Item,Refunded
R4013159,O1015329,2024-07-05,Late Delivery,Refunded
R4013160,O1051022,2023-12-29,Late Delivery,Processing
R4013161,O1072027,2024-03-19,Changed Mind,Refunded
R4013162,O1127946,2023-08-12,Not as Expected,Refunded
R4013163,O1043771,2023-11-20,Damaged,Processing
R4013164,O1029997,2024-07-22,Damaged,Refunded
R4013165,O1125831,2025-07-17,Changed Mind,Refunded
R4013166,O1117878,2023-02-21,Not as Expected,Processing
R4013167,O1124537,2023-01-17,Wrong Item,Refunded
R4013168,O1167389,2025-04-04,Not as Expected,Refunded
R4013169,O1026653,2025-03-03,Size Issue,Refunded
R4013170,O1142729,2023-11-06,Late Delivery,Refunded
R4013171,O1070777,2023-01-13,Size Issue,Refunded
R4013172,O1178947,2025-11-28,Not as Expected,Refunded
R4013173,O1075851,2024-06-01,Late Delivery,Refunded
R4013174,O1002136,2025-03-13,Late Delivery,Refunded
R4013175,O1139743,2025-12-28,Size Issue,Refunded
R4013176,O1032492,2024-09-05,Wrong Item,Refunded
R4013177,O1016973,2024-08-16,Not as Expected,Refunded
R4013178,O1008925,2025-10-22,Changed Mind,Refunded
R4013179,O1038765,2025-12-04,Not as Expected,Refunded
R4013180,O1013427,2025-06-13,Size Issue,Refunded
R4013181,O1099893,2024-09-04,Damaged,Refunded
R4013182,O1126408,2025-06-03,Size Issue,Processing
R4013183,O1091824,2023-12-05,Not as Expected,Refunded
R4013184,O1101552,2025-02-23,Damaged,Processing
R4013185,O1028650,2023-08-28,Late Delivery,Refunded
R4013186,O1175161,2025-06-20,Size Issue,Refunded
R4013187,O1123760,2025-04-13,Size Issue,Refunded
R4013188,O1052122,2024-11-07,Damaged,Refunded
R4013189,O1101075,2025-06-14,Size Issue,Refunded
R4013190,O1169914,2024-01-07,Wrong Item,Refunded
R4013191,O1120191,2024-01-09,Size Issue,Refunded
R4013192,O1011984,2023-05-23,Wrong Item,Refunded
R4013193,O1161468,2024-07-29,Wrong Item,Processing
R4013194,O1046100,2024-01-13,Not as Expected,Refunded
R4013195,O1059346,2025-02-22,Size Issue,Refunded
R4013196,O1108105,2023-08-15,Damaged,Refunded
R4013197,O1073147,2025-07-05,Not as Expected,Refunded
R4013198,O1113976,2025-11-02,Not as Expected,Refunded
R4013199,O1033238,2024-05-09,Not as Expected,Refunded
R4013200,O1123068,2025-10-01,Damaged,Refunded
R4013201,O1092292,2023-02-02,Not as Expected,Refunded
R4013202,O1072669,2024-06-28,Size Issue,Refunded
R4013203,O1172770,2024-07-12,Late Delivery,Refunded
R4013204,O1011576,2025-07-30,Wrong Item,Refunded
R4013205,O1059602,2024-10-04,Not as Expected,Refunded
R4013206,O1097703,2025-02-23,Late Delivery,Refunded
R4013207,O1171973,2024-09-22,Changed Mind,Refunded
R4013208,O1153158,2024-07-15,Not as Expected,Refunded
R4013209,O1150134,2023-04-07,Wrong Item,Refunded
R4013210,O1012292,2023-09-16,Damaged,Refunded
R4013211,O1163984,2023-12-28,Wrong Item,Refunded
R4013212,O1015178,2025-08-05,Size Issue,Processing
R4013213,O1060689,2023-02-01,Changed Mind,Refunded
R4013214,O1138751,2024-10-13,Wrong Item,Refunded
R4013215,O1147930,2023-06-29,Not as Expected,Refunded
R4013216,O1006705,2025-07-23,Wrong Item,Refunded
R4013217,O1143576,2025-11-04,Not as Expected,Refunded
R4013218,O1116639,2024-08-28,Late Delivery,Refunded
R4013219,O1027025,2023-07-23,Damaged,Refunded
R4013220,O1080972,2024-03-10,Size Issue,Refunded
R4013221,O1140162,2024-03-25,Not as Expected,Refunded
R4013222,O1156416,2024-06-27,Changed Mind,Processing
R4013223,O1129938,2023-01-23,Wrong Item,Processing
R4013224,O1012202,2025-02-27,Changed Mind,Refunded
R4013225,O1132768,2024-12-09,Not as Expected,Refunded
R4013226,O1040138,2023-08-27,Not as Expected,Refunded
R4013227,O1048890,2023-09-02,Size Issue,Refunded
R4013228,O1022078,2023-07-06,Damaged,Refunded
R4013229,O1037655,2023-05-16,Not as Expected,Refunded
R4013230,O1118794,2023-09-14,Damaged,Refunded
R4013231,O1077368,2025-03-17,Wrong Item,Refunded
R4013232,O1158888,2024-10-02,Wrong Item,Refunded
R4013233,O1012332,2024-06-20,Changed Mind,Refunded
R4013234,O1174530,2025-06-19,Changed Mind,Refunded
R4013235,O1006624,2025-10-19,Size Issue,Refunded
R4013236,O1031936,2024-02-05,Not as Expected,Refunded
R4013237,O1035802,2025-03-04,Not as Expected,Refunded
R4013238,O1080213,2024-01-26,Wrong Item,Refunded
R4013239,O1057832,2025-04-25,Wrong Item,Refunded
R4013240,O1088792,2025-02-10,Not as Expected,Refunded
R4013241,O1121172,2025-11-06,Changed Mind,Refunded
R4013242,O1126913,2024-03-08,Wrong Item,Refunded
R4013243,O1007061,2024-11-17,Changed Mind,Refunded
R4013244,O1083146,2025-02-13,Not as Expected,Refunded
R4013245,O1007439,2025-05-27,Not as Expected,Processing
R4013246,O1146681,2024-09-12,Changed Mind,Processing
R4013247,O1145819,2023-09-12,Not as Expected,Refunded
R4013248,O1107110,2024-02-24,Not as Expected,Refunded
R4013249,O1109452,2025-04-07,Late Delivery,Refunded
R4013250,O1077427,2023-10-10,Changed Mind,Refunded
R4013251,O1073635,2025-05-19,Late Delivery,Refunded
R4013252,O1063460,2023-08-07,Changed Mind,Processing
R4013253,O1050200,2024-10-06,Size Issue,Refunded
R4013254,O1149816,2023-04-10,Late Delivery,Refunded
R4013255,O1040345,2025-04-08,Late Delivery,Refunded
R4013256,O1016048,2025-01-31,Not as Expected,Refunded
R4013257,O1076819,2025-09-06,Damaged,Refunded
R4013258,O1128083,2025-04-30,Changed Mind,Refunded
R4013259,O1070918,2023-07-24,Size Issue,Refunded
R4013260,O1055916,2025-02-11,Late Delivery,Refunded
R4013261,O1064633,2024-01-18,Size Issue,Refunded
R4013262,O1047404,2024-03-07,Damaged,Refunded
R4013263,O1073771,2023-01-20,Wrong Item,Refunded
R4013264,O1019275,2024-03-28,Damaged,Refunded
R4013265,O1007111,2025-08-13,Not as Expected,Refunded
R4013266,O1075653,2025-04-04,Not as Expected,Refunded
R4013267,O1008548,2023-02-17,Size Issue,Refunded
R4013268,O1119033,2023-09-22,Changed Mind,Refunded
R4013269,O1010622,2024-03-17,Damaged,Refunded
R4013270,O1094134,2023-04-05,Size Issue,Refunded
R4013271,O1010009,2024-08-29,Wrong Item,Refunded
R4013272,O1000606,2025-01-30,Size Issue,Refunded
R4013273,O1075992,2023-12-25,Size Issue,Refunded
R4013274,O1140708,2023-05-01,Late Delivery,Processing
R4013275,O1090278,2025-03-14,Size Issue,Refunded
R4013276,O1013191,2023-11-22,Not as Expected,Processing
R4013277,O1139139,2024-01-19,Changed Mind,Refunded
R4013278,O1118662,2025-02-09,Size Issue,Refunded
R4013279,O1124936,2024-10-17,Not as Expected,Refunded
R4013280,O1124129,2023-05-26,Damaged,Refunded
R4013281,O1043861,2024-10-12,Damaged,Refunded
R4013282,O1154766,2025-07-09,Damaged,Refunded
R4013283,O1074601,2024-07-02,Late Delivery,Refunded
R4013284,O1036299,2025-10-17,Wrong Item,Refunded
R4013285,O1053400,2023-05-15,Changed Mind,Refunded
R4013286,O1025067,2024-01-22,Wrong Item,Refunded
R4013287,O1077624,2025-08-13,Not as Expected,Refunded
R4013288,O1038845,2024-04-15,Wrong Item,Refunded
R4013289,O1159657,2023-02-13,Not as Expected,Refunded
R4013290,O1065128,2025-08-13,Late Delivery,Refunded
R4013291,O1018137,2023-11-29,Size Issue,Refunded
R4013292,O1149378,2023-10-03,Wrong Item,Refunded
R4013293,O1171452,2023-12-24,Not as Expected,Refunded
R4013294,O1092921,2023-04-09,Damaged,Refunded
R4013295,O1140800,2025-12-30,Size Issue,Processing
R4013296,O1111236,2025-09-16,Not as Expected,Refunded
R4013297,O1015602,2024-08-02,Not as Expected,Refunded
R4013298,O1048510,2023-02-06,Wrong Item,Refunded
R4013299,O1048242,2023-10-27,Size Issue,Refunded
R4013300,O1019735,2024-04-01,Changed Mind,Refunded
R4013301,O1125492,2024-03-20,Not as Expected,Refunded
R4013302,O1012725,2024-12-11,Not as Expected,Refunded
R4013303,O1063113,2023-09-19,Wrong Item,Refunded
R4013304,O1173012,2025-04-27,Size Issue,Refunded
R4013305,O1149822,2023-04-01,Not as Expected,Refunded
R4013306,O1090821,2025-12-18,Late Delivery,Refunded
R4013307,O1105710,2024-11-09,Not as Expected,Refunded
R4013308,O1075145,2023-03-30,Size Issue,Refunded
R4013309,O1111407,2024-11-19,Not as Expected,Refunded
R4013310,O1155032,2024-05-15,Changed Mind,Refunded
R4013311,O1128790,2023-12-30,Wrong Item,Refunded
R4013312,O1060711,2025-03-10,Late Delivery,Refunded
R4013313,O1156147,2025-11-29,Not as Expected,Refunded
R4013314,O1007209,2023-09-03,Wrong Item,Refunded
R4013315,O1128891,2024-02-16,Damaged,Refunded
R4013316,O1145230,2024-06-23,Wrong Item,Refunded
R4013317,O1015811,2024-10-14,Damaged,Refunded
R4013318,O1048526,2023-04-30,Changed Mind,Refunded
R4013319,O1111439,2023-09-25,Damaged,Refunded
R4013320,O1108347,2023-11-30,Size Issue,Refunded
R4013321,O1115622,2024-10-20,Size Issue,Processing
R4013322,O1045273,2023-07-24,Not as Expected,Refunded
R4013323,O1150363,2024-12-29,Not as Expected,Refunded
R4013324,O1115441,2025-01-15,Not as Expected,Refunded
R4013325,O1056520,2024-10-31,Damaged,Refunded
R4013326,O1060426,2026-01-01,Size Issue,Refunded
R4013327,O1124127,2024-03-24,Size Issue,Refunded
R4013328,O1027102,2024-09-14,Not as Expected,Refunded
R4013329,O1090917,2023-06-02,Wrong Item,Refunded
R4013330,O1167537,2025-02-08,Size Issue,Refunded
R4013331,O1071840,2024-10-21,Changed Mind,Refunded
R4013332,O1028345,2025-11-23,Late Delivery,Refunded
R4013333,O1022904,2025-02-11,Wrong Item,Refunded
R4013334,O1019533,2024-07-09,Changed Mind,Refunded
R4013335,O1084375,2024-07-12,Wrong Item,Refunded
R4013336,O1068706,2024-11-02,Damaged,Refunded
R4013337,O1010502,2025-03-31,Wrong Item,Refunded
R4013338,O1141287,2025-11-03,Wrong Item,Refunded
R4013339,O1129058,2023-10-29,Not as Expected,Refunded
R4013340,O1063084,2024-06-03,Not as Expected,Processing
R4013341,O1103515,2023-03-06,Changed Mind,Refunded
R4013342,O1163038,2024-10-16,Damaged,Refunded
R4013343,O1141396,2023-12-11,Wrong Item,Refunded
R4013344,O1176172,2023-07-30,Size Issue,Refunded
R4013345,O1069350,2024-06-16,Size Issue,Refunded
R4013346,O1026784,2024-02-21,Changed Mind,Refunded
R4013347,O1151049,2025-08-29,Size Issue,Refunded
R4013348,O1171100,2024-11-11,Not as Expected,Refunded
R4013349,O1000110,2023-05-31,Damaged,Refunded
R4013350,O1101050,2024-01-03,Wrong Item,Refunded
R4013351,O1057552,2024-12-06,Damaged,Refunded
R4013352,O1060681,2024-09-24,Not as Expected,Processing
R4013353,O1000409,2023-10-07,Wrong Item,Refunded
R4013354,O1177955,2025-10-21,Late Delivery,Refunded
R4013355,O1073613,2025-08-08,Late Delivery,Refunded
R4013356,O1169208,2023-11-30,Late Delivery,Refunded
R4013357,O1048445,2023-11-01,Wrong Item,Refunded
R4013358,O1045844,2023-09-30,Not as Expected,Refunded
R4013359,O1143478,2024-09-09,Size Issue,Refunded
R4013360,O1054572,2025-05-31,Damaged,Refunded
R4013361,O1062583,2023-03-03,Damaged,Refunded
R4013362,O1029199,2023-04-18,Size Issue,Refunded
R4013363,O1136209,2025-06-24,Not as Expected,Refunded
R4013364,O1136479,2024-07-25,Damaged,Refunded
R4013365,O1045123,2025-04-10,Not as Expected,Refunded
R4013366,O1055356,2024-05-01,Late Delivery,Refunded
R4013367,O1069598,2024-01-27,Changed Mind,Refunded
R4013368,O1172936,2023-06-02,Late Delivery,Refunded
R4013369,O1031024,2023-09-12,Changed Mind,Refunded
R4013370,O1167083,2024-09-04,Wrong Item,Processing
R4013371,O1152233,2023-03-18,Wrong Item,Refunded
R4013372,O1161521,2023-05-26,Not as Expected,Refunded
R4013373,O1146819,2023-07-02,Size Issue,Refunded
R4013374,O1018366,2023-01-07,Damaged,Refunded
R4013375,O1053264,2024-03-14,Damaged,Refunded
R4013376,O1104774,2024-10-24,Size Issue,Refunded
R4013377,O1085829,2024-08-18,Changed Mind,Refunded
R4013378,O1150849,2024-06-17,Changed Mind,Refunded
R4013379,O1169878,2025-02-15,Not as Expected,Refunded
R4013380,O1122331,2025-10-19,Not as Expected,Refunded
R4013381,O1094080,2023-04-30,Not as Expected,Refunded
R4013382,O1118350,2025-01-10,Not as Expected,Refunded
R4013383,O1045885,2024-10-26,Not as Expected,Refunded
R4013384,O1071577,2023-08-23,Size Issue,Refunded
R4013385,O1168281,2025-04-27,Damaged,Refunded
R4013386,O1041643,2023-04-10,Wrong Item,Refunded
R4013387,O1008875,2024-10-01,Size Issue,Refunded
R4013388,O1111891,2024-03-11,Damaged,Refunded
R4013389,O1178556,2024-03-14,Size Issue,Refunded
R4013390,O1100885,2024-10-25,Damaged,Refunded
R4013391,O1091656,2024-12-09,Late Delivery,Refunded
R4013392,O1062248,2024-01-15,Not as Expected,Refunded
R4013393,O1122159,2024-06-18,Size Issue,Refunded
R4013394,O1122774,2024-01-08,Size Issue,Refunded
R4013395,O1003092,2023-05-19,Not as Expected,Refunded
R4013396,O1157642,2024-04-20,Not as Expected,Refunded
R4013397,O1173003,2023-01-27,Wrong Item,Processing
R4013398,O1069644,2023-06-04,Damaged,Refunded
R4013399,O1038454,2023-03-29,Not as Expected,Refunded
R4013400,O1005660,2024-08-21,Size Issue,Processing
R4013401,O1039315,2023-06-01,Damaged,Refunded
R4013402,O1122628,2024-07-01,Not as Expected,Refunded
R4013403,O1177640,2025-12-29,Late Delivery,Refunded
R4013404,O1082097,2023-10-23,Wrong Item,Refunded
R4013405,O1054767,2023-04-24,Not as Expected,Refunded
R4013406,O1174638,2025-02-02,Size Issue,Refunded
R4013407,O1146574,2025-06-12,Not as Expected,Processing
R4013408,O1098246,2025-07-05,Changed Mind,Refunded
R4013409,O1116068,2023-10-21,Damaged,Refunded
R4013410,O1022589,2024-02-01,Not as Expected,Refunded
R4013411,O1132485,2024-07-23,Damaged,Refunded
R4013412,O1051257,2023-11-10,Damaged,Refunded
R4013413,O1075862,2025-07-12,Size Issue,Refunded
R4013414,O1093507,2024-08-29,Not as Expected,Processing
R4013415,O1064645,2025-10-17,Not as Expected,Refunded
R4013416,O1028459,2024-08-20,Changed Mind,Refunded
R4013417,O1136992,2025-06-23,Changed Mind,Refunded
R4013418,O1077449,2024-10-30,Not as Expected,Refunded
R4013419,O1082476,2025-12-15,Not as Expected,Refunded
R4013420,O1044427,2023-02-25,Size Issue,Refunded
R4013421,O1038257,2023-10-24,Late Delivery,Refunded
R4013422,O1021714,2023-03-31,Late Delivery,Refunded
R4013423,O1143825,2023-03-12,Wrong Item,Refunded
R4013424,O1015377,2023-07-14,Damaged,Refunded
R4013425,O1147797,2023-07-14,Wrong Item,Refunded
R4013426,O1013596,2023-09-24,Changed Mind,Refunded
R4013427,O1043421,2024-10-12,Size Issue,Refunded
R4013428,O1064124,2024-04-01,Not as Expected,Refunded
R4013429,O1107318,2024-08-17,Changed Mind,Refunded
R4013430,O1021054,2024-11-19,Changed Mind,Refunded
R4013431,O1055239,2023-10-15,Not as Expected,Refunded
R4013432,O1044243,2024-01-07,Late Delivery,Refunded
R4013433,O1014184,2024-09-09,Changed Mind,Refunded
R4013434,O1146568,2024-06-25,Not as Expected,Refunded
R4013435,O1013199,2023-09-07,Wrong Item,Refunded
R4013436,O1158010,2024-09-03,Not as Expected,Refunded
R4013437,O1073169,2023-06-30,Not as Expected,Refunded
R4013438,O1050052,2023-08-01,Late Delivery,Refunded
R4013439,O1173890,2025-01-05,Not as Expected,Refunded
R4013440,O1036226,2024-09-05,Size Issue,Refunded
R4013441,O1015201,2023-11-07,Late Delivery,Refunded
R4013442,O1103534,2025-07-15,Damaged,Refunded
R4013443,O1072417,2024-12-07,Wrong Item,Refunded
R4013444,O1074263,2024-12-08,Damaged,Refunded
R4013445,O1097191,2023-03-13,Not as Expected,Refunded
R4013446,O1052754,2025-02-27,Changed Mind,Refunded
R4013447,O1179075,2023-09-12,Damaged,Refunded
R4013448,O1130718,2024-11-02,Size Issue,Refunded
R4013449,O1146150,2025-05-16,Late Delivery,Refunded
R4013450,O1179198,2023-07-08,Changed Mind,Refunded
R4013451,O1039420,2025-06-28,Late Delivery,Refunded
R4013452,O1068972,2025-10-13,Changed Mind,Refunded
R4013453,O1052074,2024-08-05,Late Delivery,Refunded
R4013454,O1162316,2025-05-26,Late Delivery,Refunded
R4013455,O1026186,2023-11-12,Not as Expected,Refunded
R4013456,O1173377,2024-06-22,Size Issue,Refunded
R4013457,O1027880,2023-07-21,Size Issue,Refunded
R4013458,O1016901,2024-12-17,Size Issue,Refunded
R4013459,O1122826,2025-10-18,Not as Expected,Refunded
R4013460,O1099151,2024-04-15,Damaged,Refunded
R4013461,O1075674,2025-11-24,Changed Mind,Refunded
R4013462,O1109421,2023-10-27,Not as Expected,Refunded
R4013463,O1106356,2023-09-24,Wrong Item,Refunded
R4013464,O1044311,2023-04-23,Not as Expected,Refunded
R4013465,O1105864,2023-08-21,Wrong Item,Refunded
R4013466,O1163120,2025-01-16,Size Issue,Refunded
R4013467,O1042882,2024-02-20,Not as Expected,Refunded
R4013468,O1117195,2025-10-09,Late Delivery,Refunded
R4013469,O1035627,2025-01-10,Damaged,Refunded
R4013470,O1089362,2025-08-25,Changed Mind,Refunded
R4013471,O1160737,2024-11-06,Wrong Item,Refunded
R4013472,O1104716,2023-11-07,Not as Expected,Refunded
R4013473,O1072752,2024-04-13,Late Delivery,Refunded
R4013474,O1151259,2023-05-24,Damaged,Refunded
R4013475,O1072390,2025-06-19,Size Issue,Refunded
R4013476,O1176106,2024-10-27,Wrong Item,Refunded
R4013477,O1163356,2023-08-12,Damaged,Refunded
R4013478,O1039049,2024-10-22,Size Issue,Processing
R4013479,O1115968,2023-10-05,Size Issue,Refunded
R4013480,O1051904,2024-03-26,Not as Expected,Refunded
R4013481,O1020149,2023-10-26,Wrong Item,Refunded
R4013482,O1140836,2023-05-17,Damaged,Refunded
R4013483,O1013344,2023-06-05,Wrong Item,Refunded
R4013484,O1143476,2024-12-20,Not as Expected,Refunded
R4013485,O1000353,2024-01-23,Not as Expected,Refunded
R4013486,O1133166,2023-02-13,Wrong Item,Refunded
R4013487,O1112295,2023-02-06,Changed Mind,Refunded
R4013488,O1111264,2023-10-08,Late Delivery,Refunded
R4013489,O1046393,2025-06-09,Not as Expected,Refunded
R4013490,O1093707,2023-07-01,Not as Expected,Refunded
R4013491,O1014049,2025-08-15,Not as Expected,Refunded
R4013492,O1129679,2025-01-07,Size Issue,Refunded
R4013493,O1168493,2025-04-03,Not as Expected,Refunded
R4013494,O1057090,2024-08-20,Not as Expected,Refunded
R4013495,O1022973,2024-02-18,Size Issue,Refunded
R4013496,O1076304,2024-10-14,Late Delivery,Refunded
R4013497,O1153085,2024-03-16,Size Issue,Refunded
R4013498,O1096608,2023-12-05,Size Issue,Refunded
R4013499,O1092418,2023-02-19,Not as Expected,Refunded
R4013500,O1153116,2025-04-03,Late Delivery,Refunded
R4013501,O1062994,2024-04-02,Damaged,Refunded
R4013502,O1141243,2025-02-21,Changed Mind,Refunded
R4013503,O1174886,2025-10-25,Damaged,Processing
R4013504,O1142243,2024-12-30,Not as Expected,Refunded
R4013505,O1128875,2025-11-13,Late Delivery,Processing
R4013506,O1116160,2023-10-02,Wrong Item,Processing
R4013507,O1079576,2024-01-27,Wrong Item,Refunded
R4013508,O1054758,2023-09-11,Size Issue,Refunded
R4013509,O1148923,2023-07-29,Late Delivery,Processing
R4013510,O1042014,2025-10-09,Not as Expected,Refunded
R4013511,O1004603,2024-05-18,Wrong Item,Refunded
R4013512,O1015425,2024-01-03,Size Issue,Refunded
R4013513,O1066445,2024-05-14,Not as Expected,Refunded
R4013514,O1077790,2023-01-11,Changed Mind,Refunded
R4013515,O1036594,2025-04-20,Late Delivery,Refunded
R4013516,O1072176,2024-06-10,Damaged,Refunded
R4013517,O1174528,2024-03-03,Wrong Item,Refunded
R4013518,O1103339,2025-04-10,Wrong Item,Refunded
R4013519,O1049268,2025-12-02,Wrong Item,Refunded
R4013520,O1172404,2023-08-12,Damaged,Refunded
R4013521,O1061437,2024-11-30,Size Issue,Refunded
R4013522,O1079141,2025-02-25,Damaged,Refunded
R4013523,O1176695,2024-10-05,Size Issue,Refunded
R4013524,O1094940,2025-02-13,Size Issue,Refunded
R4013525,O1074907,2025-05-11,Size Issue,Refunded
R4013526,O1026953,2024-06-02,Late Delivery,Refunded
R4013527,O1160875,2024-07-02,Changed Mind,Refunded
R4013528,O1081310,2024-08-25,Wrong Item,Refunded
R4013529,O1104072,2024-02-22,Late Delivery,Refunded
R4013530,O1073338,2024-02-21,Late Delivery,Refunded
R4013531,O1081843,2024-12-07,Size Issue,Refunded
R4013532,O1088302,2024-08-12,Not as Expected,Refunded
R4013533,O1163874,2025-05-28,Damaged,Refunded
R4013534,O1179500,2023-02-07,Size Issue,Refunded
R4013535,O1096372,2023-11-06,Changed Mind,Refunded
R4013536,O1115293,2023-11-19,Changed Mind,Refunded
R4013537,O1010280,2025-07-20,Size Issue,Refunded
R4013538,O1140818,2025-09-17,Not as Expected,Refunded
R4013539,O1173136,2023-08-22,Changed Mind,Refunded
R4013540,O1108106,2024-11-29,Changed Mind,Refunded
R4013541,O1142461,2023-10-11,Wrong Item,Refunded
R4013542,O1122938,2024-10-31,Late Delivery,Refunded
R4013543,O1070419,2025-11-02,Changed Mind,Refunded
R4013544,O1165935,2024-11-04,Size Issue,Refunded
R4013545,O1079594,2024-07-17,Changed Mind,Refunded
R4013546,O1063042,2025-09-08,Changed Mind,Refunded
R4013547,O1096227,2023-05-24,Damaged,Processing
R4013548,O1000808,2024-03-09,Size Issue,Processing
R4013549,O1023464,2024-01-18,Damaged,Refunded
R4013550,O1049791,2025-02-16,Not as Expected,Refunded
R4013551,O1013680,2023-05-03,Damaged,Refunded
R4013552,O1095152,2023-12-15,Size Issue,Refunded
R4013553,O1064197,2024-05-29,Changed Mind,Refunded
R4013554,O1022426,2023-04-01,Late Delivery,Refunded
R4013555,O1015860,2024-11-03,Damaged,Refunded
R4013556,O1121416,2025-05-05,Damaged,Refunded
R4013557,O1161068,2023-04-04,Wrong Item,Refunded
R4013558,O1141435,2023-12-24,Not as Expected,Refunded
R4013559,O1162539,2024-04-15,Changed Mind,Refunded
R4013560,O1128080,2024-05-09,Not as Expected,Refunded
R4013561,O1150861,2024-07-25,Not as Expected,Refunded
R4013562,O1071978,2025-07-30,Size Issue,Refunded
R4013563,O1004354,2023-08-23,Changed Mind,Refunded
R4013564,O1149922,2023-04-01,Damaged,Refunded
R4013565,O1135831,2025-01-21,Not as Expected,Refunded
R4013566,O1018076,2025-07-18,Not as Expected,Refunded
R4013567,O1077443,2025-12-02,Damaged,Refunded
R4013568,O1129009,2023-12-27,Damaged,Refunded
R4013569,O1153852,2024-12-12,Not as Expected,Refunded
R4013570,O1065226,2023-04-03,Not as Expected,Refunded
R4013571,O1050869,2023-06-22,Size Issue,Refunded
R4013572,O1012979,2023-12-07,Damaged,Refunded
R4013573,O1156267,2025-04-09,Not as Expected,Refunded
R4013574,O1149404,2023-10-09,Changed Mind,Refunded
R4013575,O1122540,2023-12-16,Wrong Item,Refunded
R4013576,O1071963,2024-04-13,Changed Mind,Refunded
R4013577,O1080021,2023-08-29,Changed Mind,Refunded
R4013578,O1071706,2023-09-21,Size Issue,Refunded
R4013579,O1108042,2024-06-27,Size Issue,Refunded
R4013580,O1044055,2024-04-12,Damaged,Refunded
R4013581,O1050530,2024-04-06,Not as Expected,Refunded
R4013582,O1113357,2025-08-04,Wrong Item,Refunded
R4013583,O1049982,2025-09-15,Changed Mind,Refunded
R4013584,O1048382,2025-01-21,Size Issue,Refunded
R4013585,O1175147,2025-06-11,Wrong Item,Refunded
R4013586,O1033062,2025-01-30,Not as Expected,Refunded
R4013587,O1003501,2025-09-15,Late Delivery,Refunded
R4013588,O1033928,2023-10-08,Not as Expected,Refunded
R4013589,O1117752,2023-10-20,Wrong Item,Refunded
R4013590,O1053397,2023-10-20,Not as Expected,Processing
R4013591,O1023490,2024-06-18,Size Issue,Refunded
R4013592,O1059220,2023-06-16,Not as Expected,Refunded
R4013593,O1056110,2025-12-22,Not as Expected,Refunded
R4013594,O1052676,2023-07-23,Late Delivery,Refunded
R4013595,O1167546,2025-03-03,Not as Expected,Refunded
R4013596,O1029435,2025-11-25,Not as Expected,Refunded
R4013597,O1171220,2023-03-21,Size Issue,Refunded
R4013598,O1042172,2025-12-30,Damaged,Refunded
R4013599,O1128743,2025-07-18,Changed Mind,Refunded
R4013600,O1026306,2025-11-24,Not as Expected,Refunded
R4013601,O1147914,2024-07-30,Size Issue,Refunded
R4013602,O1057677,2025-05-23,Late Delivery,Refunded
R4013603,O1109459,2025-01-08,Not as Expected,Refunded
R4013604,O1089025,2024-02-29,Late Delivery,Processing
R4013605,O1154414,2023-08-18,Damaged,Refunded
R4013606,O1143097,2024-02-27,Wrong Item,Refunded
R4013607,O1074201,2024-06-28,Not as Expected,Refunded
R4013608,O1075236,2024-11-21,Not as Expected,Refunded
R4013609,O1038515,2023-06-12,Not as Expected,Refunded
R4013610,O1039915,2023-09-13,Wrong Item,Refunded
R4013611,O1094640,2023-12-23,Size Issue,Refunded
R4013612,O1040055,2023-06-21,Late Delivery,Refunded
R4013613,O1101781,2024-06-19,Not as Expected,Refunded
R4013614,O1175511,2024-02-17,Wrong Item,Refunded
R4013615,O1140476,2023-07-18,Damaged,Refunded
R4013616,O1005004,2024-09-06,Wrong Item,Refunded
R4013617,O1077050,2025-06-26,Wrong Item,Refunded
R4013618,O1023011,2024-05-21,Not as Expected,Refunded
R4013619,O1114274,2025-03-02,Size Issue,Refunded
R4013620,O1056291,2025-07-22,Size Issue,Refunded
R4013621,O1106346,2025-11-07,Changed Mind,Processing
R4013622,O1100078,2023-08-03,Size Issue,Refunded
R4013623,O1000640,2024-04-03,Wrong Item,Refunded
R4013624,O1171136,2023-01-11,Not as Expected,Refunded
R4013625,O1065839,2024-05-17,Wrong Item,Refunded
R4013626,O1163735,2023-03-13,Size Issue,Refunded
R4013627,O1054442,2025-08-08,Damaged,Refunded
R4013628,O1024360,2025-04-15,Not as Expected,Refunded
R4013629,O1140323,2024-06-01,Size Issue,Refunded
R4013630,O1038201,2025-06-13,Changed Mind,Refunded
R4013631,O1138622,2023-11-28,Damaged,Refunded
R4013632,O1027593,2024-09-25,Not as Expected,Refunded
R4013633,O1119650,2023-03-01,Damaged,Refunded
R4013634,O1091804,2024-01-13,Wrong Item,Refunded
R4013635,O1171831,2024-06-20,Not as Expected,Refunded
R4013636,O1038149,2025-03-25,Changed Mind,Processing
R4013637,O1148946,2024-02-09,Changed Mind,Refunded
R4013638,O1117885,2024-04-21,Not as Expected,Refunded
R4013639,O1017623,2023-09-03,Wrong Item,Refunded
R4013640,O1069685,2023-04-19,Not as Expected,Refunded
R4013641,O1124721,2024-12-04,Changed Mind,Refunded
R4013642,O1130780,2023-11-08,Changed Mind,Refunded
R4013643,O1177760,2024-10-18,Changed Mind,Refunded
R4013644,O1079436,2024-05-14,Size Issue,Refunded
R4013645,O1040194,2024-11-27,Changed Mind,Refunded
R4013646,O1170210,2024-12-19,Late Delivery,Refunded
R4013647,O1161645,2024-06-04,Late Delivery,Refunded
R4013648,O1138596,2025-07-27,Changed Mind,Refunded
R4013649,O1030703,2024-09-18,Changed Mind,Refunded
R4013650,O1160448,2023-03-25,Not as Expected,Refunded
R4013651,O1080865,2025-05-30,Wrong Item,Refunded
R4013652,O1036494,2023-01-19,Damaged,Refunded
R4013653,O1014829,2025-05-17,Not as Expected,Refunded
R4013654,O1049824,2024-05-04,Late Delivery,Refunded
R4013655,O1155661,2023-05-03,Size Issue,Refunded
R4013656,O1151948,2024-11-06,Damaged,Refunded
R4013657,O1061192,2023-02-04,Not as Expected,Refunded
R4013658,O1150830,2025-04-15,Size Issue,Refunded
R4013659,O1073671,2025-09-02,Size Issue,Refunded
R4013660,O1085859,2024-12-02,Not as Expected,Refunded
R4013661,O1131724,2023-10-22,Not as Expected,Refunded
R4013662,O1158826,2023-06-03,Changed Mind,Refunded
R4013663,O1026362,2025-10-21,Damaged,Refunded
R4013664,O1056000,2023-11-02,Late Delivery,Refunded
R4013665,O1054091,2024-02-20,Not as Expected,Refunded
R4013666,O1144356,2024-09-07,Late Delivery,Refunded
R4013667,O1094796,2024-09-22,Late Delivery,Refunded
R4013668,O1106876,2023-02-22,Changed Mind,Refunded
R4013669,O1099879,2025-02-14,Wrong Item,Refunded
R4013670,O1135667,2023-04-02,Wrong Item,Refunded
R4013671,O1157223,2024-12-20,Late Delivery,Refunded
R4013672,O1068023,2024-09-06,Late Delivery,Refunded
R4013673,O1040557,2025-06-08,Changed Mind,Refunded
R4013674,O1090167,2024-04-24,Damaged,Refunded
R4013675,O1089682,2025-04-13,Not as Expected,Refunded
R4013676,O1148647,2025-03-07,Size Issue,Refunded
R4013677,O1028965,2024-08-08,Size Issue,Refunded
R4013678,O1005601,2023-09-05,Wrong Item,Refunded
R4013679,O1041133,2025-08-06,Not as Expected,Refunded
R4013680,O1055574,2025-06-05,Late Delivery,Refunded
R4013681,O1002730,2024-10-02,Wrong Item,Refunded
R4013682,O1161736,2023-05-08,Not as Expected,Refunded
R4013683,O1056583,2025-07-05,Damaged,Refunded
R4013684,O1080929,2024-12-27,Not as Expected,Refunded
R4013685,O1090096,2023-07-25,Not as Expected,Refunded
R4013686,O1079842,2023-06-05,Not as Expected,Refunded
R4013687,O1124882,2024-12-13,Size Issue,Refunded
R4013688,O1124034,2025-04-10,Size Issue,Refunded
R4013689,O1009327,2023-03-21,Late Delivery,Refunded
R4013690,O1103410,2025-04-26,Not as Expected,Refunded
R4013691,O1049756,2024-08-11,Not as Expected,Refunded
R4013692,O1089813,2024-07-12,Wrong Item,Refunded
R4013693,O1121681,2024-02-08,Not as Expected,Processing
R4013694,O1162491,2024-01-29,Late Delivery,Refunded
R4013695,O1142848,2024-01-20,Not as Expected,Refunded
R4013696,O1166564,2023-01-28,Late Delivery,Refunded
R4013697,O1026744,2023-11-12,Changed Mind,Processing
R4013698,O1179241,2024-01-06,Changed Mind,Processing
R4013699,O1091481,2025-03-11,Size Issue,Refunded
R4013700,O1023144,2025-05-27,Wrong Item,Refunded
R4013701,O1117663,2024-03-13,Damaged,Refunded
R4013702,O1013211,2023-09-14,Size Issue,Refunded
R4013703,O1012959,2023-05-15,Late Delivery,Refunded
R4013704,O1139625,2024-03-13,Late Delivery,Refunded
R4013705,O1110193,2024-10-09,Not as Expected,Refunded
R4013706,O1020053,2023-10-21,Size Issue,Refunded
R4013707,O1085217,2025-08-27,Damaged,Refunded
R4013708,O1009814,2025-02-05,Size Issue,Refunded
R4013709,O1065993,2025-08-17,Not as Expected,Refunded
R4013710,O1066853,2024-12-08,Not as Expected,Refunded
R4013711,O1152261,2023-07-18,Size Issue,Refunded
R4013712,O1020073,2023-03-05,Changed Mind,Refunded
R4013713,O1128798,2025-05-12,Not as Expected,Refunded
R4013714,O1126776,2023-03-31,Wrong Item,Refunded
R4013715,O1164942,2023-11-11,Changed Mind,Refunded
R4013716,O1096523,2024-11-28,Not as Expected,Refunded
R4013717,O1171504,2024-02-27,Late Delivery,Refunded
R4013718,O1037310,2024-10-02,Not as Expected,Refunded
R4013719,O1157754,2023-06-12,Size Issue,Refunded
R4013720,O1005532,2024-09-24,Wrong Item,Refunded
R4013721,O1142362,2023-05-20,Damaged,Refunded
R4013722,O1014097,2024-10-18,Late Delivery,Refunded
R4013723,O1024047,2024-11-08,Late Delivery,Refunded
R4013724,O1158735,2025-03-08,Changed Mind,Refunded
R4013725,O1158456,2025-12-20,Damaged,Refunded
R4013726,O1014709,2025-03-13,Late Delivery,Refunded
R4013727,O1096449,2025-03-14,Size Issue,Refunded
R4013728,O1157899,2026-01-12,Late Delivery,Refunded
R4013729,O1059175,2024-05-30,Wrong Item,Refunded
R4013730,O1136558,2023-05-17,Wrong Item,Refunded
R4013731,O1050035,2023-12-22,Late Delivery,Refunded
R4013732,O1140075,2024-06-02,Size Issue,Refunded
R4013733,O1105102,2025-05-10,Damaged,Refunded
R4013734,O1005342,2023-05-24,Changed Mind,Refunded
R4013735,O1029022,2025-09-17,Size Issue,Refunded
R4013736,O1177309,2025-09-21,Wrong Item,Refunded
R4013737,O1138588,2024-10-13,Not as Expected,Refunded
R4013738,O1035964,2023-10-11,Size Issue,Refunded
R4013739,O1107956,2024-02-19,Late Delivery,Refunded
R4013740,O1013172,2023-04-17,Damaged,Refunded
R4013741,O1082574,2024-11-05,Wrong Item,Refunded
R4013742,O1086455,2024-12-19,Changed Mind,Refunded
R4013743,O1167780,2024-01-15,Late Delivery,Refunded
R4013744,O1067240,2024-03-04,Not as Expected,Refunded
R4013745,O1114276,2024-07-10,Changed Mind,Refunded
R4013746,O1145022,2025-03-24,Wrong Item,Refunded
R4013747,O1142870,2023-11-29,Not as Expected,Refunded
R4013748,O1076969,2024-01-18,Not as Expected,Refunded
R4013749,O1020605,2024-11-25,Wrong Item,Refunded
R4013750,O1025623,2024-05-12,Not as Expected,Refunded
R4013751,O1081492,2023-12-26,Changed Mind,Refunded
R4013752,O1087791,2024-04-07,Late Delivery,Refunded
R4013753,O1026581,2023-06-14,Size Issue,Refunded
R4013754,O1040410,2025-07-15,Late Delivery,Refunded
R4013755,O1087933,2023-09-15,Not as Expected,Refunded
R4013756,O1074272,2025-07-30,Size Issue,Processing
R4013757,O1048061,2025-04-26,Not as Expected,Refunded
R4013758,O1061997,2025-11-25,Not as Expected,Refunded
R4013759,O1048427,2023-09-05,Changed Mind,Refunded
R4013760,O1165511,2023-03-20,Not as Expected,Refunded
R4013761,O1091005,2023-09-06,Damaged,Refunded
R4013762,O1085260,2025-08-05,Not as Expected,Refunded
R4013763,O1157463,2023-04-02,Size Issue,Refunded
R4013764,O1045813,2023-10-29,Late Delivery,Refunded
R4013765,O1071873,2024-06-19,Not as Expected,Refunded
R4013766,O1045337,2023-05-11,Wrong Item,Refunded
R4013767,O1039809,2023-08-23,Damaged,Refunded
R4013768,O1005228,2024-07-24,Not as Expected,Refunded
R4013769,O1044365,2024-06-05,Not as Expected,Refunded
R4013770,O1001683,2024-06-18,Not as Expected,Refunded
R4013771,O1162382,2023-01-29,Not as Expected,Refunded
R4013772,O1028404,2025-03-24,Wrong Item,Refunded
R4013773,O1083213,2025-04-05,Not as Expected,Refunded
R4013774,O1140589,2024-11-22,Changed Mind,Refunded
R4013775,O1072268,2025-02-14,Damaged,Refunded
R4013776,O1019943,2023-07-01,Damaged,Processing
R4013777,O1040600,2024-04-15,Late Delivery,Refunded
R4013778,O1069171,2024-04-17,Wrong Item,Refunded
R4013779,O1067041,2023-09-27,Not as Expected,Refunded
R4013780,O1145639,2025-10-25,Changed Mind,Refunded
R4013781,O1073398,2025-01-02,Wrong Item,Refunded
R4013782,O1163042,2023-02-16,Late Delivery,Processing
R4013783,O1004818,2025-08-12,Not as Expected,Refunded
R4013784,O1081210,2023-08-17,Late Delivery,Refunded
R4013785,O1131101,2025-12-22,Changed Mind,Processing
R4013786,O1090203,2023-06-02,Size Issue,Refunded
R4013787,O1069100,2023-10-31,Damaged,Refunded
R4013788,O1112089,2023-07-16,Changed Mind,Refunded
R4013789,O1011791,2025-02-09,Size Issue,Refunded
R4013790,O1136130,2025-02-19,Not as Expected,Refunded
R4013791,O1011451,2023-07-18,Late Delivery,Refunded
R4013792,O1136356,2023-01-30,Changed Mind,Refunded
R4013793,O1127797,2025-12-20,Size Issue,Refunded
R4013794,O1161414,2024-04-09,Size Issue,Refunded
R4013795,O1040681,2024-05-17,Changed Mind,Refunded
R4013796,O1167685,2024-11-18,Wrong Item,Refunded
R4013797,O1029321,2024-11-29,Not as Expected,Refunded
R4013798,O1079342,2025-03-13,Changed Mind,Refunded
R4013799,O1144173,2023-09-04,Size Issue,Refunded
R4013800,O1082056,2023-06-06,Changed Mind,Refunded
R4013801,O1029991,2025-08-14,Not as Expected,Refunded
R4013802,O1170616,2024-11-05,Wrong Item,Refunded
R4013803,O1047063,2024-03-05,Size Issue,Refunded
R4013804,O1017155,2024-02-23,Damaged,Refunded
R4013805,O1098906,2025-09-11,Late Delivery,Processing
R4013806,O1022284,2025-02-23,Size Issue,Refunded
R4013807,O1045506,2024-05-20,Size Issue,Refunded
R4013808,O1128485,2023-06-27,Not as Expected,Refunded
R4013809,O1098857,2024-07-18,Late Delivery,Refunded
R4013810,O1027120,2025-02-19,Size Issue,Refunded
R4013811,O1098900,2025-10-16,Not as Expected,Refunded
R4013812,O1070450,2026-01-09,Not as Expected,Refunded
R4013813,O1173101,2025-10-08,Size Issue,Refunded
R4013814,O1151892,2024-02-07,Wrong Item,Refunded
R4013815,O1146267,2024-11-29,Not as Expected,Refunded
R4013816,O1085985,2024-11-01,Damaged,Refunded
R4013817,O1084586,2024-02-02,Size Issue,Refunded
R4013818,O1039490,2023-12-09,Size Issue,Refunded
R4013819,O1017578,2024-08-22,Not as Expected,Refunded
R4013820,O1011098,2025-05-03,Size Issue,Refunded
R4013821,O1069107,2023-04-06,Damaged,Refunded
R4013822,O1047082,2023-05-16,Not as Expected,Refunded
R4013823,O1144430,2023-03-23,Size Issue,Refunded
R4013824,O1140906,2024-02-28,Not as Expected,Refunded
R4013825,O1143841,2024-12-26,Late Delivery,Refunded
R4013826,O1064608,2023-12-11,Late Delivery,Refunded
R4013827,O1008857,2023-10-23,Size Issue,Refunded
R4013828,O1125937,2024-12-02,Size Issue,Refunded
R4013829,O1021454,2023-10-11,Damaged,Refunded
R4013830,O1123949,2023-08-30,Size Issue,Refunded
R4013831,O1126949,2025-09-21,Changed Mind,Processing
R4013832,O1061118,2024-04-28,Changed Mind,Refunded
R4013833,O1057725,2024-10-10,Not as Expected,Refunded
R4013834,O1145282,2024-09-11,Not as Expected,Refunded
R4013835,O1097568,2025-02-17,Not as Expected,Processing
R4013836,O1106378,2025-11-14,Not as Expected,Refunded
R4013837,O1005724,2023-05-19,Size Issue,Refunded
R4013838,O1017748,2023-10-21,Size Issue,Refunded
R4013839,O1008378,2025-01-16,Damaged,Refunded
R4013840,O1133060,2023-05-18,Damaged,Processing
R4013841,O1073823,2023-12-03,Damaged,Processing
R4013842,O1116708,2024-01-16,Damaged,Refunded
R4013843,O1117274,2025-03-24,Late Delivery,Refunded
R4013844,O1061857,2024-01-01,Damaged,Refunded
R4013845,O1126201,2025-06-13,Changed Mind,Refunded
R4013846,O1064847,2024-10-11,Damaged,Refunded
R4013847,O1064464,2024-03-21,Wrong Item,Refunded
R4013848,O1060360,2025-06-27,Changed Mind,Refunded
R4013849,O1033443,2024-09-12,Size Issue,Processing
R4013850,O1025727,2023-07-07,Changed Mind,Refunded
R4013851,O1015173,2025-01-13,Late Delivery,Refunded
R4013852,O1062701,2023-04-06,Not as Expected,Refunded
R4013853,O1103746,2023-01-08,Changed Mind,Refunded
R4013854,O1162664,2025-11-12,Size Issue,Refunded
R4013855,O1047668,2024-02-25,Damaged,Refunded
R4013856,O1102404,2023-01-28,Size Issue,Refunded
R4013857,O1095089,2025-08-11,Changed Mind,Refunded
R4013858,O1047248,2025-03-12,Wrong Item,Refunded
R4013859,O1025529,2025-12-03,Not as Expected,Refunded
R4013860,O1086361,2025-11-22,Damaged,Refunded
R4013861,O1036066,2024-11-01,Changed Mind,Refunded
R4013862,O1176104,2024-10-09,Not as Expected,Refunded
R4013863,O1095091,2025-04-16,Not as Expected,Refunded
R4013864,O1075716,2024-09-28,Late Delivery,Refunded
R4013865,O1124660,2023-02-02,Changed Mind,Refunded
R4013866,O1143542,2023-05-15,Not as Expected,Refunded
R4013867,O1160403,2023-07-03,Changed Mind,Refunded
R4013868,O1032977,2023-12-07,Size Issue,Refunded
R4013869,O1057527,2024-07-01,Changed Mind,Refunded
R4013870,O1092677,2025-05-01,Not as Expected,Refunded
R4013871,O1029121,2023-10-19,Damaged,Refunded
R4013872,O1178322,2023-07-04,Wrong Item,Refunded
R4013873,O1153434,2025-01-23,Not as Expected,Refunded
R4013874,O1042854,2025-10-18,Damaged,Refunded
R4013875,O1072094,2023-11-11,Late Delivery,Refunded
R4013876,O1069277,2023-09-25,Damaged,Processing
R4013877,O1120665,2025-06-25,Late Delivery,Refunded
R4013878,O1154721,2024-06-14,Damaged,Refunded
R4013879,O1080936,2025-06-23,Late Delivery,Refunded
R4013880,O1077111,2023-02-02,Late Delivery,Refunded
R4013881,O1083779,2025-06-16,Changed Mind,Refunded
R4013882,O1152376,2024-11-09,Wrong Item,Refunded
R4013883,O1110390,2023-10-24,Not as Expected,Refunded
R4013884,O1135150,2025-06-22,Damaged,Refunded
R4013885,O1074905,2024-05-14,Not as Expected,Refunded
R4013886,O1087154,2023-07-12,Changed Mind,Refunded
R4013887,O1159957,2025-09-12,Wrong Item,Refunded
R4013888,O1145940,2025-10-14,Not as Expected,Refunded
R4013889,O1076998,2023-11-16,Damaged,Refunded
R4013890,O1179289,2025-12-13,Wrong Item,Refunded
R4013891,O1133983,2024-12-27,Late Delivery,Refunded
R4013892,O1031798,2025-09-30,Not as Expected,Refunded
R4013893,O1137424,2025-11-07,Size Issue,Refunded
R4013894,O1117100,2023-03-29,Late Delivery,Processing
R4013895,O1118339,2024-09-03,Not as Expected,Refunded
R4013896,O1124411,2023-11-01,Wrong Item,Refunded
R4013897,O1077979,2024-05-16,Changed Mind,Refunded
R4013898,O1089042,2025-10-16,Damaged,Refunded
R4013899,O1157371,2025-09-30,Size Issue,Refunded
R4013900,O1175817,2025-09-10,Not as Expected,Refunded
R4013901,O1104966,2024-06-29,Size Issue,Refunded
R4013902,O1137861,2024-08-18,Wrong Item,Refunded
R4013903,O1053790,2025-05-14,Size Issue,Refunded
R4013904,O1062111,2025-09-02,Size Issue,Refunded
R4013905,O1159690,2024-02-28,Wrong Item,Refunded
R4013906,O1054944,2025-09-28,Size Issue,Refunded
R4013907,O1080896,2023-11-24,Size Issue,Refunded
R4013908,O1114839,2023-10-07,Not as Expected,Refunded
R4013909,O1133733,2024-07-26,Damaged,Refunded
R4013910,O1026578,2025-09-04,Not as Expected,Processing
R4013911,O1058996,2025-11-22,Size Issue,Refunded
R4013912,O1110676,2023-01-21,Size Issue,Refunded
R4013913,O1089735,2023-09-21,Not as Expected,Refunded
R4013914,O1103941,2025-04-08,Damaged,Refunded
R4013915,O1077850,2024-06-12,Not as Expected,Refunded
R4013916,O1055221,2025-09-17,Not as Expected,Refunded
R4013917,O1044571,2023-06-04,Size Issue,Refunded
R4013918,O1165289,2024-08-25,Changed Mind,Refunded
R4013919,O1162645,2023-01-08,Not as Expected,Refunded
R4013920,O1036886,2023-01-16,Size Issue,Refunded
R4013921,O1022976,2024-06-28,Not as Expected,Refunded
R4013922,O1116964,2023-02-04,Changed Mind,Refunded
R4013923,O1149606,2024-11-12,Not as Expected,Refunded
R4013924,O1110980,2024-08-10,Not as Expected,Refunded
R4013925,O1158159,2025-01-10,Wrong Item,Refunded
R4013926,O1036887,2023-02-03,Damaged,Refunded
R4013927,O1151979,2024-01-03,Wrong Item,Refunded
R4013928,O1045963,2023-11-18,Wrong Item,Refunded
R4013929,O1031551,2025-11-27,Not as Expected,Refunded
R4013930,O1174875,2023-02-11,Size Issue,Refunded
R4013931,O1167401,2024-08-12,Damaged,Refunded
R4013932,O1135524,2024-02-13,Damaged,Refunded
R4013933,O1040430,2024-11-28,Changed Mind,Refunded
R4013934,O1097922,2025-07-26,Changed Mind,Processing
R4013935,O1071776,2024-08-18,Size Issue,Refunded
R4013936,O1117109,2024-08-13,Wrong Item,Refunded
R4013937,O1143040,2023-11-19,Changed Mind,Refunded
R4013938,O1056949,2024-07-20,Size Issue,Refunded
R4013939,O1031241,2023-03-13,Wrong Item,Refunded
R4013940,O1051165,2023-08-13,Late Delivery,Refunded
R4013941,O1118019,2025-05-14,Damaged,Refunded
R4013942,O1025627,2024-09-11,Not as Expected,Refunded
R4013943,O1163065,2023-12-05,Not as Expected,Refunded
R4013944,O1077397,2025-01-22,Wrong Item,Refunded
R4013945,O1070297,2024-10-15,Late Delivery,Refunded
R4013946,O1132206,2023-02-15,Changed Mind,Refunded
R4013947,O1125585,2024-02-23,Size Issue,Refunded
R4013948,O1147169,2024-06-19,Changed Mind,Refunded
R4013949,O1027725,2023-08-27,Wrong Item,Refunded
R4013950,O1123139,2025-03-04,Not as Expected,Refunded
R4013951,O1129347,2023-10-03,Size Issue,Refunded
R4013952,O1095023,2025-07-16,Damaged,Refunded
R4013953,O1177077,2025-11-21,Not as Expected,Refunded
R4013954,O1160433,2023-05-19,Wrong Item,Refunded
R4013955,O1145149,2025-09-30,Not as Expected,Refunded
R4013956,O1144427,2024-05-31,Damaged,Refunded
R4013957,O1037541,2025-05-29,Size Issue,Refunded
R4013958,O1153452,2025-12-16,Size Issue,Refunded
R4013959,O1146978,2025-12-07,Not as Expected,Refunded
R4013960,O1074431,2025-09-29,Not as Expected,Refunded
R4013961,O1103713,2024-12-04,Not as Expected,Refunded
R4013962,O1113059,2025-05-02,Size Issue,Processing
R4013963,O1159488,2024-10-30,Size Issue,Refunded
R4013964,O1179981,2023-05-15,Not as Expected,Processing
R4013965,O1144345,2023-06-26,Wrong Item,Processing
R4013966,O1097131,2024-02-10,Not as Expected,Processing
R4013967,O1108918,2025-07-22,Not as Expected,Refunded
R4013968,O1116542,2023-07-23,Size Issue,Processing
R4013969,O1162424,2025-01-14,Not as Expected,Refunded
R4013970,O1005760,2023-03-14,Late Delivery,Refunded
R4013971,O1038894,2025-09-18,Not as Expected,Processing
R4013972,O1039465,2023-03-10,Not as Expected,Refunded
R4013973,O1047145,2024-12-11,Size Issue,Refunded
R4013974,O1109358,2024-10-12,Late Delivery,Refunded
R4013975,O1132587,2023-07-12,Size Issue,Refunded
R4013976,O1093727,2025-09-07,Wrong Item,Refunded
R4013977,O1018595,2023-10-04,Wrong Item,Refunded
R4013978,O1047141,2024-12-02,Size Issue,Refunded
R4013979,O1021701,2023-04-17,Damaged,Refunded
R4013980,O1105841,2024-09-01,Late Delivery,Refunded
R4013981,O1081525,2024-01-11,Changed Mind,Refunded
R4013982,O1174566,2024-11-24,Changed Mind,Refunded
R4013983,O1073616,2025-07-24,Size Issue,Refunded
R4013984,O1081773,2024-02-16,Wrong Item,Refunded
R4013985,O1076163,2024-07-24,Not as Expected,Refunded
R4013986,O1105025,2025-08-28,Wrong Item,Refunded
R4013987,O1040811,2025-06-02,Changed Mind,Refunded
R4013988,O1055583,2024-08-02,Damaged,Refunded
R4013989,O1138949,2025-05-29,Wrong Item,Processing
R4013990,O1008747,2025-06-28,Not as Expected,Refunded
R4013991,O1110381,2023-02-01,Not as Expected,Refunded
R4013992,O1054140,2025-01-16,Not as Expected,Refunded
R4013993,O1016323,2023-06-11,Not as Expected,Refunded
R4013994,O1143347,2024-05-18,Not as Expected,Refunded
R4013995,O1116209,2024-09-21,Damaged,Refunded
R4013996,O1055670,2024-03-06,Late Delivery,Refunded
R4013997,O1071490,2023-05-14,Not as Expected,Refunded
R4013998,O1040513,2023-04-09,Size Issue,Refunded
R4013999,O1041779,2024-02-16,Changed Mind,Refunded
R4014000,O1042330,2023-07-28,Not as Expected,Refunded
R4014001,O1016018,2024-04-13,Size Issue,Refunded
R4014002,O1036513,2023-01-19,Damaged,Processing
R4014003,O1012587,2024-12-14,Not as Expected,Refunded
R4014004,O1125314,2024-04-09,Wrong Item,Refunded
R4014005,O1141987,2023-06-18,Not as Expected,Refunded
R4014006,O1016555,2024-12-31,Not as Expected,Refunded
R4014007,O1080789,2024-12-23,Wrong Item,Refunded
R4014008,O1028572,2025-11-19,Not as Expected,Refunded
R4014009,O1142265,2023-11-16,Size Issue,Processing
R4014010,O1083236,2023-07-27,Damaged,Refunded
R4014011,O1098796,2024-04-11,Wrong Item,Refunded
R4014012,O1135466,2023-09-16,Damaged,Refunded
R4014013,O1121350,2024-03-21,Not as Expected,Refunded
R4014014,O1178493,2025-03-21,Size Issue,Refunded
R4014015,O1104335,2023-04-30,Not as Expected,Refunded
R4014016,O1176071,2024-07-06,Not as Expected,Refunded
R4014017,O1168601,2025-01-12,Changed Mind,Processing
R4014018,O1061450,2024-08-08,Wrong Item,Refunded
R4014019,O1037604,2024-03-09,Damaged,Refunded
R4014020,O1115098,2024-06-01,Changed Mind,Refunded
R4014021,O1119493,2024-11-26,Not as Expected,Refunded
R4014022,O1143181,2025-12-16,Damaged,Refunded
R4014023,O1167973,2023-08-28,Not as Expected,Refunded
R4014024,O1060262,2023-10-11,Wrong Item,Refunded
R4014025,O1070328,2024-01-30,Size Issue,Refunded
R4014026,O1003282,2025-02-05,Not as Expected,Refunded
R4014027,O1090447,2025-03-07,Damaged,Refunded
R4014028,O1149869,2024-05-12,Late Delivery,Refunded
R4014029,O1160445,2023-06-02,Damaged,Refunded
R4014030,O1051013,2025-05-10,Late Delivery,Refunded
R4014031,O1017191,2023-10-01,Not as Expected,Refunded
R4014032,O1017276,2023-11-08,Size Issue,Refunded
R4014033,O1177053,2024-08-26,Not as Expected,Refunded
R4014034,O1000128,2024-10-14,Late Delivery,Refunded
R4014035,O1003927,2023-07-08,Changed Mind,Refunded
R4014036,O1035494,2024-10-26,Damaged,Refunded
R4014037,O1044475,2025-07-20,Changed Mind,Refunded
R4014038,O1119210,2025-02-20,Not as Expected,Processing
R4014039,O1061005,2025-03-17,Not as Expected,Refunded
R4014040,O1042343,2023-12-10,Changed Mind,Refunded
R4014041,O1063814,2025-12-04,Not as Expected,Refunded
R4014042,O1102709,2025-04-26,Not as Expected,Refunded
R4014043,O1160889,2025-12-15,Size Issue,Refunded
R4014044,O1007152,2024-08-27,Changed Mind,Refunded
R4014045,O1022619,2023-01-22,Changed Mind,Refunded
R4014046,O1072660,2023-11-04,Size Issue,Refunded
R4014047,O1144231,2024-07-22,Not as Expected,Refunded
R4014048,O1120542,2025-05-06,Damaged,Refunded
R4014049,O1073617,2023-09-25,Not as Expected,Refunded
R4014050,O1053344,2024-03-06,Late Delivery,Refunded
R4014051,O1059587,2024-12-07,Size Issue,Refunded
R4014052,O1058266,2025-11-28,Wrong Item,Refunded
R4014053,O1076968,2024-03-21,Changed Mind,Refunded
R4014054,O1120061,2023-03-14,Damaged,Refunded
R4014055,O1029862,2023-01-25,Not as Expected,Refunded
R4014056,O1060043,2024-09-18,Not as Expected,Refunded
R4014057,O1103961,2024-01-08,Size Issue,Refunded
R4014058,O1054891,2025-01-10,Damaged,Refunded
R4014059,O1112722,2025-01-03,Changed Mind,Refunded
R4014060,O1165336,2024-05-08,Size Issue,Refunded
R4014061,O1011507,2023-01-28,Damaged,Refunded
R4014062,O1080432,2025-10-21,Size Issue,Refunded
R4014063,O1055902,2025-07-16,Not as Expected,Refunded
R4014064,O1172704,2023-02-23,Size Issue,Processing
R4014065,O1006456,2024-05-22,Changed Mind,Refunded
R4014066,O1156323,2025-03-02,Late Delivery,Refunded
R4014067,O1095693,2023-07-07,Not as Expected,Refunded
R4014068,O1138276,2024-04-05,Damaged,Refunded
R4014069,O1168988,2024-04-17,Damaged,Refunded
R4014070,O1097555,2024-05-26,Damaged,Refunded
R4014071,O1021810,2024-10-23,Size Issue,Refunded
R4014072,O1125967,2023-09-04,Changed Mind,Refunded
R4014073,O1050022,2024-01-10,Not as Expected,Refunded
R4014074,O1150663,2023-12-14,Size Issue,Refunded
R4014075,O1129289,2025-11-02,Size Issue,Refunded
R4014076,O1150966,2025-08-10,Late Delivery,Refunded
R4014077,O1114203,2023-10-08,Changed Mind,Refunded
R4014078,O1025450,2025-07-19,Size Issue,Refunded
R4014079,O1010403,2023-07-07,Not as Expected,Refunded
R4014080,O1149637,2024-03-23,Size Issue,Refunded
R4014081,O1096492,2025-01-08,Size Issue,Refunded
R4014082,O1162983,2025-02-01,Changed Mind,Processing
R4014083,O1049151,2024-06-27,Wrong Item,Processing
R4014084,O1023280,2025-04-07,Damaged,Refunded
R4014085,O1030858,2023-09-18,Not as Expected,Refunded
R4014086,O1178166,2023-06-17,Damaged,Refunded
R4014087,O1057526,2023-01-23,Late Delivery,Refunded
R4014088,O1001255,2024-01-01,Damaged,Processing
R4014089,O1027922,2025-05-19,Wrong Item,Refunded
R4014090,O1047406,2024-11-18,Wrong Item,Refunded
R4014091,O1015955,2024-06-04,Size Issue,Refunded
R4014092,O1048217,2024-06-23,Not as Expected,Refunded
R4014093,O1133163,2023-08-28,Damaged,Refunded
R4014094,O1042095,2024-08-03,Not as Expected,Refunded
R4014095,O1153284,2024-07-12,Not as Expected,Refunded
R4014096,O1164054,2025-05-22,Changed Mind,Refunded
R4014097,O1092269,2024-12-29,Wrong Item,Refunded
R4014098,O1080731,2023-04-29,Wrong Item,Refunded
R4014099,O1063469,2025-07-27,Not as Expected,Refunded
R4014100,O1057148,2023-03-28,Late Delivery,Refunded
R4014101,O1179686,2023-04-22,Wrong Item,Refunded
R4014102,O1024778,2025-07-11,Size Issue,Refunded
R4014103,O1091476,2025-09-10,Size Issue,Processing
R4014104,O1115911,2025-05-15,Late Delivery,Refunded
R4014105,O1157166,2024-02-21,Not as Expected,Processing
R4014106,O1164347,2025-05-13,Size Issue,Refunded
R4014107,O1155764,2025-11-14,Size Issue,Refunded
R4014108,O1140792,2024-10-04,Not as Expected,Refunded
R4014109,O1174267,2023-01-26,Not as Expected,Refunded
R4014110,O1052796,2024-08-22,Wrong Item,Refunded
R4014111,O1086166,2023-11-27,Size Issue,Refunded
R4014112,O1075495,2024-06-21,Changed Mind,Refunded
R4014113,O1054162,2024-05-13,Wrong Item,Refunded
R4014114,O1082220,2023-09-05,Late Delivery,Refunded
R4014115,O1152977,2023-06-23,Wrong Item,Refunded
R4014116,O1155908,2023-09-13,Damaged,Refunded
R4014117,O1169161,2024-07-07,Wrong Item,Refunded
R4014118,O1050095,2025-02-13,Damaged,Refunded
R4014119,O1150428,2024-03-04,Not as Expected,Refunded
R4014120,O1027188,2023-11-05,Damaged,Refunded
R4014121,O1019778,2023-12-28,Damaged,Refunded
R4014122,O1138067,2023-11-07,Changed Mind,Refunded
R4014123,O1062396,2024-08-05,Size Issue,Refunded
R4014124,O1084183,2026-01-04,Not as Expected,Refunded
R4014125,O1172537,2023-07-05,Wrong Item,Refunded
R4014126,O1063333,2023-09-09,Not as Expected,Processing
R4014127,O1113652,2023-05-11,Damaged,Refunded
R4014128,O1172763,2025-01-08,Wrong Item,Processing
R4014129,O1045256,2023-02-07,Damaged,Processing
R4014130,O1119684,2025-03-13,Damaged,Refunded
R4014131,O1172070,2024-12-23,Damaged,Refunded
R4014132,O1152091,2025-11-10,Size Issue,Refunded
R4014133,O1043048,2025-12-25,Changed Mind,Refunded
R4014134,O1080667,2025-09-29,Wrong Item,Refunded
R4014135,O1009848,2024-11-21,Damaged,Refunded
R4014136,O1032360,2025-11-23,Damaged,Refunded
R4014137,O1151454,2025-06-18,Wrong Item,Refunded
R4014138,O1074783,2023-04-10,Not as Expected,Refunded
R4014139,O1176133,2025-11-29,Damaged,Refunded
R4014140,O1036840,2024-11-25,Wrong Item,Refunded
R4014141,O1078561,2025-05-05,Late Delivery,Refunded
R4014142,O1179899,2023-02-22,Wrong Item,Refunded
R4014143,O1169506,2025-02-25,Late Delivery,Refunded
R4014144,O1063456,2024-02-20,Not as Expected,Refunded
R4014145,O1014714,2024-03-20,Changed Mind,Refunded
R4014146,O1168332,2023-09-24,Not as Expected,Refunded
R4014147,O1136610,2023-05-25,Wrong Item,Refunded
R4014148,O1108631,2023-08-30,Damaged,Refunded
R4014149,O1015053,2024-02-14,Damaged,Refunded
R4014150,O1065060,2023-09-26,Size Issue,Refunded
R4014151,O1157250,2023-03-10,Size Issue,Refunded
R4014152,O1056836,2023-08-25,Damaged,Refunded
R4014153,O1035311,2023-01-21,Changed Mind,Refunded
R4014154,O1002900,2025-05-14,Size Issue,Refunded
R4014155,O1142563,2025-10-26,Wrong Item,Refunded
R4014156,O1179145,2025-12-05,Not as Expected,Processing
R4014157,O1172743,2024-12-09,Changed Mind,Refunded
R4014158,O1027499,2024-10-31,Wrong Item,Refunded
R4014159,O1087509,2025-04-10,Late Delivery,Refunded
R4014160,O1179796,2023-05-31,Changed Mind,Refunded
R4014161,O1098840,2023-12-15,Changed Mind,Refunded
R4014162,O1016393,2025-03-19,Wrong Item,Refunded
R4014163,O1076959,2024-04-02,Changed Mind,Refunded
R4014164,O1059920,2024-12-29,Wrong Item,Refunded
R4014165,O1080806,2023-11-07,Damaged,Refunded
R4014166,O1054561,2024-06-12,Not as Expected,Refunded
R4014167,O1017079,2024-11-01,Not as Expected,Refunded
R4014168,O1067867,2023-11-30,Not as Expected,Processing
R4014169,O1038783,2024-09-06,Changed Mind,Refunded
R4014170,O1003727,2023-08-02,Size Issue,Refunded
R4014171,O1126490,2023-02-25,Not as Expected,Processing
R4014172,O1081673,2024-06-20,Size Issue,Refunded
R4014173,O1086751,2024-04-02,Damaged,Refunded
R4014174,O1006335,2023-02-06,Size Issue,Refunded
R4014175,O1166602,2023-11-20,Not as Expected,Refunded
R4014176,O1172798,2024-09-03,Not as Expected,Refunded
R4014177,O1011645,2023-07-29,Size Issue,Refunded
R4014178,O1166350,2023-07-15,Wrong Item,Refunded
R4014179,O1016017,2024-03-26,Not as Expected,Refunded
R4014180,O1146887,2025-09-20,Late Delivery,Refunded
R4014181,O1161993,2024-02-11,Damaged,Refunded
R4014182,O1104266,2023-09-06,Wrong Item,Refunded
R4014183,O1006658,2025-01-07,Not as Expected,Refunded
R4014184,O1091006,2024-10-01,Damaged,Refunded
R4014185,O1073536,2023-11-03,Size Issue,Refunded
R4014186,O1099833,2025-11-13,Changed Mind,Refunded
R4014187,O1111346,2025-12-25,Wrong Item,Refunded
R4014188,O1078583,2023-04-17,Changed Mind,Refunded
R4014189,O1042312,2023-10-29,Damaged,Refunded
R4014190,O1067819,2023-01-22,Size Issue,Refunded
R4014191,O1039156,2024-12-30,Changed Mind,Refunded
R4014192,O1032876,2025-04-06,Not as Expected,Refunded
R4014193,O1159696,2025-09-24,Changed Mind,Refunded
R4014194,O1152047,2025-03-30,Not as Expected,Refunded
R4014195,O1001810,2025-06-26,Size Issue,Refunded
R4014196,O1021407,2024-02-29,Late Delivery,Refunded
R4014197,O1080164,2023-09-27,Damaged,Refunded
R4014198,O1132564,2023-10-20,Damaged,Refunded
R4014199,O1053553,2023-02-19,Not as Expected,Refunded
R4014200,O1003498,2024-02-16,Wrong Item,Processing
R4014201,O1029907,2025-09-07,Not as Expected,Refunded
R4014202,O1002175,2023-09-18,Wrong Item,Refunded
R4014203,O1032020,2023-12-14,Not as Expected,Processing
R4014204,O1132984,2024-06-19,Wrong Item,Processing
R4014205,O1169253,2024-03-12,Wrong Item,Processing
R4014206,O1066457,2024-03-18,Size Issue,Refunded
R4014207,O1153628,2024-12-16,Late Delivery,Processing
R4014208,O1130786,2023-10-12,Late Delivery,Refunded
R4014209,O1017107,2023-08-24,Size Issue,Refunded
R4014210,O1009238,2023-03-14,Wrong Item,Refunded
R4014211,O1090230,2023-03-15,Size Issue,Refunded
R4014212,O1098398,2023-09-09,Changed Mind,Processing
R4014213,O1142012,2024-05-26,Changed Mind,Refunded
R4014214,O1168116,2025-07-15,Wrong Item,Refunded
R4014215,O1079899,2024-01-12,Not as Expected,Refunded
R4014216,O1045175,2025-04-22,Not as Expected,Refunded
R4014217,O1026399,2025-03-19,Changed Mind,Refunded
R4014218,O1053513,2024-07-08,Not as Expected,Refunded
R4014219,O1122895,2024-12-18,Damaged,Refunded
R4014220,O1061295,2024-04-12,Changed Mind,Refunded
R4014221,O1012339,2024-05-05,Not as Expected,Refunded
R4014222,O1012350,2025-05-28,Damaged,Refunded
R4014223,O1102117,2025-02-13,Late Delivery,Refunded
R4014224,O1030076,2023-05-22,Wrong Item,Refunded
R4014225,O1164910,2024-02-16,Damaged,Processing
R4014226,O1133218,2024-09-12,Not as Expected,Refunded
R4014227,O1163453,2024-08-28,Size Issue,Refunded
R4014228,O1106968,2025-09-30,Damaged,Refunded
R4014229,O1040426,2025-11-18,Not as Expected,Refunded
R4014230,O1080970,2023-08-16,Changed Mind,Refunded
R4014231,O1127086,2025-12-08,Wrong Item,Refunded
R4014232,O1145996,2024-02-29,Wrong Item,Refunded
R4014233,O1035732,2023-09-16,Damaged,Refunded
R4014234,O1002548,2024-11-28,Not as Expected,Refunded
R4014235,O1073068,2025-05-22,Late Delivery,Refunded
R4014236,O1115775,2023-02-15,Changed Mind,Refunded
R4014237,O1029580,2025-11-28,Size Issue,Refunded
R4014238,O1096314,2025-11-24,Wrong Item,Refunded
R4014239,O1143026,2023-04-10,Size Issue,Refunded
R4014240,O1016700,2025-09-19,Changed Mind,Refunded
R4014241,O1105562,2024-03-15,Late Delivery,Refunded
R4014242,O1133172,2023-08-17,Not as Expected,Refunded
R4014243,O1038194,2025-09-27,Not as Expected,Processing
R4014244,O1007967,2023-04-08,Not as Expected,Refunded
R4014245,O1179265,2023-07-03,Late Delivery,Refunded
R4014246,O1174325,2024-07-10,Wrong Item,Refunded
R4014247,O1176476,2024-02-05,Not as Expected,Refunded
R4014248,O1159743,2025-11-18,Damaged,Refunded
R4014249,O1066706,2023-05-06,Not as Expected,Refunded
R4014250,O1079278,2024-05-03,Size Issue,Refunded
R4014251,O1043186,2025-04-04,Not as Expected,Refunded
R4014252,O1001099,2024-10-02,Changed Mind,Refunded
R4014253,O1070826,2024-03-24,Not as Expected,Refunded
R4014254,O1023873,2023-09-14,Damaged,Processing
R4014255,O1149017,2024-04-19,Damaged,Refunded
R4014256,O1122531,2023-05-03,Changed Mind,Refunded
R4014257,O1011564,2025-12-22,Changed Mind,Refunded
R4014258,O1087974,2025-07-05,Not as Expected,Refunded
R4014259,O1119168,2024-12-19,Wrong Item,Refunded
R4014260,O1114934,2024-04-07,Late Delivery,Refunded
R4014261,O1056905,2025-10-09,Damaged,Refunded
R4014262,O1100281,2025-01-10,Not as Expected,Refunded
R4014263,O1092912,2025-08-16,Not as Expected,Refunded
R4014264,O1138917,2023-12-04,Not as Expected,Refunded
R4014265,O1084476,2025-10-11,Size Issue,Refunded
R4014266,O1135910,2023-01-07,Late Delivery,Refunded
R4014267,O1118629,2024-03-24,Late Delivery,Refunded
R4014268,O1012281,2025-11-10,Not as Expected,Refunded
R4014269,O1175534,2025-08-13,Size Issue,Refunded
R4014270,O1120102,2024-05-06,Late Delivery,Refunded
R4014271,O1088025,2024-01-29,Not as Expected,Refunded
R4014272,O1022306,2025-12-20,Not as Expected,Refunded
R4014273,O1062250,2025-01-25,Damaged,Refunded
R4014274,O1161981,2023-02-24,Damaged,Refunded
R4014275,O1112968,2023-05-07,Not as Expected,Refunded
R4014276,O1120378,2023-06-19,Not as Expected,Refunded
R4014277,O1143958,2023-06-03,Late Delivery,Processing
R4014278,O1023577,2024-02-18,Size Issue,Refunded
R4014279,O1169678,2023-01-29,Damaged,Refunded
R4014280,O1041728,2023-05-18,Late Delivery,Refunded
R4014281,O1164098,2024-05-13,Not as Expected,Refunded
R4014282,O1017911,2025-10-28,Not as Expected,Refunded
R4014283,O1036111,2024-01-31,Wrong Item,Refunded
R4014284,O1176737,2024-01-21,Wrong Item,Refunded
R4014285,O1140927,2025-06-25,Not as Expected,Refunded
R4014286,O1179025,2024-04-15,Late Delivery,Refunded
R4014287,O1124970,2023-04-19,Damaged,Refunded
R4014288,O1149966,2025-04-09,Changed Mind,Refunded
R4014289,O1121220,2025-07-24,Size Issue,Refunded
R4014290,O1124296,2024-06-02,Changed Mind,Refunded
R4014291,O1044862,2024-09-30,Not as Expected,Refunded
R4014292,O1009514,2023-11-01,Not as Expected,Refunded
R4014293,O1115785,2024-11-15,Not as Expected,Refunded
R4014294,O1121168,2025-04-24,Not as Expected,Refunded
R4014295,O1162636,2025-07-19,Not as Expected,Refunded
R4014296,O1003610,2025-10-19,Wrong Item,Refunded
R4014297,O1118337,2023-10-29,Not as Expected,Refunded
R4014298,O1109806,2023-04-05,Wrong Item,Refunded
R4014299,O1081542,2024-11-30,Late Delivery,Refunded
R4014300,O1117870,2025-07-03,Wrong Item,Refunded
R4014301,O1106077,2023-12-01,Wrong Item,Refunded
R4014302,O1006117,2025-01-27,Changed Mind,Refunded
R4014303,O1165124,2024-11-12,Size Issue,Refunded
R4014304,O1083074,2025-09-11,Late Delivery,Refunded
R4014305,O1043071,2025-05-30,Damaged,Refunded
R4014306,O1143085,2024-09-19,Wrong Item,Processing
R4014307,O1082037,2025-11-16,Changed Mind,Refunded
R4014308,O1046980,2026-01-02,Changed Mind,Refunded
R4014309,O1042662,2023-01-30,Late Delivery,Refunded
R4014310,O1103608,2025-06-20,Not as Expected,Refunded
R4014311,O1078329,2025-05-24,Damaged,Refunded
R4014312,O1116534,2024-03-27,Not as Expected,Refunded
R4014313,O1010738,2024-06-27,Damaged,Refunded
R4014314,O1016531,2023-04-03,Not as Expected,Refunded
R4014315,O1013848,2024-02-26,Not as Expected,Refunded
R4014316,O1115842,2024-10-27,Changed Mind,Refunded
R4014317,O1067102,2024-07-17,Size Issue,Refunded
R4014318,O1142052,2024-06-06,Not as Expected,Refunded
R4014319,O1114348,2024-02-14,Damaged,Refunded
R4014320,O1179850,2023-09-16,Damaged,Refunded
R4014321,O1028051,2024-06-20,Changed Mind,Refunded
R4014322,O1052744,2023-12-22,Size Issue,Refunded
R4014323,O1171736,2025-06-10,Late Delivery,Refunded
R4014324,O1013065,2025-05-17,Late Delivery,Refunded
R4014325,O1175727,2023-12-28,Changed Mind,Refunded
R4014326,O1130394,2024-10-25,Late Delivery,Refunded
R4014327,O1033436,2025-10-25,Wrong Item,Refunded
R4014328,O1039430,2025-01-31,Not as Expected,Refunded
R4014329,O1078943,2023-02-08,Changed Mind,Refunded
R4014330,O1121513,2024-01-05,Not as Expected,Refunded
R4014331,O1176749,2024-12-31,Damaged,Refunded
R4014332,O1054604,2024-01-30,Size Issue,Refunded
R4014333,O1038679,2023-08-04,Damaged,Refunded
R4014334,O1129185,2025-06-03,Size Issue,Refunded
R4014335,O1150932,2025-05-02,Not as Expected,Refunded
R4014336,O1109224,2025-10-18,Damaged,Refunded
R4014337,O1123230,2024-02-18,Late Delivery,Refunded
R4014338,O1118054,2024-02-21,Not as Expected,Refunded
R4014339,O1065558,2024-05-16,Size Issue,Refunded
R4014340,O1038273,2025-08-09,Not as Expected,Refunded
R4014341,O1050578,2025-09-09,Size Issue,Refunded
R4014342,O1000844,2025-10-05,Damaged,Refunded
R4014343,O1118509,2025-07-16,Wrong Item,Processing
R4014344,O1111614,2025-01-25,Changed Mind,Refunded
R4014345,O1095986,2025-10-16,Not as Expected,Refunded
R4014346,O1071390,2024-08-17,Not as Expected,Refunded
R4014347,O1138155,2023-06-12,Size Issue,Refunded
R4014348,O1098461,2025-06-08,Wrong Item,Refunded
R4014349,O1103506,2024-08-06,Damaged,Refunded
R4014350,O1139182,2025-06-13,Not as Expected,Refunded
R4014351,O1086571,2025-05-10,Wrong Item,Refunded
R4014352,O1127970,2023-08-17,Not as Expected,Refunded
R4014353,O1164805,2023-09-16,Late Delivery,Refunded
R4014354,O1142336,2025-08-13,Size Issue,Processing
R4014355,O1155213,2025-05-11,Not as Expected,Refunded
R4014356,O1170044,2024-06-14,Changed Mind,Refunded
R4014357,O1046108,2023-08-27,Size Issue,Refunded
R4014358,O1131073,2023-05-09,Late Delivery,Refunded
R4014359,O1091407,2025-03-18,Not as Expected,Refunded
R4014360,O1000960,2025-01-05,Size Issue,Refunded
R4014361,O1110856,2023-07-30,Changed Mind,Refunded
R4014362,O1167216,2023-04-17,Size Issue,Processing
R4014363,O1010789,2025-09-06,Damaged,Refunded
R4014364,O1059693,2024-04-16,Size Issue,Refunded
R4014365,O1165557,2025-06-21,Not as Expected,Refunded
R4014366,O1105246,2025-11-26,Not as Expected,Refunded
R4014367,O1132077,2025-09-10,Wrong Item,Refunded
R4014368,O1126264,2024-06-23,Not as Expected,Refunded
R4014369,O1046128,2024-10-15,Wrong Item,Refunded
R4014370,O1147850,2024-06-13,Damaged,Refunded
R4014371,O1057909,2025-09-28,Late Delivery,Refunded
R4014372,O1089453,2024-03-15,Wrong Item,Refunded
R4014373,O1142251,2023-07-12,Not as Expected,Refunded
R4014374,O1120921,2024-09-22,Not as Expected,Refunded
R4014375,O1126068,2023-06-28,Not as Expected,Refunded
R4014376,O1069977,2024-12-26,Not as Expected,Refunded
R4014377,O1020949,2023-02-12,Damaged,Refunded
R4014378,O1059626,2025-11-05,Wrong Item,Refunded
R4014379,O1013487,2024-12-16,Size Issue,Refunded
R4014380,O1142768,2024-11-12,Wrong Item,Processing
R4014381,O1117310,2023-03-09,Not as Expected,Refunded
R4014382,O1149159,2023-10-27,Not as Expected,Refunded
R4014383,O1092308,2023-06-02,Late Delivery,Refunded
R4014384,O1171200,2025-07-26,Changed Mind,Refunded
R4014385,O1171260,2025-01-04,Not as Expected,Refunded
R4014386,O1170589,2024-01-12,Damaged,Refunded
R4014387,O1102678,2024-07-09,Changed Mind,Refunded
R4014388,O1078925,2024-10-27,Damaged,Refunded
R4014389,O1118666,2025-11-25,Size Issue,Refunded
R4014390,O1036977,2024-05-11,Not as Expected,Refunded
R4014391,O1106495,2024-10-15,Not as Expected,Refunded
R4014392,O1064007,2023-08-28,Changed Mind,Refunded
R4014393,O1118926,2023-01-23,Not as Expected,Processing
R4014394,O1150147,2024-04-09,Changed Mind,Refunded
R4014395,O1076691,2024-05-20,Changed Mind,Refunded
R4014396,O1087572,2023-04-29,Late Delivery,Refunded
R4014397,O1039434,2023-02-06,Size Issue,Refunded
R4014398,O1124650,2024-12-29,Wrong Item,Refunded
R4014399,O1011959,2023-07-23,Wrong Item,Refunded
R4014400,O1007962,2023-09-01,Damaged,Refunded
R4014401,O1133330,2023-06-05,Not as Expected,Refunded
R4014402,O1054513,2024-03-11,Not as Expected,Refunded
R4014403,O1134007,2023-06-17,Size Issue,Refunded
R4014404,O1023126,2025-11-29,Changed Mind,Refunded
R4014405,O1146910,2025-04-29,Wrong Item,Refunded
R4014406,O1066909,2025-03-23,Changed Mind,Refunded
R4014407,O1142110,2024-06-05,Damaged,Processing
R4014408,O1134104,2026-01-12,Not as Expected,Refunded
R4014409,O1065214,2025-11-19,Changed Mind,Refunded
R4014410,O1105640,2024-09-15,Late Delivery,Refunded
R4014411,O1097697,2025-01-10,Not as Expected,Refunded
R4014412,O1011506,2025-10-31,Size Issue,Refunded
R4014413,O1095947,2023-11-18,Size Issue,Refunded
R4014414,O1126911,2025-02-13,Late Delivery,Processing
R4014415,O1077018,2023-11-08,Wrong Item,Refunded
R4014416,O1112569,2023-10-03,Late Delivery,Refunded
R4014417,O1063349,2024-06-15,Damaged,Refunded
R4014418,O1101370,2023-06-16,Wrong Item,Refunded
R4014419,O1120210,2023-02-18,Not as Expected,Refunded
R4014420,O1177132,2024-08-29,Not as Expected,Refunded
R4014421,O1045168,2024-07-20,Wrong Item,Refunded
R4014422,O1157175,2023-10-27,Not as Expected,Refunded
R4014423,O1137810,2025-12-14,Not as Expected,Refunded
R4014424,O1063497,2023-11-10,Late Delivery,Refunded
R4014425,O1174925,2024-01-11,Wrong Item,Refunded
R4014426,O1061702,2023-06-06,Size Issue,Refunded
R4014427,O1082209,2023-03-02,Changed Mind,Refunded
R4014428,O1114765,2025-09-02,Changed Mind,Refunded
R4014429,O1143444,2024-08-09,Not as Expected,Refunded
R4014430,O1078695,2024-12-26,Size Issue,Refunded
R4014431,O1081746,2024-06-17,Size Issue,Refunded
R4014432,O1117725,2024-05-10,Size Issue,Refunded
R4014433,O1022722,2025-11-22,Wrong Item,Refunded
R4014434,O1058103,2023-08-14,Not as Expected,Refunded
R4014435,O1083150,2023-02-08,Wrong Item,Refunded
R4014436,O1173521,2023-12-27,Size Issue,Refunded
R4014437,O1154841,2024-01-17,Size Issue,Refunded
R4014438,O1067950,2025-10-31,Changed Mind,Refunded
R4014439,O1008355,2023-05-05,Damaged,Refunded
R4014440,O1104227,2025-07-01,Late Delivery,Refunded
R4014441,O1045748,2026-01-07,Size Issue,Refunded
R4014442,O1053947,2025-08-29,Size Issue,Refunded
R4014443,O1012447,2025-04-23,Not as Expected,Refunded
R4014444,O1011223,2023-10-20,Damaged,Processing
R4014445,O1108563,2024-03-29,Changed Mind,Refunded
R4014446,O1022576,2025-09-22,Size Issue,Refunded
R4014447,O1145292,2023-05-08,Wrong Item,Refunded
R4014448,O1000442,2025-03-14,Not as Expected,Refunded
R4014449,O1053456,2023-01-20,Damaged,Refunded
R4014450,O1142473,2025-12-10,Not as Expected,Refunded
R4014451,O1136374,2025-11-21,Late Delivery,Refunded
R4014452,O1069321,2023-09-22,Not as Expected,Processing
R4014453,O1039642,2023-03-09,Not as Expected,Refunded
R4014454,O1156622,2023-12-31,Not as Expected,Refunded
R4014455,O1143774,2023-07-23,Size Issue,Refunded
R4014456,O1008845,2025-03-04,Size Issue,Refunded
R4014457,O1094343,2023-03-22,Changed Mind,Processing
R4014458,O1003394,2024-01-17,Wrong Item,Refunded
R4014459,O1079381,2025-06-23,Changed Mind,Refunded
R4014460,O1103798,2025-02-19,Changed Mind,Refunded
R4014461,O1145563,2025-05-30,Changed Mind,Refunded
R4014462,O1125043,2025-01-30,Late Delivery,Refunded
R4014463,O1154529,2024-02-04,Not as Expected,Refunded
R4014464,O1123045,2025-11-15,Changed Mind,Refunded
R4014465,O1109121,2025-12-25,Wrong Item,Refunded
R4014466,O1034774,2025-07-05,Not as Expected,Refunded
R4014467,O1059311,2023-07-19,Damaged,Refunded
R4014468,O1112527,2025-10-19,Size Issue,Refunded
R4014469,O1073621,2025-09-03,Not as Expected,Refunded
R4014470,O1175819,2024-10-26,Not as Expected,Refunded
R4014471,O1109740,2023-05-17,Damaged,Refunded
R4014472,O1048806,2024-01-01,Not as Expected,Refunded
R4014473,O1024878,2023-03-19,Wrong Item,Refunded
R4014474,O1029006,2026-01-03,Not as Expected,Refunded
R4014475,O1027224,2025-04-18,Not as Expected,Refunded
R4014476,O1006445,2025-09-17,Damaged,Processing
R4014477,O1043100,2023-06-05,Wrong Item,Refunded
R4014478,O1091734,2025-11-13,Damaged,Refunded
R4014479,O1003985,2023-06-24,Late Delivery,Refunded
R4014480,O1117383,2024-10-24,Size Issue,Refunded
R4014481,O1106765,2025-12-14,Damaged,Processing
R4014482,O1057541,2025-11-26,Size Issue,Refunded
R4014483,O1108245,2025-11-10,Late Delivery,Refunded
R4014484,O1170537,2024-02-18,Not as Expected,Refunded
R4014485,O1150233,2023-04-05,Not as Expected,Refunded
R4014486,O1035891,2025-10-05,Wrong Item,Refunded
R4014487,O1136246,2023-04-07,Not as Expected,Refunded
R4014488,O1073902,2023-08-28,Not as Expected,Refunded
R4014489,O1132530,2024-10-04,Size Issue,Refunded
R4014490,O1009708,2025-07-11,Changed Mind,Processing
R4014491,O1132898,2023-12-04,Size Issue,Refunded
R4014492,O1021371,2023-10-06,Wrong Item,Refunded
R4014493,O1171744,2024-02-11,Size Issue,Processing
R4014494,O1040773,2024-09-27,Wrong Item,Refunded
R4014495,O1072700,2025-10-13,Wrong Item,Refunded
R4014496,O1032711,2025-12-07,Wrong Item,Refunded
R4014497,O1175681,2023-06-18,Wrong Item,Refunded
R4014498,O1102715,2023-02-04,Damaged,Refunded
R4014499,O1018581,2025-04-19,Wrong Item,Refunded
R4014500,O1112187,2024-06-19,Changed Mind,Refunded
R4014501,O1122692,2025-05-11,Changed Mind,Refunded
R4014502,O1021328,2024-06-03,Damaged,Refunded
R4014503,O1177999,2024-12-12,Not as Expected,Refunded
R4014504,O1157497,2024-11-06,Wrong Item,Refunded
R4014505,O1000699,2023-03-07,Wrong Item,Refunded
R4014506,O1155491,2024-04-27,Size Issue,Processing
R4014507,O1084648,2025-07-01,Size Issue,Refunded
R4014508,O1127235,2023-06-21,Not as Expected,Refunded
R4014509,O1169060,2023-06-21,Not as Expected,Refunded
R4014510,O1153548,2024-10-15,Not as Expected,Refunded
R4014511,O1160396,2024-10-28,Not as Expected,Refunded
R4014512,O1087299,2023-09-01,Wrong Item,Refunded
R4014513,O1108003,2024-07-25,Not as Expected,Refunded
R4014514,O1164932,2024-12-20,Size Issue,Refunded
R4014515,O1094236,2024-05-21,Not as Expected,Refunded
R4014516,O1103795,2024-08-22,Size Issue,Refunded
R4014517,O1122648,2023-08-22,Not as Expected,Refunded
R4014518,O1082731,2023-01-22,Damaged,Refunded
R4014519,O1054048,2025-01-16,Not as Expected,Processing
R4014520,O1051560,2023-09-20,Size Issue,Refunded
R4014521,O1022560,2024-09-21,Wrong Item,Refunded
R4014522,O1147501,2023-08-12,Wrong Item,Refunded
R4014523,O1016087,2023-05-23,Wrong Item,Refunded
R4014524,O1083888,2024-01-03,Size Issue,Refunded
R4014525,O1145727,2025-05-11,Size Issue,Refunded
R4014526,O1011083,2025-04-19,Not as Expected,Refunded
R4014527,O1017803,2023-09-05,Size Issue,Refunded
R4014528,O1142978,2025-11-21,Not as Expected,Refunded
R4014529,O1001061,2024-07-08,Size Issue,Refunded
R4014530,O1178406,2023-03-14,Not as Expected,Refunded
R4014531,O1027868,2024-07-13,Not as Expected,Refunded
R4014532,O1116758,2024-01-10,Late Delivery,Refunded
R4014533,O1018007,2024-08-23,Not as Expected,Refunded
R4014534,O1157644,2025-10-16,Size Issue,Processing
R4014535,O1117540,2024-03-05,Wrong Item,Refunded
R4014536,O1035459,2024-02-04,Size Issue,Refunded
R4014537,O1058699,2024-08-18,Size Issue,Refunded
R4014538,O1108642,2024-05-24,Changed Mind,Refunded
R4014539,O1014214,2023-12-21,Changed Mind,Refunded
R4014540,O1163844,2025-08-27,Not as Expected,Refunded
R4014541,O1013162,2024-12-09,Size Issue,Refunded
R4014542,O1073431,2025-11-05,Damaged,Refunded
R4014543,O1009829,2025-01-29,Not as Expected,Refunded
R4014544,O1046603,2023-10-30,Damaged,Refunded
R4014545,O1134011,2025-01-18,Not as Expected,Refunded
R4014546,O1079901,2025-07-17,Damaged,Processing
R4014547,O1060549,2025-06-04,Not as Expected,Refunded
R4014548,O1095280,2025-07-02,Not as Expected,Refunded
R4014549,O1036087,2023-05-24,Damaged,Refunded
R4014550,O1114465,2023-02-15,Size Issue,Refunded
R4014551,O1143378,2025-02-01,Damaged,Refunded
R4014552,O1055316,2025-06-27,Not as Expected,Refunded
R4014553,O1055004,2024-08-28,Not as Expected,Refunded
R4014554,O1083188,2023-10-28,Damaged,Refunded
R4014555,O1074346,2023-10-06,Late Delivery,Refunded
R4014556,O1127049,2024-12-21,Late Delivery,Refunded
R4014557,O1028616,2025-12-21,Not as Expected,Refunded
R4014558,O1146426,2025-10-10,Not as Expected,Refunded
R4014559,O1123127,2024-05-30,Changed Mind,Processing
R4014560,O1023854,2023-08-19,Late Delivery,Refunded
R4014561,O1144820,2023-10-24,Late Delivery,Refunded
R4014562,O1162597,2024-03-17,Not as Expected,Refunded
R4014563,O1159791,2023-06-21,Not as Expected,Refunded
R4014564,O1090778,2025-07-08,Late Delivery,Refunded
R4014565,O1109862,2023-01-30,Not as Expected,Refunded
R4014566,O1115402,2023-05-13,Size Issue,Refunded
R4014567,O1033048,2025-12-28,Not as Expected,Refunded
R4014568,O1174329,2024-01-19,Late Delivery,Refunded
R4014569,O1024148,2025-12-11,Not as Expected,Refunded
R4014570,O1033987,2023-12-07,Wrong Item,Refunded
R4014571,O1052002,2025-08-18,Size Issue,Refunded
R4014572,O1055801,2025-11-21,Damaged,Refunded
R4014573,O1044039,2025-07-17,Size Issue,Refunded
R4014574,O1018589,2023-02-03,Not as Expected,Refunded
R4014575,O1054064,2025-04-05,Size Issue,Refunded
R4014576,O1038090,2023-07-05,Late Delivery,Refunded
R4014577,O1125770,2025-07-21,Damaged,Refunded
R4014578,O1103486,2025-04-20,Wrong Item,Processing
R4014579,O1001064,2025-06-03,Changed Mind,Refunded
R4014580,O1161707,2025-05-01,Wrong Item,Refunded
R4014581,O1114636,2023-06-16,Size Issue,Refunded
R4014582,O1076599,2025-03-03,Size Issue,Refunded
R4014583,O1074820,2025-01-14,Size Issue,Refunded
R4014584,O1078909,2024-08-14,Late Delivery,Refunded
R4014585,O1107989,2024-02-25,Late Delivery,Refunded
R4014586,O1034515,2024-03-08,Damaged,Refunded
R4014587,O1121351,2024-10-23,Late Delivery,Refunded
R4014588,O1125482,2024-04-10,Not as Expected,Refunded
R4014589,O1153098,2024-05-08,Late Delivery,Refunded
R4014590,O1005889,2023-02-20,Size Issue,Refunded
R4014591,O1077879,2024-02-29,Not as Expected,Refunded
R4014592,O1151758,2023-11-01,Size Issue,Refunded
R4014593,O1042113,2025-05-03,Size Issue,Refunded
R4014594,O1122473,2025-08-29,Not as Expected,Refunded
R4014595,O1149133,2023-08-11,Changed Mind,Refunded
R4014596,O1069582,2024-04-27,Wrong Item,Refunded
R4014597,O1042164,2024-04-20,Wrong Item,Refunded
R4014598,O1171607,2023-04-29,Wrong Item,Refunded
R4014599,O1017761,2025-08-23,Not as Expected,Refunded
R4014600,O1069879,2024-04-25,Late Delivery,Refunded
R4014601,O1077364,2025-09-07,Wrong Item,Refunded
R4014602,O1009203,2024-06-24,Wrong Item,Refunded
R4014603,O1050900,2025-09-27,Size Issue,Refunded
R4014604,O1074099,2023-02-09,Late Delivery,Refunded
R4014605,O1121601,2025-04-14,Not as Expected,Processing
R4014606,O1115147,2024-04-16,Damaged,Processing
R4014607,O1025127,2024-10-29,Not as Expected,Refunded
R4014608,O1024299,2023-04-02,Damaged,Refunded
R4014609,O1059383,2024-09-25,Changed Mind,Refunded
R4014610,O1083245,2025-03-13,Not as Expected,Refunded
R4014611,O1006797,2024-01-21,Not as Expected,Refunded
R4014612,O1083906,2023-02-19,Changed Mind,Refunded
R4014613,O1122654,2024-05-05,Wrong Item,Refunded
R4014614,O1095144,2025-01-08,Damaged,Refunded
R4014615,O1147106,2025-08-11,Changed Mind,Refunded
R4014616,O1064754,2023-04-16,Changed Mind,Refunded
R4014617,O1015205,2023-06-10,Size Issue,Refunded
R4014618,O1077562,2025-01-29,Size Issue,Refunded
R4014619,O1134059,2023-05-23,Wrong Item,Refunded
R4014620,O1087755,2024-07-05,Not as Expected,Refunded
R4014621,O1101955,2023-06-24,Size Issue,Refunded
R4014622,O1106893,2024-11-02,Wrong Item,Refunded
R4014623,O1003528,2023-07-07,Damaged,Refunded
R4014624,O1083432,2024-10-05,Not as Expected,Refunded
R4014625,O1053087,2024-04-01,Not as Expected,Refunded
R4014626,O1018281,2024-01-11,Wrong Item,Refunded
R4014627,O1131467,2024-05-14,Changed Mind,Refunded
R4014628,O1110194,2023-12-05,Not as Expected,Refunded
R4014629,O1110962,2025-09-30,Not as Expected,Refunded
R4014630,O1124215,2025-03-22,Size Issue,Refunded
R4014631,O1019283,2023-02-20,Changed Mind,Refunded
R4014632,O1048893,2023-01-28,Late Delivery,Refunded
R4014633,O1000148,2023-04-01,Changed Mind,Processing
R4014634,O1158476,2023-06-15,Wrong Item,Processing
R4014635,O1138209,2024-02-16,Not as Expected,Processing
R4014636,O1098978,2024-04-01,Wrong Item,Refunded
R4014637,O1134201,2024-04-14,Wrong Item,Refunded
R4014638,O1086728,2024-08-25,Wrong Item,Refunded
R4014639,O1152409,2025-09-03,Damaged,Refunded
R4014640,O1170782,2025-01-30,Wrong Item,Refunded
R4014641,O1078326,2025-06-30,Size Issue,Refunded
R4014642,O1110074,2024-10-07,Damaged,Refunded
R4014643,O1161036,2025-02-19,Wrong Item,Refunded
R4014644,O1151968,2025-10-18,Not as Expected,Refunded
R4014645,O1074819,2024-04-07,Damaged,Processing
R4014646,O1145365,2025-09-09,Late Delivery,Refunded
R4014647,O1058851,2024-06-24,Wrong Item,Refunded
R4014648,O1012785,2025-03-21,Not as Expected,Refunded
R4014649,O1023179,2025-06-05,Wrong Item,Refunded
R4014650,O1080489,2023-01-28,Size Issue,Refunded
R4014651,O1029398,2025-07-17,Wrong Item,Refunded
R4014652,O1046174,2024-09-02,Not as Expected,Processing
R4014653,O1012291,2024-07-20,Size Issue,Refunded
R4014654,O1077815,2023-10-26,Late Delivery,Refunded
R4014655,O1071497,2023-05-13,Changed Mind,Refunded
R4014656,O1038167,2023-06-08,Changed Mind,Refunded
R4014657,O1097139,2024-03-23,Wrong Item,Refunded
R4014658,O1069204,2024-08-14,Not as Expected,Refunded
R4014659,O1171131,2025-07-08,Size Issue,Refunded
R4014660,O1032410,2023-06-10,Size Issue,Refunded
R4014661,O1030016,2023-03-04,Not as Expected,Refunded
R4014662,O1103817,2023-09-22,Wrong Item,Refunded
R4014663,O1098458,2023-03-24,Size Issue,Refunded
R4014664,O1114770,2024-11-27,Size Issue,Refunded
R4014665,O1124685,2024-04-04,Damaged,Refunded
R4014666,O1083105,2025-08-18,Damaged,Refunded
R4014667,O1003755,2023-12-10,Damaged,Refunded
R4014668,O1071693,2023-07-15,Not as Expected,Refunded
R4014669,O1118831,2023-01-19,Size Issue,Refunded
R4014670,O1072645,2025-01-02,Damaged,Refunded
R4014671,O1157069,2025-11-27,Wrong Item,Refunded
R4014672,O1123846,2023-02-03,Wrong Item,Refunded
R4014673,O1168767,2025-11-13,Not as Expected,Refunded
R4014674,O1061575,2024-01-02,Size Issue,Refunded
R4014675,O1047503,2024-10-24,Late Delivery,Refunded
R4014676,O1126986,2024-05-11,Not as Expected,Refunded
R4014677,O1001218,2023-12-29,Late Delivery,Refunded
R4014678,O1066217,2023-03-15,Damaged,Refunded
R4014679,O1049271,2023-02-02,Not as Expected,Refunded
R4014680,O1130599,2024-09-11,Size Issue,Refunded
R4014681,O1013616,2025-12-15,Not as Expected,Refunded
R4014682,O1052931,2024-07-23,Wrong Item,Refunded
R4014683,O1030013,2023-05-01,Not as Expected,Refunded
R4014684,O1093060,2025-05-24,Changed Mind,Processing
R4014685,O1069259,2024-10-26,Size Issue,Refunded
R4014686,O1024185,2024-02-17,Not as Expected,Refunded
R4014687,O1133137,2023-04-14,Damaged,Refunded
R4014688,O1159075,2023-02-10,Damaged,Refunded
R4014689,O1148152,2023-06-10,Not as Expected,Refunded
R4014690,O1003097,2025-02-06,Not as Expected,Processing
R4014691,O1048036,2024-09-22,Damaged,Processing
R4014692,O1163374,2023-10-17,Changed Mind,Refunded
R4014693,O1149864,2025-12-06,Size Issue,Refunded
R4014694,O1116096,2024-01-25,Late Delivery,Refunded
R4014695,O1038985,2024-02-08,Late Delivery,Refunded
R4014696,O1066204,2026-01-07,Not as Expected,Processing
R4014697,O1031402,2025-08-16,Not as Expected,Refunded
R4014698,O1015211,2024-03-26,Not as Expected,Refunded
R4014699,O1057978,2024-02-13,Changed Mind,Refunded
R4014700,O1098149,2024-09-20,Size Issue,Processing
R4014701,O1104481,2025-05-21,Not as Expected,Refunded
R4014702,O1026470,2024-11-14,Damaged,Refunded
R4014703,O1104683,2025-01-21,Wrong Item,Refunded
R4014704,O1077296,2025-10-22,Not as Expected,Refunded
R4014705,O1123482,2025-10-31,Size Issue,Processing
R4014706,O1150293,2023-10-05,Late Delivery,Refunded
R4014707,O1079790,2025-11-17,Not as Expected,Refunded
R4014708,O1128888,2025-03-23,Wrong Item,Refunded
R4014709,O1155716,2023-12-12,Late Delivery,Refunded
R4014710,O1083072,2023-08-12,Damaged,Processing
R4014711,O1167839,2023-01-24,Not as Expected,Refunded
R4014712,O1081810,2025-10-01,Size Issue,Refunded
R4014713,O1150039,2025-07-31,Late Delivery,Refunded
R4014714,O1128876,2025-12-11,Late Delivery,Refunded
R4014715,O1051324,2024-03-08,Not as Expected,Refunded
R4014716,O1005582,2025-07-21,Damaged,Refunded
R4014717,O1084923,2025-07-10,Damaged,Refunded
R4014718,O1101935,2025-06-19,Not as Expected,Refunded
R4014719,O1176497,2025-02-06,Changed Mind,Refunded
R4014720,O1061955,2024-01-04,Late Delivery,Refunded
R4014721,O1077442,2025-12-21,Wrong Item,Refunded
R4014722,O1063422,2025-08-30,Not as Expected,Refunded
R4014723,O1123718,2023-12-27,Size Issue,Refunded
R4014724,O1126219,2025-02-13,Late Delivery,Refunded
R4014725,O1049110,2025-07-02,Damaged,Refunded
R4014726,O1156675,2023-05-26,Size Issue,Refunded
R4014727,O1042686,2024-05-10,Size Issue,Refunded
R4014728,O1093128,2025-10-06,Damaged,Refunded
R4014729,O1017502,2024-06-10,Not as Expected,Refunded
R4014730,O1014245,2023-07-12,Size Issue,Refunded
R4014731,O1121036,2024-10-09,Late Delivery,Refunded
R4014732,O1165419,2025-07-10,Damaged,Refunded
R4014733,O1007820,2024-01-25,Wrong Item,Refunded
R4014734,O1088441,2024-01-04,Damaged,Refunded
R4014735,O1125636,2025-04-24,Changed Mind,Refunded
R4014736,O1123796,2025-08-27,Size Issue,Refunded
R4014737,O1070011,2023-08-04,Not as Expected,Refunded
R4014738,O1083537,2023-01-29,Late Delivery,Refunded
R4014739,O1063946,2024-11-21,Changed Mind,Processing
R4014740,O1068191,2025-12-08,Not as Expected,Refunded
R4014741,O1095567,2024-01-04,Changed Mind,Refunded
R4014742,O1039335,2023-08-24,Damaged,Refunded
R4014743,O1118932,2023-02-05,Not as Expected,Refunded
R4014744,O1096298,2024-03-06,Changed Mind,Refunded
R4014745,O1051464,2024-07-15,Changed Mind,Refunded
R4014746,O1175985,2023-03-20,Not as Expected,Refunded
R4014747,O1109428,2025-01-25,Not as Expected,Refunded
R4014748,O1049952,2025-06-29,Damaged,Refunded
R4014749,O1153476,2025-06-16,Damaged,Refunded
R4014750,O1119329,2025-08-07,Not as Expected,Refunded
R4014751,O1045909,2023-12-16,Damaged,Refunded
R4014752,O1076826,2025-08-07,Damaged,Refunded
R4014753,O1049999,2024-06-22,Late Delivery,Refunded
R4014754,O1009505,2024-10-01,Late Delivery,Refunded
R4014755,O1143793,2023-02-19,Size Issue,Refunded
R4014756,O1084693,2024-06-25,Not as Expected,Refunded
R4014757,O1089667,2025-11-14,Changed Mind,Refunded
R4014758,O1168399,2025-05-12,Size Issue,Refunded
R4014759,O1009630,2024-05-02,Wrong Item,Refunded
R4014760,O1094461,2025-10-18,Not as Expected,Refunded
R4014761,O1045934,2024-09-05,Changed Mind,Refunded
R4014762,O1073153,2025-11-01,Size Issue,Refunded
R4014763,O1137319,2023-09-04,Damaged,Refunded
R4014764,O1054308,2023-10-17,Not as Expected,Refunded
R4014765,O1108420,2024-07-10,Not as Expected,Refunded
R4014766,O1107012,2023-05-05,Changed Mind,Refunded
R4014767,O1069826,2024-09-13,Damaged,Refunded
R4014768,O1040736,2024-07-16,Late Delivery,Processing
R4014769,O1060884,2024-05-21,Late Delivery,Refunded
R4014770,O1005056,2025-12-13,Damaged,Refunded
R4014771,O1043334,2024-05-09,Changed Mind,Processing
R4014772,O1099140,2025-02-25,Changed Mind,Refunded
R4014773,O1146842,2025-12-30,Late Delivery,Refunded
R4014774,O1083723,2024-10-04,Wrong Item,Refunded
R4014775,O1048936,2023-01-16,Not as Expected,Refunded
R4014776,O1120874,2024-07-29,Not as Expected,Refunded
R4014777,O1006097,2026-01-05,Wrong Item,Refunded
R4014778,O1134827,2025-06-04,Late Delivery,Refunded
R4014779,O1063277,2024-03-14,Wrong Item,Refunded
R4014780,O1036929,2025-10-18,Damaged,Refunded
R4014781,O1116851,2024-08-06,Size Issue,Processing
R4014782,O1015948,2024-09-20,Size Issue,Refunded
R4014783,O1021778,2023-10-16,Late Delivery,Refunded
R4014784,O1028235,2023-12-10,Changed Mind,Refunded
R4014785,O1161970,2025-05-04,Changed Mind,Refunded
R4014786,O1145154,2024-01-28,Late Delivery,Refunded
R4014787,O1015444,2024-11-30,Wrong Item,Refunded
R4014788,O1102893,2023-09-13,Size Issue,Refunded
R4014789,O1027504,2025-06-29,Damaged,Refunded
R4014790,O1081368,2025-07-09,Changed Mind,Refunded
R4014791,O1016516,2023-06-04,Wrong Item,Refunded
R4014792,O1056456,2023-09-25,Damaged,Refunded
R4014793,O1074904,2023-04-21,Size Issue,Refunded
R4014794,O1006460,2024-09-01,Late Delivery,Refunded
R4014795,O1117458,2025-08-09,Size Issue,Refunded
R4014796,O1040901,2023-08-26,Changed Mind,Refunded
R4014797,O1100711,2023-10-22,Wrong Item,Processing
R4014798,O1172767,2023-09-21,Not as Expected,Refunded
R4014799,O1043121,2025-08-07,Late Delivery,Refunded
R4014800,O1085542,2025-11-29,Size Issue,Refunded
R4014801,O1053866,2023-07-27,Not as Expected,Refunded
R4014802,O1050263,2025-07-07,Size Issue,Refunded
R4014803,O1054417,2023-03-26,Damaged,Refunded
R4014804,O1170756,2025-05-04,Size Issue,Refunded
R4014805,O1129005,2025-11-22,Wrong Item,Refunded
R4014806,O1129685,2024-05-30,Size Issue,Processing
R4014807,O1006139,2024-04-30,Size Issue,Refunded
R4014808,O1154609,2023-01-29,Not as Expected,Refunded
R4014809,O1168236,2024-06-02,Damaged,Refunded
R4014810,O1168434,2024-10-09,Changed Mind,Refunded
R4014811,O1091115,2023-08-14,Changed Mind,Refunded
R4014812,O1065268,2025-05-24,Wrong Item,Refunded
R4014813,O1151552,2025-03-05,Changed Mind,Refunded
R4014814,O1062658,2024-06-17,Late Delivery,Processing
R4014815,O1014650,2025-02-23,Damaged,Refunded
R4014816,O1099563,2024-02-04,Not as Expected,Refunded
R4014817,O1102371,2023-09-13,Wrong Item,Refunded
R4014818,O1055238,2025-11-29,Changed Mind,Refunded
R4014819,O1058873,2025-03-05,Size Issue,Processing
R4014820,O1061247,2025-06-14,Late Delivery,Refunded
R4014821,O1055456,2024-03-29,Wrong Item,Refunded
R4014822,O1054016,2023-04-14,Late Delivery,Refunded
R4014823,O1076037,2024-06-13,Not as Expected,Refunded
R4014824,O1040805,2025-12-03,Damaged,Refunded
R4014825,O1119965,2023-02-03,Damaged,Refunded
R4014826,O1163950,2024-04-28,Late Delivery,Refunded
R4014827,O1123352,2024-09-07,Not as Expected,Refunded
R4014828,O1143177,2023-08-07,Not as Expected,Refunded
R4014829,O1111550,2024-03-23,Not as Expected,Refunded
R4014830,O1150801,2023-05-15,Size Issue,Processing
R4014831,O1017974,2025-07-16,Wrong Item,Refunded
R4014832,O1058779,2024-10-15,Not as Expected,Refunded
R4014833,O1057664,2025-07-20,Size Issue,Refunded
R4014834,O1101885,2024-02-29,Changed Mind,Refunded
R4014835,O1021340,2023-03-13,Late Delivery,Refunded
R4014836,O1054871,2023-11-14,Not as Expected,Refunded
R4014837,O1140784,2025-06-19,Wrong Item,Refunded
R4014838,O1034875,2025-08-04,Damaged,Refunded
R4014839,O1106626,2025-12-26,Not as Expected,Refunded
R4014840,O1094788,2025-08-18,Damaged,Refunded
R4014841,O1097114,2024-02-12,Not as Expected,Processing
R4014842,O1165239,2023-08-24,Damaged,Refunded
R4014843,O1053639,2025-06-22,Not as Expected,Refunded
R4014844,O1008342,2025-03-04,Changed Mind,Refunded
R4014845,O1145530,2023-06-08,Changed Mind,Refunded
R4014846,O1048726,2025-10-15,Wrong Item,Refunded
R4014847,O1103672,2024-09-08,Not as Expected,Refunded
R4014848,O1013322,2023-04-17,Wrong Item,Refunded
R4014849,O1159391,2025-02-22,Wrong Item,Refunded
R4014850,O1147520,2025-07-13,Wrong Item,Refunded
R4014851,O1144029,2024-10-23,Damaged,Refunded
R4014852,O1001738,2023-09-14,Size Issue,Refunded
R4014853,O1067530,2025-04-25,Wrong Item,Refunded
R4014854,O1138236,2025-08-14,Damaged,Refunded
R4014855,O1037844,2024-05-07,Wrong Item,Refunded
R4014856,O1092438,2023-11-09,Not as Expected,Refunded
R4014857,O1086677,2024-07-07,Not as Expected,Refunded
R4014858,O1118659,2023-02-22,Wrong Item,Refunded
R4014859,O1157102,2024-03-03,Wrong Item,Refunded
R4014860,O1156771,2025-09-22,Not as Expected,Refunded
R4014861,O1138653,2024-03-16,Late Delivery,Refunded
R4014862,O1112940,2024-07-07,Wrong Item,Refunded
R4014863,O1089921,2024-08-08,Changed Mind,Refunded
R4014864,O1065747,2023-10-01,Not as Expected,Refunded
R4014865,O1029406,2023-01-06,Changed Mind,Refunded
R4014866,O1007380,2024-12-05,Changed Mind,Refunded
R4014867,O1066045,2023-05-21,Not as Expected,Refunded
R4014868,O1012670,2023-12-11,Changed Mind,Refunded
R4014869,O1101859,2025-06-05,Changed Mind,Refunded
R4014870,O1003203,2024-07-25,Wrong Item,Refunded
R4014871,O1117726,2025-12-06,Damaged,Processing
R4014872,O1179820,2023-09-23,Wrong Item,Refunded
R4014873,O1028643,2024-04-14,Not as Expected,Processing
R4014874,O1146101,2023-01-17,Damaged,Refunded
R4014875,O1044051,2024-06-10,Not as Expected,Refunded
R4014876,O1138212,2025-04-01,Not as Expected,Refunded
R4014877,O1122837,2024-04-19,Changed Mind,Refunded
R4014878,O1166952,2025-06-06,Size Issue,Refunded
R4014879,O1084370,2025-07-07,Late Delivery,Refunded
R4014880,O1080815,2023-04-13,Damaged,Refunded
R4014881,O1063102,2023-11-26,Wrong Item,Refunded
R4014882,O1165339,2025-04-16,Size Issue,Refunded
R4014883,O1156907,2025-10-13,Changed Mind,Refunded
R4014884,O1036183,2024-06-27,Changed Mind,Refunded
R4014885,O1078659,2024-10-12,Late Delivery,Refunded
R4014886,O1173565,2024-12-19,Not as Expected,Refunded
R4014887,O1064352,2023-04-23,Wrong Item,Refunded
R4014888,O1129721,2025-02-13,Not as Expected,Refunded
R4014889,O1041751,2023-03-05,Not as Expected,Refunded
R4014890,O1022531,2024-08-19,Size Issue,Refunded
R4014891,O1007054,2025-05-11,Wrong Item,Refunded
R4014892,O1114473,2025-05-07,Changed Mind,Refunded
R4014893,O1168092,2024-09-23,Not as Expected,Refunded
R4014894,O1077055,2023-03-02,Size Issue,Refunded
R4014895,O1109130,2025-08-04,Wrong Item,Refunded
R4014896,O1100535,2023-12-19,Damaged,Refunded
R4014897,O1048532,2025-09-04,Not as Expected,Refunded
R4014898,O1096183,2023-11-21,Size Issue,Processing
R4014899,O1073677,2024-06-05,Size Issue,Refunded
R4014900,O1082541,2023-09-08,Changed Mind,Refunded
R4014901,O1159359,2025-12-09,Changed Mind,Refunded
R4014902,O1018487,2025-06-30,Damaged,Refunded
R4014903,O1112161,2024-01-26,Not as Expected,Refunded
R4014904,O1166422,2025-03-07,Not as Expected,Refunded
R4014905,O1007393,2023-09-29,Damaged,Processing
R4014906,O1037353,2025-05-28,Not as Expected,Refunded
R4014907,O1073239,2023-12-02,Wrong Item,Refunded
R4014908,O1064015,2025-05-20,Changed Mind,Refunded
R4014909,O1035488,2023-11-06,Size Issue,Refunded
R4014910,O1139769,2025-06-27,Late Delivery,Refunded
R4014911,O1087248,2025-05-16,Size Issue,Refunded
R4014912,O1058717,2023-10-24,Damaged,Refunded
R4014913,O1145375,2025-06-27,Changed Mind,Refunded
R4014914,O1078147,2023-08-23,Size Issue,Refunded
R4014915,O1166136,2023-05-09,Changed Mind,Refunded
R4014916,O1105524,2025-05-19,Size Issue,Refunded
R4014917,O1043438,2025-03-30,Changed Mind,Refunded
R4014918,O1114392,2023-02-02,Wrong Item,Refunded
R4014919,O1149009,2025-11-23,Not as Expected,Processing
R4014920,O1028598,2024-12-13,Not as Expected,Refunded
R4014921,O1112239,2023-07-06,Not as Expected,Refunded
R4014922,O1029866,2023-03-05,Damaged,Refunded
R4014923,O1047112,2025-05-12,Size Issue,Refunded
R4014924,O1121032,2025-11-30,Size Issue,Refunded
R4014925,O1139209,2024-11-16,Damaged,Refunded
R4014926,O1085622,2024-07-25,Not as Expected,Refunded
R4014927,O1003597,2024-10-05,Changed Mind,Refunded
R4014928,O1013766,2024-10-13,Changed Mind,Refunded
R4014929,O1128968,2023-03-28,Not as Expected,Refunded
R4014930,O1043504,2024-03-07,Not as Expected,Refunded
R4014931,O1109673,2024-02-05,Size Issue,Refunded
R4014932,O1103367,2025-10-16,Late Delivery,Refunded
R4014933,O1079579,2024-03-12,Size Issue,Refunded
R4014934,O1019575,2025-05-24,Damaged,Refunded
R4014935,O1122072,2024-06-26,Late Delivery,Refunded
R4014936,O1166987,2023-09-16,Changed Mind,Refunded
R4014937,O1121785,2023-03-21,Not as Expected,Refunded
R4014938,O1089297,2024-12-12,Changed Mind,Refunded
R4014939,O1113985,2023-05-04,Not as Expected,Refunded
R4014940,O1021005,2024-09-05,Size Issue,Refunded
R4014941,O1063765,2023-03-07,Not as Expected,Refunded
R4014942,O1142811,2024-09-01,Size Issue,Refunded
R4014943,O1034278,2025-12-16,Not as Expected,Refunded
R4014944,O1167322,2026-01-09,Changed Mind,Refunded
R4014945,O1076892,2024-11-13,Damaged,Refunded
R4014946,O1020550,2026-01-05,Damaged,Refunded
R4014947,O1171738,2023-02-13,Not as Expected,Refunded
R4014948,O1038941,2024-11-07,Changed Mind,Refunded
R4014949,O1054508,2024-08-28,Not as Expected,Refunded
R4014950,O1112079,2023-05-04,Changed Mind,Refunded
R4014951,O1002823,2023-06-15,Late Delivery,Refunded
R4014952,O1176700,2023-09-07,Not as Expected,Refunded
R4014953,O1026071,2024-01-30,Damaged,Refunded
R4014954,O1089095,2023-12-27,Late Delivery,Refunded
R4014955,O1145739,2023-12-02,Not as Expected,Refunded
R4014956,O1083151,2024-06-04,Late Delivery,Refunded
R4014957,O1159139,2024-05-15,Late Delivery,Refunded
R4014958,O1041292,2023-06-30,Size Issue,Refunded
R4014959,O1145121,2025-07-28,Not as Expected,Refunded
R4014960,O1004933,2023-04-04,Size Issue,Refunded
R4014961,O1104651,2025-11-25,Damaged,Refunded
R4014962,O1118978,2024-02-03,Damaged,Refunded
R4014963,O1066112,2024-10-10,Not as Expected,Refunded
R4014964,O1021836,2025-01-20,Size Issue,Refunded
R4014965,O1054578,2023-09-26,Size Issue,Refunded
R4014966,O1118862,2023-01-24,Size Issue,Refunded
R4014967,O1103755,2025-02-14,Changed Mind,Refunded
R4014968,O1061745,2024-12-07,Not as Expected,Refunded
R4014969,O1022456,2025-06-02,Changed Mind,Processing
R4014970,O1158197,2025-02-21,Late Delivery,Refunded
R4014971,O1131121,2024-03-30,Changed Mind,Refunded
R4014972,O1002747,2024-06-15,Size Issue,Refunded
R4014973,O1149130,2025-09-08,Not as Expected,Refunded
R4014974,O1051852,2024-04-08,Late Delivery,Refunded
R4014975,O1114466,2023-09-07,Size Issue,Refunded
R4014976,O1087207,2025-04-16,Late Delivery,Refunded
R4014977,O1144380,2025-05-14,Size Issue,Processing
R4014978,O1145256,2023-05-04,Not as Expected,Refunded
R4014979,O1031596,2024-02-23,Not as Expected,Refunded
R4014980,O1103201,2024-12-17,Not as Expected,Refunded
R4014981,O1103141,2024-06-23,Size Issue,Refunded
R4014982,O1044486,2025-12-22,Size Issue,Refunded
R4014983,O1080497,2025-11-02,Late Delivery,Refunded
R4014984,O1044529,2025-07-01,Late Delivery,Refunded
R4014985,O1058139,2023-07-04,Wrong Item,Refunded
R4014986,O1050777,2024-06-19,Size Issue,Refunded
R4014987,O1040489,2024-04-11,Size Issue,Refunded
R4014988,O1149112,2023-01-20,Wrong Item,Refunded
R4014989,O1088120,2023-11-03,Not as Expected,Refunded
R4014990,O1145991,2023-04-22,Wrong Item,Refunded
R4014991,O1076236,2023-03-21,Not as Expected,Refunded
R4014992,O1169988,2024-03-05,Damaged,Processing
R4014993,O1134536,2025-03-02,Not as Expected,Processing
R4014994,O1149467,2023-03-03,Size Issue,Refunded
R4014995,O1136066,2023-03-31,Not as Expected,Refunded
R4014996,O1148616,2025-06-26,Changed Mind,Refunded
R4014997,O1137961,2024-04-10,Not as Expected,Refunded
R4014998,O1032931,2025-03-10,Size Issue,Refunded
R4014999,O1170236,2024-04-26,Late Delivery,Refunded
R4015000,O1078918,2023-12-22,Size Issue,Refunded
R4015001,O1175643,2025-03-10,Changed Mind,Refunded
R4015002,O1106710,2024-03-26,Late Delivery,Refunded
R4015003,O1082321,2025-07-18,Not as Expected,Refunded
R4015004,O1125002,2024-06-02,Late Delivery,Refunded
R4015005,O1163085,2025-11-04,Wrong Item,Refunded
R4015006,O1139104,2025-06-07,Not as Expected,Refunded
R4015007,O1047711,2024-08-29,Damaged,Refunded
R4015008,O1151135,2024-04-12,Damaged,Refunded
R4015009,O1032625,2024-01-13,Wrong Item,Refunded
R4015010,O1035372,2023-07-30,Changed Mind,Refunded
R4015011,O1002373,2025-09-18,Late Delivery,Refunded
R4015012,O1133522,2023-05-02,Damaged,Refunded
R4015013,O1084023,2024-07-03,Damaged,Refunded
R4015014,O1114968,2025-03-03,Size Issue,Refunded
R4015015,O1092558,2024-01-08,Not as Expected,Refunded
R4015016,O1138912,2023-03-19,Changed Mind,Refunded
R4015017,O1088637,2024-05-03,Size Issue,Refunded
R4015018,O1024014,2025-10-16,Not as Expected,Refunded
R4015019,O1123103,2024-08-04,Not as Expected,Refunded
R4015020,O1172226,2024-01-24,Not as Expected,Refunded
R4015021,O1011796,2023-06-25,Damaged,Refunded
R4015022,O1135759,2025-05-28,Not as Expected,Refunded
R4015023,O1154587,2025-05-30,Size Issue,Processing
R4015024,O1089334,2024-05-11,Late Delivery,Refunded
R4015025,O1176947,2025-06-18,Changed Mind,Refunded
R4015026,O1151949,2025-11-19,Changed Mind,Refunded
R4015027,O1118239,2025-01-02,Not as Expected,Refunded
R4015028,O1056136,2023-08-02,Late Delivery,Refunded
R4015029,O1012184,2025-06-27,Size Issue,Refunded
R4015030,O1131103,2023-09-08,Size Issue,Refunded
R4015031,O1031589,2024-01-15,Late Delivery,Processing
R4015032,O1177513,2024-10-25,Late Delivery,Refunded
R4015033,O1073258,2023-06-10,Size Issue,Refunded
R4015034,O1000335,2023-05-01,Not as Expected,Refunded
R4015035,O1148026,2023-12-13,Size Issue,Refunded
R4015036,O1092272,2023-04-26,Not as Expected,Refunded
R4015037,O1060899,2025-04-11,Not as Expected,Refunded
R4015038,O1013288,2024-07-06,Damaged,Refunded
R4015039,O1116584,2024-04-22,Damaged,Refunded
R4015040,O1167532,2024-08-09,Damaged,Refunded
R4015041,O1066629,2024-07-09,Damaged,Refunded
R4015042,O1098572,2025-03-16,Late Delivery,Refunded
R4015043,O1036164,2025-05-21,Not as Expected,Refunded
R4015044,O1074198,2024-09-09,Wrong Item,Refunded
R4015045,O1000855,2024-03-09,Not as Expected,Refunded
R4015046,O1007309,2024-09-21,Wrong Item,Refunded
R4015047,O1120546,2025-09-06,Late Delivery,Refunded
R4015048,O1055437,2024-08-17,Not as Expected,Refunded
R4015049,O1036980,2025-09-30,Size Issue,Refunded
R4015050,O1162650,2024-10-12,Size Issue,Refunded
R4015051,O1128974,2023-09-29,Wrong Item,Refunded
R4015052,O1028437,2024-11-14,Damaged,Refunded
R4015053,O1041354,2025-10-09,Damaged,Processing
R4015054,O1094112,2025-04-19,Not as Expected,Refunded
R4015055,O1128634,2024-07-04,Late Delivery,Refunded
R4015056,O1003961,2024-12-19,Not as Expected,Refunded
R4015057,O1095444,2023-06-23,Late Delivery,Refunded
R4015058,O1157466,2025-02-02,Size Issue,Refunded
R4015059,O1081750,2025-08-22,Damaged,Refunded
R4015060,O1062699,2023-12-25,Wrong Item,Processing
R4015061,O1108208,2024-08-18,Damaged,Refunded
R4015062,O1107477,2024-09-02,Not as Expected,Refunded
R4015063,O1129513,2023-06-16,Not as Expected,Refunded
R4015064,O1090133,2023-11-17,Damaged,Refunded
R4015065,O1110310,2024-08-07,Not as Expected,Refunded
R4015066,O1036366,2024-02-17,Not as Expected,Refunded
R4015067,O1172193,2025-02-25,Wrong Item,Refunded
R4015068,O1008551,2024-03-22,Wrong Item,Processing
R4015069,O1073462,2023-02-05,Size Issue,Refunded
R4015070,O1079557,2023-04-02,Not as Expected,Refunded
R4015071,O1026850,2024-08-15,Size Issue,Refunded
R4015072,O1110503,2023-08-25,Damaged,Refunded
R4015073,O1052761,2025-07-13,Size Issue,Refunded
R4015074,O1002084,2023-06-15,Wrong Item,Processing
R4015075,O1109063,2024-10-25,Damaged,Refunded
R4015076,O1144997,2025-06-23,Not as Expected,Refunded
R4015077,O1151941,2024-01-26,Changed Mind,Refunded
R4015078,O1002096,2025-07-01,Changed Mind,Refunded
R4015079,O1117620,2024-11-20,Not as Expected,Refunded
R4015080,O1167386,2024-05-15,Wrong Item,Processing
R4015081,O1077962,2023-07-15,Late Delivery,Refunded
R4015082,O1109116,2023-05-31,Damaged,Refunded
R4015083,O1053482,2023-02-20,Not as Expected,Refunded
R4015084,O1172102,2023-10-17,Wrong Item,Refunded
R4015085,O1081612,2025-12-27,Size Issue,Refunded
R4015086,O1048288,2025-01-08,Not as Expected,Refunded
R4015087,O1045171,2024-06-03,Size Issue,Refunded
R4015088,O1134685,2025-05-16,Changed Mind,Refunded
R4015089,O1046024,2025-12-01,Not as Expected,Refunded
R4015090,O1166162,2023-01-25,Late Delivery,Refunded
R4015091,O1004745,2023-11-09,Damaged,Refunded
R4015092,O1136893,2024-06-01,Late Delivery,Refunded
R4015093,O1174271,2023-06-06,Not as Expected,Refunded
R4015094,O1131835,2023-12-27,Not as Expected,Refunded
R4015095,O1003953,2025-01-15,Damaged,Refunded
R4015096,O1161660,2025-01-15,Not as Expected,Refunded
R4015097,O1009564,2025-10-06,Late Delivery,Refunded
R4015098,O1055930,2023-09-11,Damaged,Refunded
R4015099,O1137537,2025-11-14,Size Issue,Refunded
R4015100,O1056826,2024-05-04,Late Delivery,Refunded
R4015101,O1026041,2023-12-02,Not as Expected,Refunded
R4015102,O1152454,2023-05-18,Damaged,Refunded
R4015103,O1137616,2025-02-26,Wrong Item,Refunded
R4015104,O1048963,2024-05-23,Damaged,Refunded
R4015105,O1139374,2023-08-31,Damaged,Refunded
R4015106,O1158704,2025-05-12,Not as Expected,Refunded
R4015107,O1114445,2024-04-12,Late Delivery,Refunded
R4015108,O1069442,2024-11-26,Damaged,Refunded
R4015109,O1092717,2025-11-19,Size Issue,Refunded
R4015110,O1082246,2025-06-25,Wrong Item,Refunded
R4015111,O1149655,2025-03-22,Damaged,Refunded
R4015112,O1128555,2024-01-28,Changed Mind,Refunded
R4015113,O1014912,2023-02-28,Damaged,Refunded
R4015114,O1159135,2024-01-28,Damaged,Processing
R4015115,O1104437,2025-02-23,Damaged,Refunded
R4015116,O1072416,2025-12-20,Late Delivery,Refunded
R4015117,O1157384,2023-04-03,Size Issue,Refunded
R4015118,O1179972,2023-01-16,Not as Expected,Refunded
R4015119,O1092116,2023-11-08,Changed Mind,Refunded
R4015120,O1125935,2025-11-14,Damaged,Refunded
R4015121,O1015202,2025-06-05,Size Issue,Refunded
R4015122,O1136795,2023-12-02,Late Delivery,Refunded
R4015123,O1120404,2025-03-19,Late Delivery,Refunded
R4015124,O1026021,2025-08-06,Not as Expected,Refunded
R4015125,O1172733,2024-02-22,Not as Expected,Refunded
R4015126,O1012660,2024-07-28,Damaged,Refunded
R4015127,O1177357,2024-08-10,Damaged,Refunded
R4015128,O1058619,2025-02-14,Late Delivery,Refunded
R4015129,O1090168,2024-09-27,Wrong Item,Refunded
R4015130,O1179139,2024-01-16,Not as Expected,Refunded
R4015131,O1175322,2024-01-15,Late Delivery,Refunded
R4015132,O1008922,2025-01-14,Changed Mind,Refunded
R4015133,O1131737,2024-10-31,Size Issue,Refunded
R4015134,O1150617,2024-10-14,Size Issue,Refunded
R4015135,O1009261,2024-11-09,Not as Expected,Refunded
R4015136,O1074328,2024-04-09,Changed Mind,Refunded
R4015137,O1143335,2023-06-30,Damaged,Refunded
R4015138,O1172277,2023-06-28,Not as Expected,Refunded
R4015139,O1178648,2025-01-11,Not as Expected,Refunded
R4015140,O1051459,2024-06-30,Not as Expected,Refunded
R4015141,O1115006,2024-01-29,Wrong Item,Refunded
R4015142,O1070884,2024-09-04,Changed Mind,Refunded
R4015143,O1136924,2023-06-16,Not as Expected,Refunded
R4015144,O1088955,2024-02-20,Size Issue,Refunded
R4015145,O1067492,2023-03-07,Damaged,Refunded
R4015146,O1001988,2025-01-01,Not as Expected,Refunded
R4015147,O1029337,2023-11-13,Changed Mind,Refunded
R4015148,O1159549,2024-03-22,Damaged,Refunded
R4015149,O1023089,2024-06-18,Not as Expected,Refunded
R4015150,O1161403,2026-01-05,Damaged,Refunded
R4015151,O1084122,2024-11-14,Not as Expected,Refunded
R4015152,O1050154,2025-12-12,Not as Expected,Refunded
R4015153,O1091963,2023-04-03,Size Issue,Refunded
R4015154,O1165782,2024-11-22,Damaged,Refunded
R4015155,O1161883,2024-06-03,Changed Mind,Refunded
R4015156,O1057827,2023-08-25,Changed Mind,Refunded
R4015157,O1038081,2024-04-12,Late Delivery,Refunded
R4015158,O1062614,2023-10-09,Not as Expected,Refunded
R4015159,O1019072,2025-09-08,Not as Expected,Refunded
R4015160,O1046097,2025-02-23,Not as Expected,Refunded
R4015161,O1085921,2025-11-29,Wrong Item,Refunded
R4015162,O1083998,2023-05-21,Wrong Item,Refunded
R4015163,O1151452,2024-05-26,Not as Expected,Refunded
R4015164,O1049572,2025-04-09,Not as Expected,Refunded
R4015165,O1016783,2025-09-05,Wrong Item,Refunded
R4015166,O1148603,2023-07-02,Not as Expected,Refunded
R4015167,O1012678,2023-06-19,Not as Expected,Refunded
R4015168,O1167982,2023-09-04,Not as Expected,Refunded
R4015169,O1077445,2023-01-27,Changed Mind,Refunded
R4015170,O1033174,2025-05-25,Changed Mind,Refunded
R4015171,O1010070,2023-04-03,Size Issue,Refunded
R4015172,O1096628,2023-08-04,Wrong Item,Refunded
R4015173,O1048955,2023-06-27,Size Issue,Refunded
R4015174,O1049166,2025-04-04,Size Issue,Refunded
R4015175,O1138824,2023-04-26,Damaged,Refunded
R4015176,O1008701,2023-10-13,Wrong Item,Refunded
R4015177,O1089157,2026-01-08,Size Issue,Refunded
R4015178,O1122195,2024-09-15,Size Issue,Refunded
R4015179,O1155817,2023-01-09,Not as Expected,Refunded
R4015180,O1133076,2024-09-10,Wrong Item,Refunded
R4015181,O1050130,2024-07-05,Changed Mind,Refunded
R4015182,O1021540,2023-02-12,Size Issue,Refunded
R4015183,O1064715,2024-11-24,Damaged,Refunded
R4015184,O1087289,2025-06-13,Damaged,Refunded
R4015185,O1080139,2025-07-14,Not as Expected,Refunded
R4015186,O1147422,2024-07-07,Late Delivery,Refunded
R4015187,O1019608,2025-02-02,Not as Expected,Refunded
R4015188,O1033842,2024-05-01,Not as Expected,Refunded
R4015189,O1067415,2025-07-01,Late Delivery,Refunded
R4015190,O1127252,2024-11-30,Damaged,Refunded
R4015191,O1052013,2025-10-08,Late Delivery,Refunded
R4015192,O1056149,2024-09-10,Changed Mind,Refunded
R4015193,O1123793,2024-03-04,Wrong Item,Refunded
R4015194,O1155710,2023-12-01,Wrong Item,Refunded
R4015195,O1007808,2023-11-10,Not as Expected,Refunded
R4015196,O1176058,2024-01-04,Changed Mind,Refunded
R4015197,O1131609,2025-12-07,Not as Expected,Refunded
R4015198,O1067934,2025-09-30,Size Issue,Refunded
R4015199,O1059530,2025-03-15,Late Delivery,Refunded
R4015200,O1089806,2023-09-13,Not as Expected,Refunded
R4015201,O1065287,2025-09-10,Changed Mind,Refunded
R4015202,O1052498,2025-01-06,Not as Expected,Refunded
R4015203,O1038472,2023-02-15,Not as Expected,Refunded
R4015204,O1146734,2025-02-03,Changed Mind,Refunded
R4015205,O1100377,2024-08-09,Size Issue,Refunded
R4015206,O1130753,2023-05-25,Not as Expected,Refunded
R4015207,O1166080,2025-08-18,Size Issue,Refunded
R4015208,O1003431,2024-07-11,Damaged,Refunded
R4015209,O1062303,2025-12-19,Damaged,Refunded
R4015210,O1063348,2024-10-15,Wrong Item,Refunded
R4015211,O1054114,2023-12-28,Damaged,Refunded
R4015212,O1135583,2024-10-18,Late Delivery,Refunded
R4015213,O1061452,2024-11-17,Size Issue,Refunded
R4015214,O1021997,2025-11-19,Size Issue,Refunded
R4015215,O1024988,2025-06-24,Wrong Item,Processing
R4015216,O1034857,2025-04-04,Wrong Item,Refunded
R4015217,O1008503,2023-07-14,Not as Expected,Refunded
R4015218,O1102409,2025-01-24,Size Issue,Refunded
R4015219,O1067684,2024-01-11,Changed Mind,Refunded
R4015220,O1145340,2025-09-21,Not as Expected,Refunded
R4015221,O1024475,2025-10-13,Damaged,Refunded
R4015222,O1164843,2025-04-08,Late Delivery,Refunded
R4015223,O1069850,2026-01-01,Not as Expected,Refunded
R4015224,O1108351,2024-10-24,Changed Mind,Refunded
R4015225,O1079611,2023-07-03,Wrong Item,Refunded
R4015226,O1127949,2024-01-17,Not as Expected,Refunded
R4015227,O1034335,2024-06-16,Wrong Item,Refunded
R4015228,O1154855,2024-05-22,Size Issue,Refunded
R4015229,O1010743,2023-02-11,Changed Mind,Refunded
R4015230,O1140695,2024-01-10,Not as Expected,Refunded
R4015231,O1070991,2024-04-16,Not as Expected,Refunded
R4015232,O1153363,2025-07-07,Changed Mind,Refunded
R4015233,O1161094,2023-04-18,Changed Mind,Refunded
R4015234,O1120300,2024-08-02,Not as Expected,Refunded
R4015235,O1155307,2025-02-05,Size Issue,Refunded
R4015236,O1099414,2023-06-19,Size Issue,Processing
R4015237,O1137099,2023-10-06,Not as Expected,Refunded
R4015238,O1061587,2024-06-28,Size Issue,Refunded
R4015239,O1106407,2025-02-10,Late Delivery,Refunded
R4015240,O1011776,2025-09-20,Damaged,Refunded
R4015241,O1140342,2023-05-31,Wrong Item,Refunded
R4015242,O1089323,2025-08-02,Size Issue,Refunded
R4015243,O1033866,2025-07-12,Wrong Item,Refunded
R4015244,O1041716,2025-09-01,Wrong Item,Refunded
R4015245,O1106250,2025-03-18,Wrong Item,Refunded
R4015246,O1110180,2024-07-08,Not as Expected,Processing
R4015247,O1048480,2025-09-05,Not as Expected,Refunded
R4015248,O1114695,2025-02-11,Late Delivery,Refunded
R4015249,O1004424,2025-02-18,Size Issue,Refunded
R4015250,O1010561,2025-03-10,Changed Mind,Refunded
R4015251,O1032555,2026-01-12,Not as Expected,Processing
R4015252,O1046724,2024-09-28,Wrong Item,Refunded
R4015253,O1119709,2023-03-05,Not as Expected,Refunded
R4015254,O1021061,2023-11-13,Late Delivery,Refunded
R4015255,O1132552,2025-07-31,Not as Expected,Refunded
R4015256,O1036761,2023-11-24,Damaged,Refunded
R4015257,O1045966,2024-07-23,Wrong Item,Refunded
R4015258,O1167331,2023-08-28,Not as Expected,Refunded
R4015259,O1064468,2025-07-24,Wrong Item,Refunded
R4015260,O1167616,2025-02-15,Damaged,Refunded
R4015261,O1064564,2024-12-04,Changed Mind,Refunded
R4015262,O1109060,2024-07-14,Changed Mind,Refunded
R4015263,O1049749,2023-02-18,Not as Expected,Refunded
R4015264,O1131335,2023-11-06,Changed Mind,Refunded
R4015265,O1155488,2023-12-17,Wrong Item,Processing
R4015266,O1099899,2023-04-20,Damaged,Refunded
R4015267,O1152815,2024-11-28,Not as Expected,Refunded
R4015268,O1082660,2023-06-28,Wrong Item,Refunded
R4015269,O1122899,2023-10-27,Damaged,Processing
R4015270,O1156826,2025-06-15,Damaged,Refunded
R4015271,O1118592,2024-12-07,Wrong Item,Refunded
R4015272,O1150990,2025-10-29,Damaged,Refunded
R4015273,O1140377,2025-10-23,Changed Mind,Refunded
R4015274,O1134497,2025-07-12,Wrong Item,Refunded
R4015275,O1083939,2025-10-05,Not as Expected,Refunded
R4015276,O1056083,2023-06-23,Changed Mind,Refunded
R4015277,O1127181,2025-08-27,Late Delivery,Refunded
R4015278,O1094743,2023-04-01,Size Issue,Refunded
R4015279,O1103557,2024-10-13,Wrong Item,Refunded
R4015280,O1057450,2023-05-31,Not as Expected,Refunded
R4015281,O1147347,2024-07-02,Not as Expected,Refunded
R4015282,O1116819,2025-01-22,Damaged,Refunded
R4015283,O1081133,2024-06-17,Size Issue,Refunded
R4015284,O1011236,2024-09-11,Not as Expected,Refunded
R4015285,O1118476,2024-04-24,Size Issue,Refunded
R4015286,O1177527,2025-02-21,Not as Expected,Refunded
R4015287,O1089509,2025-12-25,Size Issue,Refunded
R4015288,O1062194,2023-03-05,Not as Expected,Refunded
R4015289,O1061229,2025-01-13,Late Delivery,Refunded
R4015290,O1004360,2024-11-07,Late Delivery,Refunded
R4015291,O1103258,2025-06-30,Damaged,Refunded
R4015292,O1103542,2024-09-03,Wrong Item,Refunded
R4015293,O1063043,2025-01-01,Not as Expected,Refunded
R4015294,O1030005,2025-02-07,Damaged,Refunded
R4015295,O1165862,2024-06-05,Changed Mind,Refunded
R4015296,O1158128,2025-03-24,Size Issue,Refunded
R4015297,O1150660,2024-04-20,Late Delivery,Refunded
R4015298,O1106494,2025-01-27,Wrong Item,Refunded
R4015299,O1008991,2024-03-12,Wrong Item,Refunded
R4015300,O1177919,2023-12-14,Damaged,Refunded
R4015301,O1098129,2025-11-29,Changed Mind,Refunded
R4015302,O1053279,2024-04-16,Size Issue,Refunded
R4015303,O1117185,2025-07-26,Wrong Item,Refunded
R4015304,O1044551,2023-02-28,Not as Expected,Refunded
R4015305,O1037478,2025-08-01,Not as Expected,Refunded
R4015306,O1114357,2023-08-18,Wrong Item,Refunded
R4015307,O1043289,2025-07-02,Not as Expected,Refunded
R4015308,O1077718,2024-05-11,Size Issue,Processing
R4015309,O1019352,2025-05-13,Wrong Item,Refunded
R4015310,O1082849,2024-06-04,Late Delivery,Refunded
R4015311,O1154082,2026-01-03,Not as Expected,Refunded
R4015312,O1163334,2025-01-16,Wrong Item,Refunded
R4015313,O1112925,2024-10-27,Late Delivery,Refunded
R4015314,O1059361,2023-05-08,Damaged,Refunded
R4015315,O1106726,2023-03-09,Size Issue,Processing
R4015316,O1080040,2024-08-11,Size Issue,Refunded
R4015317,O1041376,2025-09-26,Wrong Item,Refunded
R4015318,O1140364,2025-05-21,Not as Expected,Refunded
R4015319,O1148174,2023-09-28,Late Delivery,Processing
R4015320,O1071028,2023-01-31,Not as Expected,Refunded
R4015321,O1009451,2023-11-29,Damaged,Refunded
R4015322,O1037259,2023-06-04,Damaged,Refunded
R4015323,O1011262,2023-11-21,Not as Expected,Refunded
R4015324,O1071841,2023-11-19,Damaged,Refunded
R4015325,O1118703,2023-07-24,Size Issue,Refunded
R4015326,O1014144,2025-02-10,Damaged,Refunded
R4015327,O1149282,2025-05-10,Not as Expected,Refunded
R4015328,O1056139,2024-12-16,Changed Mind,Processing
R4015329,O1052488,2023-05-06,Changed Mind,Processing
R4015330,O1151838,2025-10-28,Wrong Item,Refunded
R4015331,O1133326,2025-05-27,Changed Mind,Refunded
R4015332,O1083771,2024-10-21,Changed Mind,Refunded
R4015333,O1101135,2025-01-13,Size Issue,Refunded
R4015334,O1177779,2025-02-28,Not as Expected,Refunded
R4015335,O1066493,2023-05-26,Not as Expected,Refunded
R4015336,O1046718,2024-01-31,Damaged,Refunded
R4015337,O1134454,2025-05-30,Damaged,Refunded
R4015338,O1041411,2025-04-10,Size Issue,Refunded
R4015339,O1142814,2023-11-03,Not as Expected,Refunded
R4015340,O1058681,2025-05-21,Damaged,Processing
R4015341,O1043826,2025-08-16,Late Delivery,Refunded
R4015342,O1141887,2024-04-27,Late Delivery,Refunded
R4015343,O1041669,2023-08-02,Not as Expected,Refunded
R4015344,O1043338,2023-11-29,Not as Expected,Refunded
R4015345,O1112537,2025-09-29,Size Issue,Refunded
R4015346,O1085756,2024-05-23,Not as Expected,Refunded
R4015347,O1086304,2025-03-10,Damaged,Refunded
R4015348,O1038775,2024-04-09,Size Issue,Refunded
R4015349,O1041655,2023-03-28,Damaged,Refunded
R4015350,O1121294,2023-10-31,Size Issue,Refunded
R4015351,O1124343,2024-07-24,Not as Expected,Refunded
R4015352,O1116673,2024-07-31,Size Issue,Refunded
R4015353,O1151300,2025-08-02,Damaged,Refunded
R4015354,O1122009,2025-08-19,Wrong Item,Refunded
R4015355,O1105183,2025-01-18,Not as Expected,Refunded
R4015356,O1142153,2023-11-19,Late Delivery,Refunded
R4015357,O1145432,2023-04-20,Changed Mind,Processing
R4015358,O1137998,2025-06-15,Not as Expected,Refunded
R4015359,O1111633,2023-07-14,Size Issue,Refunded
R4015360,O1003271,2023-10-19,Not as Expected,Refunded
R4015361,O1088670,2024-01-27,Not as Expected,Refunded
R4015362,O1048645,2024-07-02,Wrong Item,Refunded
R4015363,O1150375,2023-07-04,Damaged,Refunded
R4015364,O1175305,2023-06-14,Wrong Item,Refunded
R4015365,O1039680,2023-09-19,Size Issue,Refunded
R4015366,O1089361,2025-10-05,Size Issue,Refunded
R4015367,O1049156,2023-04-09,Size Issue,Refunded
R4015368,O1105217,2023-03-18,Wrong Item,Refunded
R4015369,O1159400,2023-05-17,Wrong Item,Refunded
R4015370,O1106771,2023-10-06,Changed Mind,Refunded
R4015371,O1179227,2023-03-18,Changed Mind,Refunded
R4015372,O1119817,2024-11-08,Damaged,Refunded
R4015373,O1154962,2024-08-20,Size Issue,Refunded
R4015374,O1176028,2023-07-16,Changed Mind,Refunded
R4015375,O1076227,2023-04-15,Not as Expected,Processing
R4015376,O1105938,2025-08-21,Late Delivery,Refunded
R4015377,O1153011,2024-05-06,Wrong Item,Refunded
R4015378,O1039115,2025-06-17,Damaged,Refunded
R4015379,O1106414,2025-02-10,Late Delivery,Refunded
R4015380,O1121462,2023-09-19,Not as Expected,Refunded
R4015381,O1087224,2024-05-13,Not as Expected,Refunded
R4015382,O1098747,2025-12-06,Late Delivery,Refunded
R4015383,O1029910,2024-11-02,Changed Mind,Refunded
R4015384,O1126115,2023-12-28,Size Issue,Refunded
R4015385,O1163828,2025-04-13,Damaged,Refunded
R4015386,O1108107,2025-03-05,Wrong Item,Refunded
R4015387,O1116101,2023-10-12,Size Issue,Refunded
R4015388,O1174476,2023-12-05,Late Delivery,Refunded
R4015389,O1004323,2025-06-16,Not as Expected,Refunded
R4015390,O1053986,2025-12-01,Not as Expected,Refunded
R4015391,O1158645,2023-08-02,Damaged,Refunded
R4015392,O1133171,2024-10-21,Changed Mind,Refunded
R4015393,O1006249,2024-06-17,Not as Expected,Refunded
R4015394,O1006185,2023-10-23,Size Issue,Refunded
R4015395,O1055743,2023-03-19,Changed Mind,Refunded
R4015396,O1165407,2023-03-29,Damaged,Refunded
R4015397,O1177656,2023-07-02,Changed Mind,Processing
R4015398,O1087530,2023-07-08,Wrong Item,Refunded
R4015399,O1100522,2025-04-27,Size Issue,Refunded
R4015400,O1096719,2024-02-15,Size Issue,Refunded
R4015401,O1124753,2023-01-25,Damaged,Refunded
R4015402,O1019583,2023-01-08,Late Delivery,Refunded
R4015403,O1075359,2024-08-20,Changed Mind,Refunded
R4015404,O1072653,2023-04-19,Damaged,Refunded
R4015405,O1122196,2023-03-19,Size Issue,Refunded
R4015406,O1029284,2024-04-12,Changed Mind,Processing
R4015407,O1124895,2023-05-02,Not as Expected,Refunded
R4015408,O1015325,2023-02-19,Not as Expected,Refunded
R4015409,O1160838,2023-09-20,Not as Expected,Refunded
R4015410,O1063381,2025-11-06,Not as Expected,Refunded
R4015411,O1151215,2025-08-25,Late Delivery,Refunded
R4015412,O1016964,2025-03-03,Damaged,Refunded
R4015413,O1019038,2023-02-22,Late Delivery,Refunded
R4015414,O1075230,2024-06-11,Wrong Item,Refunded
R4015415,O1163305,2025-01-28,Late Delivery,Refunded
R4015416,O1077392,2023-09-29,Wrong Item,Refunded
R4015417,O1107197,2024-11-19,Damaged,Refunded
R4015418,O1084432,2024-03-08,Changed Mind,Refunded
R4015419,O1045527,2023-06-15,Changed Mind,Refunded
R4015420,O1159694,2025-12-08,Changed Mind,Refunded
R4015421,O1138377,2023-01-27,Not as Expected,Refunded
R4015422,O1037122,2023-05-18,Size Issue,Refunded
R4015423,O1131994,2025-10-25,Changed Mind,Refunded
R4015424,O1001648,2023-09-09,Not as Expected,Refunded
R4015425,O1052784,2024-03-07,Size Issue,Refunded
R4015426,O1091315,2024-06-04,Not as Expected,Processing
R4015427,O1111385,2023-04-21,Not as Expected,Refunded
R4015428,O1109507,2025-08-05,Changed Mind,Refunded
R4015429,O1077507,2025-12-12,Damaged,Refunded
R4015430,O1147987,2023-06-08,Late Delivery,Refunded
R4015431,O1053847,2025-09-04,Wrong Item,Refunded
R4015432,O1000636,2025-03-18,Changed Mind,Refunded
R4015433,O1048299,2023-08-28,Not as Expected,Refunded
R4015434,O1145035,2024-04-07,Damaged,Refunded
R4015435,O1023915,2023-05-01,Wrong Item,Processing
R4015436,O1066901,2023-05-02,Changed Mind,Refunded
R4015437,O1062067,2023-08-07,Size Issue,Refunded
R4015438,O1165686,2025-01-11,Damaged,Refunded
R4015439,O1106888,2023-03-10,Late Delivery,Processing
R4015440,O1055076,2023-06-20,Wrong Item,Refunded
R4015441,O1161435,2025-11-05,Wrong Item,Refunded
R4015442,O1030151,2025-05-15,Not as Expected,Processing
R4015443,O1019274,2023-12-24,Not as Expected,Refunded
R4015444,O1116894,2025-08-06,Wrong Item,Refunded
R4015445,O1123185,2025-05-24,Wrong Item,Refunded
R4015446,O1115500,2024-06-17,Damaged,Refunded
R4015447,O1120081,2023-12-29,Damaged,Refunded
R4015448,O1096259,2025-04-10,Not as Expected,Processing
R4015449,O1153808,2023-09-03,Wrong Item,Refunded
R4015450,O1115234,2024-10-01,Wrong Item,Refunded
R4015451,O1084624,2024-05-10,Wrong Item,Refunded
R4015452,O1049940,2025-04-18,Damaged,Refunded
R4015453,O1136145,2023-06-20,Not as Expected,Refunded
R4015454,O1011837,2023-03-22,Not as Expected,Refunded
R4015455,O1164365,2024-03-12,Wrong Item,Refunded
R4015456,O1061564,2023-02-25,Late Delivery,Refunded
R4015457,O1019654,2024-03-12,Size Issue,Refunded
R4015458,O1066261,2025-11-11,Damaged,Refunded
R4015459,O1124628,2025-01-23,Late Delivery,Refunded
R4015460,O1119968,2023-06-14,Wrong Item,Refunded
R4015461,O1125870,2024-11-23,Not as Expected,Refunded
R4015462,O1119778,2023-01-12,Size Issue,Refunded
R4015463,O1147557,2025-12-13,Damaged,Refunded
R4015464,O1017231,2024-08-16,Not as Expected,Refunded
R4015465,O1142247,2025-03-16,Late Delivery,Refunded
R4015466,O1045749,2023-09-15,Late Delivery,Refunded
R4015467,O1160415,2025-11-10,Not as Expected,Refunded
R4015468,O1060698,2024-01-31,Damaged,Refunded
R4015469,O1092229,2024-06-08,Not as Expected,Refunded
R4015470,O1159699,2024-03-07,Damaged,Refunded
R4015471,O1027064,2024-10-10,Damaged,Refunded
R4015472,O1130379,2023-10-24,Size Issue,Refunded
R4015473,O1162298,2024-12-23,Not as Expected,Refunded
R4015474,O1135723,2024-12-10,Not as Expected,Refunded
R4015475,O1160245,2024-06-09,Size Issue,Refunded
R4015476,O1064073,2024-04-26,Late Delivery,Refunded
R4015477,O1112255,2025-01-16,Size Issue,Refunded
R4015478,O1019464,2024-12-02,Damaged,Processing
R4015479,O1121040,2025-12-21,Damaged,Processing
R4015480,O1029351,2024-01-15,Not as Expected,Refunded
R4015481,O1149516,2024-10-07,Wrong Item,Refunded
R4015482,O1105561,2025-01-11,Wrong Item,Refunded
R4015483,O1155528,2023-06-04,Not as Expected,Refunded
R4015484,O1049472,2025-02-07,Changed Mind,Refunded
R4015485,O1118124,2023-10-05,Size Issue,Refunded
R4015486,O1091857,2025-11-26,Wrong Item,Refunded
R4015487,O1117491,2025-03-25,Wrong Item,Refunded
R4015488,O1017913,2024-11-23,Damaged,Refunded
R4015489,O1056301,2023-08-09,Late Delivery,Refunded
R4015490,O1177753,2024-08-25,Damaged,Refunded
R4015491,O1080681,2024-12-17,Damaged,Refunded
R4015492,O1144740,2023-12-10,Not as Expected,Refunded
R4015493,O1090576,2025-07-14,Size Issue,Refunded
R4015494,O1003011,2025-01-05,Wrong Item,Refunded
R4015495,O1092154,2024-12-20,Wrong Item,Refunded
R4015496,O1018684,2024-11-10,Size Issue,Refunded
R4015497,O1092172,2024-06-04,Damaged,Refunded
R4015498,O1176784,2024-12-14,Wrong Item,Refunded
R4015499,O1155646,2023-04-18,Not as Expected,Refunded
R4015500,O1019838,2023-11-08,Wrong Item,Processing
R4015501,O1172338,2025-08-16,Size Issue,Refunded
R4015502,O1007778,2025-07-14,Changed Mind,Refunded
R4015503,O1072158,2023-07-21,Not as Expected,Refunded
R4015504,O1035158,2025-11-10,Wrong Item,Processing
R4015505,O1163514,2023-02-05,Changed Mind,Refunded
R4015506,O1017490,2024-02-06,Size Issue,Refunded
R4015507,O1100245,2023-11-30,Late Delivery,Refunded
R4015508,O1146870,2025-05-26,Late Delivery,Refunded
R4015509,O1057880,2024-11-03,Damaged,Refunded
R4015510,O1157608,2024-03-19,Not as Expected,Refunded
R4015511,O1043267,2023-10-26,Size Issue,Refunded
R4015512,O1139566,2025-01-18,Size Issue,Processing
R4015513,O1138013,2025-07-30,Changed Mind,Processing
R4015514,O1020495,2024-08-24,Wrong Item,Refunded
R4015515,O1171786,2023-07-01,Late Delivery,Refunded
R4015516,O1042030,2023-06-13,Late Delivery,Refunded
R4015517,O1077573,2025-11-26,Not as Expected,Refunded
R4015518,O1153663,2025-06-18,Changed Mind,Refunded
R4015519,O1007457,2024-12-19,Not as Expected,Refunded
R4015520,O1085706,2024-11-27,Changed Mind,Refunded
R4015521,O1041446,2023-12-26,Not as Expected,Refunded
R4015522,O1151777,2025-04-10,Changed Mind,Processing
R4015523,O1103340,2025-10-05,Late Delivery,Refunded
R4015524,O1169127,2023-12-24,Not as Expected,Refunded
R4015525,O1139009,2025-01-27,Not as Expected,Refunded
R4015526,O1015388,2025-11-24,Size Issue,Refunded
R4015527,O1024591,2025-10-17,Late Delivery,Processing
R4015528,O1059195,2024-05-02,Damaged,Refunded
R4015529,O1084986,2025-04-07,Wrong Item,Refunded
R4015530,O1045028,2023-07-12,Damaged,Processing
R4015531,O1003711,2024-10-15,Not as Expected,Refunded
R4015532,O1077119,2025-04-19,Not as Expected,Processing
R4015533,O1128528,2023-05-08,Changed Mind,Refunded
R4015534,O1006778,2024-09-05,Size Issue,Refunded
R4015535,O1030887,2023-09-25,Not as Expected,Refunded
R4015536,O1010753,2025-10-29,Size Issue,Refunded
R4015537,O1077207,2025-11-01,Changed Mind,Refunded
R4015538,O1047933,2025-05-20,Changed Mind,Refunded
R4015539,O1150173,2023-05-23,Not as Expected,Refunded
R4015540,O1078261,2023-01-24,Late Delivery,Refunded
R4015541,O1044462,2024-09-12,Damaged,Refunded
R4015542,O1156191,2025-08-24,Not as Expected,Refunded
R4015543,O1138541,2023-06-23,Size Issue,Refunded
R4015544,O1136290,2023-08-05,Not as Expected,Refunded
R4015545,O1031190,2024-11-05,Damaged,Refunded
R4015546,O1121529,2024-05-23,Wrong Item,Refunded
R4015547,O1021575,2024-11-20,Damaged,Refunded
R4015548,O1102932,2024-04-21,Not as Expected,Refunded
R4015549,O1104991,2024-04-28,Wrong Item,Refunded
R4015550,O1093864,2023-04-12,Damaged,Refunded
R4015551,O1167834,2025-10-02,Changed Mind,Refunded
R4015552,O1066131,2025-09-01,Changed Mind,Refunded
R4015553,O1107453,2023-12-09,Late Delivery,Refunded
R4015554,O1069923,2023-07-26,Not as Expected,Refunded
R4015555,O1013182,2025-09-22,Damaged,Refunded
R4015556,O1104969,2024-06-14,Changed Mind,Refunded
R4015557,O1095828,2023-12-20,Changed Mind,Refunded
R4015558,O1098431,2023-04-25,Changed Mind,Refunded
R4015559,O1099788,2023-03-08,Damaged,Refunded
R4015560,O1086442,2025-09-03,Wrong Item,Processing
R4015561,O1142345,2025-10-19,Not as Expected,Refunded
R4015562,O1076147,2023-07-23,Not as Expected,Refunded
R4015563,O1039143,2025-11-11,Late Delivery,Refunded
R4015564,O1072589,2025-12-31,Damaged,Refunded
R4015565,O1070104,2023-02-21,Wrong Item,Refunded
R4015566,O1042267,2024-07-12,Changed Mind,Refunded
R4015567,O1126554,2025-05-04,Size Issue,Refunded
R4015568,O1176156,2023-05-06,Size Issue,Refunded
R4015569,O1166901,2025-07-17,Late Delivery,Refunded
R4015570,O1076131,2024-03-09,Not as Expected,Processing
R4015571,O1076361,2025-02-22,Changed Mind,Refunded
R4015572,O1162943,2024-06-18,Damaged,Refunded
R4015573,O1082108,2025-11-20,Wrong Item,Refunded
R4015574,O1007024,2024-08-17,Damaged,Refunded
R4015575,O1126864,2024-03-11,Damaged,Refunded
R4015576,O1114810,2025-05-05,Late Delivery,Refunded
R4015577,O1008757,2023-06-17,Not as Expected,Refunded
R4015578,O1074584,2024-11-08,Size Issue,Refunded
R4015579,O1064808,2024-11-17,Not as Expected,Refunded
R4015580,O1080340,2023-01-12,Not as Expected,Refunded
R4015581,O1145169,2023-12-08,Changed Mind,Refunded
R4015582,O1052564,2024-05-15,Late Delivery,Refunded
R4015583,O1074897,2023-08-01,Wrong Item,Refunded
R4015584,O1166307,2025-02-23,Wrong Item,Refunded
R4015585,O1005552,2024-05-10,Not as Expected,Refunded
R4015586,O1116837,2023-02-10,Changed Mind,Refunded
R4015587,O1114046,2025-07-08,Changed Mind,Processing
R4015588,O1128749,2024-04-22,Changed Mind,Refunded
R4015589,O1152798,2025-08-25,Size Issue,Refunded
R4015590,O1157331,2025-04-08,Late Delivery,Refunded
R4015591,O1025629,2025-12-29,Changed Mind,Refunded
R4015592,O1027637,2024-07-05,Changed Mind,Refunded
R4015593,O1026397,2024-04-10,Late Delivery,Refunded
R4015594,O1094910,2024-10-03,Damaged,Refunded
R4015595,O1062525,2024-02-07,Not as Expected,Refunded
R4015596,O1177921,2025-05-10,Changed Mind,Refunded
R4015597,O1086739,2023-10-17,Damaged,Refunded
R4015598,O1019859,2023-12-04,Not as Expected,Refunded
R4015599,O1136042,2023-09-26,Not as Expected,Refunded
R4015600,O1106277,2024-07-14,Not as Expected,Refunded
R4015601,O1137193,2023-05-03,Changed Mind,Refunded
R4015602,O1038162,2025-03-25,Size Issue,Refunded
R4015603,O1128343,2024-01-14,Not as Expected,Processing
R4015604,O1048204,2025-07-19,Not as Expected,Refunded
R4015605,O1103910,2025-07-29,Damaged,Refunded
R4015606,O1077311,2025-12-14,Changed Mind,Refunded
R4015607,O1174777,2024-06-26,Not as Expected,Refunded
R4015608,O1114318,2023-11-26,Late Delivery,Processing
R4015609,O1022232,2023-01-26,Not as Expected,Refunded
R4015610,O1082261,2023-04-20,Damaged,Refunded
R4015611,O1098523,2024-05-30,Not as Expected,Refunded
R4015612,O1039349,2025-10-12,Not as Expected,Processing
R4015613,O1097350,2023-01-31,Size Issue,Refunded
R4015614,O1092144,2024-10-20,Size Issue,Processing
R4015615,O1147010,2024-12-11,Changed Mind,Refunded
R4015616,O1094894,2025-05-16,Late Delivery,Refunded
R4015617,O1111474,2023-06-19,Damaged,Refunded
R4015618,O1049561,2023-08-17,Not as Expected,Refunded
R4015619,O1033873,2023-12-21,Damaged,Refunded
R4015620,O1165231,2025-01-11,Changed Mind,Refunded
R4015621,O1064522,2025-11-16,Changed Mind,Refunded
R4015622,O1112406,2025-06-11,Changed Mind,Refunded
R4015623,O1055314,2024-10-11,Size Issue,Refunded
R4015624,O1056792,2023-07-03,Not as Expected,Refunded
R4015625,O1103362,2025-08-23,Damaged,Refunded
R4015626,O1178675,2023-09-05,Size Issue,Refunded
R4015627,O1081512,2024-02-17,Damaged,Refunded
R4015628,O1164400,2023-08-15,Not as Expected,Refunded
R4015629,O1085226,2025-09-22,Wrong Item,Refunded
R4015630,O1108400,2024-08-29,Not as Expected,Refunded
R4015631,O1102199,2023-05-02,Size Issue,Refunded
R4015632,O1139740,2025-06-21,Not as Expected,Refunded
R4015633,O1124494,2024-01-22,Late Delivery,Refunded
R4015634,O1090974,2025-01-01,Not as Expected,Refunded
R4015635,O1071463,2025-07-04,Changed Mind,Refunded
R4015636,O1083483,2023-11-28,Changed Mind,Refunded
R4015637,O1096936,2023-05-21,Late Delivery,Refunded
R4015638,O1039070,2023-01-18,Wrong Item,Refunded
R4015639,O1123088,2025-06-25,Not as Expected,Refunded
R4015640,O1116698,2024-08-01,Damaged,Refunded
R4015641,O1030327,2025-05-23,Late Delivery,Refunded
R4015642,O1036350,2025-09-08,Damaged,Refunded
R4015643,O1068529,2024-03-15,Not as Expected,Refunded
R4015644,O1174088,2023-11-16,Wrong Item,Refunded
R4015645,O1154778,2023-09-10,Damaged,Refunded
R4015646,O1024558,2024-05-02,Late Delivery,Refunded
R4015647,O1131915,2025-04-30,Wrong Item,Refunded
R4015648,O1001087,2024-09-22,Size Issue,Processing
R4015649,O1025635,2024-03-10,Damaged,Refunded
R4015650,O1036368,2024-07-22,Damaged,Processing
R4015651,O1048094,2025-09-22,Not as Expected,Refunded
R4015652,O1115818,2023-02-19,Not as Expected,Refunded
R4015653,O1032925,2024-02-06,Size Issue,Refunded
R4015654,O1142182,2023-06-16,Size Issue,Refunded
R4015655,O1120347,2025-10-17,Changed Mind,Refunded
R4015656,O1023823,2024-06-03,Late Delivery,Refunded
R4015657,O1035212,2025-10-11,Changed Mind,Refunded
R4015658,O1017286,2024-06-11,Size Issue,Refunded
R4015659,O1131747,2024-08-08,Changed Mind,Refunded
R4015660,O1078495,2024-12-27,Not as Expected,Refunded
R4015661,O1026178,2024-09-29,Damaged,Refunded
R4015662,O1156010,2025-11-23,Wrong Item,Refunded
R4015663,O1178975,2023-04-01,Wrong Item,Refunded
R4015664,O1095565,2023-11-20,Damaged,Refunded
R4015665,O1119915,2024-11-07,Not as Expected,Refunded
R4015666,O1092916,2023-05-20,Damaged,Refunded
R4015667,O1046486,2024-10-03,Damaged,Refunded
R4015668,O1054478,2024-01-31,Size Issue,Processing
R4015669,O1152912,2024-01-28,Changed Mind,Refunded
R4015670,O1028809,2024-08-08,Damaged,Refunded
R4015671,O1081550,2025-11-30,Changed Mind,Processing
R4015672,O1078216,2024-01-03,Size Issue,Refunded
R4015673,O1071829,2024-06-20,Changed Mind,Refunded
R4015674,O1125913,2024-02-25,Late Delivery,Refunded
R4015675,O1171630,2023-12-24,Not as Expected,Refunded
R4015676,O1122386,2023-07-22,Late Delivery,Refunded
R4015677,O1012858,2024-06-02,Changed Mind,Refunded
R4015678,O1170244,2024-03-22,Not as Expected,Refunded
R4015679,O1113243,2023-04-22,Wrong Item,Refunded
R4015680,O1120096,2024-09-25,Not as Expected,Refunded
R4015681,O1081561,2024-10-15,Wrong Item,Refunded
R4015682,O1120238,2023-10-30,Wrong Item,Refunded
R4015683,O1000166,2024-07-29,Not as Expected,Refunded
R4015684,O1028025,2023-05-21,Damaged,Refunded
R4015685,O1021381,2023-07-04,Changed Mind,Refunded
R4015686,O1171616,2025-12-13,Not as Expected,Refunded
R4015687,O1069758,2024-11-16,Wrong Item,Refunded
R4015688,O1168944,2023-06-13,Late Delivery,Processing
R4015689,O1079120,2025-08-28,Wrong Item,Refunded
R4015690,O1120785,2023-01-16,Not as Expected,Processing
R4015691,O1008256,2024-12-19,Wrong Item,Refunded
R4015692,O1158370,2025-01-14,Size Issue,Refunded
R4015693,O1106918,2025-12-15,Not as Expected,Refunded
R4015694,O1111061,2024-02-13,Wrong Item,Refunded
R4015695,O1034478,2025-08-21,Wrong Item,Refunded
R4015696,O1177606,2023-05-18,Wrong Item,Refunded
R4015697,O1177609,2025-12-26,Changed Mind,Refunded
R4015698,O1041230,2023-06-02,Size Issue,Processing
R4015699,O1166226,2023-07-18,Late Delivery,Refunded
R4015700,O1021753,2025-10-27,Changed Mind,Refunded
R4015701,O1061261,2025-08-06,Damaged,Refunded
R4015702,O1073172,2025-08-05,Damaged,Refunded
R4015703,O1167497,2024-11-28,Size Issue,Refunded
R4015704,O1145648,2025-04-16,Wrong Item,Refunded
R4015705,O1021621,2024-07-18,Wrong Item,Refunded
R4015706,O1099581,2023-04-30,Changed Mind,Refunded
R4015707,O1032072,2025-03-26,Changed Mind,Refunded
R4015708,O1071687,2025-10-14,Damaged,Refunded
R4015709,O1081614,2023-09-15,Late Delivery,Refunded
R4015710,O1177026,2023-07-30,Not as Expected,Refunded
R4015711,O1133717,2024-06-28,Not as Expected,Refunded
R4015712,O1177764,2023-09-11,Wrong Item,Refunded
R4015713,O1140924,2024-07-12,Damaged,Refunded
R4015714,O1123281,2025-11-22,Late Delivery,Refunded
R4015715,O1072945,2026-01-04,Size Issue,Refunded
R4015716,O1041453,2025-11-24,Wrong Item,Refunded
R4015717,O1151765,2023-09-09,Not as Expected,Refunded
R4015718,O1145548,2023-08-20,Not as Expected,Refunded
R4015719,O1107687,2024-10-12,Size Issue,Refunded
R4015720,O1123593,2025-07-18,Late Delivery,Refunded
R4015721,O1011528,2024-01-01,Not as Expected,Refunded
R4015722,O1061111,2025-01-17,Size Issue,Refunded
R4015723,O1103206,2024-11-23,Not as Expected,Processing
R4015724,O1094947,2025-07-17,Size Issue,Refunded
R4015725,O1127874,2025-06-14,Size Issue,Refunded
R4015726,O1095897,2023-05-23,Changed Mind,Processing
R4015727,O1110322,2024-01-12,Damaged,Refunded
R4015728,O1037528,2023-03-07,Changed Mind,Refunded
R4015729,O1039266,2025-10-30,Damaged,Refunded
R4015730,O1034763,2023-09-29,Not as Expected,Refunded
R4015731,O1027007,2024-06-19,Not as Expected,Refunded
R4015732,O1121067,2025-03-27,Damaged,Refunded
R4015733,O1168838,2025-12-06,Changed Mind,Processing
R4015734,O1040329,2025-05-06,Wrong Item,Refunded
R4015735,O1007020,2025-03-09,Changed Mind,Refunded
R4015736,O1143547,2024-04-15,Damaged,Refunded
R4015737,O1078425,2025-06-18,Changed Mind,Refunded
R4015738,O1114742,2025-04-10,Changed Mind,Refunded
R4015739,O1106119,2025-04-11,Size Issue,Refunded
R4015740,O1053929,2025-08-14,Not as Expected,Refunded
R4015741,O1160391,2025-12-20,Size Issue,Refunded
R4015742,O1052711,2025-07-10,Damaged,Refunded
R4015743,O1126518,2023-08-14,Damaged,Refunded
R4015744,O1150563,2023-07-27,Not as Expected,Refunded
R4015745,O1165992,2023-02-28,Not as Expected,Refunded
R4015746,O1061136,2025-03-25,Not as Expected,Refunded
R4015747,O1139364,2024-03-23,Changed Mind,Refunded
R4015748,O1144802,2024-07-31,Not as Expected,Refunded
R4015749,O1169805,2023-05-19,Not as Expected,Refunded
R4015750,O1129770,2024-10-19,Damaged,Refunded
R4015751,O1050282,2023-10-05,Damaged,Refunded
R4015752,O1074670,2024-02-05,Changed Mind,Refunded
R4015753,O1089533,2024-12-25,Changed Mind,Refunded
R4015754,O1016828,2024-06-08,Changed Mind,Refunded
R4015755,O1086714,2024-02-01,Size Issue,Refunded
R4015756,O1100686,2024-10-25,Wrong Item,Refunded
R4015757,O1149344,2024-11-03,Size Issue,Refunded
R4015758,O1050328,2024-08-03,Not as Expected,Refunded
R4015759,O1078710,2025-03-05,Size Issue,Refunded
R4015760,O1120677,2023-02-07,Late Delivery,Refunded
R4015761,O1145873,2023-05-31,Size Issue,Refunded
R4015762,O1090430,2023-03-05,Size Issue,Refunded
R4015763,O1111521,2023-12-20,Wrong Item,Refunded
R4015764,O1090372,2025-11-17,Not as Expected,Refunded
R4015765,O1056546,2023-06-25,Size Issue,Refunded
R4015766,O1059764,2024-08-22,Size Issue,Refunded
R4015767,O1067575,2025-06-06,Size Issue,Refunded
R4015768,O1047659,2023-04-08,Damaged,Refunded
R4015769,O1118617,2025-12-30,Size Issue,Refunded
R4015770,O1013829,2024-10-16,Damaged,Refunded
R4015771,O1114120,2023-06-22,Not as Expected,Refunded
R4015772,O1101544,2023-06-10,Wrong Item,Refunded
R4015773,O1174146,2024-12-02,Size Issue,Refunded
R4015774,O1101016,2025-11-13,Not as Expected,Refunded
R4015775,O1168368,2023-03-22,Wrong Item,Refunded
R4015776,O1145558,2025-07-25,Damaged,Refunded
R4015777,O1013474,2024-04-05,Not as Expected,Refunded
R4015778,O1059537,2023-01-09,Damaged,Refunded
R4015779,O1108861,2025-12-04,Not as Expected,Refunded
R4015780,O1075639,2023-05-23,Not as Expected,Refunded
R4015781,O1053370,2025-01-13,Wrong Item,Refunded
R4015782,O1064911,2024-11-20,Wrong Item,Refunded
R4015783,O1178397,2024-05-05,Wrong Item,Refunded
R4015784,O1107611,2024-07-05,Wrong Item,Refunded
R4015785,O1099599,2024-06-24,Late Delivery,Refunded
R4015786,O1045331,2023-03-13,Size Issue,Refunded
R4015787,O1150246,2025-11-13,Late Delivery,Refunded
R4015788,O1033217,2023-11-07,Size Issue,Refunded
R4015789,O1169786,2023-03-26,Size Issue,Refunded
R4015790,O1134461,2024-09-02,Not as Expected,Refunded
R4015791,O1123862,2025-01-11,Size Issue,Refunded
R4015792,O1109535,2025-05-25,Changed Mind,Refunded
R4015793,O1004045,2023-02-08,Changed Mind,Refunded
R4015794,O1091137,2025-09-18,Not as Expected,Processing
R4015795,O1036160,2024-03-19,Damaged,Refunded
R4015796,O1039694,2024-04-15,Not as Expected,Refunded
R4015797,O1161804,2025-09-04,Not as Expected,Refunded
R4015798,O1130532,2025-05-16,Damaged,Processing
R4015799,O1054406,2024-03-31,Size Issue,Processing
R4015800,O1044552,2025-02-10,Damaged,Processing
R4015801,O1000741,2024-08-16,Changed Mind,Refunded
R4015802,O1020455,2023-07-14,Late Delivery,Refunded
R4015803,O1036519,2023-08-03,Changed Mind,Refunded
R4015804,O1169683,2023-04-26,Not as Expected,Refunded
R4015805,O1103298,2025-07-12,Wrong Item,Refunded
R4015806,O1117142,2025-04-23,Damaged,Refunded
R4015807,O1098170,2024-10-26,Not as Expected,Refunded
R4015808,O1032846,2023-06-02,Damaged,Refunded
R4015809,O1141316,2025-02-19,Late Delivery,Refunded
R4015810,O1050868,2023-04-08,Size Issue,Refunded
R4015811,O1108360,2024-02-12,Changed Mind,Refunded
R4015812,O1102966,2025-01-21,Not as Expected,Refunded
R4015813,O1063573,2023-09-04,Wrong Item,Refunded
R4015814,O1157957,2024-10-17,Late Delivery,Refunded
R4015815,O1128939,2023-11-04,Changed Mind,Refunded
R4015816,O1099585,2024-10-06,Wrong Item,Refunded
R4015817,O1011747,2025-05-21,Damaged,Refunded
R4015818,O1141253,2023-10-11,Late Delivery,Refunded
R4015819,O1117021,2023-08-16,Not as Expected,Refunded
R4015820,O1015936,2023-11-11,Changed Mind,Refunded
R4015821,O1153599,2024-11-29,Late Delivery,Refunded
R4015822,O1084976,2025-08-03,Changed Mind,Refunded
R4015823,O1160082,2023-05-23,Size Issue,Refunded
R4015824,O1071606,2025-03-10,Not as Expected,Refunded
R4015825,O1066837,2024-12-10,Damaged,Refunded
R4015826,O1152658,2023-07-16,Late Delivery,Refunded
R4015827,O1158807,2024-11-15,Not as Expected,Refunded
R4015828,O1042599,2025-07-31,Size Issue,Refunded
R4015829,O1021787,2024-07-13,Size Issue,Refunded
R4015830,O1103104,2024-03-06,Not as Expected,Refunded
R4015831,O1162819,2024-02-18,Changed Mind,Refunded
R4015832,O1015453,2025-03-05,Wrong Item,Refunded
R4015833,O1137484,2025-03-11,Not as Expected,Refunded
R4015834,O1129900,2024-02-21,Size Issue,Refunded
R4015835,O1017363,2025-05-09,Changed Mind,Refunded
R4015836,O1040956,2023-08-31,Wrong Item,Processing
R4015837,O1093509,2025-08-06,Not as Expected,Refunded
R4015838,O1020211,2024-09-10,Not as Expected,Refunded
R4015839,O1029630,2025-05-10,Not as Expected,Refunded
R4015840,O1099824,2024-01-26,Wrong Item,Processing
R4015841,O1179892,2023-08-11,Wrong Item,Refunded
R4015842,O1025954,2023-11-27,Late Delivery,Refunded
R4015843,O1071697,2024-07-03,Changed Mind,Refunded
R4015844,O1150243,2025-10-04,Size Issue,Refunded
R4015845,O1087883,2024-01-15,Wrong Item,Refunded
R4015846,O1146488,2024-03-10,Late Delivery,Refunded
R4015847,O1103990,2023-11-26,Damaged,Refunded
R4015848,O1097853,2023-07-29,Damaged,Processing
R4015849,O1105631,2025-02-02,Not as Expected,Refunded
R4015850,O1056524,2023-06-26,Size Issue,Refunded
R4015851,O1090103,2025-09-11,Not as Expected,Refunded
R4015852,O1068960,2023-02-22,Size Issue,Refunded
R4015853,O1054636,2025-04-19,Damaged,Refunded
R4015854,O1140621,2023-04-28,Late Delivery,Refunded
R4015855,O1149356,2023-12-04,Damaged,Refunded
R4015856,O1154391,2025-05-25,Size Issue,Refunded
R4015857,O1023420,2025-09-10,Not as Expected,Refunded
R4015858,O1151375,2024-07-19,Size Issue,Refunded
R4015859,O1055687,2025-05-15,Damaged,Refunded
R4015860,O1074413,2024-04-19,Changed Mind,Refunded
R4015861,O1052823,2024-05-11,Damaged,Refunded
R4015862,O1098488,2024-09-13,Late Delivery,Processing
R4015863,O1164406,2025-09-24,Changed Mind,Refunded
R4015864,O1067173,2025-08-03,Not as Expected,Refunded
R4015865,O1063627,2024-11-22,Not as Expected,Refunded
R4015866,O1090453,2025-03-30,Not as Expected,Refunded
R4015867,O1162437,2023-11-24,Not as Expected,Refunded
R4015868,O1092803,2023-11-05,Damaged,Refunded
R4015869,O1131180,2024-07-04,Size Issue,Refunded
R4015870,O1022269,2024-11-23,Size Issue,Refunded
R4015871,O1135825,2025-01-26,Changed Mind,Refunded
R4015872,O1047785,2024-01-25,Changed Mind,Refunded
R4015873,O1112308,2024-05-30,Damaged,Refunded
R4015874,O1133443,2023-04-27,Changed Mind,Refunded
R4015875,O1093061,2024-03-20,Size Issue,Refunded
R4015876,O1082885,2024-05-03,Late Delivery,Refunded
R4015877,O1066574,2023-06-28,Late Delivery,Refunded
R4015878,O1057213,2025-01-15,Not as Expected,Refunded
R4015879,O1073327,2024-08-06,Size Issue,Refunded
R4015880,O1117821,2023-05-05,Not as Expected,Refunded
R4015881,O1002586,2025-09-06,Changed Mind,Refunded
R4015882,O1143186,2024-01-31,Late Delivery,Refunded
R4015883,O1049909,2023-05-21,Changed Mind,Refunded
R4015884,O1014050,2024-12-08,Damaged,Refunded
R4015885,O1020593,2023-05-02,Late Delivery,Refunded
R4015886,O1148784,2024-12-16,Not as Expected,Refunded
R4015887,O1014970,2023-07-23,Size Issue,Refunded
R4015888,O1061017,2024-06-15,Wrong Item,Processing
R4015889,O1017553,2025-06-27,Changed Mind,Refunded
R4015890,O1172795,2023-11-04,Wrong Item,Refunded
R4015891,O1000838,2025-11-26,Size Issue,Refunded
R4015892,O1106018,2024-10-03,Not as Expected,Refunded
R4015893,O1177178,2023-10-05,Not as Expected,Refunded
R4015894,O1049327,2024-05-29,Damaged,Refunded
R4015895,O1112898,2025-05-02,Size Issue,Refunded
R4015896,O1020971,2023-01-12,Size Issue,Refunded
R4015897,O1075952,2025-09-29,Late Delivery,Refunded
R4015898,O1024886,2023-05-23,Damaged,Refunded
R4015899,O1102170,2025-10-10,Changed Mind,Refunded
R4015900,O1023634,2025-04-04,Not as Expected,Refunded
R4015901,O1088617,2025-04-04,Changed Mind,Refunded
R4015902,O1178315,2024-02-01,Damaged,Refunded
R4015903,O1175045,2024-01-09,Wrong Item,Refunded
R4015904,O1029532,2023-04-06,Wrong Item,Refunded
R4015905,O1171683,2024-03-01,Not as Expected,Refunded
R4015906,O1028349,2026-01-06,Damaged,Refunded
R4015907,O1052865,2023-02-14,Changed Mind,Refunded
R4015908,O1030929,2023-10-01,Changed Mind,Refunded
R4015909,O1067266,2024-06-15,Late Delivery,Refunded
R4015910,O1004140,2025-08-30,Not as Expected,Processing
R4015911,O1110719,2023-08-19,Wrong Item,Refunded
R4015912,O1066129,2025-07-15,Wrong Item,Refunded
R4015913,O1099456,2023-10-05,Not as Expected,Refunded
R4015914,O1172408,2024-03-02,Size Issue,Refunded
R4015915,O1036877,2025-05-13,Changed Mind,Processing
R4015916,O1097330,2024-09-13,Not as Expected,Refunded
R4015917,O1144223,2025-07-22,Damaged,Refunded
R4015918,O1095838,2024-08-05,Changed Mind,Refunded
R4015919,O1156939,2025-01-06,Not as Expected,Refunded
R4015920,O1146701,2024-04-01,Damaged,Refunded
R4015921,O1137427,2024-04-12,Damaged,Refunded
R4015922,O1175283,2023-12-05,Not as Expected,Refunded
R4015923,O1007399,2025-12-21,Not as Expected,Refunded
R4015924,O1060581,2025-08-23,Not as Expected,Refunded
R4015925,O1126925,2024-08-14,Not as Expected,Refunded
R4015926,O1050654,2025-09-10,Not as Expected,Refunded
R4015927,O1149802,2024-11-16,Damaged,Refunded
R4015928,O1092595,2023-05-28,Damaged,Refunded
R4015929,O1058170,2023-04-15,Size Issue,Refunded
R4015930,O1166712,2024-01-21,Size Issue,Refunded
R4015931,O1096257,2025-11-05,Late Delivery,Refunded
R4015932,O1010059,2025-03-12,Late Delivery,Refunded
R4015933,O1094476,2024-02-24,Not as Expected,Refunded
R4015934,O1086528,2025-09-04,Not as Expected,Refunded
R4015935,O1007751,2023-07-07,Size Issue,Refunded
R4015936,O1029649,2024-11-06,Not as Expected,Refunded
R4015937,O1074627,2024-09-07,Late Delivery,Refunded
R4015938,O1165452,2024-05-02,Not as Expected,Refunded
R4015939,O1105528,2023-10-21,Late Delivery,Refunded
R4015940,O1003749,2025-03-24,Changed Mind,Refunded
R4015941,O1159087,2025-12-14,Not as Expected,Refunded
R4015942,O1097459,2024-10-26,Not as Expected,Refunded
R4015943,O1139867,2025-08-26,Size Issue,Refunded
R4015944,O1152191,2023-08-17,Not as Expected,Refunded
R4015945,O1095803,2023-02-22,Not as Expected,Refunded
R4015946,O1107128,2023-10-19,Not as Expected,Refunded
R4015947,O1129724,2023-03-11,Damaged,Refunded
R4015948,O1032031,2025-08-20,Not as Expected,Refunded
R4015949,O1004260,2025-09-29,Changed Mind,Refunded
R4015950,O1124107,2025-07-22,Not as Expected,Processing
R4015951,O1076700,2024-12-29,Damaged,Refunded
R4015952,O1141658,2024-08-21,Not as Expected,Refunded
R4015953,O1140629,2023-11-12,Size Issue,Refunded
R4015954,O1128726,2024-08-12,Late Delivery,Refunded
R4015955,O1019023,2025-07-24,Not as Expected,Refunded
R4015956,O1058781,2023-09-17,Damaged,Refunded
R4015957,O1087228,2023-11-29,Changed Mind,Refunded
R4015958,O1140122,2023-12-03,Not as Expected,Refunded
R4015959,O1003012,2025-12-25,Damaged,Refunded
R4015960,O1000941,2023-07-19,Damaged,Refunded
R4015961,O1057394,2025-04-27,Not as Expected,Refunded
R4015962,O1138914,2024-11-09,Not as Expected,Refunded
R4015963,O1115486,2025-09-20,Size Issue,Refunded
R4015964,O1030589,2025-11-09,Damaged,Refunded
R4015965,O1001707,2024-12-06,Not as Expected,Refunded
R4015966,O1103544,2025-10-10,Late Delivery,Refunded
R4015967,O1037003,2024-12-06,Wrong Item,Refunded
R4015968,O1028464,2023-01-21,Wrong Item,Refunded
R4015969,O1041482,2023-12-26,Not as Expected,Refunded
R4015970,O1040706,2024-02-02,Not as Expected,Refunded
R4015971,O1001756,2024-03-30,Not as Expected,Refunded
R4015972,O1025373,2024-12-05,Damaged,Refunded
R4015973,O1099684,2025-12-30,Not as Expected,Refunded
R4015974,O1154409,2024-04-16,Wrong Item,Refunded
R4015975,O1000470,2025-11-13,Damaged,Refunded
R4015976,O1069281,2024-05-08,Late Delivery,Refunded
R4015977,O1114633,2025-04-07,Late Delivery,Refunded
R4015978,O1070913,2024-09-11,Not as Expected,Refunded
R4015979,O1072465,2025-03-13,Not as Expected,Refunded
R4015980,O1032596,2024-07-29,Not as Expected,Refunded
R4015981,O1040369,2024-10-14,Size Issue,Refunded
R4015982,O1122933,2023-12-27,Changed Mind,Refunded
R4015983,O1143000,2023-02-28,Damaged,Refunded
R4015984,O1144807,2023-04-19,Damaged,Refunded
R4015985,O1112751,2023-01-08,Damaged,Refunded
R4015986,O1126246,2023-01-25,Changed Mind,Refunded
R4015987,O1085833,2023-07-18,Wrong Item,Refunded
R4015988,O1092235,2023-10-10,Wrong Item,Refunded
R4015989,O1133607,2025-03-16,Not as Expected,Refunded
R4015990,O1095011,2025-05-11,Late Delivery,Refunded
R4015991,O1006935,2023-05-04,Not as Expected,Refunded
R4015992,O1138289,2023-03-03,Size Issue,Refunded
R4015993,O1147161,2023-10-20,Damaged,Refunded
R4015994,O1043239,2023-10-06,Not as Expected,Refunded
R4015995,O1071113,2024-12-28,Not as Expected,Refunded
R4015996,O1173339,2025-02-19,Changed Mind,Refunded
R4015997,O1112488,2025-07-06,Size Issue,Refunded
R4015998,O1178020,2024-08-02,Changed Mind,Refunded
R4015999,O1006825,2024-04-12,Late Delivery,Processing
R4016000,O1005210,2024-06-21,Changed Mind,Processing
R4016001,O1052515,2025-11-30,Not as Expected,Refunded
R4016002,O1078935,2023-03-25,Wrong Item,Refunded
R4016003,O1093045,2024-02-25,Not as Expected,Refunded
R4016004,O1043964,2023-06-26,Wrong Item,Refunded
R4016005,O1049875,2025-07-27,Size Issue,Processing
R4016006,O1133281,2023-05-15,Not as Expected,Refunded
R4016007,O1094215,2023-07-31,Damaged,Refunded
R4016008,O1032318,2025-06-18,Wrong Item,Processing
R4016009,O1174628,2024-11-17,Size Issue,Refunded
R4016010,O1016679,2023-08-12,Size Issue,Refunded
R4016011,O1121520,2024-10-26,Late Delivery,Refunded
R4016012,O1075931,2024-05-11,Changed Mind,Refunded
R4016013,O1048286,2025-09-23,Wrong Item,Refunded
R4016014,O1048534,2024-04-13,Changed Mind,Refunded
R4016015,O1106293,2023-10-24,Late Delivery,Refunded
R4016016,O1150448,2023-09-14,Not as Expected,Refunded
R4016017,O1036699,2024-12-05,Wrong Item,Refunded
R4016018,O1137498,2023-06-06,Not as Expected,Refunded
R4016019,O1043233,2025-08-02,Wrong Item,Refunded
R4016020,O1139588,2025-07-19,Changed Mind,Refunded
R4016021,O1030798,2025-11-25,Size Issue,Refunded
R4016022,O1159014,2023-04-30,Size Issue,Refunded
R4016023,O1173960,2025-03-07,Changed Mind,Refunded
R4016024,O1170895,2025-10-02,Late Delivery,Refunded
R4016025,O1096904,2024-06-29,Late Delivery,Refunded
R4016026,O1104229,2024-07-22,Damaged,Refunded
R4016027,O1021914,2024-12-26,Size Issue,Refunded
R4016028,O1013354,2025-05-02,Not as Expected,Refunded
R4016029,O1130208,2025-06-07,Not as Expected,Refunded
R4016030,O1051775,2025-07-16,Not as Expected,Refunded
R4016031,O1039014,2024-07-16,Not as Expected,Refunded
R4016032,O1023911,2024-02-17,Damaged,Refunded
R4016033,O1170797,2023-12-05,Size Issue,Refunded
R4016034,O1109064,2025-07-26,Size Issue,Refunded
R4016035,O1004997,2023-12-03,Late Delivery,Refunded
R4016036,O1026019,2023-08-04,Changed Mind,Refunded
R4016037,O1046967,2025-02-07,Not as Expected,Refunded
R4016038,O1132924,2024-08-22,Size Issue,Refunded
R4016039,O1081653,2024-10-01,Damaged,Refunded
R4016040,O1034866,2025-02-12,Wrong Item,Refunded
R4016041,O1165722,2023-06-16,Not as Expected,Refunded
R4016042,O1150183,2025-07-11,Size Issue,Refunded
R4016043,O1055168,2023-09-01,Size Issue,Refunded
R4016044,O1150737,2025-03-07,Damaged,Refunded
R4016045,O1102152,2025-07-09,Not as Expected,Refunded
R4016046,O1106796,2025-02-12,Size Issue,Refunded
R4016047,O1029278,2024-01-20,Size Issue,Refunded
R4016048,O1165022,2025-11-27,Late Delivery,Refunded
R4016049,O1036426,2023-03-14,Wrong Item,Refunded
R4016050,O1150579,2023-01-17,Changed Mind,Refunded
R4016051,O1168977,2023-12-02,Not as Expected,Refunded
R4016052,O1046685,2023-04-06,Wrong Item,Refunded
R4016053,O1167734,2025-05-18,Late Delivery,Refunded
R4016054,O1090438,2025-09-16,Wrong Item,Refunded
R4016055,O1047817,2025-02-01,Not as Expected,Refunded
R4016056,O1058482,2025-11-15,Not as Expected,Refunded
R4016057,O1092598,2023-04-13,Changed Mind,Refunded
R4016058,O1128643,2024-03-04,Wrong Item,Refunded
R4016059,O1138411,2024-02-14,Not as Expected,Processing
R4016060,O1126459,2024-04-12,Changed Mind,Refunded
R4016061,O1047327,2023-10-25,Not as Expected,Refunded
R4016062,O1128656,2023-02-24,Damaged,Refunded
R4016063,O1026595,2024-01-13,Late Delivery,Refunded
R4016064,O1020300,2025-01-29,Not as Expected,Refunded
R4016065,O1051546,2023-12-07,Size Issue,Refunded
R4016066,O1115477,2025-06-26,Changed Mind,Refunded
R4016067,O1030344,2024-07-27,Size Issue,Refunded
R4016068,O1106352,2025-02-23,Late Delivery,Processing
R4016069,O1029175,2025-04-07,Late Delivery,Refunded
R4016070,O1124027,2023-05-28,Size Issue,Refunded
R4016071,O1107221,2025-02-16,Not as Expected,Refunded
R4016072,O1156537,2025-03-28,Not as Expected,Refunded
R4016073,O1010288,2025-03-08,Changed Mind,Refunded
R4016074,O1102300,2023-09-29,Size Issue,Refunded
R4016075,O1034078,2024-08-30,Wrong Item,Refunded
R4016076,O1106903,2025-10-09,Damaged,Refunded
R4016077,O1085855,2024-10-31,Late Delivery,Refunded
R4016078,O1116671,2023-11-15,Damaged,Refunded
R4016079,O1101435,2023-07-02,Changed Mind,Refunded
R4016080,O1107244,2025-11-18,Wrong Item,Refunded
R4016081,O1041052,2025-01-07,Size Issue,Refunded
R4016082,O1124773,2025-04-22,Size Issue,Refunded
R4016083,O1087525,2025-10-24,Late Delivery,Refunded
R4016084,O1016165,2024-03-18,Changed Mind,Refunded
R4016085,O1035193,2023-05-12,Not as Expected,Refunded
R4016086,O1059490,2025-08-13,Not as Expected,Refunded
R4016087,O1064273,2024-09-10,Not as Expected,Refunded
R4016088,O1089076,2025-02-23,Changed Mind,Refunded
R4016089,O1062102,2023-10-01,Damaged,Processing
R4016090,O1153715,2024-09-12,Not as Expected,Refunded
R4016091,O1007897,2023-11-15,Late Delivery,Refunded
R4016092,O1165530,2025-11-20,Damaged,Refunded
R4016093,O1010202,2025-01-02,Not as Expected,Refunded
R4016094,O1150009,2024-12-02,Size Issue,Refunded
R4016095,O1070806,2023-05-09,Not as Expected,Refunded
R4016096,O1120036,2024-12-02,Not as Expected,Refunded
R4016097,O1097514,2023-03-11,Changed Mind,Refunded
R4016098,O1146582,2025-08-06,Not as Expected,Refunded
R4016099,O1103853,2025-12-16,Late Delivery,Refunded
R4016100,O1054369,2024-02-19,Late Delivery,Refunded
R4016101,O1138135,2023-06-17,Changed Mind,Refunded
R4016102,O1087977,2025-01-05,Late Delivery,Refunded
R4016103,O1160259,2025-01-25,Size Issue,Refunded
R4016104,O1143733,2025-07-09,Changed Mind,Refunded
R4016105,O1060792,2025-04-19,Not as Expected,Refunded
R4016106,O1083627,2025-05-03,Damaged,Processing
R4016107,O1110008,2023-09-14,Not as Expected,Refunded
R4016108,O1013072,2024-04-05,Not as Expected,Refunded
R4016109,O1125658,2023-06-20,Damaged,Refunded
R4016110,O1121900,2025-03-23,Wrong Item,Refunded
R4016111,O1006045,2024-07-12,Changed Mind,Refunded
R4016112,O1039351,2023-02-27,Size Issue,Refunded
R4016113,O1106732,2024-04-15,Changed Mind,Refunded
R4016114,O1047724,2023-09-16,Not as Expected,Refunded
R4016115,O1133319,2025-12-07,Not as Expected,Refunded
R4016116,O1078778,2023-08-31,Wrong Item,Refunded
R4016117,O1025430,2024-02-13,Not as Expected,Refunded
R4016118,O1094164,2023-04-03,Not as Expected,Refunded
R4016119,O1052519,2024-10-03,Wrong Item,Refunded
R4016120,O1002571,2025-11-27,Size Issue,Refunded
R4016121,O1064544,2023-07-07,Size Issue,Refunded
R4016122,O1156055,2023-09-26,Not as Expected,Refunded
R4016123,O1114660,2025-11-17,Not as Expected,Refunded
R4016124,O1160972,2025-11-23,Not as Expected,Refunded
R4016125,O1025652,2025-03-24,Damaged,Refunded
R4016126,O1101502,2025-11-07,Late Delivery,Refunded
R4016127,O1102055,2024-05-14,Not as Expected,Refunded
R4016128,O1006146,2024-10-23,Late Delivery,Refunded
R4016129,O1144741,2025-09-18,Late Delivery,Processing
R4016130,O1057810,2023-08-29,Not as Expected,Refunded
R4016131,O1037874,2023-11-26,Damaged,Refunded
R4016132,O1057761,2024-07-04,Late Delivery,Refunded
R4016133,O1093030,2023-10-27,Late Delivery,Refunded
R4016134,O1046960,2025-02-22,Not as Expected,Refunded
R4016135,O1162273,2023-07-23,Late Delivery,Refunded
R4016136,O1087701,2023-11-23,Not as Expected,Refunded
R4016137,O1116807,2024-08-02,Size Issue,Refunded
R4016138,O1070319,2024-08-20,Size Issue,Refunded
R4016139,O1040477,2024-08-02,Size Issue,Refunded
R4016140,O1177533,2025-11-16,Not as Expected,Refunded
R4016141,O1031265,2024-01-25,Changed Mind,Refunded
R4016142,O1024631,2025-07-10,Damaged,Refunded
R4016143,O1046223,2025-06-27,Late Delivery,Refunded
R4016144,O1100755,2024-09-21,Not as Expected,Refunded
R4016145,O1155495,2024-02-18,Size Issue,Refunded
R4016146,O1150989,2025-11-28,Damaged,Processing
R4016147,O1147170,2023-10-04,Wrong Item,Refunded
R4016148,O1007807,2025-01-17,Damaged,Refunded
R4016149,O1179912,2023-06-28,Size Issue,Refunded
R4016150,O1089032,2023-04-03,Wrong Item,Refunded
R4016151,O1168646,2024-05-29,Size Issue,Refunded
R4016152,O1027181,2023-02-28,Not as Expected,Refunded
R4016153,O1116719,2024-11-04,Wrong Item,Refunded
R4016154,O1048696,2024-12-13,Late Delivery,Refunded
R4016155,O1025833,2025-08-12,Size Issue,Refunded
R4016156,O1162006,2026-01-03,Not as Expected,Refunded
R4016157,O1105824,2023-03-12,Damaged,Refunded
R4016158,O1121372,2024-02-07,Not as Expected,Refunded
R4016159,O1134820,2025-12-04,Size Issue,Refunded
R4016160,O1016240,2024-06-09,Late Delivery,Refunded
R4016161,O1063475,2024-12-19,Not as Expected,Refunded
R4016162,O1130552,2023-06-21,Wrong Item,Processing
R4016163,O1033025,2024-07-02,Changed Mind,Refunded
R4016164,O1045547,2025-10-17,Not as Expected,Refunded
R4016165,O1081632,2026-01-03,Damaged,Refunded
R4016166,O1020210,2023-10-09,Damaged,Refunded
R4016167,O1075652,2024-12-14,Changed Mind,Refunded
R4016168,O1163321,2025-09-08,Damaged,Refunded
R4016169,O1018741,2024-12-13,Wrong Item,Refunded
R4016170,O1068878,2025-04-25,Damaged,Refunded
R4016171,O1154918,2023-11-11,Wrong Item,Processing
R4016172,O1128493,2024-04-26,Damaged,Refunded
R4016173,O1032423,2025-11-26,Damaged,Refunded
R4016174,O1110800,2024-07-16,Size Issue,Refunded
R4016175,O1049328,2024-11-30,Wrong Item,Refunded
R4016176,O1013242,2023-05-28,Not as Expected,Refunded
R4016177,O1150804,2025-01-18,Not as Expected,Refunded
R4016178,O1136885,2025-04-03,Size Issue,Refunded
R4016179,O1087674,2024-01-19,Damaged,Refunded
R4016180,O1066558,2024-05-15,Late Delivery,Refunded
R4016181,O1043117,2024-11-29,Damaged,Refunded
R4016182,O1010537,2024-01-19,Wrong Item,Refunded
R4016183,O1133238,2024-11-10,Not as Expected,Refunded
R4016184,O1121171,2024-04-07,Wrong Item,Refunded
R4016185,O1111957,2023-10-08,Not as Expected,Refunded
R4016186,O1049272,2025-05-17,Not as Expected,Refunded
R4016187,O1113401,2024-07-22,Wrong Item,Refunded
R4016188,O1098113,2023-11-30,Late Delivery,Refunded
R4016189,O1101209,2023-03-31,Not as Expected,Refunded
R4016190,O1147541,2025-11-04,Damaged,Refunded
R4016191,O1123492,2023-06-08,Wrong Item,Refunded
R4016192,O1134144,2025-01-04,Size Issue,Refunded
R4016193,O1057356,2024-06-20,Changed Mind,Refunded
R4016194,O1149749,2025-03-07,Late Delivery,Refunded
R4016195,O1154697,2023-04-27,Wrong Item,Refunded
R4016196,O1097326,2023-12-01,Wrong Item,Refunded
R4016197,O1156782,2024-03-19,Size Issue,Refunded
R4016198,O1149885,2023-12-18,Changed Mind,Refunded
R4016199,O1113343,2024-01-13,Wrong Item,Refunded
R4016200,O1033853,2024-08-15,Damaged,Refunded
R4016201,O1058862,2025-03-14,Not as Expected,Refunded
R4016202,O1099254,2023-08-17,Size Issue,Refunded
R4016203,O1110338,2024-07-30,Not as Expected,Refunded
R4016204,O1077782,2023-06-09,Not as Expected,Refunded
R4016205,O1052810,2025-04-16,Damaged,Refunded
R4016206,O1057070,2024-12-12,Changed Mind,Refunded
R4016207,O1144585,2023-07-06,Size Issue,Refunded
R4016208,O1117866,2023-03-02,Damaged,Refunded
R4016209,O1131276,2023-03-08,Damaged,Processing
R4016210,O1178658,2023-02-13,Late Delivery,Refunded
R4016211,O1118715,2025-11-26,Size Issue,Refunded
R4016212,O1108954,2023-12-02,Late Delivery,Refunded
R4016213,O1156119,2024-08-24,Changed Mind,Refunded
R4016214,O1147702,2024-07-23,Changed Mind,Refunded
R4016215,O1095326,2023-01-19,Changed Mind,Refunded
R4016216,O1126599,2025-02-02,Size Issue,Refunded
R4016217,O1047197,2024-03-06,Changed Mind,Refunded
R4016218,O1115042,2025-04-30,Size Issue,Refunded
R4016219,O1012152,2025-08-11,Damaged,Refunded
R4016220,O1040870,2023-03-11,Late Delivery,Refunded
R4016221,O1117205,2023-05-01,Size Issue,Refunded
R4016222,O1026423,2024-06-15,Not as Expected,Refunded
R4016223,O1112748,2025-04-18,Changed Mind,Refunded
R4016224,O1002754,2023-10-02,Not as Expected,Refunded
R4016225,O1133894,2023-08-18,Changed Mind,Refunded
R4016226,O1013330,2024-04-23,Wrong Item,Refunded
R4016227,O1020988,2025-07-24,Not as Expected,Refunded
R4016228,O1027096,2025-09-01,Damaged,Refunded
R4016229,O1094410,2024-10-29,Size Issue,Refunded
R4016230,O1021745,2023-07-30,Not as Expected,Refunded
R4016231,O1006055,2024-11-22,Late Delivery,Processing
R4016232,O1120524,2024-07-31,Late Delivery,Refunded
R4016233,O1021754,2025-11-04,Changed Mind,Refunded
R4016234,O1159157,2024-06-21,Damaged,Refunded
R4016235,O1169240,2024-07-17,Not as Expected,Refunded
R4016236,O1066199,2023-02-02,Wrong Item,Refunded
R4016237,O1089929,2023-04-24,Changed Mind,Refunded
R4016238,O1081140,2023-11-17,Damaged,Refunded
R4016239,O1111334,2024-06-17,Damaged,Refunded
R4016240,O1026566,2023-11-17,Not as Expected,Refunded
R4016241,O1135216,2025-05-14,Size Issue,Refunded
R4016242,O1162019,2025-01-12,Size Issue,Refunded
R4016243,O1114778,2024-05-12,Changed Mind,Refunded
R4016244,O1063724,2024-08-17,Not as Expected,Refunded
R4016245,O1117037,2024-03-31,Changed Mind,Refunded
R4016246,O1013811,2025-01-31,Size Issue,Refunded
R4016247,O1034469,2025-12-11,Not as Expected,Refunded
R4016248,O1075772,2023-07-14,Damaged,Refunded
R4016249,O1086787,2023-07-27,Not as Expected,Refunded
R4016250,O1060713,2025-06-26,Size Issue,Refunded
R4016251,O1138954,2024-04-14,Changed Mind,Refunded
R4016252,O1042695,2024-01-08,Changed Mind,Refunded
R4016253,O1096518,2024-04-04,Size Issue,Refunded
R4016254,O1111740,2023-05-07,Late Delivery,Refunded
R4016255,O1009342,2023-02-22,Late Delivery,Refunded
R4016256,O1129202,2024-03-05,Changed Mind,Refunded
R4016257,O1117819,2023-11-17,Size Issue,Processing
R4016258,O1056756,2024-03-05,Not as Expected,Refunded
R4016259,O1020369,2024-08-01,Damaged,Refunded
R4016260,O1108612,2024-08-10,Size Issue,Refunded
R4016261,O1013925,2025-11-27,Size Issue,Refunded
R4016262,O1060432,2025-04-13,Changed Mind,Refunded
R4016263,O1171612,2025-11-19,Changed Mind,Refunded
R4016264,O1101312,2024-05-07,Changed Mind,Refunded
R4016265,O1088999,2023-11-23,Not as Expected,Refunded
R4016266,O1128906,2024-12-02,Size Issue,Refunded
R4016267,O1117542,2024-11-29,Wrong Item,Refunded
R4016268,O1017203,2023-10-14,Not as Expected,Refunded
R4016269,O1169743,2024-11-13,Not as Expected,Refunded
R4016270,O1063843,2024-03-29,Changed Mind,Refunded
R4016271,O1111839,2025-07-30,Wrong Item,Processing
R4016272,O1155320,2024-06-23,Changed Mind,Refunded
R4016273,O1141560,2025-12-23,Late Delivery,Processing
R4016274,O1027915,2025-06-14,Not as Expected,Refunded
R4016275,O1053030,2025-06-16,Not as Expected,Refunded
R4016276,O1125684,2024-04-17,Late Delivery,Refunded
R4016277,O1069505,2023-11-26,Not as Expected,Refunded
R4016278,O1024272,2024-06-23,Size Issue,Refunded
R4016279,O1055966,2024-10-20,Late Delivery,Refunded
R4016280,O1097296,2023-12-26,Wrong Item,Refunded
R4016281,O1004549,2024-05-28,Size Issue,Refunded
R4016282,O1137361,2023-08-23,Size Issue,Refunded
R4016283,O1095477,2024-09-07,Late Delivery,Refunded
R4016284,O1063243,2024-07-17,Changed Mind,Processing
R4016285,O1095546,2024-06-21,Wrong Item,Refunded
R4016286,O1156882,2025-10-17,Changed Mind,Refunded
R4016287,O1067164,2023-07-15,Not as Expected,Refunded
R4016288,O1146217,2024-06-19,Size Issue,Refunded
R4016289,O1086336,2025-12-14,Late Delivery,Refunded
R4016290,O1122601,2025-11-29,Late Delivery,Processing
R4016291,O1138025,2024-12-23,Not as Expected,Refunded
R4016292,O1092075,2025-06-22,Not as Expected,Refunded
R4016293,O1134933,2023-05-07,Wrong Item,Processing
R4016294,O1132118,2025-01-16,Not as Expected,Refunded
R4016295,O1137978,2024-07-22,Size Issue,Refunded
R4016296,O1157706,2023-06-22,Late Delivery,Refunded
R4016297,O1147394,2025-10-21,Wrong Item,Refunded
R4016298,O1086991,2024-03-27,Not as Expected,Refunded
R4016299,O1108487,2023-01-14,Late Delivery,Refunded
R4016300,O1124728,2025-05-09,Not as Expected,Refunded
R4016301,O1123942,2025-01-23,Damaged,Refunded
R4016302,O1133130,2024-06-05,Late Delivery,Refunded
R4016303,O1145140,2024-08-30,Not as Expected,Refunded
R4016304,O1032032,2025-09-21,Late Delivery,Refunded
R4016305,O1040270,2024-01-28,Changed Mind,Refunded
R4016306,O1175675,2024-04-14,Size Issue,Refunded
R4016307,O1116377,2025-02-07,Not as Expected,Refunded
R4016308,O1132310,2023-08-26,Wrong Item,Refunded
R4016309,O1007611,2024-10-08,Late Delivery,Refunded
R4016310,O1012085,2024-12-16,Not as Expected,Processing
R4016311,O1148604,2025-09-25,Late Delivery,Refunded
R4016312,O1144675,2025-11-05,Not as Expected,Refunded
R4016313,O1032859,2025-06-20,Wrong Item,Refunded
R4016314,O1000619,2024-12-05,Not as Expected,Processing
R4016315,O1084701,2023-03-09,Late Delivery,Refunded
R4016316,O1171457,2025-05-15,Changed Mind,Refunded
R4016317,O1060738,2025-01-25,Size Issue,Refunded
R4016318,O1144697,2023-07-24,Late Delivery,Refunded
R4016319,O1156660,2023-06-09,Changed Mind,Processing
R4016320,O1073921,2024-12-14,Not as Expected,Processing
R4016321,O1107567,2025-05-14,Late Delivery,Refunded
R4016322,O1019198,2025-06-29,Not as Expected,Refunded
R4016323,O1079338,2025-04-25,Not as Expected,Refunded
R4016324,O1025143,2024-03-17,Changed Mind,Refunded
R4016325,O1085451,2024-03-26,Size Issue,Refunded
R4016326,O1043375,2025-10-15,Not as Expected,Refunded
R4016327,O1004617,2024-01-03,Late Delivery,Refunded
R4016328,O1039729,2024-04-07,Damaged,Refunded
R4016329,O1156315,2024-02-22,Changed Mind,Refunded
R4016330,O1024657,2025-02-25,Not as Expected,Refunded
R4016331,O1123157,2024-10-07,Wrong Item,Processing
R4016332,O1169514,2024-09-09,Size Issue,Processing
R4016333,O1117424,2024-01-30,Size Issue,Processing
R4016334,O1178256,2023-01-12,Changed Mind,Refunded
R4016335,O1170725,2024-05-22,Late Delivery,Refunded
R4016336,O1153062,2023-05-22,Damaged,Refunded
R4016337,O1006253,2023-02-20,Changed Mind,Refunded
R4016338,O1134832,2023-01-25,Wrong Item,Refunded
R4016339,O1121279,2025-08-18,Not as Expected,Refunded
R4016340,O1032826,2025-10-22,Changed Mind,Refunded
R4016341,O1168470,2023-07-12,Not as Expected,Refunded
R4016342,O1150048,2025-12-26,Wrong Item,Processing
R4016343,O1028774,2023-04-22,Size Issue,Refunded
R4016344,O1166762,2024-08-05,Wrong Item,Refunded
R4016345,O1032490,2024-08-03,Late Delivery,Refunded
R4016346,O1166614,2025-03-04,Changed Mind,Refunded
R4016347,O1107744,2023-12-12,Damaged,Refunded
R4016348,O1113999,2025-11-08,Changed Mind,Refunded
R4016349,O1056069,2025-02-09,Late Delivery,Refunded
R4016350,O1026420,2025-03-15,Not as Expected,Refunded
R4016351,O1034179,2025-04-28,Size Issue,Refunded
R4016352,O1161743,2025-12-30,Late Delivery,Refunded
R4016353,O1040211,2023-09-22,Wrong Item,Refunded
R4016354,O1073597,2024-05-23,Changed Mind,Refunded
R4016355,O1173166,2025-10-30,Damaged,Refunded
R4016356,O1099622,2025-03-04,Wrong Item,Refunded
R4016357,O1144769,2024-11-29,Damaged,Refunded
R4016358,O1113654,2023-08-14,Not as Expected,Refunded
R4016359,O1007811,2023-05-24,Size Issue,Refunded
R4016360,O1075661,2024-07-10,Wrong Item,Refunded
R4016361,O1093817,2025-05-26,Changed Mind,Refunded
R4016362,O1124111,2026-01-02,Not as Expected,Refunded
R4016363,O1146152,2024-04-22,Wrong Item,Refunded
R4016364,O1087115,2024-05-13,Damaged,Refunded
R4016365,O1052097,2023-05-21,Not as Expected,Refunded
R4016366,O1068680,2024-07-23,Late Delivery,Refunded
R4016367,O1105377,2025-04-12,Wrong Item,Refunded
R4016368,O1149243,2024-05-31,Damaged,Refunded
R4016369,O1091997,2025-03-07,Not as Expected,Refunded
R4016370,O1031059,2023-01-16,Not as Expected,Refunded
R4016371,O1028697,2025-09-14,Damaged,Processing
R4016372,O1083176,2023-01-22,Late Delivery,Processing
R4016373,O1066025,2024-09-27,Not as Expected,Refunded
R4016374,O1049058,2023-10-31,Damaged,Refunded
R4016375,O1076667,2024-10-16,Changed Mind,Refunded
R4016376,O1095218,2024-08-26,Damaged,Refunded
R4016377,O1039909,2025-03-21,Changed Mind,Processing
R4016378,O1002199,2024-12-25,Changed Mind,Refunded
R4016379,O1014653,2023-09-28,Size Issue,Refunded
R4016380,O1085940,2024-09-01,Late Delivery,Refunded
R4016381,O1100387,2025-11-17,Not as Expected,Refunded
R4016382,O1012249,2025-04-08,Not as Expected,Refunded
R4016383,O1167263,2026-01-07,Not as Expected,Refunded
R4016384,O1001633,2024-05-20,Damaged,Refunded
R4016385,O1043220,2025-10-18,Not as Expected,Refunded
R4016386,O1062926,2025-06-26,Damaged,Refunded
R4016387,O1097874,2025-03-26,Changed Mind,Refunded
R4016388,O1063825,2024-11-19,Wrong Item,Refunded
R4016389,O1074832,2025-02-21,Wrong Item,Refunded
R4016390,O1150605,2023-11-23,Size Issue,Refunded
R4016391,O1029656,2023-06-21,Not as Expected,Refunded
R4016392,O1057964,2025-06-25,Size Issue,Refunded
R4016393,O1161460,2024-06-25,Not as Expected,Refunded
R4016394,O1151980,2024-12-25,Size Issue,Refunded
R4016395,O1173364,2025-07-07,Late Delivery,Refunded
R4016396,O1092357,2023-09-12,Damaged,Refunded
R4016397,O1085899,2025-12-18,Damaged,Refunded
R4016398,O1161551,2024-10-27,Damaged,Refunded
R4016399,O1011380,2025-06-13,Late Delivery,Refunded
R4016400,O1155628,2023-07-25,Not as Expected,Refunded
R4016401,O1050283,2024-12-16,Size Issue,Processing
R4016402,O1141194,2025-12-10,Changed Mind,Refunded
R4016403,O1156974,2023-02-26,Changed Mind,Refunded
R4016404,O1113049,2023-01-15,Wrong Item,Refunded
R4016405,O1161405,2023-12-10,Not as Expected,Refunded
R4016406,O1031713,2025-07-15,Wrong Item,Refunded
R4016407,O1154919,2025-09-03,Damaged,Refunded
R4016408,O1043120,2024-02-16,Damaged,Refunded
R4016409,O1095207,2025-03-14,Wrong Item,Refunded
R4016410,O1150164,2024-08-24,Changed Mind,Refunded
R4016411,O1030075,2023-05-10,Size Issue,Refunded
R4016412,O1057849,2025-07-12,Damaged,Refunded
R4016413,O1157590,2024-12-02,Size Issue,Refunded
R4016414,O1013875,2025-09-13,Late Delivery,Processing
R4016415,O1037185,2024-03-29,Not as Expected,Refunded
R4016416,O1005443,2025-01-08,Size Issue,Refunded
R4016417,O1041790,2023-01-28,Late Delivery,Refunded
R4016418,O1017669,2025-07-13,Not as Expected,Refunded
R4016419,O1046382,2024-01-27,Size Issue,Refunded
R4016420,O1065546,2025-11-02,Not as Expected,Refunded
R4016421,O1021654,2024-03-13,Not as Expected,Refunded
R4016422,O1127799,2025-06-13,Damaged,Refunded
R4016423,O1110507,2024-01-14,Not as Expected,Refunded
R4016424,O1129349,2023-08-26,Size Issue,Refunded
R4016425,O1072820,2025-01-24,Not as Expected,Refunded
R4016426,O1170969,2024-09-09,Size Issue,Refunded
R4016427,O1036804,2025-04-21,Wrong Item,Refunded
R4016428,O1053643,2024-05-06,Size Issue,Refunded
R4016429,O1128584,2025-02-12,Wrong Item,Refunded
R4016430,O1040808,2024-11-01,Damaged,Refunded
R4016431,O1090527,2023-03-14,Size Issue,Refunded
R4016432,O1140116,2023-09-19,Damaged,Refunded
R4016433,O1120959,2023-08-31,Not as Expected,Refunded
R4016434,O1177493,2023-10-17,Changed Mind,Refunded
R4016435,O1132259,2024-01-25,Not as Expected,Refunded
R4016436,O1059372,2024-10-23,Changed Mind,Refunded
R4016437,O1063257,2023-07-27,Not as Expected,Refunded
R4016438,O1103025,2024-10-16,Not as Expected,Processing
R4016439,O1093916,2024-04-30,Wrong Item,Refunded
R4016440,O1026009,2023-10-17,Wrong Item,Refunded
R4016441,O1084333,2024-03-17,Late Delivery,Refunded
R4016442,O1077340,2025-10-20,Not as Expected,Refunded
R4016443,O1080800,2023-10-13,Size Issue,Refunded
R4016444,O1034492,2025-12-02,Wrong Item,Refunded
R4016445,O1000534,2025-11-15,Late Delivery,Refunded
R4016446,O1001462,2025-09-24,Not as Expected,Refunded
R4016447,O1001866,2025-03-13,Damaged,Refunded
R4016448,O1034086,2025-09-19,Damaged,Refunded
R4016449,O1068395,2023-06-08,Damaged,Refunded
R4016450,O1152951,2025-10-09,Wrong Item,Refunded
R4016451,O1010176,2024-09-28,Not as Expected,Refunded
R4016452,O1140216,2025-06-30,Wrong Item,Refunded
R4016453,O1057795,2025-09-22,Wrong Item,Refunded
R4016454,O1125906,2025-09-29,Size Issue,Refunded
R4016455,O1139462,2023-12-02,Changed Mind,Refunded
R4016456,O1039312,2023-08-22,Damaged,Processing
R4016457,O1035009,2023-12-09,Size Issue,Processing
R4016458,O1076876,2023-03-04,Not as Expected,Refunded
R4016459,O1088173,2023-03-07,Damaged,Refunded
R4016460,O1174428,2023-08-02,Damaged,Refunded
R4016461,O1113642,2024-06-21,Size Issue,Refunded
R4016462,O1155886,2024-12-22,Size Issue,Refunded
R4016463,O1087688,2023-10-04,Wrong Item,Refunded
R4016464,O1025876,2025-03-27,Size Issue,Refunded
R4016465,O1161446,2025-07-08,Changed Mind,Refunded
R4016466,O1055992,2024-02-23,Damaged,Refunded
R4016467,O1036487,2025-05-04,Late Delivery,Refunded
R4016468,O1151862,2024-05-20,Changed Mind,Refunded
R4016469,O1129256,2023-05-09,Size Issue,Refunded
R4016470,O1076698,2025-05-06,Not as Expected,Refunded
R4016471,O1012198,2023-02-11,Size Issue,Refunded
R4016472,O1093747,2023-03-25,Late Delivery,Refunded
R4016473,O1078539,2023-08-01,Not as Expected,Refunded
R4016474,O1007996,2025-11-10,Changed Mind,Refunded
R4016475,O1125608,2023-12-31,Wrong Item,Refunded
R4016476,O1147652,2025-10-06,Changed Mind,Refunded
R4016477,O1171602,2025-08-24,Damaged,Refunded
R4016478,O1013659,2025-10-22,Changed Mind,Refunded
R4016479,O1095531,2025-10-03,Not as Expected,Refunded
R4016480,O1026279,2025-07-04,Not as Expected,Refunded
R4016481,O1075817,2023-02-28,Late Delivery,Refunded
R4016482,O1087516,2023-01-17,Not as Expected,Refunded
R4016483,O1062541,2023-10-11,Not as Expected,Refunded
R4016484,O1141443,2025-05-08,Changed Mind,Processing
R4016485,O1154267,2024-03-31,Late Delivery,Processing
R4016486,O1008603,2024-01-16,Changed Mind,Refunded
R4016487,O1005032,2023-05-04,Size Issue,Refunded
R4016488,O1057264,2023-04-09,Size Issue,Refunded
R4016489,O1066712,2024-05-17,Size Issue,Refunded
R4016490,O1037420,2025-08-26,Wrong Item,Refunded
R4016491,O1120747,2023-05-07,Not as Expected,Refunded
R4016492,O1161178,2023-09-08,Not as Expected,Refunded
R4016493,O1150355,2024-08-26,Wrong Item,Refunded
R4016494,O1171354,2024-11-09,Damaged,Refunded
R4016495,O1144865,2023-01-24,Wrong Item,Refunded
R4016496,O1057207,2023-12-08,Wrong Item,Refunded
R4016497,O1048989,2024-12-22,Damaged,Refunded
R4016498,O1124423,2025-01-30,Size Issue,Refunded
R4016499,O1029971,2023-11-07,Damaged,Refunded
R4016500,O1048794,2024-09-21,Changed Mind,Refunded
R4016501,O1141990,2024-02-06,Changed Mind,Refunded
R4016502,O1070642,2023-11-11,Not as Expected,Refunded
R4016503,O1088066,2024-09-03,Wrong Item,Refunded
R4016504,O1140622,2023-12-27,Size Issue,Processing
R4016505,O1041270,2025-07-08,Changed Mind,Refunded
R4016506,O1098204,2023-10-28,Size Issue,Refunded
R4016507,O1058926,2025-01-21,Changed Mind,Refunded
R4016508,O1124722,2025-06-20,Size Issue,Refunded
R4016509,O1042378,2023-12-25,Changed Mind,Refunded
R4016510,O1045956,2024-09-13,Damaged,Refunded
R4016511,O1131688,2025-01-16,Size Issue,Refunded
R4016512,O1148622,2023-10-09,Not as Expected,Refunded
R4016513,O1107721,2023-12-05,Not as Expected,Refunded
R4016514,O1070331,2024-10-03,Not as Expected,Refunded
R4016515,O1045789,2025-07-26,Late Delivery,Refunded
R4016516,O1073526,2025-07-03,Damaged,Refunded
R4016517,O1140053,2025-12-03,Not as Expected,Refunded
R4016518,O1173981,2024-06-09,Changed Mind,Refunded
R4016519,O1132617,2023-04-07,Late Delivery,Refunded
R4016520,O1067177,2026-01-04,Not as Expected,Refunded
R4016521,O1117533,2023-12-01,Not as Expected,Refunded
R4016522,O1056846,2024-11-07,Not as Expected,Refunded
R4016523,O1123712,2023-09-08,Wrong Item,Refunded
R4016524,O1097617,2023-04-01,Wrong Item,Refunded
R4016525,O1014579,2025-03-07,Not as Expected,Refunded
R4016526,O1126910,2023-05-25,Wrong Item,Refunded
R4016527,O1162787,2023-12-31,Not as Expected,Refunded
R4016528,O1018130,2024-01-12,Late Delivery,Refunded
R4016529,O1006527,2024-04-22,Not as Expected,Refunded
R4016530,O1176493,2023-12-30,Wrong Item,Refunded
R4016531,O1019962,2025-05-17,Late Delivery,Refunded
R4016532,O1038645,2024-02-13,Wrong Item,Refunded
R4016533,O1030200,2025-03-10,Damaged,Refunded
R4016534,O1086733,2025-04-10,Damaged,Refunded
R4016535,O1073905,2025-02-17,Size Issue,Refunded
R4016536,O1007869,2024-04-06,Wrong Item,Refunded
R4016537,O1038085,2025-09-08,Damaged,Refunded
R4016538,O1174906,2023-04-11,Changed Mind,Refunded
R4016539,O1063689,2025-10-22,Wrong Item,Refunded
R4016540,O1141461,2024-04-07,Changed Mind,Refunded
R4016541,O1076149,2024-12-09,Not as Expected,Refunded
R4016542,O1053957,2026-01-05,Late Delivery,Refunded
R4016543,O1160859,2024-08-09,Changed Mind,Refunded
R4016544,O1119845,2025-12-03,Not as Expected,Refunded
R4016545,O1048244,2024-04-18,Damaged,Refunded
R4016546,O1080068,2023-07-12,Size Issue,Refunded
R4016547,O1031139,2023-09-22,Not as Expected,Processing
R4016548,O1164468,2024-10-27,Damaged,Refunded
R4016549,O1148713,2023-12-31,Size Issue,Refunded
R4016550,O1053248,2023-06-12,Wrong Item,Refunded
R4016551,O1007627,2024-08-22,Wrong Item,Refunded
R4016552,O1155566,2024-11-29,Not as Expected,Refunded
R4016553,O1007028,2025-02-28,Changed Mind,Refunded
R4016554,O1044063,2024-08-05,Damaged,Refunded
R4016555,O1125162,2025-04-11,Not as Expected,Refunded
R4016556,O1177747,2024-12-13,Late Delivery,Refunded
R4016557,O1040526,2025-08-15,Changed Mind,Refunded
R4016558,O1062097,2024-11-25,Not as Expected,Refunded
R4016559,O1140199,2025-01-29,Size Issue,Refunded
R4016560,O1173684,2024-05-23,Not as Expected,Refunded
R4016561,O1027531,2023-11-15,Damaged,Refunded
R4016562,O1096041,2023-11-14,Size Issue,Refunded
R4016563,O1004992,2025-04-15,Damaged,Processing
R4016564,O1017114,2023-07-20,Not as Expected,Refunded
R4016565,O1174473,2024-12-27,Changed Mind,Refunded
R4016566,O1110587,2025-03-25,Size Issue,Processing
R4016567,O1077816,2023-03-30,Wrong Item,Refunded
R4016568,O1159769,2025-08-19,Size Issue,Processing
R4016569,O1125828,2025-06-07,Wrong Item,Refunded
R4016570,O1070145,2024-12-31,Damaged,Refunded
R4016571,O1086191,2024-03-28,Wrong Item,Refunded
R4016572,O1083647,2024-09-08,Wrong Item,Refunded
R4016573,O1166183,2025-09-15,Changed Mind,Refunded
R4016574,O1031103,2023-05-20,Not as Expected,Refunded
R4016575,O1023274,2024-09-01,Changed Mind,Refunded
R4016576,O1032718,2025-04-11,Damaged,Refunded
R4016577,O1083266,2023-02-03,Changed Mind,Refunded
R4016578,O1084537,2023-08-10,Damaged,Refunded
R4016579,O1015032,2025-09-02,Damaged,Refunded
R4016580,O1019522,2023-07-15,Damaged,Refunded
R4016581,O1018857,2024-01-04,Wrong Item,Refunded
R4016582,O1125161,2023-02-05,Damaged,Refunded
R4016583,O1067146,2024-11-07,Not as Expected,Refunded
R4016584,O1017321,2025-02-06,Damaged,Refunded
R4016585,O1008085,2023-03-15,Not as Expected,Refunded
R4016586,O1036427,2025-02-01,Changed Mind,Refunded
R4016587,O1016267,2024-07-18,Changed Mind,Refunded
R4016588,O1002510,2024-01-16,Not as Expected,Refunded
R4016589,O1007002,2023-09-04,Size Issue,Refunded
R4016590,O1091892,2023-08-06,Wrong Item,Refunded
R4016591,O1067082,2025-03-04,Size Issue,Refunded
R4016592,O1105362,2024-11-24,Wrong Item,Refunded
R4016593,O1176618,2025-07-13,Changed Mind,Refunded
R4016594,O1083508,2023-06-06,Wrong Item,Processing
R4016595,O1041175,2024-07-31,Damaged,Refunded
R4016596,O1077203,2025-03-11,Size Issue,Refunded
R4016597,O1034592,2023-09-22,Not as Expected,Refunded
R4016598,O1033462,2025-11-18,Changed Mind,Refunded
R4016599,O1097732,2025-06-01,Changed Mind,Refunded
R4016600,O1164211,2023-05-27,Size Issue,Refunded
R4016601,O1140511,2025-01-18,Not as Expected,Refunded
R4016602,O1011550,2024-06-06,Not as Expected,Refunded
R4016603,O1096851,2023-01-31,Size Issue,Refunded
R4016604,O1012783,2025-10-13,Late Delivery,Refunded
R4016605,O1090171,2023-08-16,Not as Expected,Refunded
R4016606,O1140144,2024-12-09,Changed Mind,Refunded
R4016607,O1117788,2025-08-07,Not as Expected,Processing
R4016608,O1018229,2023-03-10,Size Issue,Refunded
R4016609,O1063319,2023-09-17,Wrong Item,Refunded
R4016610,O1011619,2024-05-02,Damaged,Processing
R4016611,O1130760,2023-01-26,Wrong Item,Refunded
R4016612,O1097092,2024-04-26,Size Issue,Refunded
R4016613,O1094638,2023-12-04,Changed Mind,Refunded
R4016614,O1021886,2024-12-17,Changed Mind,Refunded
R4016615,O1074341,2023-10-07,Not as Expected,Refunded
R4016616,O1142835,2025-10-17,Late Delivery,Refunded
R4016617,O1118192,2026-01-09,Not as Expected,Processing
R4016618,O1017167,2024-07-16,Size Issue,Refunded
R4016619,O1128353,2025-06-02,Changed Mind,Refunded
R4016620,O1162572,2024-02-23,Not as Expected,Refunded
R4016621,O1040652,2023-08-31,Late Delivery,Refunded
R4016622,O1114039,2023-10-13,Size Issue,Refunded
R4016623,O1093243,2025-06-09,Size Issue,Refunded
R4016624,O1007315,2025-11-01,Not as Expected,Processing
R4016625,O1118235,2025-08-29,Not as Expected,Processing
R4016626,O1088856,2025-12-19,Not as Expected,Refunded
R4016627,O1009186,2023-12-27,Damaged,Refunded
R4016628,O1022862,2025-07-05,Damaged,Refunded
R4016629,O1009075,2024-01-26,Size Issue,Refunded
R4016630,O1171948,2024-04-07,Changed Mind,Refunded
R4016631,O1168452,2025-02-26,Not as Expected,Refunded
R4016632,O1162501,2023-05-05,Not as Expected,Processing
R4016633,O1154329,2025-11-29,Changed Mind,Processing
R4016634,O1111477,2023-04-09,Changed Mind,Refunded
R4016635,O1097672,2025-07-17,Not as Expected,Refunded
R4016636,O1178248,2023-11-30,Changed Mind,Refunded
R4016637,O1106753,2024-09-22,Wrong Item,Refunded
R4016638,O1117253,2023-01-19,Changed Mind,Refunded
R4016639,O1141134,2024-01-30,Size Issue,Refunded
R4016640,O1100249,2023-07-27,Not as Expected,Refunded
R4016641,O1163752,2023-10-31,Changed Mind,Refunded
R4016642,O1097463,2024-02-10,Not as Expected,Refunded
R4016643,O1135148,2025-07-09,Wrong Item,Refunded
R4016644,O1097719,2025-10-23,Not as Expected,Refunded
R4016645,O1086921,2024-03-28,Size Issue,Refunded
R4016646,O1133789,2023-08-21,Not as Expected,Processing
R4016647,O1141418,2023-02-23,Not as Expected,Refunded
R4016648,O1142898,2025-11-18,Wrong Item,Refunded
R4016649,O1124361,2023-08-31,Size Issue,Processing
R4016650,O1077061,2025-12-04,Changed Mind,Refunded
R4016651,O1076424,2023-11-02,Size Issue,Refunded
R4016652,O1161387,2025-06-18,Damaged,Refunded
R4016653,O1148885,2025-11-18,Size Issue,Refunded
R4016654,O1146832,2025-04-16,Size Issue,Refunded
R4016655,O1016743,2024-01-29,Not as Expected,Refunded
R4016656,O1019736,2025-10-14,Size Issue,Refunded
R4016657,O1141141,2024-01-17,Size Issue,Refunded
R4016658,O1015827,2025-04-29,Size Issue,Refunded
R4016659,O1097891,2024-01-15,Changed Mind,Refunded
R4016660,O1050402,2024-07-01,Size Issue,Refunded
R4016661,O1085421,2025-11-07,Not as Expected,Refunded
R4016662,O1119672,2023-05-16,Size Issue,Refunded
R4016663,O1065234,2025-04-10,Not as Expected,Refunded
R4016664,O1004994,2025-08-21,Size Issue,Refunded
R4016665,O1153040,2024-09-04,Not as Expected,Refunded
R4016666,O1061371,2023-08-28,Late Delivery,Refunded
R4016667,O1006635,2023-09-03,Size Issue,Refunded
R4016668,O1159898,2023-10-16,Not as Expected,Refunded
R4016669,O1036374,2023-02-09,Damaged,Refunded
R4016670,O1165675,2025-01-27,Size Issue,Refunded
R4016671,O1111279,2023-03-31,Not as Expected,Refunded
R4016672,O1025597,2024-04-03,Changed Mind,Refunded
R4016673,O1116147,2024-01-22,Late Delivery,Refunded
R4016674,O1076188,2025-12-10,Wrong Item,Refunded
R4016675,O1085387,2025-12-16,Wrong Item,Processing
R4016676,O1009100,2024-06-06,Wrong Item,Refunded
R4016677,O1117791,2025-11-14,Size Issue,Refunded
R4016678,O1018847,2024-06-18,Changed Mind,Refunded
R4016679,O1152022,2025-09-04,Not as Expected,Refunded
R4016680,O1063262,2024-04-19,Not as Expected,Refunded
R4016681,O1161406,2024-07-27,Not as Expected,Refunded
R4016682,O1131097,2025-09-12,Not as Expected,Refunded
R4016683,O1116489,2024-07-13,Not as Expected,Refunded
R4016684,O1022687,2023-02-26,Size Issue,Refunded
R4016685,O1139560,2023-05-12,Damaged,Refunded
R4016686,O1143895,2024-02-01,Not as Expected,Refunded
R4016687,O1153944,2023-06-26,Wrong Item,Refunded
R4016688,O1104395,2025-07-01,Damaged,Refunded
R4016689,O1015632,2024-06-15,Not as Expected,Processing
R4016690,O1108431,2025-09-12,Changed Mind,Refunded
R4016691,O1173529,2024-02-26,Not as Expected,Refunded
R4016692,O1014198,2023-12-17,Not as Expected,Refunded
R4016693,O1141931,2025-03-15,Not as Expected,Refunded
R4016694,O1008876,2025-05-27,Wrong Item,Processing
R4016695,O1010400,2025-05-26,Size Issue,Refunded
R4016696,O1072516,2024-07-02,Damaged,Refunded
R4016697,O1126039,2023-12-23,Not as Expected,Processing
R4016698,O1174936,2024-04-27,Damaged,Refunded
R4016699,O1083790,2025-09-10,Wrong Item,Refunded
R4016700,O1155947,2024-07-24,Not as Expected,Refunded
R4016701,O1030421,2025-12-14,Not as Expected,Refunded
R4016702,O1177187,2025-05-03,Wrong Item,Refunded
R4016703,O1034255,2024-03-20,Wrong Item,Refunded
R4016704,O1000601,2023-12-28,Wrong Item,Refunded
R4016705,O1066640,2025-08-23,Not as Expected,Refunded
R4016706,O1068539,2026-01-04,Not as Expected,Refunded
R4016707,O1106998,2025-10-02,Changed Mind,Refunded
R4016708,O1057204,2025-12-26,Wrong Item,Refunded
R4016709,O1121618,2023-09-02,Size Issue,Processing
R4016710,O1151176,2023-03-05,Changed Mind,Refunded
R4016711,O1121537,2024-11-22,Late Delivery,Refunded
R4016712,O1100373,2025-12-28,Size Issue,Refunded
R4016713,O1083970,2025-02-19,Not as Expected,Refunded
R4016714,O1094915,2023-01-07,Wrong Item,Refunded
R4016715,O1089342,2024-05-24,Damaged,Refunded
R4016716,O1019666,2025-07-05,Not as Expected,Refunded
R4016717,O1020402,2023-12-04,Wrong Item,Refunded
R4016718,O1096185,2023-10-17,Not as Expected,Refunded
R4016719,O1049401,2024-02-15,Changed Mind,Refunded
R4016720,O1174277,2023-02-18,Not as Expected,Refunded
R4016721,O1124908,2023-12-05,Late Delivery,Processing
R4016722,O1078704,2023-04-04,Not as Expected,Processing
R4016723,O1172000,2024-04-23,Not as Expected,Refunded
R4016724,O1108530,2023-10-29,Changed Mind,Refunded
R4016725,O1122320,2025-09-15,Damaged,Refunded
R4016726,O1134328,2025-12-01,Damaged,Refunded
R4016727,O1145677,2023-10-30,Not as Expected,Refunded
R4016728,O1103140,2023-01-14,Late Delivery,Refunded
R4016729,O1142123,2024-10-02,Size Issue,Refunded
R4016730,O1143419,2024-04-01,Changed Mind,Refunded
R4016731,O1049546,2024-03-15,Not as Expected,Refunded
R4016732,O1147859,2023-09-07,Changed Mind,Refunded
R4016733,O1097395,2023-10-16,Damaged,Refunded
R4016734,O1103177,2023-06-26,Not as Expected,Refunded
R4016735,O1117647,2024-11-10,Late Delivery,Refunded
R4016736,O1069306,2024-01-20,Not as Expected,Refunded
R4016737,O1016365,2023-12-12,Not as Expected,Refunded
R4016738,O1045751,2024-04-15,Wrong Item,Refunded
R4016739,O1111144,2023-12-01,Size Issue,Refunded
R4016740,O1164013,2025-08-23,Changed Mind,Refunded
R4016741,O1104540,2025-04-13,Not as Expected,Refunded
R4016742,O1072443,2023-04-20,Not as Expected,Refunded
R4016743,O1138331,2024-07-27,Not as Expected,Refunded
R4016744,O1036794,2023-04-02,Not as Expected,Refunded
R4016745,O1038562,2024-02-15,Size Issue,Refunded
R4016746,O1036758,2023-08-11,Not as Expected,Refunded
R4016747,O1176832,2024-03-31,Not as Expected,Refunded
R4016748,O1161436,2025-09-09,Not as Expected,Refunded
R4016749,O1023676,2023-01-25,Changed Mind,Refunded
R4016750,O1108226,2025-06-26,Damaged,Refunded
R4016751,O1102230,2024-04-07,Damaged,Refunded
R4016752,O1167283,2023-03-30,Not as Expected,Refunded
R4016753,O1043310,2023-02-26,Damaged,Refunded
R4016754,O1068440,2023-12-02,Changed Mind,Refunded
R4016755,O1034371,2025-04-24,Not as Expected,Refunded
R4016756,O1150110,2024-05-07,Damaged,Refunded
R4016757,O1141121,2025-04-16,Not as Expected,Processing
R4016758,O1136096,2023-06-13,Late Delivery,Refunded
R4016759,O1013184,2025-06-20,Not as Expected,Refunded
R4016760,O1060031,2023-07-17,Late Delivery,Refunded
R4016761,O1079301,2025-02-28,Wrong Item,Refunded
R4016762,O1021993,2023-07-09,Size Issue,Refunded
R4016763,O1128611,2025-03-02,Wrong Item,Refunded
R4016764,O1005284,2025-12-02,Not as Expected,Refunded
R4016765,O1078948,2025-11-27,Size Issue,Refunded
R4016766,O1041409,2023-04-17,Changed Mind,Refunded
R4016767,O1147509,2025-11-25,Not as Expected,Refunded
R4016768,O1002650,2023-03-27,Changed Mind,Refunded
R4016769,O1015292,2025-10-05,Wrong Item,Refunded
R4016770,O1179330,2023-06-26,Not as Expected,Processing
R4016771,O1095776,2023-10-12,Changed Mind,Refunded
R4016772,O1011409,2024-06-18,Wrong Item,Refunded
R4016773,O1137783,2023-08-06,Size Issue,Refunded
R4016774,O1039146,2023-05-26,Wrong Item,Refunded
R4016775,O1165950,2025-04-02,Not as Expected,Refunded
R4016776,O1060715,2024-06-10,Size Issue,Refunded
R4016777,O1018992,2023-02-25,Changed Mind,Refunded
R4016778,O1019706,2023-08-18,Changed Mind,Refunded
R4016779,O1031284,2025-09-08,Late Delivery,Refunded
R4016780,O1031749,2024-10-02,Not as Expected,Refunded
R4016781,O1132870,2024-09-16,Damaged,Refunded
R4016782,O1006551,2024-12-29,Not as Expected,Refunded
R4016783,O1013188,2023-02-08,Not as Expected,Refunded
R4016784,O1070142,2023-06-24,Wrong Item,Refunded
R4016785,O1019508,2023-01-15,Changed Mind,Refunded
R4016786,O1094592,2025-04-17,Damaged,Refunded
R4016787,O1022459,2023-01-21,Damaged,Refunded
R4016788,O1037269,2024-07-19,Damaged,Refunded
R4016789,O1123333,2024-01-01,Damaged,Refunded
R4016790,O1033269,2023-01-09,Size Issue,Refunded
R4016791,O1058760,2023-03-30,Damaged,Refunded
R4016792,O1044103,2023-04-30,Late Delivery,Refunded
R4016793,O1140659,2023-08-20,Not as Expected,Refunded
R4016794,O1092586,2025-02-21,Damaged,Refunded
R4016795,O1010191,2025-11-28,Late Delivery,Refunded
R4016796,O1125202,2024-02-19,Size Issue,Refunded
R4016797,O1038146,2023-09-25,Not as Expected,Refunded
R4016798,O1161717,2023-06-08,Not as Expected,Refunded
R4016799,O1068932,2023-12-11,Wrong Item,Processing
R4016800,O1015663,2024-07-19,Size Issue,Refunded
R4016801,O1000018,2024-07-13,Changed Mind,Refunded
R4016802,O1060717,2025-07-23,Wrong Item,Refunded
R4016803,O1089271,2025-05-07,Not as Expected,Refunded
R4016804,O1082076,2025-06-24,Wrong Item,Refunded
R4016805,O1134713,2026-01-02,Not as Expected,Refunded
R4016806,O1019294,2025-07-28,Damaged,Refunded
R4016807,O1085035,2024-12-31,Wrong Item,Refunded
R4016808,O1002559,2025-01-22,Changed Mind,Refunded
R4016809,O1157527,2025-06-12,Not as Expected,Refunded
R4016810,O1167479,2023-11-22,Not as Expected,Refunded
R4016811,O1178994,2025-06-17,Changed Mind,Refunded
R4016812,O1068996,2023-09-30,Not as Expected,Processing
R4016813,O1023552,2023-09-28,Late Delivery,Refunded
R4016814,O1065636,2025-10-14,Size Issue,Refunded
R4016815,O1121203,2024-02-09,Damaged,Refunded
R4016816,O1112764,2025-10-27,Not as Expected,Processing
R4016817,O1170494,2025-03-05,Size Issue,Refunded
R4016818,O1105018,2023-05-17,Changed Mind,Refunded
R4016819,O1050224,2024-03-14,Damaged,Refunded
R4016820,O1137693,2025-02-28,Size Issue,Refunded
R4016821,O1050983,2025-03-17,Size Issue,Refunded
R4016822,O1147256,2024-10-20,Not as Expected,Refunded
R4016823,O1030574,2025-12-30,Wrong Item,Refunded
R4016824,O1151457,2023-07-16,Not as Expected,Refunded
R4016825,O1007513,2025-12-13,Not as Expected,Refunded
R4016826,O1104467,2024-08-06,Size Issue,Refunded
R4016827,O1020719,2024-02-01,Wrong Item,Refunded
R4016828,O1157878,2025-09-21,Not as Expected,Refunded
R4016829,O1057206,2024-05-17,Size Issue,Refunded
R4016830,O1024723,2023-05-06,Wrong Item,Refunded
R4016831,O1031157,2024-06-14,Not as Expected,Refunded
R4016832,O1015664,2024-06-28,Size Issue,Refunded
R4016833,O1097793,2024-11-15,Size Issue,Refunded
R4016834,O1142577,2025-11-08,Changed Mind,Refunded
R4016835,O1086036,2025-11-01,Not as Expected,Refunded
R4016836,O1115696,2024-10-06,Changed Mind,Processing
R4016837,O1026337,2025-02-04,Changed Mind,Refunded
R4016838,O1121472,2023-07-04,Wrong Item,Refunded
R4016839,O1056727,2023-10-30,Changed Mind,Refunded
R4016840,O1150909,2024-08-06,Not as Expected,Refunded
R4016841,O1011423,2023-10-27,Late Delivery,Refunded
R4016842,O1052792,2025-01-19,Not as Expected,Refunded
R4016843,O1162264,2025-11-04,Damaged,Processing
R4016844,O1008607,2024-04-06,Not as Expected,Refunded
R4016845,O1003537,2024-10-11,Size Issue,Refunded
R4016846,O1167624,2023-10-04,Not as Expected,Refunded
R4016847,O1179459,2025-08-09,Late Delivery,Refunded
R4016848,O1146436,2024-11-23,Size Issue,Processing
R4016849,O1149746,2024-11-22,Size Issue,Refunded
R4016850,O1121434,2023-03-31,Not as Expected,Refunded
R4016851,O1146710,2025-10-21,Size Issue,Refunded
R4016852,O1132887,2025-07-23,Late Delivery,Refunded
R4016853,O1179683,2025-12-21,Damaged,Refunded
R4016854,O1000349,2025-04-01,Changed Mind,Refunded
R4016855,O1124181,2025-01-16,Not as Expected,Refunded
R4016856,O1013064,2025-09-25,Late Delivery,Processing
R4016857,O1093901,2024-12-24,Not as Expected,Refunded
R4016858,O1020084,2023-01-11,Size Issue,Refunded
R4016859,O1107030,2023-09-10,Wrong Item,Refunded
R4016860,O1069717,2025-03-09,Size Issue,Refunded
R4016861,O1169458,2024-07-14,Changed Mind,Refunded
R4016862,O1169373,2024-02-17,Not as Expected,Refunded
R4016863,O1052438,2023-05-04,Not as Expected,Refunded
R4016864,O1114237,2025-01-21,Not as Expected,Refunded
R4016865,O1130298,2024-02-08,Damaged,Refunded
R4016866,O1152932,2024-01-24,Wrong Item,Refunded
R4016867,O1058102,2023-12-28,Not as Expected,Refunded
R4016868,O1038692,2025-06-09,Size Issue,Refunded
R4016869,O1031231,2023-02-27,Not as Expected,Refunded
R4016870,O1067676,2024-11-10,Size Issue,Refunded
R4016871,O1109737,2024-11-30,Size Issue,Refunded
R4016872,O1112976,2025-07-19,Changed Mind,Refunded
R4016873,O1010478,2024-05-17,Size Issue,Refunded
R4016874,O1171306,2024-03-23,Wrong Item,Refunded
R4016875,O1061805,2024-09-29,Wrong Item,Refunded
R4016876,O1095290,2024-02-07,Not as Expected,Refunded
R4016877,O1083878,2024-09-08,Changed Mind,Refunded
R4016878,O1148099,2025-08-08,Not as Expected,Refunded
R4016879,O1115459,2025-06-27,Late Delivery,Refunded
R4016880,O1114694,2024-03-30,Size Issue,Refunded
R4016881,O1002600,2024-04-19,Not as Expected,Refunded
R4016882,O1178179,2025-03-12,Size Issue,Refunded
R4016883,O1046119,2023-11-12,Changed Mind,Refunded
R4016884,O1097249,2024-09-08,Late Delivery,Refunded
R4016885,O1077437,2024-01-20,Size Issue,Refunded
R4016886,O1010700,2024-10-20,Damaged,Refunded
R4016887,O1158600,2024-06-27,Size Issue,Refunded
R4016888,O1010160,2023-12-15,Size Issue,Refunded
R4016889,O1173279,2025-08-31,Not as Expected,Processing
R4016890,O1144578,2024-03-03,Not as Expected,Refunded
R4016891,O1140478,2023-01-06,Wrong Item,Refunded
R4016892,O1168440,2023-12-06,Size Issue,Refunded
R4016893,O1038187,2025-05-24,Not as Expected,Refunded
R4016894,O1007774,2024-01-09,Late Delivery,Refunded
R4016895,O1118966,2025-03-04,Not as Expected,Refunded
R4016896,O1083057,2025-01-17,Changed Mind,Refunded
R4016897,O1126524,2024-04-09,Damaged,Refunded
R4016898,O1137593,2023-10-19,Not as Expected,Refunded
R4016899,O1084839,2023-11-15,Size Issue,Refunded
R4016900,O1018548,2023-03-18,Not as Expected,Refunded
R4016901,O1035122,2023-09-13,Size Issue,Refunded
R4016902,O1163688,2024-01-19,Size Issue,Refunded
R4016903,O1010172,2023-12-20,Late Delivery,Refunded
R4016904,O1114314,2023-11-12,Wrong Item,Refunded
R4016905,O1014442,2024-03-20,Damaged,Refunded
R4016906,O1169982,2023-05-29,Not as Expected,Refunded
R4016907,O1007356,2025-06-17,Not as Expected,Refunded
R4016908,O1171964,2023-03-21,Wrong Item,Processing
R4016909,O1117625,2025-02-21,Damaged,Refunded
R4016910,O1052940,2024-07-17,Damaged,Refunded
R4016911,O1167321,2025-06-20,Not as Expected,Refunded
R4016912,O1046581,2023-02-15,Damaged,Refunded
R4016913,O1124093,2024-01-11,Damaged,Refunded
R4016914,O1123006,2025-02-02,Size Issue,Refunded
R4016915,O1051261,2024-11-02,Not as Expected,Refunded
R4016916,O1037542,2023-12-24,Not as Expected,Refunded
R4016917,O1017591,2025-11-18,Damaged,Refunded
R4016918,O1172254,2025-06-16,Not as Expected,Refunded
R4016919,O1027955,2024-11-21,Wrong Item,Processing
R4016920,O1064443,2025-11-09,Not as Expected,Refunded
R4016921,O1132321,2024-11-01,Size Issue,Refunded
R4016922,O1064904,2025-09-06,Changed Mind,Refunded
R4016923,O1091289,2025-01-30,Size Issue,Refunded
R4016924,O1000959,2024-12-25,Wrong Item,Refunded
R4016925,O1046143,2025-11-22,Size Issue,Refunded
R4016926,O1165705,2024-03-01,Late Delivery,Refunded
R4016927,O1152004,2023-10-13,Late Delivery,Refunded
R4016928,O1134241,2025-08-29,Size Issue,Refunded
R4016929,O1064210,2023-07-22,Damaged,Refunded
R4016930,O1153446,2023-12-03,Wrong Item,Refunded
R4016931,O1055828,2024-10-25,Size Issue,Refunded
R4016932,O1070756,2023-09-09,Wrong Item,Refunded
R4016933,O1162833,2025-03-18,Wrong Item,Refunded
R4016934,O1027817,2023-05-25,Size Issue,Refunded
R4016935,O1112218,2024-08-11,Not as Expected,Refunded
R4016936,O1026838,2025-08-11,Size Issue,Refunded
R4016937,O1012103,2025-04-24,Not as Expected,Refunded
R4016938,O1157969,2024-12-06,Size Issue,Refunded
R4016939,O1084411,2025-11-30,Wrong Item,Refunded
R4016940,O1069167,2023-05-01,Wrong Item,Refunded
R4016941,O1016356,2026-01-08,Damaged,Refunded
R4016942,O1027573,2024-02-27,Not as Expected,Refunded
R4016943,O1109977,2025-02-14,Not as Expected,Refunded
R4016944,O1173387,2024-04-15,Not as Expected,Refunded
R4016945,O1051481,2025-02-16,Not as Expected,Refunded
R4016946,O1075213,2025-10-06,Changed Mind,Refunded
R4016947,O1034554,2023-12-02,Late Delivery,Refunded
R4016948,O1104186,2025-05-11,Not as Expected,Refunded
R4016949,O1168899,2024-11-24,Not as Expected,Refunded
R4016950,O1045238,2025-02-12,Late Delivery,Refunded
R4016951,O1154292,2024-03-20,Not as Expected,Refunded
R4016952,O1066686,2023-01-10,Changed Mind,Refunded
R4016953,O1050266,2024-01-17,Damaged,Refunded
R4016954,O1167429,2023-08-06,Size Issue,Refunded
R4016955,O1130551,2023-10-29,Not as Expected,Refunded
R4016956,O1133599,2025-01-15,Wrong Item,Refunded
R4016957,O1030757,2024-02-20,Size Issue,Processing
R4016958,O1083639,2023-04-17,Not as Expected,Processing
R4016959,O1163637,2023-07-10,Wrong Item,Refunded
R4016960,O1140248,2026-01-06,Wrong Item,Refunded
R4016961,O1086499,2023-05-17,Damaged,Refunded
R4016962,O1013119,2024-04-09,Not as Expected,Processing
R4016963,O1169199,2024-01-07,Not as Expected,Refunded
R4016964,O1178046,2024-08-01,Wrong Item,Refunded
R4016965,O1027335,2024-09-01,Changed Mind,Refunded
R4016966,O1042989,2023-03-16,Not as Expected,Refunded
R4016967,O1064400,2025-05-22,Size Issue,Refunded
R4016968,O1010979,2025-01-01,Late Delivery,Refunded
R4016969,O1023433,2023-03-17,Wrong Item,Refunded
R4016970,O1095532,2023-07-04,Not as Expected,Refunded
R4016971,O1123415,2024-07-28,Changed Mind,Processing
R4016972,O1148829,2025-12-13,Changed Mind,Refunded
R4016973,O1051513,2024-02-19,Changed Mind,Refunded
R4016974,O1054825,2023-09-25,Not as Expected,Refunded
R4016975,O1059163,2023-08-20,Wrong Item,Refunded
R4016976,O1149730,2025-06-25,Late Delivery,Refunded
R4016977,O1071659,2024-08-01,Not as Expected,Refunded
R4016978,O1095260,2023-10-10,Not as Expected,Refunded
R4016979,O1099493,2023-07-21,Damaged,Refunded
R4016980,O1059792,2025-11-15,Size Issue,Refunded
R4016981,O1048546,2024-05-18,Size Issue,Refunded
R4016982,O1022168,2024-09-14,Not as Expected,Refunded
R4016983,O1047317,2023-05-15,Size Issue,Refunded
R4016984,O1134378,2024-06-18,Late Delivery,Refunded
R4016985,O1153229,2024-07-09,Changed Mind,Refunded
R4016986,O1103110,2023-04-15,Changed Mind,Refunded
R4016987,O1012218,2024-09-28,Late Delivery,Refunded
R4016988,O1064577,2025-07-27,Not as Expected,Refunded
R4016989,O1170083,2025-12-29,Late Delivery,Refunded
R4016990,O1027685,2023-07-12,Wrong Item,Refunded
R4016991,O1098831,2024-05-07,Late Delivery,Refunded
R4016992,O1163525,2025-05-23,Changed Mind,Refunded
R4016993,O1075943,2025-06-08,Damaged,Refunded
R4016994,O1179755,2024-01-04,Not as Expected,Refunded
R4016995,O1179849,2023-05-25,Not as Expected,Refunded
R4016996,O1173781,2025-08-20,Changed Mind,Refunded
R4016997,O1046799,2024-09-24,Not as Expected,Refunded
R4016998,O1008860,2025-03-25,Wrong Item,Refunded
R4016999,O1047129,2024-06-08,Changed Mind,Refunded
R4017000,O1166298,2024-07-19,Size Issue,Refunded
R4017001,O1163218,2023-02-19,Not as Expected,Processing
R4017002,O1120992,2023-07-30,Changed Mind,Refunded
R4017003,O1119198,2023-03-23,Size Issue,Refunded
R4017004,O1087044,2025-04-30,Wrong Item,Refunded
R4017005,O1140158,2023-01-26,Not as Expected,Refunded
R4017006,O1006061,2025-07-20,Size Issue,Refunded
R4017007,O1011932,2025-11-27,Size Issue,Processing
R4017008,O1177385,2023-04-03,Size Issue,Refunded
R4017009,O1041886,2023-12-10,Changed Mind,Refunded
R4017010,O1032456,2023-07-21,Wrong Item,Refunded
R4017011,O1060004,2024-11-02,Not as Expected,Refunded
R4017012,O1011095,2023-08-28,Wrong Item,Refunded
R4017013,O1062617,2025-04-09,Not as Expected,Refunded
R4017014,O1174703,2023-09-14,Wrong Item,Refunded
R4017015,O1019656,2025-05-21,Damaged,Refunded
R4017016,O1157698,2025-11-17,Not as Expected,Refunded
R4017017,O1030166,2023-10-12,Not as Expected,Refunded
R4017018,O1132860,2024-04-26,Late Delivery,Processing
R4017019,O1135552,2023-05-11,Damaged,Refunded
R4017020,O1174754,2025-02-15,Damaged,Refunded
R4017021,O1079480,2025-07-11,Wrong Item,Refunded
R4017022,O1118391,2025-09-02,Late Delivery,Processing
R4017023,O1045079,2024-01-30,Size Issue,Processing
R4017024,O1130165,2023-05-04,Late Delivery,Refunded
R4017025,O1041115,2024-03-04,Damaged,Refunded
R4017026,O1164746,2023-04-08,Changed Mind,Processing
R4017027,O1127332,2024-08-05,Size Issue,Refunded
R4017028,O1130045,2023-03-27,Wrong Item,Refunded
R4017029,O1031451,2025-11-11,Size Issue,Refunded
R4017030,O1085844,2024-06-20,Not as Expected,Refunded
R4017031,O1054729,2023-02-16,Damaged,Refunded
R4017032,O1124008,2023-08-29,Not as Expected,Refunded
R4017033,O1021363,2023-04-29,Not as Expected,Refunded
R4017034,O1049762,2023-02-25,Not as Expected,Refunded
R4017035,O1053066,2025-11-16,Not as Expected,Refunded
R4017036,O1158459,2023-12-14,Wrong Item,Refunded
R4017037,O1085346,2025-02-15,Not as Expected,Refunded
R4017038,O1092414,2024-10-24,Not as Expected,Refunded
R4017039,O1113573,2024-02-10,Wrong Item,Refunded
R4017040,O1129649,2025-01-05,Not as Expected,Refunded
R4017041,O1173805,2023-03-28,Wrong Item,Refunded
R4017042,O1004623,2024-12-19,Not as Expected,Refunded
R4017043,O1098951,2023-10-18,Not as Expected,Refunded
R4017044,O1093442,2023-05-19,Late Delivery,Refunded
R4017045,O1061042,2023-05-29,Changed Mind,Refunded
R4017046,O1121093,2024-08-27,Not as Expected,Refunded
R4017047,O1057187,2025-02-21,Not as Expected,Refunded
R4017048,O1105807,2024-12-30,Not as Expected,Refunded
R4017049,O1157514,2024-06-22,Not as Expected,Refunded
R4017050,O1160930,2023-04-07,Not as Expected,Refunded
R4017051,O1166276,2024-01-08,Damaged,Refunded
R4017052,O1123568,2025-08-31,Not as Expected,Refunded
R4017053,O1136846,2023-05-15,Not as Expected,Processing
R4017054,O1169092,2024-08-20,Late Delivery,Refunded
R4017055,O1017456,2023-04-14,Wrong Item,Refunded
R4017056,O1033891,2024-09-15,Size Issue,Refunded
R4017057,O1155564,2024-10-30,Not as Expected,Refunded
R4017058,O1146387,2024-03-25,Late Delivery,Refunded
R4017059,O1017406,2025-07-27,Wrong Item,Refunded
R4017060,O1150503,2024-04-27,Size Issue,Refunded
R4017061,O1056328,2023-04-07,Not as Expected,Refunded
R4017062,O1111097,2025-04-13,Not as Expected,Refunded
R4017063,O1134527,2025-10-12,Wrong Item,Refunded
R4017064,O1011903,2025-07-17,Late Delivery,Refunded
R4017065,O1015191,2025-09-15,Damaged,Refunded
R4017066,O1058283,2025-02-22,Changed Mind,Refunded
R4017067,O1133743,2023-03-14,Wrong Item,Refunded
R4017068,O1108650,2025-03-17,Damaged,Processing
R4017069,O1156220,2023-05-17,Late Delivery,Refunded
R4017070,O1133402,2025-02-06,Size Issue,Refunded
R4017071,O1127122,2023-04-24,Wrong Item,Refunded
R4017072,O1115652,2024-03-15,Changed Mind,Refunded
R4017073,O1156181,2023-12-31,Changed Mind,Refunded
R4017074,O1087580,2025-11-26,Not as Expected,Refunded
R4017075,O1008679,2023-12-09,Wrong Item,Refunded
R4017076,O1122621,2024-05-18,Not as Expected,Refunded
R4017077,O1103712,2023-04-17,Size Issue,Refunded
R4017078,O1153065,2023-06-08,Not as Expected,Refunded
R4017079,O1034027,2024-08-20,Damaged,Refunded
R4017080,O1095595,2023-04-29,Late Delivery,Refunded
R4017081,O1052329,2025-05-21,Size Issue,Refunded
R4017082,O1121929,2026-01-07,Wrong Item,Processing
R4017083,O1016940,2024-08-04,Damaged,Refunded
R4017084,O1062029,2023-08-01,Late Delivery,Refunded
R4017085,O1178585,2024-09-24,Changed Mind,Refunded
R4017086,O1092904,2025-11-29,Damaged,Processing
R4017087,O1128695,2023-06-22,Damaged,Refunded
R4017088,O1039274,2023-01-17,Wrong Item,Refunded
R4017089,O1134478,2025-07-17,Damaged,Refunded
R4017090,O1080772,2023-03-19,Not as Expected,Refunded
R4017091,O1035936,2024-09-18,Wrong Item,Refunded
R4017092,O1085626,2024-06-12,Size Issue,Refunded
R4017093,O1154031,2024-06-04,Size Issue,Processing
R4017094,O1035806,2024-06-10,Damaged,Refunded
R4017095,O1044294,2025-12-13,Damaged,Refunded
R4017096,O1157285,2023-06-25,Damaged,Refunded
R4017097,O1032538,2024-12-11,Late Delivery,Refunded
R4017098,O1090901,2023-05-12,Not as Expected,Refunded
R4017099,O1159144,2025-01-01,Damaged,Refunded
R4017100,O1021608,2025-11-17,Not as Expected,Refunded
R4017101,O1166091,2024-06-24,Not as Expected,Refunded
R4017102,O1047068,2023-08-03,Size Issue,Refunded
R4017103,O1164270,2024-06-17,Not as Expected,Processing
R4017104,O1127858,2023-09-16,Not as Expected,Refunded
R4017105,O1068928,2025-06-06,Wrong Item,Refunded
R4017106,O1120737,2024-06-30,Not as Expected,Refunded
R4017107,O1056625,2025-06-07,Size Issue,Refunded
R4017108,O1110243,2024-05-12,Not as Expected,Refunded
R4017109,O1079019,2024-04-02,Damaged,Refunded
R4017110,O1110049,2024-06-25,Not as Expected,Refunded
R4017111,O1075435,2024-12-21,Not as Expected,Refunded
R4017112,O1079652,2024-08-22,Not as Expected,Refunded
R4017113,O1129297,2024-07-19,Damaged,Refunded
R4017114,O1157964,2024-02-07,Not as Expected,Refunded
R4017115,O1095342,2023-06-10,Not as Expected,Refunded
R4017116,O1147241,2024-04-23,Not as Expected,Refunded
R4017117,O1080297,2025-02-27,Wrong Item,Refunded
R4017118,O1088622,2024-01-24,Wrong Item,Refunded
R4017119,O1098955,2024-05-26,Size Issue,Refunded
R4017120,O1098685,2023-09-09,Not as Expected,Refunded
R4017121,O1061313,2025-07-07,Late Delivery,Refunded
R4017122,O1025489,2024-12-27,Changed Mind,Refunded
R4017123,O1162331,2024-05-26,Not as Expected,Refunded
R4017124,O1160996,2025-05-07,Not as Expected,Refunded
R4017125,O1015975,2025-06-30,Not as Expected,Refunded
R4017126,O1158414,2024-06-03,Late Delivery,Refunded
R4017127,O1150464,2025-11-21,Changed Mind,Refunded
R4017128,O1028427,2024-10-08,Changed Mind,Refunded
R4017129,O1024375,2025-10-25,Wrong Item,Refunded
R4017130,O1029256,2023-11-11,Not as Expected,Refunded
R4017131,O1071970,2023-01-11,Not as Expected,Refunded
R4017132,O1013781,2025-09-12,Damaged,Refunded
R4017133,O1014110,2023-06-21,Changed Mind,Refunded
R4017134,O1152856,2025-01-18,Not as Expected,Refunded
R4017135,O1129115,2023-10-07,Not as Expected,Refunded
R4017136,O1011232,2025-02-01,Wrong Item,Refunded
R4017137,O1142376,2025-05-18,Not as Expected,Refunded
R4017138,O1093684,2023-09-05,Wrong Item,Refunded
R4017139,O1051234,2023-08-05,Changed Mind,Refunded
R4017140,O1155580,2024-08-18,Size Issue,Refunded
R4017141,O1010094,2025-12-31,Not as Expected,Processing
R4017142,O1096556,2025-08-13,Wrong Item,Refunded
R4017143,O1098395,2023-09-04,Damaged,Processing
R4017144,O1044762,2025-08-15,Damaged,Refunded
R4017145,O1010706,2024-03-27,Changed Mind,Refunded
R4017146,O1118796,2024-01-11,Changed Mind,Processing
R4017147,O1035682,2025-09-05,Damaged,Processing
R4017148,O1109672,2023-11-14,Damaged,Refunded
R4017149,O1098028,2024-09-26,Not as Expected,Refunded
R4017150,O1107833,2023-08-05,Damaged,Refunded
R4017151,O1058488,2025-04-01,Not as Expected,Refunded
R4017152,O1148725,2024-12-16,Size Issue,Refunded
R4017153,O1118227,2024-11-22,Not as Expected,Refunded
R4017154,O1053114,2023-05-18,Not as Expected,Refunded
R4017155,O1156366,2023-12-25,Not as Expected,Refunded
R4017156,O1076869,2025-10-09,Not as Expected,Refunded
R4017157,O1110091,2025-05-31,Size Issue,Refunded
R4017158,O1161473,2025-02-23,Wrong Item,Processing
R4017159,O1040293,2023-11-06,Size Issue,Refunded
R4017160,O1017151,2025-03-09,Damaged,Refunded
R4017161,O1042805,2024-01-23,Changed Mind,Refunded
R4017162,O1106944,2025-05-07,Damaged,Refunded
R4017163,O1032543,2024-11-30,Not as Expected,Refunded
R4017164,O1088111,2025-11-22,Not as Expected,Refunded
R4017165,O1084019,2024-05-21,Damaged,Refunded
R4017166,O1049531,2023-02-09,Not as Expected,Refunded
R4017167,O1082126,2025-04-24,Late Delivery,Refunded
R4017168,O1049716,2025-05-14,Size Issue,Refunded
R4017169,O1035858,2025-01-24,Damaged,Refunded
R4017170,O1165532,2023-07-22,Damaged,Refunded
R4017171,O1059828,2023-01-25,Not as Expected,Refunded
R4017172,O1148488,2025-08-17,Late Delivery,Refunded
R4017173,O1023771,2025-07-26,Wrong Item,Refunded
R4017174,O1100169,2023-04-03,Not as Expected,Refunded
R4017175,O1126553,2024-09-16,Wrong Item,Refunded
R4017176,O1143985,2024-02-15,Not as Expected,Refunded
R4017177,O1139023,2025-09-13,Size Issue,Refunded
R4017178,O1127960,2023-04-23,Damaged,Refunded
R4017179,O1172929,2023-03-29,Damaged,Refunded
R4017180,O1035530,2024-08-05,Changed Mind,Refunded
R4017181,O1100726,2024-07-23,Not as Expected,Refunded
R4017182,O1175560,2025-07-18,Changed Mind,Refunded
R4017183,O1025533,2025-07-11,Damaged,Refunded
R4017184,O1111616,2025-09-12,Damaged,Refunded
R4017185,O1034814,2024-05-15,Not as Expected,Refunded
R4017186,O1178124,2024-02-27,Damaged,Refunded
R4017187,O1068948,2023-09-26,Not as Expected,Refunded
R4017188,O1075390,2023-03-01,Not as Expected,Refunded
R4017189,O1040672,2025-02-11,Damaged,Refunded
R4017190,O1013369,2024-04-14,Changed Mind,Refunded
R4017191,O1059735,2025-11-11,Size Issue,Refunded
R4017192,O1094737,2025-03-11,Not as Expected,Refunded
R4017193,O1145038,2025-11-27,Changed Mind,Refunded
R4017194,O1169768,2025-08-15,Not as Expected,Refunded
R4017195,O1178109,2025-05-13,Damaged,Refunded
R4017196,O1043153,2025-08-27,Size Issue,Refunded
R4017197,O1173725,2024-06-17,Changed Mind,Refunded
R4017198,O1126079,2024-10-05,Late Delivery,Refunded
R4017199,O1125964,2025-04-13,Not as Expected,Refunded
R4017200,O1107513,2023-09-07,Not as Expected,Refunded
R4017201,O1024249,2025-09-13,Not as Expected,Refunded
R4017202,O1103579,2024-12-22,Changed Mind,Refunded
R4017203,O1079794,2023-11-10,Damaged,Refunded
R4017204,O1171180,2023-09-08,Size Issue,Refunded
R4017205,O1036346,2025-09-25,Wrong Item,Refunded
R4017206,O1129527,2024-10-20,Size Issue,Refunded
R4017207,O1134289,2025-03-09,Changed Mind,Processing
R4017208,O1134805,2024-08-28,Damaged,Refunded
R4017209,O1052037,2024-01-14,Late Delivery,Refunded
R4017210,O1059017,2025-06-28,Changed Mind,Refunded
R4017211,O1020013,2023-11-23,Not as Expected,Refunded
R4017212,O1179239,2025-08-13,Wrong Item,Refunded
R4017213,O1073182,2025-12-31,Damaged,Refunded
R4017214,O1066020,2025-06-05,Changed Mind,Refunded
R4017215,O1045684,2025-07-17,Size Issue,Refunded
R4017216,O1165140,2025-05-13,Late Delivery,Refunded
R4017217,O1074764,2025-11-17,Size Issue,Refunded
R4017218,O1113817,2023-10-17,Not as Expected,Refunded
R4017219,O1036264,2025-02-05,Size Issue,Refunded
R4017220,O1052789,2024-12-08,Size Issue,Refunded
R4017221,O1052018,2023-04-07,Late Delivery,Refunded
R4017222,O1129921,2023-04-03,Wrong Item,Refunded
R4017223,O1115995,2025-01-17,Changed Mind,Refunded
R4017224,O1042551,2023-09-28,Damaged,Refunded
R4017225,O1091127,2024-02-23,Changed Mind,Processing
R4017226,O1137188,2025-07-15,Damaged,Refunded
R4017227,O1137495,2025-12-10,Not as Expected,Refunded
R4017228,O1177983,2023-07-28,Not as Expected,Refunded
R4017229,O1004513,2023-11-03,Damaged,Refunded
R4017230,O1149511,2025-05-22,Wrong Item,Refunded
R4017231,O1178996,2024-01-08,Damaged,Refunded
R4017232,O1130857,2024-08-29,Changed Mind,Refunded
R4017233,O1061219,2023-04-25,Changed Mind,Refunded
R4017234,O1138381,2025-01-04,Size Issue,Refunded
R4017235,O1004312,2024-08-27,Changed Mind,Refunded
R4017236,O1129867,2024-06-06,Late Delivery,Refunded
R4017237,O1164749,2025-05-15,Late Delivery,Refunded
R4017238,O1081567,2023-07-21,Not as Expected,Refunded
R4017239,O1121470,2024-10-09,Not as Expected,Refunded
R4017240,O1099500,2024-03-21,Not as Expected,Refunded
R4017241,O1130032,2023-03-24,Wrong Item,Refunded
R4017242,O1116634,2024-05-10,Wrong Item,Refunded
R4017243,O1043888,2023-02-19,Not as Expected,Refunded
R4017244,O1075361,2023-02-25,Damaged,Refunded
R4017245,O1049886,2024-12-29,Damaged,Refunded
R4017246,O1095495,2023-04-07,Changed Mind,Refunded
R4017247,O1012048,2025-12-24,Changed Mind,Refunded
R4017248,O1167282,2025-04-16,Late Delivery,Refunded
R4017249,O1076146,2025-06-06,Changed Mind,Refunded
R4017250,O1088706,2023-10-11,Damaged,Refunded
R4017251,O1085740,2024-04-03,Late Delivery,Refunded
R4017252,O1082495,2025-06-15,Changed Mind,Refunded
R4017253,O1050318,2024-11-18,Not as Expected,Refunded
R4017254,O1002562,2023-05-17,Damaged,Refunded
R4017255,O1124894,2025-08-02,Damaged,Refunded
R4017256,O1058352,2025-02-06,Late Delivery,Refunded
R4017257,O1153037,2025-01-01,Wrong Item,Refunded
R4017258,O1146064,2024-05-03,Changed Mind,Refunded
R4017259,O1145919,2024-02-17,Not as Expected,Refunded
R4017260,O1031198,2024-06-11,Size Issue,Refunded
R4017261,O1114189,2025-08-15,Damaged,Refunded
R4017262,O1144833,2024-11-03,Size Issue,Refunded
R4017263,O1161673,2023-06-05,Size Issue,Refunded
R4017264,O1086944,2023-10-16,Size Issue,Refunded
R4017265,O1120124,2023-10-25,Damaged,Refunded
R4017266,O1027487,2023-02-27,Damaged,Refunded
R4017267,O1151338,2024-10-05,Damaged,Refunded
R4017268,O1118747,2024-01-02,Size Issue,Refunded
R4017269,O1120160,2023-05-14,Size Issue,Refunded
R4017270,O1117039,2025-07-25,Not as Expected,Refunded
R4017271,O1168453,2025-05-13,Changed Mind,Refunded
R4017272,O1119317,2024-08-01,Late Delivery,Refunded
R4017273,O1026925,2023-12-30,Late Delivery,Refunded
R4017274,O1006459,2024-10-29,Not as Expected,Refunded
R4017275,O1085179,2025-08-13,Damaged,Refunded
R4017276,O1179949,2023-08-07,Damaged,Refunded
R4017277,O1065527,2024-12-07,Not as Expected,Processing
R4017278,O1014051,2024-02-09,Not as Expected,Refunded
R4017279,O1158210,2025-11-13,Size Issue,Refunded
R4017280,O1077538,2025-04-23,Changed Mind,Refunded
R4017281,O1038491,2024-10-09,Damaged,Refunded
R4017282,O1119299,2025-07-22,Wrong Item,Refunded
R4017283,O1050039,2023-12-08,Not as Expected,Refunded
R4017284,O1143906,2023-03-24,Damaged,Refunded
R4017285,O1050347,2025-08-27,Not as Expected,Refunded
R4017286,O1097502,2024-10-04,Not as Expected,Refunded
R4017287,O1014887,2024-05-23,Changed Mind,Refunded
R4017288,O1153483,2025-12-19,Changed Mind,Refunded
R4017289,O1061828,2023-08-06,Changed Mind,Refunded
R4017290,O1060103,2023-03-08,Late Delivery,Refunded
R4017291,O1027889,2025-12-22,Damaged,Refunded
R4017292,O1173064,2024-01-31,Wrong Item,Refunded
R4017293,O1165978,2024-02-26,Size Issue,Refunded
R4017294,O1052535,2024-03-24,Not as Expected,Refunded
R4017295,O1097483,2023-01-16,Changed Mind,Refunded
R4017296,O1109314,2025-04-24,Size Issue,Refunded
R4017297,O1019946,2025-01-06,Size Issue,Refunded
R4017298,O1093833,2023-07-26,Late Delivery,Refunded
R4017299,O1139624,2023-06-19,Not as Expected,Refunded
R4017300,O1028307,2025-11-04,Not as Expected,Refunded
R4017301,O1166373,2024-06-06,Damaged,Refunded
R4017302,O1165943,2024-06-27,Size Issue,Refunded
R4017303,O1172803,2025-07-25,Not as Expected,Refunded
R4017304,O1036814,2024-11-13,Wrong Item,Refunded
R4017305,O1072242,2024-03-13,Late Delivery,Refunded
R4017306,O1075449,2026-01-09,Wrong Item,Refunded
R4017307,O1001334,2025-07-19,Wrong Item,Refunded
R4017308,O1164815,2023-04-09,Size Issue,Refunded
R4017309,O1064637,2023-03-14,Damaged,Refunded
R4017310,O1018631,2025-07-17,Not as Expected,Refunded
R4017311,O1118775,2023-02-11,Size Issue,Refunded
R4017312,O1162126,2025-04-03,Not as Expected,Refunded
R4017313,O1142495,2025-05-11,Changed Mind,Refunded
R4017314,O1132208,2025-07-16,Size Issue,Processing
R4017315,O1125216,2024-06-15,Size Issue,Refunded
R4017316,O1138132,2024-11-02,Not as Expected,Processing
R4017317,O1005128,2024-06-20,Damaged,Refunded
R4017318,O1134565,2024-05-02,Not as Expected,Refunded
R4017319,O1035195,2025-12-09,Damaged,Refunded
R4017320,O1122091,2024-02-19,Not as Expected,Refunded
R4017321,O1136477,2025-11-28,Changed Mind,Refunded
R4017322,O1158951,2024-12-07,Late Delivery,Refunded
R4017323,O1108841,2025-01-11,Damaged,Refunded
R4017324,O1040815,2023-12-23,Size Issue,Refunded
R4017325,O1064897,2024-04-18,Wrong Item,Refunded
R4017326,O1135999,2024-12-29,Size Issue,Refunded
R4017327,O1106266,2025-02-14,Late Delivery,Refunded
R4017328,O1085888,2025-04-05,Not as Expected,Refunded
R4017329,O1007052,2023-05-05,Wrong Item,Refunded
R4017330,O1017164,2024-08-10,Late Delivery,Refunded
R4017331,O1140744,2023-05-15,Wrong Item,Refunded
R4017332,O1149103,2023-03-17,Not as Expected,Refunded
R4017333,O1117613,2025-10-29,Size Issue,Refunded
R4017334,O1026207,2023-12-28,Not as Expected,Refunded
R4017335,O1029286,2024-06-24,Size Issue,Refunded
R4017336,O1142986,2025-12-19,Not as Expected,Refunded
R4017337,O1048053,2024-09-14,Not as Expected,Refunded
R4017338,O1113502,2023-03-16,Damaged,Processing
R4017339,O1061064,2023-05-20,Not as Expected,Refunded
R4017340,O1018328,2025-08-15,Changed Mind,Refunded
R4017341,O1032501,2023-12-28,Size Issue,Refunded
R4017342,O1116141,2024-06-24,Not as Expected,Refunded
R4017343,O1013593,2024-09-26,Changed Mind,Refunded
R4017344,O1005459,2025-04-02,Size Issue,Refunded
R4017345,O1162952,2024-06-01,Size Issue,Refunded
R4017346,O1168907,2024-10-07,Changed Mind,Refunded
R4017347,O1013896,2023-09-12,Damaged,Refunded
R4017348,O1093429,2025-08-08,Size Issue,Refunded
R4017349,O1054708,2023-05-17,Not as Expected,Refunded
R4017350,O1024712,2024-05-13,Not as Expected,Processing
R4017351,O1163234,2024-09-23,Not as Expected,Refunded
R4017352,O1051714,2024-09-18,Not as Expected,Processing
R4017353,O1106667,2024-08-30,Wrong Item,Refunded
R4017354,O1033522,2024-06-07,Damaged,Refunded
R4017355,O1170424,2024-12-21,Damaged,Refunded
R4017356,O1077969,2025-08-07,Damaged,Refunded
R4017357,O1086181,2023-10-01,Changed Mind,Refunded
R4017358,O1179560,2023-03-06,Not as Expected,Refunded
R4017359,O1058058,2023-12-25,Not as Expected,Refunded
R4017360,O1039979,2024-03-25,Not as Expected,Refunded
R4017361,O1017640,2023-07-26,Not as Expected,Refunded
R4017362,O1106010,2025-02-21,Not as Expected,Refunded
R4017363,O1120555,2024-12-01,Size Issue,Refunded
R4017364,O1044470,2025-10-04,Size Issue,Refunded
R4017365,O1037316,2023-05-13,Not as Expected,Refunded
R4017366,O1088026,2023-07-15,Late Delivery,Refunded
R4017367,O1096593,2024-03-26,Wrong Item,Refunded
R4017368,O1079408,2023-07-29,Not as Expected,Refunded
R4017369,O1167908,2024-09-24,Wrong Item,Refunded
R4017370,O1121579,2023-10-17,Size Issue,Refunded
R4017371,O1171307,2025-12-22,Not as Expected,Refunded
R4017372,O1135996,2024-01-28,Not as Expected,Processing
R4017373,O1151061,2023-11-23,Size Issue,Refunded
R4017374,O1037951,2023-02-07,Not as Expected,Refunded
R4017375,O1019016,2023-05-04,Size Issue,Refunded
R4017376,O1075473,2023-04-05,Not as Expected,Refunded
R4017377,O1111129,2024-11-28,Wrong Item,Refunded
R4017378,O1068379,2024-02-11,Damaged,Refunded
R4017379,O1078915,2023-02-11,Size Issue,Refunded
R4017380,O1132590,2023-09-04,Changed Mind,Refunded
R4017381,O1165332,2023-11-22,Size Issue,Refunded
R4017382,O1166216,2024-06-24,Changed Mind,Refunded
R4017383,O1001517,2023-10-10,Not as Expected,Refunded
R4017384,O1039711,2023-10-10,Size Issue,Refunded
R4017385,O1022607,2023-07-15,Not as Expected,Refunded
R4017386,O1042001,2023-10-21,Size Issue,Refunded
R4017387,O1095548,2025-06-06,Late Delivery,Refunded
R4017388,O1140790,2024-09-22,Not as Expected,Refunded
R4017389,O1077005,2024-02-29,Late Delivery,Refunded
R4017390,O1024781,2025-07-15,Late Delivery,Refunded
R4017391,O1140571,2024-06-03,Wrong Item,Refunded
R4017392,O1093708,2023-10-19,Changed Mind,Refunded
R4017393,O1010116,2024-08-08,Wrong Item,Refunded
R4017394,O1106006,2025-10-08,Late Delivery,Refunded
R4017395,O1148929,2023-12-17,Size Issue,Refunded
R4017396,O1018021,2024-04-26,Not as Expected,Refunded
R4017397,O1053960,2024-05-12,Damaged,Refunded
R4017398,O1013835,2024-08-10,Late Delivery,Processing
R4017399,O1172646,2023-09-23,Damaged,Refunded
R4017400,O1091678,2024-08-03,Size Issue,Refunded
R4017401,O1033902,2025-11-19,Damaged,Refunded
R4017402,O1114112,2024-08-21,Not as Expected,Refunded
R4017403,O1017210,2025-08-21,Not as Expected,Refunded
R4017404,O1071450,2023-02-07,Wrong Item,Refunded
R4017405,O1135818,2025-01-31,Not as Expected,Refunded
R4017406,O1057310,2023-03-01,Not as Expected,Refunded
R4017407,O1022138,2023-02-24,Not as Expected,Refunded
R4017408,O1106364,2023-08-08,Late Delivery,Refunded
R4017409,O1054416,2025-03-23,Damaged,Refunded
R4017410,O1014550,2024-09-03,Size Issue,Refunded
R4017411,O1006164,2023-06-06,Damaged,Refunded
R4017412,O1075761,2025-11-25,Changed Mind,Refunded
R4017413,O1028132,2024-10-14,Late Delivery,Refunded
R4017414,O1172287,2024-09-02,Wrong Item,Refunded
R4017415,O1113482,2024-09-02,Late Delivery,Refunded
R4017416,O1033691,2024-04-01,Changed Mind,Refunded
R4017417,O1009397,2023-10-14,Late Delivery,Refunded
R4017418,O1035034,2023-10-18,Changed Mind,Refunded
R4017419,O1136392,2024-04-20,Changed Mind,Refunded
R4017420,O1176204,2024-01-22,Not as Expected,Refunded
R4017421,O1065176,2023-07-24,Late Delivery,Refunded
R4017422,O1162195,2025-12-05,Changed Mind,Refunded
R4017423,O1087780,2024-07-14,Not as Expected,Refunded
R4017424,O1084613,2025-08-16,Damaged,Refunded
R4017425,O1128660,2023-01-11,Late Delivery,Refunded
R4017426,O1094674,2023-12-10,Wrong Item,Refunded
R4017427,O1024933,2025-12-08,Damaged,Refunded
R4017428,O1175129,2023-02-18,Not as Expected,Refunded
R4017429,O1129553,2023-05-27,Size Issue,Refunded
R4017430,O1038584,2024-06-23,Late Delivery,Refunded
R4017431,O1072335,2025-03-18,Not as Expected,Refunded
R4017432,O1090220,2025-07-10,Size Issue,Refunded
R4017433,O1130160,2023-11-10,Not as Expected,Refunded
R4017434,O1017223,2025-03-02,Wrong Item,Refunded
R4017435,O1035234,2024-04-24,Not as Expected,Refunded
R4017436,O1108534,2024-10-16,Not as Expected,Refunded
R4017437,O1128976,2024-06-14,Not as Expected,Refunded
R4017438,O1149425,2023-05-09,Not as Expected,Refunded
R4017439,O1045062,2025-08-14,Wrong Item,Refunded
R4017440,O1119197,2024-12-20,Changed Mind,Refunded
R4017441,O1031322,2024-02-10,Not as Expected,Processing
R4017442,O1078275,2024-03-16,Size Issue,Refunded
R4017443,O1011015,2023-04-21,Damaged,Refunded
R4017444,O1091201,2024-10-02,Changed Mind,Refunded
R4017445,O1125063,2024-03-10,Size Issue,Refunded
R4017446,O1093067,2025-03-14,Not as Expected,Refunded
R4017447,O1105097,2025-07-01,Not as Expected,Refunded
R4017448,O1118863,2025-06-04,Changed Mind,Refunded
R4017449,O1005712,2023-03-04,Damaged,Refunded
R4017450,O1144102,2024-10-09,Late Delivery,Processing
R4017451,O1104858,2023-11-05,Size Issue,Refunded
R4017452,O1011566,2025-01-03,Size Issue,Refunded
R4017453,O1028341,2025-01-18,Not as Expected,Refunded
R4017454,O1162937,2025-10-04,Size Issue,Refunded
R4017455,O1090975,2024-01-15,Wrong Item,Refunded
R4017456,O1101760,2025-06-11,Damaged,Refunded
R4017457,O1153755,2025-04-26,Size Issue,Refunded
R4017458,O1077194,2025-06-06,Wrong Item,Refunded
R4017459,O1084169,2024-12-15,Damaged,Refunded
R4017460,O1001932,2024-07-03,Damaged,Refunded
R4017461,O1116683,2024-09-24,Changed Mind,Refunded
R4017462,O1113727,2024-08-02,Late Delivery,Refunded
R4017463,O1141055,2025-09-22,Size Issue,Refunded
R4017464,O1054030,2025-08-15,Late Delivery,Refunded
R4017465,O1079755,2024-05-06,Damaged,Refunded
R4017466,O1161907,2024-11-08,Not as Expected,Refunded
R4017467,O1129282,2025-09-03,Damaged,Refunded
R4017468,O1149852,2024-12-29,Damaged,Refunded
R4017469,O1070305,2023-05-14,Damaged,Refunded
R4017470,O1136925,2024-06-02,Size Issue,Refunded
R4017471,O1089094,2024-01-10,Late Delivery,Refunded
R4017472,O1048372,2025-12-14,Changed Mind,Refunded
R4017473,O1083794,2023-11-05,Wrong Item,Refunded
R4017474,O1011470,2025-10-02,Late Delivery,Refunded
R4017475,O1077599,2025-01-23,Size Issue,Refunded
R4017476,O1002092,2023-04-06,Changed Mind,Refunded
R4017477,O1055218,2025-11-24,Not as Expected,Refunded
R4017478,O1030164,2024-07-23,Late Delivery,Refunded
R4017479,O1006639,2023-05-16,Damaged,Refunded
R4017480,O1153079,2025-07-01,Size Issue,Refunded
R4017481,O1024114,2023-09-20,Changed Mind,Refunded
R4017482,O1038118,2023-11-12,Wrong Item,Refunded
R4017483,O1124073,2024-10-11,Not as Expected,Refunded
R4017484,O1143780,2023-12-10,Not as Expected,Refunded
R4017485,O1124441,2024-05-20,Damaged,Refunded
R4017486,O1077313,2024-02-01,Size Issue,Refunded
R4017487,O1070071,2024-06-08,Size Issue,Refunded
R4017488,O1007265,2024-04-08,Damaged,Refunded
R4017489,O1041704,2024-11-11,Damaged,Refunded
R4017490,O1132156,2024-09-06,Wrong Item,Refunded
R4017491,O1133523,2025-01-17,Size Issue,Refunded
R4017492,O1023232,2024-12-11,Wrong Item,Refunded
R4017493,O1134030,2023-06-25,Size Issue,Refunded
R4017494,O1126822,2025-02-16,Not as Expected,Refunded
R4017495,O1144954,2024-03-07,Not as Expected,Refunded
R4017496,O1061505,2023-11-17,Damaged,Refunded
R4017497,O1013128,2025-05-09,Damaged,Refunded
R4017498,O1100329,2025-10-11,Damaged,Refunded
R4017499,O1061675,2024-11-11,Size Issue,Refunded
R4017500,O1024726,2024-10-13,Not as Expected,Refunded
R4017501,O1099119,2024-08-08,Late Delivery,Refunded
R4017502,O1141362,2025-10-21,Size Issue,Refunded
R4017503,O1100740,2025-06-16,Changed Mind,Refunded
R4017504,O1062441,2023-01-22,Size Issue,Refunded
R4017505,O1106313,2025-07-10,Size Issue,Refunded
R4017506,O1112173,2025-08-21,Late Delivery,Refunded
R4017507,O1078021,2023-03-22,Not as Expected,Refunded
R4017508,O1035887,2024-03-02,Size Issue,Refunded
R4017509,O1090913,2023-04-21,Late Delivery,Refunded
R4017510,O1126862,2024-08-21,Changed Mind,Refunded
R4017511,O1156003,2024-08-24,Damaged,Refunded
R4017512,O1088978,2023-09-07,Not as Expected,Refunded
R4017513,O1005087,2023-08-15,Changed Mind,Refunded
R4017514,O1084982,2023-09-17,Size Issue,Refunded
R4017515,O1096984,2023-09-01,Late Delivery,Refunded
R4017516,O1154695,2025-01-13,Wrong Item,Refunded
R4017517,O1084178,2024-05-10,Changed Mind,Processing
R4017518,O1039603,2024-11-15,Late Delivery,Refunded
R4017519,O1034490,2023-06-26,Not as Expected,Refunded
R4017520,O1156736,2024-04-21,Not as Expected,Refunded
R4017521,O1163364,2023-01-24,Wrong Item,Processing
R4017522,O1015769,2025-08-07,Damaged,Refunded
R4017523,O1004882,2025-03-07,Changed Mind,Refunded
R4017524,O1154243,2023-07-30,Damaged,Refunded
R4017525,O1059466,2023-10-11,Changed Mind,Processing
R4017526,O1153097,2025-03-29,Late Delivery,Refunded
R4017527,O1160841,2023-08-19,Damaged,Refunded
R4017528,O1093886,2025-09-01,Not as Expected,Refunded
R4017529,O1136084,2025-02-05,Damaged,Refunded
R4017530,O1029151,2025-08-19,Not as Expected,Refunded
R4017531,O1087341,2025-10-31,Changed Mind,Refunded
R4017532,O1176580,2024-06-03,Not as Expected,Refunded
R4017533,O1144326,2024-10-03,Damaged,Refunded
R4017534,O1068979,2023-08-30,Changed Mind,Refunded
R4017535,O1148141,2025-11-21,Damaged,Refunded
R4017536,O1003088,2026-01-06,Size Issue,Refunded
R4017537,O1073576,2024-04-08,Late Delivery,Processing
R4017538,O1179537,2025-01-27,Damaged,Refunded
R4017539,O1086708,2024-03-21,Changed Mind,Refunded
R4017540,O1100898,2025-12-08,Not as Expected,Refunded
R4017541,O1085059,2023-05-29,Wrong Item,Refunded
R4017542,O1179622,2024-06-07,Damaged,Refunded
R4017543,O1040607,2024-12-12,Size Issue,Refunded
R4017544,O1073925,2025-05-16,Wrong Item,Refunded
R4017545,O1176369,2023-01-20,Late Delivery,Refunded
R4017546,O1127807,2024-08-12,Late Delivery,Refunded
R4017547,O1068611,2024-04-30,Late Delivery,Refunded
R4017548,O1152878,2023-06-21,Late Delivery,Refunded
R4017549,O1014729,2024-05-09,Not as Expected,Refunded
R4017550,O1071949,2025-07-02,Not as Expected,Refunded
R4017551,O1057285,2025-02-23,Damaged,Refunded
R4017552,O1033283,2025-07-23,Not as Expected,Refunded
R4017553,O1090585,2024-03-30,Wrong Item,Refunded
R4017554,O1097706,2023-10-18,Changed Mind,Refunded
R4017555,O1151314,2025-05-31,Not as Expected,Refunded
R4017556,O1133909,2023-06-11,Damaged,Refunded
R4017557,O1115223,2023-01-30,Not as Expected,Refunded
R4017558,O1087574,2023-03-14,Late Delivery,Refunded
R4017559,O1168127,2023-11-05,Not as Expected,Refunded
R4017560,O1118346,2023-02-03,Damaged,Refunded
R4017561,O1032500,2025-01-12,Changed Mind,Refunded
R4017562,O1131769,2025-07-25,Damaged,Refunded
R4017563,O1000870,2025-11-03,Size Issue,Refunded
R4017564,O1062560,2023-06-23,Changed Mind,Refunded
R4017565,O1007669,2023-07-30,Not as Expected,Refunded
R4017566,O1005431,2025-03-25,Late Delivery,Processing
R4017567,O1158604,2024-07-15,Wrong Item,Refunded
R4017568,O1157329,2023-11-14,Changed Mind,Refunded
R4017569,O1032605,2023-12-19,Not as Expected,Refunded
R4017570,O1128872,2024-03-11,Changed Mind,Refunded
R4017571,O1158079,2024-08-06,Not as Expected,Refunded
R4017572,O1033326,2024-11-07,Not as Expected,Refunded
R4017573,O1173510,2023-01-20,Wrong Item,Refunded
R4017574,O1102628,2023-11-30,Changed Mind,Refunded
R4017575,O1159829,2025-12-02,Size Issue,Processing
R4017576,O1063279,2025-03-12,Damaged,Refunded
R4017577,O1008141,2023-08-04,Damaged,Refunded
R4017578,O1045318,2024-02-26,Size Issue,Refunded
R4017579,O1131295,2025-01-01,Wrong Item,Refunded
R4017580,O1176501,2023-06-09,Not as Expected,Refunded
R4017581,O1167744,2024-07-17,Size Issue,Refunded
R4017582,O1158469,2025-08-25,Not as Expected,Refunded
R4017583,O1126525,2024-02-15,Not as Expected,Refunded
R4017584,O1124424,2023-02-21,Not as Expected,Processing
R4017585,O1114602,2025-04-26,Wrong Item,Refunded
R4017586,O1091831,2025-06-03,Not as Expected,Refunded
R4017587,O1168987,2023-06-01,Damaged,Refunded
R4017588,O1100473,2023-03-20,Size Issue,Refunded
R4017589,O1092000,2025-12-09,Changed Mind,Refunded
R4017590,O1049852,2025-07-05,Changed Mind,Refunded
R4017591,O1054801,2023-10-10,Not as Expected,Refunded
R4017592,O1047524,2023-02-02,Wrong Item,Refunded
R4017593,O1035024,2025-09-26,Late Delivery,Refunded
R4017594,O1039584,2023-03-14,Not as Expected,Processing
R4017595,O1018633,2023-01-12,Late Delivery,Refunded
R4017596,O1111823,2025-09-23,Wrong Item,Refunded
R4017597,O1152920,2023-01-29,Changed Mind,Refunded
R4017598,O1147939,2023-06-12,Damaged,Processing
R4017599,O1105200,2023-12-07,Wrong Item,Refunded
R4017600,O1011534,2023-06-06,Changed Mind,Refunded
R4017601,O1087708,2025-10-16,Changed Mind,Refunded
R4017602,O1149702,2023-03-06,Not as Expected,Refunded
R4017603,O1015301,2024-04-10,Not as Expected,Refunded
R4017604,O1144289,2025-06-22,Wrong Item,Refunded
R4017605,O1146960,2025-07-24,Damaged,Processing
R4017606,O1123497,2024-06-03,Not as Expected,Refunded
R4017607,O1007170,2024-09-29,Size Issue,Refunded
R4017608,O1102843,2025-05-23,Wrong Item,Refunded
R4017609,O1154421,2025-04-10,Changed Mind,Refunded
R4017610,O1179138,2025-11-10,Damaged,Refunded
R4017611,O1094659,2024-07-20,Late Delivery,Refunded
R4017612,O1159611,2024-01-02,Size Issue,Processing
R4017613,O1083065,2024-07-21,Late Delivery,Refunded
R4017614,O1055734,2025-09-02,Not as Expected,Refunded
R4017615,O1071224,2024-09-06,Not as Expected,Refunded
R4017616,O1126782,2023-06-08,Damaged,Refunded
R4017617,O1102855,2025-06-28,Late Delivery,Refunded
R4017618,O1148172,2023-02-17,Late Delivery,Refunded
R4017619,O1150069,2024-11-06,Changed Mind,Refunded
R4017620,O1043363,2023-08-03,Damaged,Refunded
R4017621,O1177677,2024-09-07,Changed Mind,Processing
R4017622,O1127870,2025-01-15,Size Issue,Refunded
R4017623,O1161906,2024-07-30,Size Issue,Refunded
R4017624,O1157863,2023-04-12,Late Delivery,Refunded
R4017625,O1111454,2024-11-28,Not as Expected,Refunded
R4017626,O1162086,2025-04-21,Size Issue,Processing
R4017627,O1009785,2025-05-02,Not as Expected,Refunded
R4017628,O1039632,2025-09-17,Size Issue,Refunded
R4017629,O1097960,2023-01-30,Not as Expected,Refunded
R4017630,O1170045,2025-02-12,Not as Expected,Refunded
R4017631,O1158374,2023-07-09,Late Delivery,Refunded
R4017632,O1070230,2025-03-10,Changed Mind,Refunded
R4017633,O1038760,2026-01-04,Damaged,Refunded
R4017634,O1078405,2025-08-20,Size Issue,Refunded
R4017635,O1165798,2023-03-18,Late Delivery,Refunded
R4017636,O1000019,2023-12-20,Wrong Item,Refunded
R4017637,O1107302,2024-03-22,Damaged,Refunded
R4017638,O1064321,2024-09-25,Size Issue,Refunded
R4017639,O1034206,2023-04-06,Wrong Item,Refunded
R4017640,O1006383,2023-06-09,Changed Mind,Refunded
R4017641,O1012847,2024-01-26,Size Issue,Refunded
R4017642,O1111352,2025-12-20,Wrong Item,Refunded
R4017643,O1100552,2023-08-25,Not as Expected,Refunded
R4017644,O1031607,2025-05-15,Late Delivery,Refunded
R4017645,O1063887,2025-11-20,Late Delivery,Refunded
R4017646,O1030339,2024-09-18,Not as Expected,Refunded
R4017647,O1048830,2025-06-30,Damaged,Refunded
R4017648,O1017253,2023-07-19,Not as Expected,Refunded
R4017649,O1059075,2025-05-30,Changed Mind,Refunded
R4017650,O1015877,2025-06-21,Damaged,Refunded
R4017651,O1139168,2024-05-21,Wrong Item,Refunded
R4017652,O1099276,2024-03-08,Changed Mind,Processing
R4017653,O1152137,2025-04-06,Not as Expected,Refunded
R4017654,O1105441,2025-08-29,Wrong Item,Refunded
R4017655,O1008400,2024-11-10,Wrong Item,Refunded
R4017656,O1075582,2023-03-12,Damaged,Refunded
R4017657,O1179344,2024-02-08,Not as Expected,Refunded
R4017658,O1124299,2024-09-20,Damaged,Refunded
R4017659,O1039149,2023-10-24,Late Delivery,Refunded
R4017660,O1014409,2025-06-27,Late Delivery,Refunded
R4017661,O1070990,2023-03-03,Changed Mind,Refunded
R4017662,O1160004,2024-08-15,Not as Expected,Refunded
R4017663,O1165382,2025-09-25,Changed Mind,Refunded
R4017664,O1168224,2025-10-01,Not as Expected,Refunded
R4017665,O1027735,2023-11-01,Late Delivery,Refunded
R4017666,O1138801,2023-02-17,Not as Expected,Refunded
R4017667,O1175983,2024-12-08,Not as Expected,Refunded
R4017668,O1158508,2025-04-10,Changed Mind,Refunded
R4017669,O1103373,2023-08-31,Size Issue,Refunded
R4017670,O1165988,2025-12-04,Size Issue,Refunded
R4017671,O1103568,2023-12-29,Not as Expected,Refunded
R4017672,O1141119,2024-02-29,Size Issue,Refunded
R4017673,O1091530,2025-01-16,Damaged,Refunded
R4017674,O1178608,2023-12-10,Not as Expected,Refunded
R4017675,O1163557,2023-05-26,Size Issue,Refunded
R4017676,O1136250,2024-09-07,Not as Expected,Refunded
R4017677,O1145171,2025-08-05,Late Delivery,Refunded
R4017678,O1029616,2025-02-25,Not as Expected,Refunded
R4017679,O1168196,2024-03-03,Wrong Item,Processing
R4017680,O1012942,2025-12-09,Wrong Item,Refunded
R4017681,O1013346,2023-06-25,Late Delivery,Refunded
R4017682,O1066503,2024-03-13,Late Delivery,Refunded
R4017683,O1058086,2023-09-27,Changed Mind,Refunded
R4017684,O1046060,2025-06-19,Wrong Item,Refunded
R4017685,O1161688,2023-11-07,Wrong Item,Refunded
R4017686,O1042115,2025-12-28,Late Delivery,Refunded
R4017687,O1083833,2023-11-02,Wrong Item,Refunded
R4017688,O1166498,2023-08-25,Not as Expected,Refunded
R4017689,O1035641,2024-07-27,Wrong Item,Refunded
R4017690,O1028845,2025-08-19,Wrong Item,Refunded
R4017691,O1015331,2024-07-02,Size Issue,Refunded
R4017692,O1147397,2023-05-12,Late Delivery,Refunded
R4017693,O1017792,2024-12-29,Size Issue,Processing
R4017694,O1113248,2025-05-23,Changed Mind,Refunded
R4017695,O1060382,2024-09-04,Damaged,Refunded
R4017696,O1100972,2025-10-08,Not as Expected,Refunded
R4017697,O1114324,2025-07-30,Late Delivery,Refunded
R4017698,O1108774,2024-08-23,Not as Expected,Processing
R4017699,O1174030,2025-08-20,Not as Expected,Refunded
R4017700,O1035466,2024-06-04,Damaged,Refunded
R4017701,O1095402,2023-02-16,Wrong Item,Processing
R4017702,O1168457,2023-11-01,Wrong Item,Processing
R4017703,O1151202,2023-09-24,Damaged,Refunded
R4017704,O1111245,2023-04-24,Not as Expected,Refunded
R4017705,O1082860,2024-08-14,Damaged,Refunded
R4017706,O1052516,2024-07-12,Not as Expected,Refunded
R4017707,O1024289,2024-02-10,Changed Mind,Refunded
R4017708,O1078961,2024-08-04,Changed Mind,Refunded
R4017709,O1165251,2025-04-26,Not as Expected,Refunded
R4017710,O1029127,2025-12-20,Not as Expected,Refunded
R4017711,O1057390,2023-03-03,Wrong Item,Processing
R4017712,O1109277,2023-08-11,Size Issue,Processing
R4017713,O1077033,2025-07-27,Wrong Item,Refunded
R4017714,O1050244,2024-06-07,Wrong Item,Refunded
R4017715,O1072283,2023-12-29,Wrong Item,Processing
R4017716,O1051729,2025-09-05,Late Delivery,Refunded
R4017717,O1107929,2023-10-11,Late Delivery,Refunded
R4017718,O1117769,2025-10-22,Damaged,Refunded
R4017719,O1009216,2024-06-05,Late Delivery,Refunded
R4017720,O1130141,2025-02-01,Wrong Item,Processing
R4017721,O1041974,2025-06-07,Not as Expected,Refunded
R4017722,O1022617,2025-05-07,Changed Mind,Refunded
R4017723,O1103850,2025-05-15,Wrong Item,Refunded
R4017724,O1008708,2023-11-20,Size Issue,Refunded
R4017725,O1108881,2025-09-26,Size Issue,Refunded
R4017726,O1083307,2025-08-04,Late Delivery,Refunded
R4017727,O1173704,2024-02-06,Changed Mind,Refunded
R4017728,O1145794,2023-06-08,Not as Expected,Refunded
R4017729,O1166175,2023-01-24,Not as Expected,Processing
R4017730,O1028476,2023-07-27,Not as Expected,Refunded
R4017731,O1080574,2025-03-31,Damaged,Refunded
R4017732,O1070487,2024-05-17,Size Issue,Refunded
R4017733,O1153542,2023-12-28,Changed Mind,Refunded
R4017734,O1144780,2024-05-12,Wrong Item,Refunded
R4017735,O1118280,2023-08-26,Size Issue,Refunded
R4017736,O1131524,2025-03-18,Wrong Item,Refunded
R4017737,O1115330,2025-09-05,Size Issue,Refunded
R4017738,O1138481,2025-10-31,Late Delivery,Processing
R4017739,O1053300,2023-10-25,Changed Mind,Refunded
R4017740,O1089503,2023-04-25,Late Delivery,Refunded
R4017741,O1175481,2023-11-26,Size Issue,Refunded
R4017742,O1064993,2024-01-16,Not as Expected,Processing
R4017743,O1151158,2023-05-21,Size Issue,Refunded
R4017744,O1170596,2024-10-29,Changed Mind,Processing
R4017745,O1101249,2025-10-31,Size Issue,Refunded
R4017746,O1075329,2023-11-19,Size Issue,Refunded
R4017747,O1155725,2024-08-08,Size Issue,Refunded
R4017748,O1121132,2023-12-15,Changed Mind,Refunded
R4017749,O1155313,2023-12-03,Damaged,Refunded
R4017750,O1036362,2023-04-04,Size Issue,Refunded
R4017751,O1163738,2024-03-13,Not as Expected,Refunded
R4017752,O1005897,2025-06-14,Wrong Item,Refunded
R4017753,O1163821,2025-07-07,Not as Expected,Processing
R4017754,O1064542,2025-03-08,Size Issue,Refunded
R4017755,O1010411,2025-03-19,Wrong Item,Refunded
R4017756,O1030675,2024-08-31,Damaged,Refunded
R4017757,O1011291,2023-08-16,Wrong Item,Refunded
R4017758,O1141040,2025-06-30,Size Issue,Refunded
R4017759,O1178750,2023-07-02,Not as Expected,Refunded
R4017760,O1077287,2023-04-11,Changed Mind,Refunded
R4017761,O1122042,2023-06-16,Late Delivery,Refunded
R4017762,O1098816,2023-06-09,Not as Expected,Refunded
R4017763,O1093487,2025-06-05,Wrong Item,Refunded
R4017764,O1116434,2024-06-08,Size Issue,Refunded
R4017765,O1069739,2024-03-21,Size Issue,Refunded
R4017766,O1039621,2023-09-18,Changed Mind,Refunded
R4017767,O1117617,2023-10-10,Damaged,Refunded
R4017768,O1153912,2023-07-10,Not as Expected,Refunded
R4017769,O1040441,2024-12-05,Not as Expected,Refunded
R4017770,O1109264,2023-12-27,Wrong Item,Refunded
R4017771,O1010637,2025-02-13,Late Delivery,Refunded
R4017772,O1100772,2024-10-11,Wrong Item,Refunded
R4017773,O1034113,2025-10-05,Damaged,Processing
R4017774,O1171555,2024-12-13,Size Issue,Processing
R4017775,O1017479,2024-09-11,Wrong Item,Refunded
R4017776,O1000074,2024-04-01,Not as Expected,Refunded
R4017777,O1119098,2025-07-17,Not as Expected,Refunded
R4017778,O1032396,2024-12-02,Not as Expected,Refunded
R4017779,O1064158,2023-10-13,Not as Expected,Refunded
R4017780,O1060268,2025-08-10,Size Issue,Processing
R4017781,O1080226,2024-05-09,Wrong Item,Refunded
R4017782,O1174569,2023-07-13,Wrong Item,Refunded
R4017783,O1110745,2025-01-12,Size Issue,Refunded
R4017784,O1137011,2025-08-04,Late Delivery,Refunded
R4017785,O1167660,2025-01-07,Not as Expected,Refunded
R4017786,O1170263,2025-03-26,Late Delivery,Refunded
R4017787,O1119573,2025-04-26,Size Issue,Refunded
R4017788,O1167124,2024-05-20,Not as Expected,Refunded
R4017789,O1082031,2023-03-14,Changed Mind,Refunded
R4017790,O1148265,2025-04-06,Not as Expected,Refunded
R4017791,O1092366,2023-03-01,Damaged,Refunded
R4017792,O1048101,2024-09-17,Size Issue,Refunded
R4017793,O1123789,2025-09-10,Not as Expected,Refunded
R4017794,O1071916,2024-01-04,Not as Expected,Refunded
R4017795,O1022414,2024-10-17,Changed Mind,Refunded
R4017796,O1129367,2024-05-26,Wrong Item,Refunded
R4017797,O1084520,2024-12-15,Size Issue,Refunded
R4017798,O1123313,2024-12-09,Changed Mind,Refunded
R4017799,O1011737,2025-03-06,Late Delivery,Refunded
R4017800,O1099018,2023-04-08,Damaged,Refunded
R4017801,O1160630,2024-10-05,Changed Mind,Refunded
R4017802,O1145908,2023-09-24,Wrong Item,Refunded
R4017803,O1176415,2023-07-26,Changed Mind,Processing
R4017804,O1166721,2024-06-12,Changed Mind,Refunded
R4017805,O1087964,2024-12-08,Size Issue,Refunded
R4017806,O1028480,2025-06-22,Wrong Item,Refunded
R4017807,O1114824,2024-11-12,Damaged,Refunded
R4017808,O1157356,2024-03-09,Changed Mind,Refunded
R4017809,O1159514,2024-06-02,Changed Mind,Refunded
R4017810,O1164683,2024-08-11,Changed Mind,Refunded
R4017811,O1005791,2025-11-26,Wrong Item,Refunded
R4017812,O1007276,2025-06-03,Late Delivery,Refunded
R4017813,O1001194,2025-07-12,Not as Expected,Refunded
R4017814,O1177949,2023-11-16,Changed Mind,Refunded
R4017815,O1041415,2024-09-18,Changed Mind,Refunded
R4017816,O1162450,2025-10-22,Not as Expected,Refunded
R4017817,O1023599,2025-03-07,Wrong Item,Refunded
R4017818,O1142092,2025-10-14,Late Delivery,Refunded
R4017819,O1044283,2024-01-20,Size Issue,Refunded
R4017820,O1117526,2024-09-28,Not as Expected,Refunded
R4017821,O1063660,2024-01-26,Late Delivery,Refunded
R4017822,O1046451,2023-08-20,Late Delivery,Refunded
R4017823,O1041914,2023-04-11,Not as Expected,Refunded
R4017824,O1145296,2023-07-21,Late Delivery,Refunded
R4017825,O1065982,2023-12-08,Size Issue,Refunded
R4017826,O1098067,2023-09-15,Late Delivery,Refunded
R4017827,O1048922,2025-10-15,Changed Mind,Refunded
R4017828,O1099235,2025-05-01,Not as Expected,Refunded
R4017829,O1159705,2023-12-15,Changed Mind,Processing
R4017830,O1178431,2025-02-09,Wrong Item,Refunded
R4017831,O1008401,2025-09-14,Damaged,Refunded
R4017832,O1000626,2024-07-02,Late Delivery,Refunded
R4017833,O1031353,2024-02-03,Not as Expected,Processing
R4017834,O1129652,2024-09-08,Changed Mind,Refunded
R4017835,O1062786,2025-11-20,Wrong Item,Refunded
R4017836,O1106117,2023-12-04,Late Delivery,Refunded
R4017837,O1130162,2023-09-09,Size Issue,Processing
R4017838,O1103435,2025-01-20,Changed Mind,Refunded
R4017839,O1087581,2025-11-15,Wrong Item,Refunded
R4017840,O1157370,2025-04-12,Size Issue,Refunded
R4017841,O1010816,2025-09-27,Size Issue,Refunded
R4017842,O1081495,2023-09-20,Not as Expected,Refunded
R4017843,O1129611,2025-01-26,Damaged,Refunded
R4017844,O1155521,2023-09-14,Not as Expected,Refunded
R4017845,O1171799,2025-08-13,Damaged,Refunded
R4017846,O1147349,2024-03-21,Not as Expected,Refunded
R4017847,O1134642,2024-06-15,Damaged,Refunded
R4017848,O1118211,2024-12-10,Changed Mind,Processing
R4017849,O1019710,2023-05-07,Not as Expected,Refunded
R4017850,O1048350,2024-04-13,Not as Expected,Refunded
R4017851,O1037745,2025-08-24,Late Delivery,Processing
R4017852,O1169975,2023-11-13,Size Issue,Refunded
R4017853,O1124580,2024-09-13,Damaged,Refunded
R4017854,O1085168,2024-02-09,Changed Mind,Refunded
R4017855,O1037128,2025-02-14,Damaged,Refunded
R4017856,O1110026,2025-12-22,Not as Expected,Refunded
R4017857,O1141806,2023-01-16,Not as Expected,Refunded
R4017858,O1073454,2025-04-25,Size Issue,Refunded
R4017859,O1040707,2023-12-26,Not as Expected,Refunded
R4017860,O1060495,2023-05-09,Changed Mind,Processing
R4017861,O1134515,2023-06-05,Size Issue,Refunded
R4017862,O1066693,2024-01-04,Wrong Item,Refunded
R4017863,O1054980,2025-06-09,Wrong Item,Processing
R4017864,O1072538,2024-02-22,Wrong Item,Refunded
R4017865,O1153456,2024-06-27,Size Issue,Refunded
R4017866,O1080849,2025-03-22,Changed Mind,Refunded
R4017867,O1133129,2024-03-03,Wrong Item,Refunded
R4017868,O1132566,2023-01-13,Damaged,Refunded
R4017869,O1020918,2024-02-13,Damaged,Refunded
R4017870,O1085687,2024-03-02,Changed Mind,Refunded
R4017871,O1047440,2023-03-18,Damaged,Refunded
R4017872,O1172852,2024-11-23,Size Issue,Refunded
R4017873,O1005283,2024-04-16,Not as Expected,Refunded
R4017874,O1107339,2024-01-21,Size Issue,Refunded
R4017875,O1116855,2024-07-24,Not as Expected,Refunded
R4017876,O1044388,2025-06-17,Late Delivery,Refunded
R4017877,O1093922,2025-07-16,Damaged,Refunded
R4017878,O1021242,2025-10-30,Damaged,Refunded
R4017879,O1099366,2023-06-24,Size Issue,Refunded
R4017880,O1112680,2023-03-20,Not as Expected,Refunded
R4017881,O1136629,2024-05-18,Damaged,Refunded
R4017882,O1072488,2023-02-23,Wrong Item,Refunded
R4017883,O1063761,2023-06-28,Wrong Item,Refunded
R4017884,O1119296,2023-06-18,Changed Mind,Refunded
R4017885,O1060669,2023-12-05,Changed Mind,Refunded
R4017886,O1064166,2024-12-30,Changed Mind,Refunded
R4017887,O1022813,2023-07-20,Changed Mind,Refunded
R4017888,O1074321,2023-02-15,Size Issue,Refunded
R4017889,O1049994,2024-08-08,Not as Expected,Refunded
R4017890,O1142798,2025-02-04,Wrong Item,Refunded
R4017891,O1087616,2024-06-19,Not as Expected,Refunded
R4017892,O1047294,2024-04-22,Late Delivery,Refunded
R4017893,O1053286,2025-02-20,Wrong Item,Refunded
R4017894,O1145843,2024-12-07,Wrong Item,Refunded
R4017895,O1114135,2023-03-12,Changed Mind,Refunded
R4017896,O1147645,2025-08-24,Damaged,Refunded
R4017897,O1121707,2023-07-17,Wrong Item,Refunded
R4017898,O1099616,2023-01-26,Damaged,Refunded
R4017899,O1002031,2023-05-09,Size Issue,Refunded
R4017900,O1168727,2024-08-23,Changed Mind,Refunded
R4017901,O1079111,2023-05-06,Wrong Item,Refunded
R4017902,O1082696,2024-02-01,Size Issue,Refunded
R4017903,O1054100,2025-05-29,Changed Mind,Refunded
R4017904,O1159925,2024-07-08,Damaged,Refunded
R4017905,O1113842,2025-09-28,Not as Expected,Refunded
R4017906,O1088314,2024-05-05,Not as Expected,Processing
R4017907,O1039129,2024-08-08,Damaged,Refunded
R4017908,O1006070,2025-10-30,Wrong Item,Refunded
R4017909,O1032709,2025-05-10,Wrong Item,Refunded
R4017910,O1005515,2025-01-09,Changed Mind,Refunded
R4017911,O1129008,2024-05-10,Not as Expected,Refunded
R4017912,O1042466,2024-02-12,Wrong Item,Refunded
R4017913,O1128702,2025-01-22,Damaged,Refunded
R4017914,O1035037,2025-09-28,Size Issue,Refunded
R4017915,O1124095,2024-10-08,Wrong Item,Refunded
R4017916,O1114132,2025-07-18,Not as Expected,Refunded
R4017917,O1111441,2024-03-11,Not as Expected,Refunded
R4017918,O1103176,2025-07-12,Wrong Item,Refunded
R4017919,O1084688,2024-08-27,Changed Mind,Refunded
R4017920,O1005847,2024-06-16,Late Delivery,Processing
R4017921,O1072089,2023-07-26,Size Issue,Refunded
R4017922,O1155461,2023-01-08,Late Delivery,Refunded
R4017923,O1119270,2023-04-02,Not as Expected,Refunded
R4017924,O1123379,2024-07-05,Damaged,Refunded
R4017925,O1080738,2023-09-03,Not as Expected,Refunded
R4017926,O1069883,2024-05-13,Damaged,Refunded
R4017927,O1016691,2024-09-12,Size Issue,Refunded
R4017928,O1003091,2025-08-25,Size Issue,Refunded
R4017929,O1056120,2025-11-21,Changed Mind,Refunded
R4017930,O1139735,2025-03-14,Changed Mind,Refunded
R4017931,O1052980,2023-09-28,Not as Expected,Processing
R4017932,O1145756,2023-08-19,Damaged,Refunded
R4017933,O1164439,2024-08-11,Late Delivery,Refunded
R4017934,O1054788,2023-07-01,Changed Mind,Refunded
R4017935,O1033475,2023-06-11,Not as Expected,Processing
R4017936,O1090515,2025-01-02,Damaged,Refunded
R4017937,O1150186,2024-12-14,Damaged,Refunded
R4017938,O1009868,2025-05-08,Wrong Item,Refunded
R4017939,O1065637,2025-08-09,Damaged,Refunded
R4017940,O1176218,2025-09-18,Not as Expected,Refunded
R4017941,O1086841,2024-03-10,Damaged,Refunded
R4017942,O1041806,2024-03-28,Not as Expected,Refunded
R4017943,O1003544,2024-07-24,Not as Expected,Refunded
R4017944,O1070946,2025-05-09,Size Issue,Refunded
R4017945,O1172517,2023-08-02,Not as Expected,Refunded
R4017946,O1096552,2025-12-03,Damaged,Refunded
R4017947,O1125100,2023-08-27,Size Issue,Refunded
R4017948,O1109845,2023-02-12,Not as Expected,Refunded
R4017949,O1092409,2025-08-14,Not as Expected,Refunded
R4017950,O1141462,2024-01-11,Wrong Item,Refunded
R4017951,O1140436,2024-08-05,Not as Expected,Processing
R4017952,O1139812,2024-12-19,Wrong Item,Refunded
R4017953,O1046003,2025-12-08,Late Delivery,Refunded
R4017954,O1110382,2025-03-27,Not as Expected,Refunded
R4017955,O1054985,2023-10-28,Changed Mind,Refunded
R4017956,O1072938,2023-01-21,Not as Expected,Refunded
R4017957,O1068888,2025-05-08,Not as Expected,Refunded
R4017958,O1030914,2024-06-30,Wrong Item,Refunded
R4017959,O1012935,2023-03-21,Not as Expected,Refunded
R4017960,O1127150,2024-12-25,Size Issue,Refunded
R4017961,O1039845,2025-12-05,Wrong Item,Refunded
R4017962,O1137795,2025-02-12,Not as Expected,Refunded
R4017963,O1001421,2024-09-06,Late Delivery,Refunded
R4017964,O1001882,2023-11-18,Not as Expected,Refunded
R4017965,O1046722,2023-12-03,Damaged,Refunded
R4017966,O1101766,2023-10-14,Not as Expected,Refunded
R4017967,O1060044,2023-09-20,Damaged,Refunded
R4017968,O1049224,2024-11-23,Not as Expected,Refunded
R4017969,O1071480,2023-02-04,Damaged,Refunded
R4017970,O1141876,2023-07-17,Not as Expected,Refunded
R4017971,O1090337,2024-07-11,Late Delivery,Refunded
R4017972,O1065996,2025-03-09,Changed Mind,Processing
R4017973,O1107424,2023-03-12,Not as Expected,Refunded
R4017974,O1053708,2025-11-20,Wrong Item,Refunded
R4017975,O1090814,2023-06-16,Not as Expected,Processing
R4017976,O1050419,2024-10-08,Not as Expected,Refunded
R4017977,O1075210,2024-01-25,Not as Expected,Refunded
R4017978,O1090788,2024-05-04,Not as Expected,Refunded
R4017979,O1066046,2024-06-17,Damaged,Refunded
R4017980,O1010952,2025-06-03,Not as Expected,Refunded
R4017981,O1156259,2025-12-17,Not as Expected,Refunded
R4017982,O1033198,2025-12-11,Changed Mind,Processing
R4017983,O1046044,2024-02-19,Wrong Item,Processing
R4017984,O1046897,2025-08-21,Size Issue,Refunded
R4017985,O1118373,2024-07-28,Size Issue,Refunded
R4017986,O1061158,2024-03-14,Not as Expected,Refunded
R4017987,O1048497,2025-09-17,Late Delivery,Refunded
R4017988,O1078677,2024-02-20,Size Issue,Refunded
R4017989,O1175415,2024-03-05,Not as Expected,Refunded
R4017990,O1140804,2023-08-07,Not as Expected,Refunded
R4017991,O1155561,2023-03-08,Wrong Item,Refunded
R4017992,O1119827,2024-11-04,Not as Expected,Refunded
R4017993,O1096708,2023-09-11,Damaged,Refunded
R4017994,O1060093,2025-12-14,Not as Expected,Refunded
R4017995,O1170354,2025-06-18,Damaged,Refunded
R4017996,O1113117,2024-04-05,Late Delivery,Refunded
R4017997,O1013816,2025-12-24,Size Issue,Refunded
R4017998,O1000106,2024-11-25,Not as Expected,Refunded
R4017999,O1160591,2023-07-06,Wrong Item,Refunded
