product_id,product_name,category,subcategory,cost_price,list_price,brand
P10000,Educational Product 1,Toys,Educational,653.43,766.28,Brand B
P10001,Kitchen Appliances Product 2,Home & Kitchen,Kitchen Appliances,166.41,201.12,Brand C
P10002,Personal Care Product 3,Beauty,Personal Care,889.16,1073.75,Brand A
P10003,Laptops Product 4,Electronics,Laptops,793.82,978.11,Brand A
P10004,Outdoor Product 5,Sports,Outdoor,10694.15,12386.68,Brand B
P10005,Outdoor Toys Product 6,Toys,Outdoor Toys,282.33,383.11,Brand C
P10006,Skincare Product 7,Beauty,Skincare,961.43,1219.66,Brand B
P10007,Packaged Foods Product 8,Grocery,Packaged Foods,106.39,138.69,Private Label
P10008,Snacks Product 9,Grocery,Snacks,793.92,1035.67,Brand B
P10009,Home Decor Product 10,Home & Kitchen,Home Decor,164.36,222.61,Brand B
P10010,Storage Product 11,Home & Kitchen,Storage,407.14,468.33,Brand D
P10011,Beverages Product 12,Grocery,Beverages,2251.58,2637.28,Brand C
P10012,Fitness Product 13,Sports,Fitness,393.31,515.01,Brand D
P10013,Snacks Product 14,Grocery,Snacks,457.0,583.85,Brand A
P10014,Outdoor Toys Product 15,Toys,Outdoor Toys,1039.36,1417.54,Private Label
P10015,Skincare Product 16,Beauty,Skincare,5655.81,6351.16,Brand A
P10016,Equipment Product 17,Sports,Equipment,3397.68,4402.67,Brand C
P10017,Footwear Product 18,Fashion,Footwear,2494.22,3225.08,Brand D
P10018,Outdoor Product 19,Sports,Outdoor,1721.46,2045.81,Brand D
P10019,Snacks Product 20,Grocery,Snacks,61.84,76.28,Private Label
P10020,Children Product 21,Books,Children,180.56,230.16,Private Label
P10021,Kitchen Appliances Product 22,Home & Kitchen,Kitchen Appliances,17399.43,20322.7,Brand D
P10022,Skincare Product 23,Beauty,Skincare,788.4,1017.69,Brand A
P10023,Games Product 24,Toys,Games,898.48,1118.09,Brand A
P10024,Accessories Product 25,Fashion,Accessories,3038.25,3955.6,Brand C
P10025,Makeup Product 26,Beauty,Makeup,141.62,170.06,Brand B
P10026,Men Product 27,Fashion,Men,2563.94,3124.3,Private Label
P10027,Kitchen Appliances Product 28,Home & Kitchen,Kitchen Appliances,5895.98,7193.35,Private Label
P10028,Academic Product 29,Books,Academic,186.05,253.29,Brand B
P10029,Snacks Product 30,Grocery,Snacks,611.02,736.42,Brand B
P10030,Home Decor Product 31,Home & Kitchen,Home Decor,346.34,477.71,Brand D
P10031,Snacks Product 32,Grocery,Snacks,2028.82,2506.97,Brand C
P10032,Beverages Product 33,Grocery,Beverages,90.42,104.08,Brand A
P10033,Accessories Product 34,Electronics,Accessories,9112.58,11590.06,Brand C
P10034,Outdoor Toys Product 35,Toys,Outdoor Toys,2384.74,3160.94,Brand D
P10035,Outdoor Toys Product 36,Toys,Outdoor Toys,1362.12,1762.57,Brand A
P10036,Educational Product 37,Toys,Educational,1209.42,1451.94,Private Label
P10037,Makeup Product 38,Beauty,Makeup,588.59,733.14,Brand C
P10038,Accessories Product 39,Fashion,Accessories,5648.5,7296.37,Brand D
P10039,Women Product 40,Fashion,Women,1055.71,1327.13,Brand A
P10040,Outdoor Toys Product 41,Toys,Outdoor Toys,712.16,878.05,Brand A
P10041,Outdoor Toys Product 42,Toys,Outdoor Toys,1393.36,1863.9,Brand B
P10042,Skincare Product 43,Beauty,Skincare,4092.27,5044.6,Private Label
P10043,Children Product 44,Books,Children,113.85,131.15,Private Label
P10044,Staples Product 45,Grocery,Staples,1524.94,1966.14,Brand D
P10045,Men Product 46,Fashion,Men,394.13,442.97,Brand B
P10046,Home Decor Product 47,Home & Kitchen,Home Decor,529.54,672.27,Private Label
P10047,Home Decor Product 48,Home & Kitchen,Home Decor,9458.11,12044.44,Brand D
P10048,Skincare Product 49,Beauty,Skincare,2803.94,3417.68,Brand C
P10049,Skincare Product 50,Beauty,Skincare,132.97,169.28,Brand C
P10050,Fiction Product 51,Books,Fiction,444.14,591.32,Brand D
P10051,Audio Product 52,Electronics,Audio,1689.95,2183.03,Brand A
P10052,Fitness Product 53,Sports,Fitness,8192.47,10238.49,Brand B
P10053,Fitness Product 54,Sports,Fitness,1911.45,2148.6,Private Label
P10054,Personal Care Product 55,Beauty,Personal Care,130.3,177.64,Brand A
P10055,Staples Product 56,Grocery,Staples,2385.79,3270.95,Brand A
P10056,Cookware Product 57,Home & Kitchen,Cookware,13600.98,17827.45,Brand B
P10057,Women Product 58,Fashion,Women,379.07,434.41,Brand B
P10058,Mobiles Product 59,Electronics,Mobiles,1560.33,1842.78,Brand D
P10059,Sportswear Product 60,Sports,Sportswear,9220.32,11697.54,Brand D
P10060,Snacks Product 61,Grocery,Snacks,2505.89,2895.94,Brand C
P10061,Fitness Product 62,Sports,Fitness,629.35,738.12,Private Label
P10062,Games Product 63,Toys,Games,,4801.24,Brand B
P10063,Fiction Product 64,Books,Fiction,308.52,387.5,Brand B
P10064,Snacks Product 65,Grocery,Snacks,207.87,240.85,Brand B
P10065,Accessories Product 66,Fashion,Accessories,2070.94,2612.72,Brand A
P10066,Children Product 67,Books,Children,405.85,469.68,Brand B
P10067,Personal Care Product 68,Beauty,Personal Care,4938.04,6644.75,Brand D
P10068,Audio Product 69,Electronics,Audio,13062.31,15018.15,Brand B
P10069,Beverages Product 70,Grocery,Beverages,803.84,937.73,Brand C
P10070,Footwear Product 71,Fashion,Footwear,1937.1,2352.79,Private Label
P10071,Audio Product 72,Electronics,Audio,13429.84,15603.31,Brand C
P10072,Cookware Product 73,Home & Kitchen,Cookware,629.42,716.71,Brand B
P10073,Personal Care Product 74,Beauty,Personal Care,305.82,375.81,Brand A
P10074,Outdoor Product 75,Sports,Outdoor,2543.51,3170.9,Brand C
P10075,Action Figures Product 76,Toys,Action Figures,3095.64,3662.98,Brand B
P10076,Beverages Product 77,Grocery,Beverages,140.68,162.03,Brand C
P10077,Men Product 78,Fashion,Men,248.7,336.05,Brand C
P10078,Home Decor Product 79,Home & Kitchen,Home Decor,324.49,435.05,Brand C
P10079,Games Product 80,Toys,Games,313.95,418.25,Brand D
P10080,Outdoor Product 81,Sports,Outdoor,6483.03,7298.85,Brand A
P10081,Haircare Product 82,Beauty,Haircare,514.81,644.34,Brand D
P10082,Academic Product 83,Books,Academic,305.06,344.01,Brand B
P10083,Laptops Product 84,Electronics,Laptops,48491.42,62525.14,Brand C
P10084,Packaged Foods Product 85,Grocery,Packaged Foods,2597.77,3085.22,Brand A
P10085,Men Product 86,Fashion,Men,900.97,1119.75,Brand C
P10086,Snacks Product 87,Grocery,Snacks,3252.25,3770.22,Private Label
P10087,Cookware Product 88,Home & Kitchen,Cookware,1892.42,2280.56,Brand B
P10088,Footwear Product 89,Fashion,Footwear,682.52,809.31,Brand C
P10089,Fiction Product 90,Books,Fiction,2329.49,2652.08,Brand A
P10090,Kitchen Appliances Product 91,Home & Kitchen,Kitchen Appliances,5902.49,6668.52,Brand A
P10091,Beverages Product 92,Grocery,Beverages,109.18,128.42,Brand C
P10092,Games Product 93,Toys,Games,1020.98,1404.62,Brand D
P10093,Snacks Product 94,Grocery,Snacks,1482.62,1736.95,Brand D
P10094,Snacks Product 95,Grocery,Snacks,294.89,387.6,Brand D
P10095,Women Product 96,Fashion,Women,508.76,681.96,Brand B
P10096,Fiction Product 97,Books,Fiction,2349.29,3115.0,Private Label
P10097,Storage Product 98,Home & Kitchen,Storage,1049.77,1335.6,Brand B
P10098,Fitness Product 99,Sports,Fitness,1428.06,1637.03,Brand B
P10099,Packaged Foods Product 100,Grocery,Packaged Foods,139.57,164.71,Brand A
P10100,Snacks Product 101,Grocery,Snacks,1791.53,2162.16,Brand A
P10101,Footwear Product 102,Fashion,Footwear,592.11,713.64,Brand A
P10102,Men Product 103,Fashion,Men,1106.74,1478.19,Brand C
P10103,Mobiles Product 104,Electronics,Mobiles,8804.3,11310.16,Brand C
P10104,Men Product 105,Fashion,Men,399.97,491.35,Brand C
P10105,Storage Product 106,Home & Kitchen,Storage,8647.41,10463.26,Brand A
P10106,Mobiles Product 107,Electronics,Mobiles,15786.87,19171.61,Private Label
P10107,Home Decor Product 108,Home & Kitchen,Home Decor,175.99,200.77,Brand C
P10108,Laptops Product 109,Electronics,Laptops,31348.6,37843.81,Brand B
P10109,Staples Product 110,Grocery,Staples,3280.45,3694.7,Brand D
P10110,Snacks Product 111,Grocery,Snacks,1319.18,1810.9,Brand A
P10111,Packaged Foods Product 112,Grocery,Packaged Foods,510.41,601.96,Brand B
P10112,Haircare Product 113,Beauty,Haircare,2908.14,3304.71,Brand A
P10113,Laptops Product 114,Electronics,Laptops,3611.78,4101.56,Brand D
P10114,Personal Care Product 115,Beauty,Personal Care,917.25,1082.21,Brand A
P10115,Accessories Product 116,Electronics,Accessories,4640.1,5366.81,Brand B
P10116,Beverages Product 117,Grocery,Beverages,203.88,263.36,Brand B
P10117,Kitchen Appliances Product 118,Home & Kitchen,Kitchen Appliances,8407.15,10776.11,Brand A
P10118,Personal Care Product 119,Beauty,Personal Care,984.25,1238.06,Brand A
P10119,Home Decor Product 120,Home & Kitchen,Home Decor,695.87,837.54,Brand A
P10120,Academic Product 121,Books,Academic,1996.14,2268.75,Brand D
P10121,Equipment Product 122,Sports,Equipment,3162.43,3899.36,Brand D
P10122,Cookware Product 123,Home & Kitchen,Cookware,558.97,678.97,Private Label
P10123,Fiction Product 124,Books,Fiction,169.99,225.49,Brand A
P10124,Accessories Product 125,Electronics,Accessories,760.03,977.67,Brand D
P10125,Packaged Foods Product 126,Grocery,Packaged Foods,691.99,834.62,Brand B
P10126,Staples Product 127,Grocery,Staples,322.25,370.82,Brand B
P10127,Fiction Product 128,Books,Fiction,373.3,507.31,Private Label
P10128,Staples Product 129,Grocery,Staples,1291.97,1581.26,Brand D
P10129,Home Decor Product 130,Home & Kitchen,Home Decor,2420.35,3205.27,Private Label
P10130,Sportswear Product 131,Sports,Sportswear,679.91,772.55,Brand D
P10131,Mobiles Product 132,Electronics,Mobiles,51219.17,68903.19,Private Label
P10132,Kitchen Appliances Product 133,Home & Kitchen,Kitchen Appliances,2335.31,2734.75,Private Label
P10133,Packaged Foods Product 134,Grocery,Packaged Foods,1881.84,2464.21,Brand C
P10134,Laptops Product 135,Electronics,Laptops,58422.59,74444.81,Brand B
P10135,Accessories Product 136,Electronics,Accessories,23614.62,27294.04,Brand D
P10136,Accessories Product 137,Fashion,Accessories,393.4,479.89,Brand A
P10137,Equipment Product 138,Sports,Equipment,341.22,426.5,Private Label
P10138,Snacks Product 139,Grocery,Snacks,589.45,697.6,Brand B
P10139,Home Decor Product 140,Home & Kitchen,Home Decor,709.14,889.58,Brand D
P10140,Academic Product 141,Books,Academic,345.26,425.74,Brand D
P10141,Haircare Product 142,Beauty,Haircare,2987.6,3917.24,Brand C
P10142,Non-Fiction Product 143,Books,Non-Fiction,1821.77,2429.02,Brand A
P10143,Home Decor Product 144,Home & Kitchen,Home Decor,178.54,210.82,Brand C
P10144,Fitness Product 145,Sports,Fitness,3791.58,5044.27,Brand B
P10145,Outdoor Product 146,Sports,Outdoor,,7923.81,Private Label
P10146,Snacks Product 147,Grocery,Snacks,122.38,144.17,Brand A
P10147,Footwear Product 148,Fashion,Footwear,632.44,755.86,Brand C
P10148,Skincare Product 149,Beauty,Skincare,1350.57,1838.13,Brand B
P10149,Laptops Product 150,Electronics,Laptops,9007.29,10453.38,Brand C
P10150,Footwear Product 151,Fashion,Footwear,2752.82,3393.69,Brand D
P10151,Women Product 152,Fashion,Women,5513.26,7540.11,Private Label
P10152,Mobiles Product 153,Electronics,Mobiles,769.45,1060.11,Brand D
P10153,Games Product 154,Toys,Games,5510.31,6364.8,Private Label
P10154,Footwear Product 155,Fashion,Footwear,3728.84,4389.37,Brand B
P10155,Beverages Product 156,Grocery,Beverages,88.3,105.08,Brand B
P10156,Haircare Product 157,Beauty,Haircare,1122.47,1408.99,Brand A
P10157,Cookware Product 158,Home & Kitchen,Cookware,520.32,601.1,Brand B
P10158,Outdoor Toys Product 159,Toys,Outdoor Toys,172.13,193.95,Brand B
P10159,Snacks Product 160,Grocery,Snacks,1652.26,1993.18,Brand A
P10160,Outdoor Toys Product 161,Toys,Outdoor Toys,1551.99,2057.53,Private Label
P10161,Outdoor Toys Product 162,Toys,Outdoor Toys,787.53,925.9,Brand A
P10162,Beverages Product 163,Grocery,Beverages,1731.38,2089.85,Brand B
P10163,Men Product 164,Fashion,Men,4415.45,5022.74,Brand C
P10164,Action Figures Product 165,Toys,Action Figures,355.9,449.15,Brand C
P10165,Sportswear Product 166,Sports,Sportswear,11871.26,14791.95,Brand B
P10166,Games Product 167,Toys,Games,220.11,269.49,Brand A
P10167,Fitness Product 168,Sports,Fitness,1480.46,2034.85,Brand D
P10168,Skincare Product 169,Beauty,Skincare,1327.57,1702.53,Private Label
P10169,Cookware Product 170,Home & Kitchen,Cookware,402.59,528.43,Brand B
P10170,Home Decor Product 171,Home & Kitchen,Home Decor,,7585.22,Private Label
P10171,Equipment Product 172,Sports,Equipment,7134.17,9634.27,Brand B
P10172,Children Product 173,Books,Children,182.08,210.78,Brand D
P10173,Outdoor Toys Product 174,Toys,Outdoor Toys,6707.59,8624.49,Brand D
P10174,Audio Product 175,Electronics,Audio,8329.07,10799.76,Private Label
P10175,Cookware Product 176,Home & Kitchen,Cookware,1476.68,1955.23,Brand D
P10176,Games Product 177,Toys,Games,306.4,404.06,Private Label
P10177,Footwear Product 178,Fashion,Footwear,2121.05,2432.36,Brand D
P10178,Makeup Product 179,Beauty,Makeup,353.93,399.35,Private Label
P10179,Outdoor Product 180,Sports,Outdoor,1833.73,2175.89,Brand B
P10180,Kitchen Appliances Product 181,Home & Kitchen,Kitchen Appliances,264.42,323.56,Private Label
P10181,Sportswear Product 182,Sports,Sportswear,231.24,316.61,Brand D
P10182,Equipment Product 183,Sports,Equipment,218.05,261.18,Brand D
P10183,Mobiles Product 184,Electronics,Mobiles,3302.31,4377.64,Brand D
P10184,Women Product 185,Fashion,Women,625.53,859.11,Brand D
P10185,Fitness Product 186,Sports,Fitness,339.48,400.6,Brand C
P10186,Fitness Product 187,Sports,Fitness,2462.13,3076.81,Private Label
P10187,Academic Product 188,Books,Academic,1166.78,1328.0,Brand D
P10188,Storage Product 189,Home & Kitchen,Storage,2107.26,2554.95,Private Label
P10189,Storage Product 190,Home & Kitchen,Storage,15490.54,18718.91,Brand B
P10190,Skincare Product 191,Beauty,Skincare,276.07,332.99,Brand C
P10191,Audio Product 192,Electronics,Audio,29214.08,38548.15,Brand A
P10192,Outdoor Product 193,Sports,Outdoor,227.52,261.57,Brand C
P10193,Staples Product 194,Grocery,Staples,119.83,147.03,Brand B
P10194,Educational Product 195,Toys,Educational,3975.22,5105.65,Brand B
P10195,Non-Fiction Product 196,Books,Non-Fiction,455.1,567.61,Brand A
P10196,Audio Product 197,Electronics,Audio,11874.08,14197.97,Private Label
P10197,Men Product 198,Fashion,Men,,1076.6,Private Label
P10198,Makeup Product 199,Beauty,Makeup,186.48,231.37,Brand D
P10199,Beverages Product 200,Grocery,Beverages,488.32,653.34,Brand A
P10200,Home Decor Product 201,Home & Kitchen,Home Decor,296.46,402.17,Brand D
P10201,Fitness Product 202,Sports,Fitness,484.59,642.27,Brand D
P10202,Home Decor Product 203,Home & Kitchen,Home Decor,405.32,461.46,Brand A
P10203,Fitness Product 204,Sports,Fitness,248.75,334.34,Brand C
P10204,Academic Product 205,Books,Academic,1832.9,2199.04,Brand D
P10205,Men Product 206,Fashion,Men,241.79,296.69,Brand A
P10206,Games Product 207,Toys,Games,4080.32,5368.53,Private Label
P10207,Snacks Product 208,Grocery,Snacks,50.34,66.9,Brand C
P10208,Educational Product 209,Toys,Educational,2722.81,3195.65,Brand B
P10209,Equipment Product 210,Sports,Equipment,484.49,644.27,Brand C
P10210,Kitchen Appliances Product 211,Home & Kitchen,Kitchen Appliances,1319.73,1686.38,Brand D
P10211,Fiction Product 212,Books,Fiction,117.76,156.39,Brand D
P10212,Action Figures Product 213,Toys,Action Figures,204.39,258.1,Brand A
P10213,Skincare Product 214,Beauty,Skincare,119.15,135.08,Brand A
P10214,Sportswear Product 215,Sports,Sportswear,1147.1,1445.3,Brand B
P10215,Footwear Product 216,Fashion,Footwear,287.61,383.06,Brand A
P10216,Fitness Product 217,Sports,Fitness,2060.31,2324.02,Brand C
P10217,Accessories Product 218,Fashion,Accessories,5378.45,6964.37,Brand D
P10218,Accessories Product 219,Fashion,Accessories,1420.87,1759.75,Private Label
P10219,Children Product 220,Books,Children,1277.89,1526.56,Private Label
P10220,Footwear Product 221,Fashion,Footwear,609.52,740.03,Private Label
P10221,Packaged Foods Product 222,Grocery,Packaged Foods,481.45,571.65,Brand C
P10222,Non-Fiction Product 223,Books,Non-Fiction,215.25,265.67,Brand C
P10223,Outdoor Toys Product 224,Toys,Outdoor Toys,3549.44,4535.13,Private Label
P10224,Footwear Product 225,Fashion,Footwear,912.52,1094.08,Brand D
P10225,Sportswear Product 226,Sports,Sportswear,2620.07,3496.69,Brand A
P10226,Makeup Product 227,Beauty,Makeup,1523.72,2049.17,Brand B
P10227,Non-Fiction Product 228,Books,Non-Fiction,218.55,264.49,Brand A
P10228,Men Product 229,Fashion,Men,641.27,791.75,Brand C
P10229,Accessories Product 230,Electronics,Accessories,7488.28,8998.13,Private Label
P10230,Beverages Product 231,Grocery,Beverages,127.49,162.22,Brand B
P10231,Educational Product 232,Toys,Educational,1595.8,1910.58,Brand A
P10232,Laptops Product 233,Electronics,Laptops,36574.7,44287.52,Brand A
P10233,Outdoor Product 234,Sports,Outdoor,841.57,1028.11,Private Label
P10234,Cookware Product 235,Home & Kitchen,Cookware,159.89,180.86,Brand A
P10235,Staples Product 236,Grocery,Staples,130.94,147.75,Private Label
P10236,Accessories Product 237,Electronics,Accessories,49620.21,66422.6,Brand B
P10237,Outdoor Toys Product 238,Toys,Outdoor Toys,3205.57,3981.85,Brand B
P10238,Home Decor Product 239,Home & Kitchen,Home Decor,3573.89,4009.34,Private Label
P10239,Fiction Product 240,Books,Fiction,170.92,212.39,Brand C
P10240,Fitness Product 241,Sports,Fitness,3287.13,3753.15,Brand B
P10241,Women Product 242,Fashion,Women,544.1,716.67,Brand A
P10242,Cookware Product 243,Home & Kitchen,Cookware,17037.56,23498.89,Brand D
P10243,Cookware Product 244,Home & Kitchen,Cookware,9284.58,12547.74,Brand C
P10244,Skincare Product 245,Beauty,Skincare,494.37,664.11,Private Label
P10245,Non-Fiction Product 246,Books,Non-Fiction,172.74,207.3,Brand D
P10246,Mobiles Product 247,Electronics,Mobiles,1919.63,2612.47,Brand B
P10247,Children Product 248,Books,Children,143.79,173.38,Brand D
P10248,Accessories Product 249,Electronics,Accessories,42570.99,58203.57,Private Label
P10249,Staples Product 250,Grocery,Staples,563.92,720.21,Brand C
P10250,Women Product 251,Fashion,Women,480.72,585.54,Brand C
P10251,Skincare Product 252,Beauty,Skincare,1987.36,2498.46,Brand C
P10252,Packaged Foods Product 253,Grocery,Packaged Foods,1616.26,2209.21,Private Label
P10253,Men Product 254,Fashion,Men,939.19,1287.03,Brand C
P10254,Mobiles Product 255,Electronics,Mobiles,2030.66,2453.74,Private Label
P10255,Accessories Product 256,Electronics,Accessories,728.43,898.27,Private Label
P10256,Staples Product 257,Grocery,Staples,3411.6,3851.06,Brand A
P10257,Academic Product 258,Books,Academic,1661.23,2174.89,Private Label
P10258,Outdoor Product 259,Sports,Outdoor,4153.8,5379.72,Brand C
P10259,Action Figures Product 260,Toys,Action Figures,2300.79,3145.36,Brand D
P10260,Academic Product 261,Books,Academic,513.81,667.21,Brand A
P10261,Personal Care Product 262,Beauty,Personal Care,248.61,340.96,Brand A
P10262,Cookware Product 263,Home & Kitchen,Cookware,5269.67,6170.16,Brand A
P10263,Haircare Product 264,Beauty,Haircare,624.15,847.07,Brand A
P10264,Accessories Product 265,Electronics,Accessories,4386.71,5753.34,Brand A
P10265,Haircare Product 266,Beauty,Haircare,222.13,279.75,Brand C
P10266,Games Product 267,Toys,Games,250.34,289.03,Brand D
P10267,Cookware Product 268,Home & Kitchen,Cookware,4941.69,6568.88,Brand B
P10268,Packaged Foods Product 269,Grocery,Packaged Foods,463.11,555.2,Brand B
P10269,Beverages Product 270,Grocery,Beverages,192.95,249.55,Brand A
P10270,Packaged Foods Product 271,Grocery,Packaged Foods,483.37,544.48,Private Label
P10271,Makeup Product 272,Beauty,Makeup,645.27,734.01,Brand A
P10272,Footwear Product 273,Fashion,Footwear,839.71,1153.77,Brand A
P10273,Home Decor Product 274,Home & Kitchen,Home Decor,529.55,682.65,Brand D
P10274,Outdoor Toys Product 275,Toys,Outdoor Toys,705.64,907.01,Brand B
P10275,Outdoor Product 276,Sports,Outdoor,10672.16,13539.44,Brand D
P10276,Children Product 277,Books,Children,245.93,327.96,Brand D
P10277,Fiction Product 278,Books,Fiction,381.36,508.24,Brand D
P10278,Laptops Product 279,Electronics,Laptops,28144.61,35014.47,Brand D
P10279,Action Figures Product 280,Toys,Action Figures,5628.67,6475.22,Private Label
P10280,Kitchen Appliances Product 281,Home & Kitchen,Kitchen Appliances,3067.9,4093.67,Brand A
P10281,Games Product 282,Toys,Games,169.9,196.04,Brand C
P10282,Makeup Product 283,Beauty,Makeup,266.85,321.76,Brand A
P10283,Children Product 284,Books,Children,567.37,690.57,Brand A
P10284,Kitchen Appliances Product 285,Home & Kitchen,Kitchen Appliances,2017.64,2373.08,Brand B
P10285,Outdoor Toys Product 286,Toys,Outdoor Toys,1652.27,2002.88,Brand C
P10286,Academic Product 287,Books,Academic,1543.81,2049.82,Private Label
P10287,Academic Product 288,Books,Academic,445.51,610.32,Private Label
P10288,Packaged Foods Product 289,Grocery,Packaged Foods,905.57,1086.57,Brand D
P10289,Makeup Product 290,Beauty,Makeup,149.91,193.29,Brand B
P10290,Men Product 291,Fashion,Men,689.74,787.74,Private Label
P10291,Outdoor Toys Product 292,Toys,Outdoor Toys,326.02,393.39,Brand D
P10292,Beverages Product 293,Grocery,Beverages,2014.83,2265.75,Private Label
P10293,Accessories Product 294,Electronics,Accessories,11413.81,13876.65,Brand A
P10294,Accessories Product 295,Electronics,Accessories,1853.51,2128.9,Brand C
P10295,Equipment Product 296,Sports,Equipment,5108.8,6668.59,Brand A
P10296,Laptops Product 297,Electronics,Laptops,1929.65,2480.48,Brand C
P10297,Non-Fiction Product 298,Books,Non-Fiction,2183.75,2851.59,Private Label
P10298,Equipment Product 299,Sports,Equipment,942.64,1223.79,Brand D
P10299,Audio Product 300,Electronics,Audio,3911.54,4708.56,Brand A
P10300,Home Decor Product 301,Home & Kitchen,Home Decor,773.07,925.81,Brand D
P10301,Footwear Product 302,Fashion,Footwear,2253.09,2674.89,Private Label
P10302,Packaged Foods Product 303,Grocery,Packaged Foods,165.21,199.06,Brand D
P10303,Fiction Product 304,Books,Fiction,357.31,405.94,Brand B
P10304,Academic Product 305,Books,Academic,393.37,451.99,Brand B
P10305,Home Decor Product 306,Home & Kitchen,Home Decor,1444.1,1698.46,Brand A
P10306,Mobiles Product 307,Electronics,Mobiles,9823.17,11393.5,Brand B
P10307,Personal Care Product 308,Beauty,Personal Care,4452.6,5294.58,Brand D
P10308,Games Product 309,Toys,Games,742.74,995.28,Brand D
P10309,Audio Product 310,Electronics,Audio,1918.45,2582.96,Brand A
P10310,Educational Product 311,Toys,Educational,309.08,365.9,Brand B
P10311,Academic Product 312,Books,Academic,222.43,278.69,Brand C
P10312,Outdoor Product 313,Sports,Outdoor,599.71,722.4,Brand B
P10313,Academic Product 314,Books,Academic,293.75,338.13,Private Label
P10314,Action Figures Product 315,Toys,Action Figures,2298.5,2728.29,Brand A
P10315,Footwear Product 316,Fashion,Footwear,815.95,1024.86,Brand D
P10316,Cookware Product 317,Home & Kitchen,Cookware,5646.14,7622.06,Brand C
P10317,Sportswear Product 318,Sports,Sportswear,1348.05,1553.95,Brand D
P10318,Women Product 319,Fashion,Women,3646.59,4216.13,Brand A
P10319,Skincare Product 320,Beauty,Skincare,215.34,261.73,Brand C
P10320,Footwear Product 321,Fashion,Footwear,724.45,962.0,Brand D
P10321,Laptops Product 322,Electronics,Laptops,51244.71,67557.66,Brand C
P10322,Cookware Product 323,Home & Kitchen,Cookware,11400.77,14787.37,Brand D
P10323,Haircare Product 324,Beauty,Haircare,343.09,413.94,Private Label
P10324,Home Decor Product 325,Home & Kitchen,Home Decor,5212.83,6247.41,Private Label
P10325,Fiction Product 326,Books,Fiction,1232.91,1581.79,Brand D
P10326,Home Decor Product 327,Home & Kitchen,Home Decor,2160.81,2432.07,Brand A
P10327,Beverages Product 328,Grocery,Beverages,2828.74,3493.42,Brand C
P10328,Action Figures Product 329,Toys,Action Figures,1547.8,1783.75,Brand B
P10329,Mobiles Product 330,Electronics,Mobiles,2004.86,2685.62,Brand B
P10330,Mobiles Product 331,Electronics,Mobiles,4758.81,6258.26,Brand C
P10331,Accessories Product 332,Electronics,Accessories,19763.33,22574.82,Brand C
P10332,Children Product 333,Books,Children,119.0,155.95,Brand C
P10333,Footwear Product 334,Fashion,Footwear,1601.36,1949.91,Private Label
P10334,Staples Product 335,Grocery,Staples,2809.51,3759.31,Private Label
P10335,Accessories Product 336,Fashion,Accessories,521.68,588.5,Brand C
P10336,Snacks Product 337,Grocery,Snacks,3153.47,3894.63,Brand A
P10337,Educational Product 338,Toys,Educational,428.08,490.14,Brand C
P10338,Storage Product 339,Home & Kitchen,Storage,166.12,199.76,Brand C
P10339,Educational Product 340,Toys,Educational,2820.23,3418.15,Brand C
P10340,Action Figures Product 341,Toys,Action Figures,674.84,883.74,Private Label
P10341,Academic Product 342,Books,Academic,114.7,145.06,Brand D
P10342,Women Product 343,Fashion,Women,6650.6,7672.56,Brand D
P10343,Fiction Product 344,Books,Fiction,1910.43,2288.75,Brand A
P10344,Outdoor Toys Product 345,Toys,Outdoor Toys,3299.53,4119.86,Brand A
P10345,Packaged Foods Product 346,Grocery,Packaged Foods,647.4,760.39,Brand A
P10346,Accessories Product 347,Fashion,Accessories,5066.4,6055.62,Private Label
P10347,Staples Product 348,Grocery,Staples,765.7,862.01,Brand C
P10348,Fiction Product 349,Books,Fiction,218.23,277.09,Brand A
P10349,Storage Product 350,Home & Kitchen,Storage,2851.65,3488.19,Brand B
P10350,Packaged Foods Product 351,Grocery,Packaged Foods,300.47,391.8,Private Label
P10351,Home Decor Product 352,Home & Kitchen,Home Decor,12595.08,16726.52,Brand D
P10352,Outdoor Product 353,Sports,Outdoor,4107.16,4954.02,Brand C
P10353,Fiction Product 354,Books,Fiction,296.85,407.42,Private Label
P10354,Footwear Product 355,Fashion,Footwear,266.71,345.87,Brand A
P10355,Mobiles Product 356,Electronics,Mobiles,5966.44,7643.2,Brand B
P10356,Laptops Product 357,Electronics,Laptops,7690.19,9166.28,Private Label
P10357,Sportswear Product 358,Sports,Sportswear,255.65,338.14,Brand C
P10358,Storage Product 359,Home & Kitchen,Storage,476.09,619.66,Brand B
P10359,Children Product 360,Books,Children,404.17,501.97,Brand B
P10360,Cookware Product 361,Home & Kitchen,Cookware,9739.21,11647.31,Private Label
P10361,Makeup Product 362,Beauty,Makeup,1316.46,1605.96,Brand A
P10362,Packaged Foods Product 363,Grocery,Packaged Foods,77.9,95.5,Brand B
P10363,Kitchen Appliances Product 364,Home & Kitchen,Kitchen Appliances,12568.93,17053.2,Brand D
P10364,Beverages Product 365,Grocery,Beverages,1610.73,1892.31,Brand D
P10365,Laptops Product 366,Electronics,Laptops,1812.22,2454.62,Brand D
P10366,Educational Product 367,Toys,Educational,567.11,771.88,Brand C
P10367,Accessories Product 368,Electronics,Accessories,30273.65,41585.44,Brand B
P10368,Accessories Product 369,Electronics,Accessories,32225.96,43925.91,Brand B
P10369,Storage Product 370,Home & Kitchen,Storage,1071.68,1426.76,Private Label
P10370,Academic Product 371,Books,Academic,260.69,292.98,Private Label
P10371,Educational Product 372,Toys,Educational,402.96,521.91,Brand C
P10372,Personal Care Product 373,Beauty,Personal Care,1295.1,1548.93,Brand D
P10373,Mobiles Product 374,Electronics,Mobiles,3012.88,3989.78,Private Label
P10374,Children Product 375,Books,Children,733.31,943.83,Private Label
P10375,Mobiles Product 376,Electronics,Mobiles,3220.38,4164.31,Brand A
P10376,Cookware Product 377,Home & Kitchen,Cookware,1687.82,2178.37,Brand B
P10377,Laptops Product 378,Electronics,Laptops,20583.58,23264.44,Brand C
P10378,Laptops Product 379,Electronics,Laptops,4243.44,5630.87,Brand C
P10379,Action Figures Product 380,Toys,Action Figures,1429.84,1653.7,Brand A
P10380,Mobiles Product 381,Electronics,Mobiles,3532.84,4025.16,Private Label
P10381,Skincare Product 382,Beauty,Skincare,1067.0,1330.61,Brand A
P10382,Sportswear Product 383,Sports,Sportswear,277.97,335.72,Brand A
P10383,Equipment Product 384,Sports,Equipment,11557.18,15793.67,Brand B
P10384,Academic Product 385,Books,Academic,208.67,268.3,Private Label
P10385,Fitness Product 386,Sports,Fitness,11928.8,16225.7,Private Label
P10386,Action Figures Product 387,Toys,Action Figures,3001.12,3905.68,Brand B
P10387,Sportswear Product 388,Sports,Sportswear,6725.35,8410.74,Brand D
P10388,Fiction Product 389,Books,Fiction,2183.37,2684.08,Private Label
P10389,Staples Product 390,Grocery,Staples,404.7,534.04,Brand C
P10390,Non-Fiction Product 391,Books,Non-Fiction,1063.24,1376.21,Brand A
P10391,Fitness Product 392,Sports,Fitness,3735.39,4223.53,Brand B
P10392,Equipment Product 393,Sports,Equipment,553.7,742.72,Private Label
P10393,Accessories Product 394,Electronics,Accessories,45771.53,60107.94,Brand B
P10394,Footwear Product 395,Fashion,Footwear,528.76,592.56,Private Label
P10395,Cookware Product 396,Home & Kitchen,Cookware,449.96,548.05,Private Label
P10396,Footwear Product 397,Fashion,Footwear,5331.22,7069.1,Brand B
P10397,Games Product 398,Toys,Games,1356.48,1825.81,Brand D
P10398,Academic Product 399,Books,Academic,188.07,229.06,Brand A
P10399,Home Decor Product 400,Home & Kitchen,Home Decor,4354.46,5963.21,Brand A
P10400,Men Product 401,Fashion,Men,6268.2,8144.38,Brand A
P10401,Games Product 402,Toys,Games,367.26,427.24,Brand A
P10402,Accessories Product 403,Electronics,Accessories,850.68,1063.74,Brand C
P10403,Accessories Product 404,Fashion,Accessories,1306.07,1558.7,Brand D
P10404,Outdoor Toys Product 405,Toys,Outdoor Toys,177.54,223.78,Brand D
P10405,Non-Fiction Product 406,Books,Non-Fiction,1501.47,2058.06,Private Label
P10406,Storage Product 407,Home & Kitchen,Storage,8986.96,11259.76,Brand A
P10407,Audio Product 408,Electronics,Audio,737.41,916.83,Brand B
P10408,Staples Product 409,Grocery,Staples,339.69,417.73,Brand A
P10409,Non-Fiction Product 410,Books,Non-Fiction,725.94,983.02,Private Label
P10410,Academic Product 411,Books,Academic,1650.36,1860.97,Brand D
P10411,Women Product 412,Fashion,Women,374.78,491.63,Brand A
P10412,Outdoor Toys Product 413,Toys,Outdoor Toys,321.69,430.69,Brand A
P10413,Home Decor Product 414,Home & Kitchen,Home Decor,14173.4,19246.89,Brand D
P10414,Footwear Product 415,Fashion,Footwear,316.58,356.61,Brand C
P10415,Home Decor Product 416,Home & Kitchen,Home Decor,4720.71,6330.42,Brand D
P10416,Snacks Product 417,Grocery,Snacks,103.67,126.3,Brand D
P10417,Snacks Product 418,Grocery,Snacks,147.79,180.97,Private Label
P10418,Academic Product 419,Books,Academic,1105.12,1249.36,Brand C
P10419,Home Decor Product 420,Home & Kitchen,Home Decor,469.93,630.63,Brand A
P10420,Storage Product 421,Home & Kitchen,Storage,685.25,927.34,Brand A
P10421,Skincare Product 422,Beauty,Skincare,317.26,370.88,Brand C
P10422,Educational Product 423,Toys,Educational,171.97,229.92,Private Label
P10423,Sportswear Product 424,Sports,Sportswear,9174.02,11670.37,Brand A
P10424,Packaged Foods Product 425,Grocery,Packaged Foods,2084.29,2829.21,Brand B
P10425,Skincare Product 426,Beauty,Skincare,872.25,1152.45,Brand A
P10426,Personal Care Product 427,Beauty,Personal Care,521.05,610.04,Brand A
P10427,Haircare Product 428,Beauty,Haircare,3994.63,5127.0,Brand D
P10428,Children Product 429,Books,Children,835.43,978.21,Brand C
P10429,Accessories Product 430,Fashion,Accessories,6294.09,8290.61,Private Label
P10430,Outdoor Product 431,Sports,Outdoor,300.46,380.7,Brand A
P10431,Action Figures Product 432,Toys,Action Figures,680.16,881.52,Brand C
P10432,Mobiles Product 433,Electronics,Mobiles,14591.91,17831.73,Brand C
P10433,Personal Care Product 434,Beauty,Personal Care,1030.09,1167.29,Brand D
P10434,Beverages Product 435,Grocery,Beverages,309.55,385.44,Brand D
P10435,Laptops Product 436,Electronics,Laptops,9935.71,11601.48,Brand C
P10436,Children Product 437,Books,Children,1917.13,2487.35,Brand D
P10437,Beverages Product 438,Grocery,Beverages,1119.27,1497.69,Brand A
P10438,Accessories Product 439,Fashion,Accessories,256.56,288.32,Brand A
P10439,Haircare Product 440,Beauty,Haircare,851.14,1087.5,Brand A
P10440,Packaged Foods Product 441,Grocery,Packaged Foods,150.5,176.09,Brand B
P10441,Makeup Product 442,Beauty,Makeup,180.71,221.21,Brand B
P10442,Staples Product 443,Grocery,Staples,2163.8,2538.49,Brand D
P10443,Storage Product 444,Home & Kitchen,Storage,284.5,364.91,Brand B
P10444,Home Decor Product 445,Home & Kitchen,Home Decor,272.21,343.5,Brand B
P10445,Home Decor Product 446,Home & Kitchen,Home Decor,283.7,356.16,Brand A
P10446,Children Product 447,Books,Children,233.47,320.31,Brand B
P10447,Cookware Product 448,Home & Kitchen,Cookware,3109.13,4193.82,Brand C
P10448,Skincare Product 449,Beauty,Skincare,985.62,1184.4,Private Label
P10449,Home Decor Product 450,Home & Kitchen,Home Decor,1670.56,2093.36,Private Label
P10450,Games Product 451,Toys,Games,1246.11,1536.33,Brand B
P10451,Snacks Product 452,Grocery,Snacks,1179.78,1610.74,Brand A
P10452,Home Decor Product 453,Home & Kitchen,Home Decor,5796.23,6981.5,Private Label
P10453,Snacks Product 454,Grocery,Snacks,144.35,183.02,Private Label
P10454,Academic Product 455,Books,Academic,537.41,671.17,Brand C
P10455,Games Product 456,Toys,Games,1302.0,1501.27,Private Label
P10456,Games Product 457,Toys,Games,712.19,938.44,Brand D
P10457,Accessories Product 458,Electronics,Accessories,4415.41,5173.49,Brand A
P10458,Educational Product 459,Toys,Educational,405.85,477.49,Private Label
P10459,Action Figures Product 460,Toys,Action Figures,2983.29,3392.69,Brand B
P10460,Fitness Product 461,Sports,Fitness,11022.15,14223.15,Brand B
P10461,Men Product 462,Fashion,Men,3763.85,4814.34,Private Label
P10462,Educational Product 463,Toys,Educational,189.79,217.72,Brand B
P10463,Games Product 464,Toys,Games,318.09,428.35,Private Label
P10464,Beverages Product 465,Grocery,Beverages,1022.97,1190.79,Private Label
P10465,Makeup Product 466,Beauty,Makeup,199.75,232.16,Brand B
P10466,Sportswear Product 467,Sports,Sportswear,490.41,675.09,Private Label
P10467,Games Product 468,Toys,Games,4837.49,6328.97,Brand D
P10468,Educational Product 469,Toys,Educational,1003.24,1363.31,Brand B
P10469,Beverages Product 470,Grocery,Beverages,64.49,74.13,Brand A
P10470,Snacks Product 471,Grocery,Snacks,203.59,272.93,Brand B
P10471,Fiction Product 472,Books,Fiction,335.14,408.65,Brand D
P10472,Outdoor Toys Product 473,Toys,Outdoor Toys,1479.82,1864.62,Brand C
P10473,Equipment Product 474,Sports,Equipment,701.95,825.65,Private Label
P10474,Action Figures Product 475,Toys,Action Figures,261.4,326.48,Brand D
P10475,Equipment Product 476,Sports,Equipment,882.3,1024.95,Brand D
P10476,Outdoor Toys Product 477,Toys,Outdoor Toys,371.87,463.09,Brand B
P10477,Staples Product 478,Grocery,Staples,964.06,1307.08,Brand C
P10478,Men Product 479,Fashion,Men,597.52,731.05,Private Label
P10479,Educational Product 480,Toys,Educational,771.16,919.39,Brand C
P10480,Non-Fiction Product 481,Books,Non-Fiction,691.15,847.62,Brand B
P10481,Accessories Product 482,Fashion,Accessories,1415.16,1734.94,Brand B
P10482,Sportswear Product 483,Sports,Sportswear,1144.89,1477.27,Brand D
P10483,Home Decor Product 484,Home & Kitchen,Home Decor,228.03,297.36,Brand C
P10484,Outdoor Product 485,Sports,Outdoor,3056.44,4174.6,Brand C
P10485,Mobiles Product 486,Electronics,Mobiles,21497.41,28318.22,Brand A
P10486,Children Product 487,Books,Children,120.27,165.94,Brand C
P10487,Educational Product 488,Toys,Educational,1627.96,2237.77,Brand D
P10488,Personal Care Product 489,Beauty,Personal Care,1226.17,1376.08,Brand A
P10489,Action Figures Product 490,Toys,Action Figures,310.69,413.35,Brand B
P10490,Packaged Foods Product 491,Grocery,Packaged Foods,651.02,846.57,Brand C
P10491,Mobiles Product 492,Electronics,Mobiles,45093.77,53152.43,Brand B
P10492,Accessories Product 493,Electronics,Accessories,871.05,1179.66,Brand C
P10493,Fitness Product 494,Sports,Fitness,8425.69,11570.62,Brand C
P10494,Men Product 495,Fashion,Men,259.51,334.45,Brand D
P10495,Fitness Product 496,Sports,Fitness,11680.66,15776.08,Brand D
P10496,Makeup Product 497,Beauty,Makeup,576.5,713.53,Brand D
P10497,Games Product 498,Toys,Games,1611.79,1966.79,Brand A
P10498,Educational Product 499,Toys,Educational,6188.75,7987.42,Private Label
P10499,Personal Care Product 500,Beauty,Personal Care,1030.26,1205.75,Brand A
P10500,Academic Product 501,Books,Academic,129.72,150.9,Brand C
P10501,Non-Fiction Product 502,Books,Non-Fiction,186.88,244.84,Private Label
P10502,Men Product 503,Fashion,Men,7538.28,9145.34,Brand D
P10503,Kitchen Appliances Product 504,Home & Kitchen,Kitchen Appliances,274.22,377.39,Private Label
P10504,Outdoor Product 505,Sports,Outdoor,225.32,259.4,Brand C
P10505,Accessories Product 506,Fashion,Accessories,292.03,397.16,Private Label
P10506,Kitchen Appliances Product 507,Home & Kitchen,Kitchen Appliances,471.63,530.32,Private Label
P10507,Skincare Product 508,Beauty,Skincare,1215.01,1472.57,Brand A
P10508,Accessories Product 509,Electronics,Accessories,1241.73,1494.42,Brand C
P10509,Personal Care Product 510,Beauty,Personal Care,4346.3,4934.94,Brand A
P10510,Snacks Product 511,Grocery,Snacks,192.52,231.76,Brand B
P10511,Outdoor Toys Product 512,Toys,Outdoor Toys,5110.81,6147.26,Private Label
P10512,Laptops Product 513,Electronics,Laptops,5089.67,6296.86,Brand D
P10513,Accessories Product 514,Fashion,Accessories,7568.73,10101.38,Brand C
P10514,Snacks Product 515,Grocery,Snacks,436.08,600.91,Brand B
P10515,Accessories Product 516,Fashion,Accessories,2456.36,3299.33,Private Label
P10516,Sportswear Product 517,Sports,Sportswear,7289.23,8997.81,Brand D
P10517,Snacks Product 518,Grocery,Snacks,841.44,962.87,Brand D
P10518,Accessories Product 519,Fashion,Accessories,335.71,449.03,Brand D
P10519,Games Product 520,Toys,Games,1853.39,2097.86,Brand A
P10520,Women Product 521,Fashion,Women,6387.42,7737.49,Brand D
P10521,Laptops Product 522,Electronics,Laptops,19259.1,24261.81,Brand A
P10522,Academic Product 523,Books,Academic,983.8,1281.44,Brand A
P10523,Action Figures Product 524,Toys,Action Figures,2285.04,3120.65,Brand C
P10524,Storage Product 525,Home & Kitchen,Storage,1978.92,2245.95,Brand B
P10525,Men Product 526,Fashion,Men,1484.61,2003.36,Brand C
P10526,Storage Product 527,Home & Kitchen,Storage,6558.25,8341.68,Brand D
P10527,Storage Product 528,Home & Kitchen,Storage,455.75,568.96,Brand C
P10528,Beverages Product 529,Grocery,Beverages,3445.39,4194.4,Brand B
P10529,Skincare Product 530,Beauty,Skincare,2726.65,3488.88,Private Label
P10530,Kitchen Appliances Product 531,Home & Kitchen,Kitchen Appliances,739.83,859.65,Brand C
P10531,Accessories Product 532,Electronics,Accessories,5968.36,7133.51,Brand B
P10532,Kitchen Appliances Product 533,Home & Kitchen,Kitchen Appliances,13604.28,15744.98,Private Label
P10533,Action Figures Product 534,Toys,Action Figures,405.5,533.18,Brand D
P10534,Haircare Product 535,Beauty,Haircare,425.85,576.6,Brand D
P10535,Educational Product 536,Toys,Educational,1631.32,1832.82,Brand C
P10536,Equipment Product 537,Sports,Equipment,,522.38,Private Label
P10537,Outdoor Toys Product 538,Toys,Outdoor Toys,2456.11,2959.92,Brand B
P10538,Packaged Foods Product 539,Grocery,Packaged Foods,249.76,290.61,Brand C
P10539,Packaged Foods Product 540,Grocery,Packaged Foods,2052.29,2672.93,Brand B
P10540,Women Product 541,Fashion,Women,6251.34,7280.24,Brand A
P10541,Skincare Product 542,Beauty,Skincare,1607.5,2210.02,Private Label
P10542,Outdoor Product 543,Sports,Outdoor,2936.78,3576.15,Private Label
P10543,Educational Product 544,Toys,Educational,2756.27,3184.4,Brand C
P10544,Children Product 545,Books,Children,1759.32,2401.84,Brand D
P10545,Laptops Product 546,Electronics,Laptops,7043.46,8013.22,Brand A
P10546,Makeup Product 547,Beauty,Makeup,4537.5,5957.51,Brand D
P10547,Women Product 548,Fashion,Women,266.46,352.91,Brand B
P10548,Cookware Product 549,Home & Kitchen,Cookware,6328.06,8160.31,Brand B
P10549,Educational Product 550,Toys,Educational,1270.69,1426.13,Private Label
P10550,Kitchen Appliances Product 551,Home & Kitchen,Kitchen Appliances,3955.46,5150.85,Private Label
P10551,Educational Product 552,Toys,Educational,205.32,253.89,Brand B
P10552,Beverages Product 553,Grocery,Beverages,65.73,90.26,Brand C
P10553,Accessories Product 554,Electronics,Accessories,10133.11,12638.52,Brand D
P10554,Haircare Product 555,Beauty,Haircare,513.12,685.02,Brand C
P10555,Outdoor Product 556,Sports,Outdoor,1155.67,1304.5,Brand D
P10556,Outdoor Product 557,Sports,Outdoor,902.07,1226.94,Brand C
P10557,Academic Product 558,Books,Academic,1488.24,1791.09,Brand D
P10558,Skincare Product 559,Beauty,Skincare,933.07,1090.32,Brand C
P10559,Audio Product 560,Electronics,Audio,50936.29,67434.75,Brand B
P10560,Children Product 561,Books,Children,1554.61,2112.05,Brand D
P10561,Outdoor Toys Product 562,Toys,Outdoor Toys,1645.11,2236.69,Brand C
P10562,Academic Product 563,Books,Academic,124.52,147.41,Brand A
P10563,Fiction Product 564,Books,Fiction,2372.92,2754.1,Brand A
P10564,Skincare Product 565,Beauty,Skincare,947.65,1092.62,Brand B
P10565,Action Figures Product 566,Toys,Action Figures,621.17,775.61,Brand A
P10566,Accessories Product 567,Electronics,Accessories,43024.39,56944.02,Brand B
P10567,Footwear Product 568,Fashion,Footwear,1970.44,2553.84,Private Label
P10568,Beverages Product 569,Grocery,Beverages,192.79,260.62,Brand A
P10569,Skincare Product 570,Beauty,Skincare,5770.43,7950.86,Brand B
P10570,Haircare Product 571,Beauty,Haircare,969.78,1270.45,Brand D
P10571,Action Figures Product 572,Toys,Action Figures,242.25,290.23,Brand B
P10572,Snacks Product 573,Grocery,Snacks,203.16,247.47,Private Label
P10573,Fitness Product 574,Sports,Fitness,2291.01,2705.47,Brand D
P10574,Action Figures Product 575,Toys,Action Figures,5834.62,6948.33,Brand D
P10575,Equipment Product 576,Sports,Equipment,414.62,568.62,Brand C
P10576,Packaged Foods Product 577,Grocery,Packaged Foods,64.95,83.99,Private Label
P10577,Kitchen Appliances Product 578,Home & Kitchen,Kitchen Appliances,1246.7,1464.02,Brand D
P10578,Sportswear Product 579,Sports,Sportswear,362.88,494.53,Brand D
P10579,Personal Care Product 580,Beauty,Personal Care,3042.78,4162.02,Private Label
P10580,Audio Product 581,Electronics,Audio,3368.36,4117.86,Brand B
P10581,Beverages Product 582,Grocery,Beverages,1225.83,1417.79,Brand D
P10582,Fitness Product 583,Sports,Fitness,804.4,902.33,Brand D
P10583,Accessories Product 584,Electronics,Accessories,12798.58,15246.05,Brand C
P10584,Outdoor Product 585,Sports,Outdoor,960.36,1298.4,Brand D
P10585,Fiction Product 586,Books,Fiction,1100.18,1442.97,Brand D
P10586,Sportswear Product 587,Sports,Sportswear,427.31,543.32,Brand B
P10587,Women Product 588,Fashion,Women,518.87,681.22,Brand D
P10588,Academic Product 589,Books,Academic,1304.04,1512.55,Brand B
P10589,Academic Product 590,Books,Academic,1471.69,1803.45,Brand A
P10590,Outdoor Toys Product 591,Toys,Outdoor Toys,6534.07,8203.08,Brand B
P10591,Cookware Product 592,Home & Kitchen,Cookware,206.56,245.76,Brand D
P10592,Non-Fiction Product 593,Books,Non-Fiction,918.72,1156.19,Brand C
P10593,Audio Product 594,Electronics,Audio,53416.11,62336.39,Brand D
P10594,Audio Product 595,Electronics,Audio,27719.04,36531.29,Private Label
P10595,Storage Product 596,Home & Kitchen,Storage,1948.03,2278.04,Private Label
P10596,Outdoor Toys Product 597,Toys,Outdoor Toys,308.96,389.52,Brand D
P10597,Makeup Product 598,Beauty,Makeup,4121.74,4985.17,Brand B
P10598,Haircare Product 599,Beauty,Haircare,633.12,853.48,Brand B
P10599,Haircare Product 600,Beauty,Haircare,2556.28,3148.26,Brand C
P10600,Non-Fiction Product 601,Books,Non-Fiction,105.19,139.82,Brand D
P10601,Personal Care Product 602,Beauty,Personal Care,1115.45,1310.11,Brand A
P10602,Kitchen Appliances Product 603,Home & Kitchen,Kitchen Appliances,8335.26,9437.35,Private Label
P10603,Men Product 604,Fashion,Men,5112.83,6845.78,Brand D
P10604,Audio Product 605,Electronics,Audio,917.91,1098.76,Brand C
P10605,Staples Product 606,Grocery,Staples,1860.45,2496.11,Private Label
P10606,Non-Fiction Product 607,Books,Non-Fiction,448.58,592.44,Brand B
P10607,Mobiles Product 608,Electronics,Mobiles,15342.46,18803.72,Brand A
P10608,Makeup Product 609,Beauty,Makeup,349.04,471.35,Private Label
P10609,Accessories Product 610,Fashion,Accessories,911.86,1118.24,Brand C
P10610,Fitness Product 611,Sports,Fitness,4902.08,6012.98,Brand B
P10611,Games Product 612,Toys,Games,462.52,555.3,Brand C
P10612,Home Decor Product 613,Home & Kitchen,Home Decor,2186.29,2506.32,Brand D
P10613,Home Decor Product 614,Home & Kitchen,Home Decor,389.12,488.42,Brand D
P10614,Personal Care Product 615,Beauty,Personal Care,5116.84,6654.1,Brand A
P10615,Laptops Product 616,Electronics,Laptops,36398.54,47030.54,Brand C
P10616,Outdoor Product 617,Sports,Outdoor,212.69,288.13,Private Label
P10617,Educational Product 618,Toys,Educational,2511.85,3169.53,Private Label
P10618,Academic Product 619,Books,Academic,834.43,1133.55,Brand A
P10619,Storage Product 620,Home & Kitchen,Storage,481.91,556.69,Brand D
P10620,Accessories Product 621,Fashion,Accessories,3160.13,3751.37,Brand B
P10621,Haircare Product 622,Beauty,Haircare,174.11,237.81,Brand B
P10622,Outdoor Toys Product 623,Toys,Outdoor Toys,2119.88,2657.62,Private Label
P10623,Kitchen Appliances Product 624,Home & Kitchen,Kitchen Appliances,1073.74,1362.35,Brand B
P10624,Cookware Product 625,Home & Kitchen,Cookware,465.76,629.31,Brand B
P10625,Academic Product 626,Books,Academic,738.29,835.39,Private Label
P10626,Snacks Product 627,Grocery,Snacks,272.41,370.37,Brand D
P10627,Skincare Product 628,Beauty,Skincare,996.51,1163.15,Brand D
P10628,Beverages Product 629,Grocery,Beverages,1342.35,1580.04,Brand B
P10629,Outdoor Toys Product 630,Toys,Outdoor Toys,1051.78,1318.45,Brand D
P10630,Home Decor Product 631,Home & Kitchen,Home Decor,277.74,335.78,Brand A
P10631,Mobiles Product 632,Electronics,Mobiles,5916.29,6844.65,Brand B
P10632,Action Figures Product 633,Toys,Action Figures,2624.35,3385.86,Brand B
P10633,Equipment Product 634,Sports,Equipment,2419.04,3001.91,Brand A
P10634,Storage Product 635,Home & Kitchen,Storage,594.84,792.7,Brand D
P10635,Home Decor Product 636,Home & Kitchen,Home Decor,2997.44,3660.89,Brand B
P10636,Accessories Product 637,Fashion,Accessories,244.16,280.86,Brand C
P10637,Staples Product 638,Grocery,Staples,1041.72,1238.42,Brand A
P10638,Equipment Product 639,Sports,Equipment,1496.3,1836.22,Brand C
P10639,Academic Product 640,Books,Academic,596.41,679.15,Brand C
P10640,Men Product 641,Fashion,Men,4571.16,5882.26,Brand D
P10641,Children Product 642,Books,Children,1194.11,1381.7,Brand A
P10642,Footwear Product 643,Fashion,Footwear,1510.02,1779.71,Private Label
P10643,Beverages Product 644,Grocery,Beverages,2327.84,2881.35,Brand B
P10644,Beverages Product 645,Grocery,Beverages,419.78,499.9,Brand C
P10645,Men Product 646,Fashion,Men,6564.58,8608.43,Private Label
P10646,Fiction Product 647,Books,Fiction,356.64,427.52,Private Label
P10647,Action Figures Product 648,Toys,Action Figures,4398.32,5323.69,Private Label
P10648,Haircare Product 649,Beauty,Haircare,351.73,482.66,Private Label
P10649,Footwear Product 650,Fashion,Footwear,6980.31,9109.42,Brand B
P10650,Kitchen Appliances Product 651,Home & Kitchen,Kitchen Appliances,1765.32,2051.75,Brand B
P10651,Personal Care Product 652,Beauty,Personal Care,484.96,633.35,Brand B
P10652,Haircare Product 653,Beauty,Haircare,273.81,345.77,Private Label
P10653,Outdoor Toys Product 654,Toys,Outdoor Toys,514.41,619.01,Brand D
P10654,Games Product 655,Toys,Games,827.66,1091.02,Brand A
P10655,Makeup Product 656,Beauty,Makeup,105.88,141.11,Brand A
P10656,Makeup Product 657,Beauty,Makeup,4926.01,5564.5,Brand D
P10657,Snacks Product 658,Grocery,Snacks,199.77,233.79,Brand B
P10658,Fitness Product 659,Sports,Fitness,5009.9,6246.97,Brand B
P10659,Outdoor Toys Product 660,Toys,Outdoor Toys,389.72,517.38,Brand B
P10660,Audio Product 661,Electronics,Audio,1417.9,1940.88,Brand A
P10661,Action Figures Product 662,Toys,Action Figures,4998.28,6570.25,Brand A
P10662,Children Product 663,Books,Children,613.2,796.33,Brand B
P10663,Cookware Product 664,Home & Kitchen,Cookware,537.92,672.98,Brand D
P10664,Action Figures Product 665,Toys,Action Figures,1172.89,1492.77,Brand D
P10665,Haircare Product 666,Beauty,Haircare,138.19,157.49,Brand A
P10666,Makeup Product 667,Beauty,Makeup,5130.07,7041.66,Private Label
P10667,Packaged Foods Product 668,Grocery,Packaged Foods,102.52,139.08,Brand D
P10668,Laptops Product 669,Electronics,Laptops,1395.51,1802.59,Brand D
P10669,Fiction Product 670,Books,Fiction,858.73,1158.46,Brand D
P10670,Educational Product 671,Toys,Educational,1863.46,2196.81,Brand C
P10671,Laptops Product 672,Electronics,Laptops,8954.03,12090.05,Private Label
P10672,Makeup Product 673,Beauty,Makeup,2194.89,2473.44,Brand B
P10673,Accessories Product 674,Electronics,Accessories,6199.27,7525.97,Private Label
P10674,Laptops Product 675,Electronics,Laptops,703.44,837.72,Brand C
P10675,Equipment Product 676,Sports,Equipment,11187.82,13198.21,Brand C
P10676,Storage Product 677,Home & Kitchen,Storage,5921.35,7189.01,Brand D
P10677,Men Product 678,Fashion,Men,351.34,402.47,Private Label
P10678,Accessories Product 679,Electronics,Accessories,14755.5,17954.06,Private Label
P10679,Cookware Product 680,Home & Kitchen,Cookware,181.69,247.67,Brand B
P10680,Kitchen Appliances Product 681,Home & Kitchen,Kitchen Appliances,1424.4,1704.06,Brand B
P10681,Accessories Product 682,Fashion,Accessories,3941.37,5121.84,Brand B
P10682,Kitchen Appliances Product 683,Home & Kitchen,Kitchen Appliances,2621.04,3040.01,Brand A
P10683,Skincare Product 684,Beauty,Skincare,547.69,689.39,Private Label
P10684,Non-Fiction Product 685,Books,Non-Fiction,1420.27,1942.11,Private Label
P10685,Children Product 686,Books,Children,330.1,401.44,Brand B
P10686,Women Product 687,Fashion,Women,5101.85,6084.02,Brand A
P10687,Cookware Product 688,Home & Kitchen,Cookware,488.74,593.33,Brand B
P10688,Children Product 689,Books,Children,1171.28,1423.1,Brand D
P10689,Sportswear Product 690,Sports,Sportswear,293.17,382.7,Brand C
P10690,Haircare Product 691,Beauty,Haircare,147.83,189.09,Brand D
P10691,Makeup Product 692,Beauty,Makeup,106.41,146.33,Brand D
P10692,Games Product 693,Toys,Games,1001.26,1351.55,Brand C
P10693,Non-Fiction Product 694,Books,Non-Fiction,447.03,556.02,Private Label
P10694,Home Decor Product 695,Home & Kitchen,Home Decor,323.33,399.69,Brand B
P10695,Home Decor Product 696,Home & Kitchen,Home Decor,309.25,386.91,Brand D
P10696,Outdoor Product 697,Sports,Outdoor,909.65,1049.29,Private Label
P10697,Non-Fiction Product 698,Books,Non-Fiction,1174.86,1344.46,Private Label
P10698,Skincare Product 699,Beauty,Skincare,492.63,580.26,Brand B
P10699,Sportswear Product 700,Sports,Sportswear,1878.75,2191.36,Brand D
P10700,Footwear Product 701,Fashion,Footwear,245.9,329.78,Private Label
P10701,Snacks Product 702,Grocery,Snacks,127.75,157.33,Brand A
P10702,Home Decor Product 703,Home & Kitchen,Home Decor,5109.03,6516.43,Brand C
P10703,Equipment Product 704,Sports,Equipment,266.81,346.7,Brand A
P10704,Educational Product 705,Toys,Educational,529.28,609.99,Brand C
P10705,Kitchen Appliances Product 706,Home & Kitchen,Kitchen Appliances,2658.88,3504.99,Brand B
P10706,Mobiles Product 707,Electronics,Mobiles,6713.45,8165.36,Private Label
P10707,Kitchen Appliances Product 708,Home & Kitchen,Kitchen Appliances,15070.66,19575.45,Brand C
P10708,Accessories Product 709,Electronics,Accessories,2824.19,3247.65,Brand B
P10709,Snacks Product 710,Grocery,Snacks,90.16,118.52,Brand A
P10710,Kitchen Appliances Product 711,Home & Kitchen,Kitchen Appliances,2928.54,4002.53,Brand A
P10711,Educational Product 712,Toys,Educational,220.92,250.32,Brand C
P10712,Games Product 713,Toys,Games,372.69,482.35,Brand D
P10713,Games Product 714,Toys,Games,898.51,1192.91,Brand B
P10714,Educational Product 715,Toys,Educational,398.74,488.65,Brand C
P10715,Accessories Product 716,Electronics,Accessories,2348.63,2902.94,Brand A
P10716,Snacks Product 717,Grocery,Snacks,968.78,1170.93,Brand B
P10717,Men Product 718,Fashion,Men,2923.73,3655.63,Brand B
P10718,Footwear Product 719,Fashion,Footwear,1735.41,2328.85,Brand C
P10719,Staples Product 720,Grocery,Staples,813.51,997.52,Private Label
P10720,Cookware Product 721,Home & Kitchen,Cookware,404.45,499.18,Brand D
P10721,Accessories Product 722,Fashion,Accessories,5237.4,7134.59,Brand D
P10722,Non-Fiction Product 723,Books,Non-Fiction,1887.07,2499.04,Brand A
P10723,Home Decor Product 724,Home & Kitchen,Home Decor,689.71,945.8,Brand A
P10724,Personal Care Product 725,Beauty,Personal Care,174.07,230.38,Brand D
P10725,Fitness Product 726,Sports,Fitness,6606.66,8984.06,Brand B
P10726,Accessories Product 727,Electronics,Accessories,4146.63,5488.02,Brand D
P10727,Cookware Product 728,Home & Kitchen,Cookware,4067.76,4808.6,Brand B
P10728,Snacks Product 729,Grocery,Snacks,243.58,324.49,Brand C
P10729,Non-Fiction Product 730,Books,Non-Fiction,153.05,171.94,Brand A
P10730,Packaged Foods Product 731,Grocery,Packaged Foods,2680.35,3236.06,Brand D
P10731,Cookware Product 732,Home & Kitchen,Cookware,422.17,559.06,Brand C
P10732,Accessories Product 733,Electronics,Accessories,3063.04,4142.49,Brand B
P10733,Personal Care Product 734,Beauty,Personal Care,150.99,177.83,Private Label
P10734,Sportswear Product 735,Sports,Sportswear,387.42,522.22,Brand A
P10735,Packaged Foods Product 736,Grocery,Packaged Foods,2426.87,2989.59,Brand D
P10736,Games Product 737,Toys,Games,270.01,362.87,Brand B
P10737,Laptops Product 738,Electronics,Laptops,2768.38,3818.34,Private Label
P10738,Staples Product 739,Grocery,Staples,437.96,577.42,Private Label
P10739,Packaged Foods Product 740,Grocery,Packaged Foods,233.23,312.43,Private Label
P10740,Sportswear Product 741,Sports,Sportswear,741.27,876.86,Brand D
P10741,Cookware Product 742,Home & Kitchen,Cookware,1002.12,1201.1,Brand D
P10742,Academic Product 743,Books,Academic,288.45,378.75,Brand B
P10743,Fiction Product 744,Books,Fiction,1877.38,2152.19,Brand B
P10744,Kitchen Appliances Product 745,Home & Kitchen,Kitchen Appliances,1195.05,1534.69,Brand D
P10745,Skincare Product 746,Beauty,Skincare,474.53,654.47,Brand A
P10746,Outdoor Product 747,Sports,Outdoor,5287.43,7229.7,Brand A
P10747,Equipment Product 748,Sports,Equipment,1445.96,1959.9,Brand B
P10748,Games Product 749,Toys,Games,3969.07,4968.18,Brand A
P10749,Women Product 750,Fashion,Women,285.37,328.32,Brand C
P10750,Women Product 751,Fashion,Women,3183.83,3796.55,Brand D
P10751,Packaged Foods Product 752,Grocery,Packaged Foods,1506.66,1718.13,Brand D
P10752,Academic Product 753,Books,Academic,1775.35,2028.96,Brand A
P10753,Skincare Product 754,Beauty,Skincare,4388.73,5900.95,Brand A
P10754,Fitness Product 755,Sports,Fitness,8908.87,12168.88,Brand D
P10755,Games Product 756,Toys,Games,3990.23,5091.83,Brand A
P10756,Sportswear Product 757,Sports,Sportswear,642.42,780.6,Private Label
P10757,Outdoor Toys Product 758,Toys,Outdoor Toys,1112.12,1459.62,Brand A
P10758,Snacks Product 759,Grocery,Snacks,327.23,424.44,Brand D
P10759,Storage Product 760,Home & Kitchen,Storage,5686.44,6395.57,Brand A
P10760,Fitness Product 761,Sports,Fitness,230.18,283.45,Brand B
P10761,Audio Product 762,Electronics,Audio,10952.54,13254.17,Brand D
P10762,Beverages Product 763,Grocery,Beverages,2614.03,3085.27,Brand C
P10763,Non-Fiction Product 764,Books,Non-Fiction,401.44,544.15,Brand D
P10764,Staples Product 765,Grocery,Staples,129.2,173.28,Brand B
P10765,Action Figures Product 766,Toys,Action Figures,464.56,554.57,Brand D
P10766,Non-Fiction Product 767,Books,Non-Fiction,163.27,193.92,Brand C
P10767,Academic Product 768,Books,Academic,252.4,310.61,Private Label
P10768,Audio Product 769,Electronics,Audio,1825.49,2364.75,Brand D
P10769,Outdoor Product 770,Sports,Outdoor,843.52,1130.3,Brand A
P10770,Games Product 771,Toys,Games,386.96,493.08,Brand C
P10771,Non-Fiction Product 772,Books,Non-Fiction,636.14,799.74,Brand A
P10772,Cookware Product 773,Home & Kitchen,Cookware,1320.95,1486.85,Brand C
P10773,Haircare Product 774,Beauty,Haircare,449.49,556.68,Private Label
P10774,Cookware Product 775,Home & Kitchen,Cookware,494.01,638.86,Brand B
P10775,Mobiles Product 776,Electronics,Mobiles,5499.61,6755.76,Brand D
P10776,Accessories Product 777,Electronics,Accessories,5791.36,6840.84,Brand D
P10777,Accessories Product 778,Fashion,Accessories,7833.06,10352.93,Brand C
P10778,Accessories Product 779,Electronics,Accessories,9066.31,12036.03,Brand C
P10779,Laptops Product 780,Electronics,Laptops,2911.37,3630.69,Brand D
P10780,Staples Product 781,Grocery,Staples,1975.34,2240.47,Brand D
P10781,Games Product 782,Toys,Games,246.15,282.82,Brand B
P10782,Equipment Product 783,Sports,Equipment,243.02,327.46,Brand B
P10783,Skincare Product 784,Beauty,Skincare,448.18,537.95,Brand B
P10784,Kitchen Appliances Product 785,Home & Kitchen,Kitchen Appliances,13059.13,16332.78,Brand D
P10785,Accessories Product 786,Fashion,Accessories,8784.41,11888.43,Brand C
P10786,Accessories Product 787,Fashion,Accessories,396.71,465.58,Brand B
P10787,Fitness Product 788,Sports,Fitness,9053.06,11205.89,Brand D
P10788,Accessories Product 789,Electronics,Accessories,56961.73,66644.67,Brand C
P10789,Outdoor Toys Product 790,Toys,Outdoor Toys,3199.78,3650.51,Brand A
P10790,Academic Product 791,Books,Academic,259.91,342.3,Brand B
P10791,Sportswear Product 792,Sports,Sportswear,11452.82,15577.88,Brand B
P10792,Packaged Foods Product 793,Grocery,Packaged Foods,117.54,143.63,Private Label
P10793,Staples Product 794,Grocery,Staples,1320.79,1544.34,Brand C
P10794,Educational Product 795,Toys,Educational,430.83,589.04,Private Label
P10795,Storage Product 796,Home & Kitchen,Storage,270.93,305.75,Private Label
P10796,Storage Product 797,Home & Kitchen,Storage,4586.57,5956.6,Brand D
P10797,Accessories Product 798,Electronics,Accessories,49079.84,61348.38,Brand D
P10798,Haircare Product 799,Beauty,Haircare,107.07,132.05,Private Label
P10799,Women Product 800,Fashion,Women,1747.7,2017.6,Brand D
P10800,Haircare Product 801,Beauty,Haircare,691.16,833.02,Brand B
P10801,Fitness Product 802,Sports,Fitness,252.36,317.71,Brand C
P10802,Women Product 803,Fashion,Women,2603.05,3273.95,Brand C
P10803,Beverages Product 804,Grocery,Beverages,246.99,306.58,Brand B
P10804,Footwear Product 805,Fashion,Footwear,696.65,894.75,Brand A
P10805,Non-Fiction Product 806,Books,Non-Fiction,1366.71,1725.71,Brand B
P10806,Skincare Product 807,Beauty,Skincare,163.64,193.74,Brand D
P10807,Accessories Product 808,Fashion,Accessories,1547.62,2073.91,Private Label
P10808,Accessories Product 809,Fashion,Accessories,4939.49,6612.46,Brand A
P10809,Academic Product 810,Books,Academic,150.82,197.21,Brand A
P10810,Men Product 811,Fashion,Men,253.93,307.72,Brand B
P10811,Fiction Product 812,Books,Fiction,1611.73,2143.17,Private Label
P10812,Accessories Product 813,Electronics,Accessories,885.95,1071.74,Brand A
P10813,Skincare Product 814,Beauty,Skincare,881.95,1069.29,Brand D
P10814,Snacks Product 815,Grocery,Snacks,93.24,110.46,Brand D
P10815,Beverages Product 816,Grocery,Beverages,1815.98,2485.65,Private Label
P10816,Storage Product 817,Home & Kitchen,Storage,2633.32,3492.1,Private Label
P10817,Makeup Product 818,Beauty,Makeup,459.19,534.79,Private Label
P10818,Snacks Product 819,Grocery,Snacks,930.05,1258.38,Brand D
P10819,Footwear Product 820,Fashion,Footwear,241.66,304.54,Brand A
P10820,Staples Product 821,Grocery,Staples,403.91,524.43,Brand A
P10821,Sportswear Product 822,Sports,Sportswear,571.3,691.51,Brand D
P10822,Equipment Product 823,Sports,Equipment,10872.38,13180.56,Brand D
P10823,Kitchen Appliances Product 824,Home & Kitchen,Kitchen Appliances,288.54,388.59,Private Label
P10824,Women Product 825,Fashion,Women,231.78,279.07,Brand C
P10825,Fiction Product 826,Books,Fiction,1045.27,1268.95,Private Label
P10826,Accessories Product 827,Electronics,Accessories,1924.67,2513.64,Private Label
P10827,Sportswear Product 828,Sports,Sportswear,4582.28,5391.48,Brand C
P10828,Equipment Product 829,Sports,Equipment,554.1,751.74,Brand B
P10829,Makeup Product 830,Beauty,Makeup,2509.91,2833.33,Brand B
P10830,Outdoor Product 831,Sports,Outdoor,200.97,257.09,Brand D
P10831,Home Decor Product 832,Home & Kitchen,Home Decor,4292.38,5314.71,Private Label
P10832,Accessories Product 833,Fashion,Accessories,7827.86,9446.5,Private Label
P10833,Kitchen Appliances Product 834,Home & Kitchen,Kitchen Appliances,12122.46,16479.91,Brand C
P10834,Non-Fiction Product 835,Books,Non-Fiction,454.22,580.25,Brand C
P10835,Accessories Product 836,Electronics,Accessories,18330.62,23226.48,Brand D
P10836,Laptops Product 837,Electronics,Laptops,731.06,946.22,Brand D
P10837,Laptops Product 838,Electronics,Laptops,17409.94,21969.15,Brand D
P10838,Fitness Product 839,Sports,Fitness,1846.53,2507.32,Brand D
P10839,Makeup Product 840,Beauty,Makeup,465.6,605.51,Brand B
P10840,Games Product 841,Toys,Games,5037.84,6046.14,Brand B
P10841,Makeup Product 842,Beauty,Makeup,5643.91,6895.66,Brand B
P10842,Mobiles Product 843,Electronics,Mobiles,5551.69,7025.25,Brand A
P10843,Packaged Foods Product 844,Grocery,Packaged Foods,2787.76,3330.32,Brand D
P10844,Academic Product 845,Books,Academic,113.34,154.62,Brand C
P10845,Accessories Product 846,Fashion,Accessories,560.95,682.36,Private Label
P10846,Accessories Product 847,Electronics,Accessories,14856.76,16688.21,Brand B
P10847,Mobiles Product 848,Electronics,Mobiles,7130.58,9657.08,Private Label
P10848,Outdoor Product 849,Sports,Outdoor,7548.82,9870.7,Brand B
P10849,Personal Care Product 850,Beauty,Personal Care,380.61,468.19,Brand B
P10850,Home Decor Product 851,Home & Kitchen,Home Decor,12592.22,15668.34,Brand C
P10851,Packaged Foods Product 852,Grocery,Packaged Foods,408.68,461.93,Brand A
P10852,Outdoor Product 853,Sports,Outdoor,570.26,719.33,Brand B
P10853,Sportswear Product 854,Sports,Sportswear,298.2,380.11,Brand C
P10854,Storage Product 855,Home & Kitchen,Storage,2907.12,3882.01,Brand D
P10855,Equipment Product 856,Sports,Equipment,547.06,649.07,Brand D
P10856,Fiction Product 857,Books,Fiction,240.61,312.93,Brand D
P10857,Staples Product 858,Grocery,Staples,719.16,827.6,Brand C
P10858,Men Product 859,Fashion,Men,1709.95,2334.26,Brand A
P10859,Mobiles Product 860,Electronics,Mobiles,21803.54,29517.37,Brand D
P10860,Men Product 861,Fashion,Men,847.5,984.8,Private Label
P10861,Women Product 862,Fashion,Women,7298.26,8177.5,Brand C
P10862,Non-Fiction Product 863,Books,Non-Fiction,666.66,814.96,Brand D
P10863,Personal Care Product 864,Beauty,Personal Care,135.61,174.01,Private Label
P10864,Skincare Product 865,Beauty,Skincare,356.58,407.44,Brand C
P10865,Audio Product 866,Electronics,Audio,52406.57,67607.88,Brand C
P10866,Outdoor Product 867,Sports,Outdoor,301.72,353.58,Brand D
P10867,Children Product 868,Books,Children,111.24,128.15,Brand C
P10868,Equipment Product 869,Sports,Equipment,3183.77,3779.23,Brand A
P10869,Accessories Product 870,Fashion,Accessories,1420.65,1840.16,Private Label
P10870,Home Decor Product 871,Home & Kitchen,Home Decor,11535.84,14103.57,Private Label
P10871,Audio Product 872,Electronics,Audio,39476.74,48585.74,Brand A
P10872,Sportswear Product 873,Sports,Sportswear,297.9,376.72,Brand A
P10873,Accessories Product 874,Fashion,Accessories,7455.74,8755.19,Brand B
P10874,Makeup Product 875,Beauty,Makeup,527.5,647.99,Brand C
P10875,Audio Product 876,Electronics,Audio,43699.75,54805.49,Brand D
P10876,Makeup Product 877,Beauty,Makeup,557.21,764.39,Brand B
P10877,Packaged Foods Product 878,Grocery,Packaged Foods,286.09,351.64,Brand D
P10878,Women Product 879,Fashion,Women,359.2,419.42,Brand D
P10879,Women Product 880,Fashion,Women,2042.38,2738.45,Private Label
P10880,Accessories Product 881,Fashion,Accessories,562.67,692.32,Brand A
P10881,Educational Product 882,Toys,Educational,1025.07,1267.19,Brand B
P10882,Equipment Product 883,Sports,Equipment,10751.56,13099.65,Private Label
P10883,Children Product 884,Books,Children,1391.81,1652.98,Private Label
P10884,Snacks Product 885,Grocery,Snacks,1672.4,2185.05,Brand C
P10885,Academic Product 886,Books,Academic,116.33,160.05,Brand A
P10886,Makeup Product 887,Beauty,Makeup,760.28,976.78,Brand D
P10887,Sportswear Product 888,Sports,Sportswear,476.85,642.75,Brand B
P10888,Packaged Foods Product 889,Grocery,Packaged Foods,110.36,131.54,Brand D
P10889,Outdoor Toys Product 890,Toys,Outdoor Toys,185.23,244.72,Brand B
P10890,Educational Product 891,Toys,Educational,695.07,887.17,Brand C
P10891,Accessories Product 892,Fashion,Accessories,3827.62,5210.7,Brand B
P10892,Skincare Product 893,Beauty,Skincare,310.59,367.3,Brand A
P10893,Non-Fiction Product 894,Books,Non-Fiction,941.29,1163.32,Brand D
P10894,Games Product 895,Toys,Games,982.23,1237.6,Brand D
P10895,Kitchen Appliances Product 896,Home & Kitchen,Kitchen Appliances,1264.29,1492.71,Brand B
P10896,Equipment Product 897,Sports,Equipment,1732.54,2002.33,Private Label
P10897,Packaged Foods Product 898,Grocery,Packaged Foods,864.0,1174.55,Brand A
P10898,Accessories Product 899,Fashion,Accessories,6399.37,7309.67,Brand D
P10899,Personal Care Product 900,Beauty,Personal Care,138.19,163.66,Brand C
P10900,Accessories Product 901,Electronics,Accessories,51390.45,69191.03,Brand B
P10901,Skincare Product 902,Beauty,Skincare,471.82,635.91,Brand C
P10902,Accessories Product 903,Electronics,Accessories,1305.26,1482.88,Brand C
P10903,Mobiles Product 904,Electronics,Mobiles,782.39,882.5,Brand D
P10904,Haircare Product 905,Beauty,Haircare,2731.85,3520.56,Brand D
P10905,Men Product 906,Fashion,Men,783.22,955.79,Brand B
P10906,Cookware Product 907,Home & Kitchen,Cookware,551.77,703.9,Brand B
P10907,Mobiles Product 908,Electronics,Mobiles,19972.71,26712.45,Private Label
P10908,Fiction Product 909,Books,Fiction,1874.76,2278.81,Brand B
P10909,Audio Product 910,Electronics,Audio,1087.73,1363.46,Private Label
P10910,Skincare Product 911,Beauty,Skincare,139.6,182.56,Brand D
P10911,Equipment Product 912,Sports,Equipment,667.86,791.06,Brand B
P10912,Makeup Product 913,Beauty,Makeup,1632.75,2047.6,Brand B
P10913,Academic Product 914,Books,Academic,168.88,213.98,Brand B
P10914,Laptops Product 915,Electronics,Laptops,1624.96,1955.89,Brand C
P10915,Storage Product 916,Home & Kitchen,Storage,252.69,296.62,Brand C
P10916,Games Product 917,Toys,Games,163.7,183.36,Brand B
P10917,Academic Product 918,Books,Academic,2486.81,3111.95,Brand A
P10918,Skincare Product 919,Beauty,Skincare,469.47,597.32,Brand D
P10919,Action Figures Product 920,Toys,Action Figures,3482.12,4051.37,Brand A
P10920,Storage Product 921,Home & Kitchen,Storage,7417.22,9881.6,Brand C
P10921,Sportswear Product 922,Sports,Sportswear,772.79,973.79,Brand C
P10922,Audio Product 923,Electronics,Audio,45815.21,58705.29,Brand D
P10923,Children Product 924,Books,Children,974.58,1193.65,Brand B
P10924,Audio Product 925,Electronics,Audio,20802.36,27933.51,Brand D
P10925,Outdoor Product 926,Sports,Outdoor,1792.79,2117.53,Private Label
P10926,Outdoor Product 927,Sports,Outdoor,252.4,285.47,Brand D
P10927,Makeup Product 928,Beauty,Makeup,3301.54,4133.32,Private Label
P10928,Audio Product 929,Electronics,Audio,13361.93,15029.27,Brand B
P10929,Snacks Product 930,Grocery,Snacks,53.73,67.5,Brand A
P10930,Action Figures Product 931,Toys,Action Figures,579.26,759.48,Brand D
P10931,Outdoor Toys Product 932,Toys,Outdoor Toys,2732.89,3332.78,Brand D
P10932,Cookware Product 933,Home & Kitchen,Cookware,359.24,477.16,Brand A
P10933,Skincare Product 934,Beauty,Skincare,1253.1,1456.07,Brand D
P10934,Mobiles Product 935,Electronics,Mobiles,3065.85,3937.38,Private Label
P10935,Equipment Product 936,Sports,Equipment,257.55,293.35,Brand D
P10936,Games Product 937,Toys,Games,4653.99,5808.07,Brand A
P10937,Snacks Product 938,Grocery,Snacks,3122.51,3612.65,Brand B
P10938,Packaged Foods Product 939,Grocery,Packaged Foods,137.43,179.97,Private Label
P10939,Skincare Product 940,Beauty,Skincare,958.46,1181.17,Brand D
P10940,Men Product 941,Fashion,Men,1742.15,2342.39,Brand C
P10941,Sportswear Product 942,Sports,Sportswear,269.21,354.59,Brand B
P10942,Cookware Product 943,Home & Kitchen,Cookware,3206.35,4422.59,Private Label
P10943,Outdoor Product 944,Sports,Outdoor,6897.37,8989.32,Private Label
P10944,Snacks Product 945,Grocery,Snacks,60.89,79.31,Private Label
P10945,Mobiles Product 946,Electronics,Mobiles,23252.39,30164.98,Brand B
P10946,Staples Product 947,Grocery,Staples,65.09,89.42,Brand B
P10947,Fiction Product 948,Books,Fiction,140.32,166.13,Brand B
P10948,Sportswear Product 949,Sports,Sportswear,4901.57,5565.21,Brand B
P10949,Sportswear Product 950,Sports,Sportswear,1171.38,1614.41,Private Label
P10950,Fitness Product 951,Sports,Fitness,6246.9,8186.18,Brand A
P10951,Haircare Product 952,Beauty,Haircare,3851.91,4769.55,Brand D
P10952,Beverages Product 953,Grocery,Beverages,79.77,101.42,Brand D
P10953,Makeup Product 954,Beauty,Makeup,191.49,257.76,Brand D
P10954,Accessories Product 955,Electronics,Accessories,1284.09,1668.56,Brand C
P10955,Academic Product 956,Books,Academic,337.02,408.29,Brand B
P10956,Cookware Product 957,Home & Kitchen,Cookware,716.74,836.05,Private Label
P10957,Sportswear Product 958,Sports,Sportswear,7040.35,9210.72,Brand B
P10958,Games Product 959,Toys,Games,972.74,1138.8,Brand D
P10959,Non-Fiction Product 960,Books,Non-Fiction,694.99,933.63,Brand C
P10960,Staples Product 961,Grocery,Staples,400.08,467.39,Brand A
P10961,Laptops Product 962,Electronics,Laptops,6561.54,7779.98,Brand A
P10962,Action Figures Product 963,Toys,Action Figures,1193.07,1530.89,Private Label
P10963,Educational Product 964,Toys,Educational,269.9,306.36,Brand C
P10964,Storage Product 965,Home & Kitchen,Storage,11137.26,13431.36,Brand D
P10965,Non-Fiction Product 966,Books,Non-Fiction,503.8,627.35,Brand A
P10966,Educational Product 967,Toys,Educational,1174.1,1431.87,Private Label
P10967,Accessories Product 968,Electronics,Accessories,2151.26,2437.69,Brand C
P10968,Games Product 969,Toys,Games,1058.42,1188.78,Brand B
P10969,Home Decor Product 970,Home & Kitchen,Home Decor,372.63,437.92,Brand B
P10970,Equipment Product 971,Sports,Equipment,231.11,303.56,Brand B
P10971,Makeup Product 972,Beauty,Makeup,466.98,599.16,Brand A
P10972,Home Decor Product 973,Home & Kitchen,Home Decor,2088.73,2652.0,Brand C
P10973,Footwear Product 974,Fashion,Footwear,3199.78,3994.93,Brand A
P10974,Equipment Product 975,Sports,Equipment,8493.84,9726.28,Brand D
P10975,Footwear Product 976,Fashion,Footwear,6182.46,7784.23,Private Label
P10976,Outdoor Product 977,Sports,Outdoor,1544.87,1936.07,Brand A
P10977,Women Product 978,Fashion,Women,321.93,389.52,Brand D
P10978,Academic Product 979,Books,Academic,542.25,747.13,Private Label
P10979,Women Product 980,Fashion,Women,1076.32,1401.09,Private Label
P10980,Home Decor Product 981,Home & Kitchen,Home Decor,2318.59,2859.41,Brand C
P10981,Haircare Product 982,Beauty,Haircare,1244.07,1443.63,Private Label
P10982,Sportswear Product 983,Sports,Sportswear,1012.5,1190.13,Brand D
P10983,Kitchen Appliances Product 984,Home & Kitchen,Kitchen Appliances,6687.74,7976.13,Brand C
P10984,Haircare Product 985,Beauty,Haircare,132.84,169.16,Brand D
P10985,Fitness Product 986,Sports,Fitness,292.41,399.02,Brand B
P10986,Women Product 987,Fashion,Women,664.53,838.05,Private Label
P10987,Outdoor Product 988,Sports,Outdoor,2719.06,3461.58,Brand C
P10988,Academic Product 989,Books,Academic,2487.91,3223.32,Brand D
P10989,Mobiles Product 990,Electronics,Mobiles,26502.63,36197.19,Brand C
P10990,Fiction Product 991,Books,Fiction,142.52,177.79,Brand C
P10991,Kitchen Appliances Product 992,Home & Kitchen,Kitchen Appliances,295.03,362.44,Brand C
P10992,Children Product 993,Books,Children,2415.24,3220.08,Brand C
P10993,Educational Product 994,Toys,Educational,539.68,712.22,Brand C
P10994,Academic Product 995,Books,Academic,168.8,203.5,Brand D
P10995,Accessories Product 996,Fashion,Accessories,1988.56,2579.37,Brand B
P10996,Mobiles Product 997,Electronics,Mobiles,9519.43,12172.07,Brand B
P10997,Storage Product 998,Home & Kitchen,Storage,4656.66,5884.49,Brand D
P10998,Personal Care Product 999,Beauty,Personal Care,337.15,437.26,Brand A
P10999,Accessories Product 1000,Fashion,Accessories,3836.75,5293.59,Brand B
P11000,Outdoor Toys Product 1001,Toys,Outdoor Toys,164.95,199.6,Brand B
P11001,Games Product 1002,Toys,Games,1706.34,1967.92,Brand A
P11002,Home Decor Product 1003,Home & Kitchen,Home Decor,217.25,292.12,Brand A
P11003,Fitness Product 1004,Sports,Fitness,1349.95,1802.53,Brand D
P11004,Audio Product 1005,Electronics,Audio,20716.32,23757.79,Brand A
P11005,Outdoor Toys Product 1006,Toys,Outdoor Toys,424.26,488.68,Brand D
P11006,Fitness Product 1007,Sports,Fitness,416.13,507.38,Brand D
P11007,Kitchen Appliances Product 1008,Home & Kitchen,Kitchen Appliances,1445.4,1910.4,Brand B
P11008,Outdoor Toys Product 1009,Toys,Outdoor Toys,626.07,825.97,Private Label
P11009,Outdoor Product 1010,Sports,Outdoor,204.05,235.36,Brand B
P11010,Fiction Product 1011,Books,Fiction,1123.29,1333.71,Private Label
P11011,Skincare Product 1012,Beauty,Skincare,2054.47,2794.94,Brand A
P11012,Games Product 1013,Toys,Games,3925.5,4507.54,Private Label
P11013,Personal Care Product 1014,Beauty,Personal Care,3013.21,3725.68,Brand D
P11014,Fiction Product 1015,Books,Fiction,1344.17,1617.64,Brand B
P11015,Accessories Product 1016,Electronics,Accessories,7514.74,10003.36,Private Label
P11016,Equipment Product 1017,Sports,Equipment,499.23,672.07,Brand A
P11017,Haircare Product 1018,Beauty,Haircare,2795.3,3665.5,Brand A
P11018,Staples Product 1019,Grocery,Staples,1802.31,2189.92,Private Label
P11019,Home Decor Product 1020,Home & Kitchen,Home Decor,7502.87,9338.34,Brand B
P11020,Educational Product 1021,Toys,Educational,1505.11,2030.03,Brand A
P11021,Action Figures Product 1022,Toys,Action Figures,444.5,536.39,Brand A
P11022,Personal Care Product 1023,Beauty,Personal Care,1152.75,1453.57,Brand B
P11023,Women Product 1024,Fashion,Women,579.87,694.7,Brand C
P11024,Men Product 1025,Fashion,Men,491.23,622.09,Brand C
P11025,Snacks Product 1026,Grocery,Snacks,50.68,63.03,Private Label
P11026,Mobiles Product 1027,Electronics,Mobiles,1525.55,1796.81,Brand D
P11027,Women Product 1028,Fashion,Women,1173.55,1582.23,Brand B
P11028,Academic Product 1029,Books,Academic,2053.31,2353.81,Brand D
P11029,Home Decor Product 1030,Home & Kitchen,Home Decor,7968.91,9180.57,Brand D
P11030,Equipment Product 1031,Sports,Equipment,,1013.27,Brand C
P11031,Women Product 1032,Fashion,Women,593.22,670.25,Brand D
P11032,Audio Product 1033,Electronics,Audio,29530.34,34549.61,Brand B
P11033,Storage Product 1034,Home & Kitchen,Storage,1879.16,2176.26,Brand B
P11034,Sportswear Product 1035,Sports,Sportswear,3701.5,5018.2,Brand A
P11035,Home Decor Product 1036,Home & Kitchen,Home Decor,291.23,366.97,Private Label
P11036,Fiction Product 1037,Books,Fiction,489.54,646.04,Brand B
P11037,Educational Product 1038,Toys,Educational,1469.97,1660.47,Brand B
P11038,Audio Product 1039,Electronics,Audio,1064.9,1354.52,Brand B
P11039,Non-Fiction Product 1040,Books,Non-Fiction,1214.8,1600.07,Brand D
P11040,Storage Product 1041,Home & Kitchen,Storage,16237.73,18500.57,Brand D
P11041,Cookware Product 1042,Home & Kitchen,Cookware,9050.59,12055.91,Brand C
P11042,Skincare Product 1043,Beauty,Skincare,2676.52,3457.75,Private Label
P11043,Academic Product 1044,Books,Academic,2069.71,2351.89,Private Label
P11044,Packaged Foods Product 1045,Grocery,Packaged Foods,1720.73,2337.12,Private Label
P11045,Non-Fiction Product 1046,Books,Non-Fiction,118.86,162.21,Private Label
P11046,Footwear Product 1047,Fashion,Footwear,1096.14,1433.1,Brand A
P11047,Fitness Product 1048,Sports,Fitness,1436.46,1826.58,Brand D
P11048,Personal Care Product 1049,Beauty,Personal Care,436.65,577.4,Brand C
P11049,Fiction Product 1050,Books,Fiction,412.29,521.06,Brand A
P11050,Action Figures Product 1051,Toys,Action Figures,2330.98,2638.44,Brand A
P11051,Action Figures Product 1052,Toys,Action Figures,167.89,227.86,Private Label
P11052,Kitchen Appliances Product 1053,Home & Kitchen,Kitchen Appliances,325.66,441.93,Brand C
P11053,Outdoor Product 1054,Sports,Outdoor,1238.18,1510.24,Private Label
P11054,Mobiles Product 1055,Electronics,Mobiles,966.02,1319.42,Brand C
P11055,Games Product 1056,Toys,Games,6770.97,7981.05,Brand D
P11056,Snacks Product 1057,Grocery,Snacks,2669.46,3049.55,Brand C
P11057,Accessories Product 1058,Electronics,Accessories,40856.88,53287.8,Brand A
P11058,Cookware Product 1059,Home & Kitchen,Cookware,638.79,832.84,Private Label
P11059,Fitness Product 1060,Sports,Fitness,6674.97,7610.68,Brand C
P11060,Accessories Product 1061,Electronics,Accessories,3536.68,4679.19,Brand D
P11061,Kitchen Appliances Product 1062,Home & Kitchen,Kitchen Appliances,4000.27,4605.03,Private Label
P11062,Storage Product 1063,Home & Kitchen,Storage,2095.81,2405.6,Brand C
P11063,Audio Product 1064,Electronics,Audio,920.96,1109.89,Private Label
P11064,Skincare Product 1065,Beauty,Skincare,3636.67,4778.69,Brand C
P11065,Audio Product 1066,Electronics,Audio,1283.52,1753.08,Brand C
P11066,Men Product 1067,Fashion,Men,2333.04,3136.03,Private Label
P11067,Fitness Product 1068,Sports,Fitness,2031.17,2371.56,Brand B
P11068,Laptops Product 1069,Electronics,Laptops,49671.06,56089.13,Brand D
P11069,Accessories Product 1070,Fashion,Accessories,3314.55,4104.46,Brand C
P11070,Haircare Product 1071,Beauty,Haircare,4642.03,5939.33,Brand D
P11071,Equipment Product 1072,Sports,Equipment,1267.92,1742.72,Brand C
P11072,Personal Care Product 1073,Beauty,Personal Care,3564.21,4302.83,Private Label
P11073,Snacks Product 1074,Grocery,Snacks,330.28,402.15,Brand A
P11074,Action Figures Product 1075,Toys,Action Figures,5592.18,6661.97,Brand C
P11075,Footwear Product 1076,Fashion,Footwear,239.16,326.06,Brand C
P11076,Women Product 1077,Fashion,Women,346.32,414.96,Brand C
P11077,Haircare Product 1078,Beauty,Haircare,1456.94,1900.71,Brand C
P11078,Home Decor Product 1079,Home & Kitchen,Home Decor,5598.37,7224.33,Brand D
P11079,Accessories Product 1080,Electronics,Accessories,1565.76,1821.91,Brand B
P11080,Equipment Product 1081,Sports,Equipment,5020.17,6359.92,Brand A
P11081,Accessories Product 1082,Electronics,Accessories,11856.01,14149.33,Brand B
P11082,Fitness Product 1083,Sports,Fitness,903.44,1135.38,Brand A
P11083,Audio Product 1084,Electronics,Audio,4570.78,5137.38,Brand A
P11084,Audio Product 1085,Electronics,Audio,49939.18,65003.73,Brand A
P11085,Cookware Product 1086,Home & Kitchen,Cookware,2849.43,3683.4,Brand A
P11086,Beverages Product 1087,Grocery,Beverages,129.51,146.99,Brand A
P11087,Staples Product 1088,Grocery,Staples,347.39,437.94,Brand A
P11088,Outdoor Product 1089,Sports,Outdoor,3312.72,3908.21,Brand B
P11089,Footwear Product 1090,Fashion,Footwear,410.19,524.5,Private Label
P11090,Equipment Product 1091,Sports,Equipment,499.37,647.91,Brand D
P11091,Laptops Product 1092,Electronics,Laptops,8870.23,11246.1,Private Label
P11092,Accessories Product 1093,Electronics,Accessories,21656.95,26923.27,Brand A
P11093,Equipment Product 1094,Sports,Equipment,4459.7,5458.11,Brand A
P11094,Outdoor Product 1095,Sports,Outdoor,367.94,464.06,Private Label
P11095,Equipment Product 1096,Sports,Equipment,2711.91,3575.07,Brand B
P11096,Sportswear Product 1097,Sports,Sportswear,222.75,303.18,Private Label
P11097,Cookware Product 1098,Home & Kitchen,Cookware,2518.75,2990.36,Brand D
P11098,Children Product 1099,Books,Children,1635.54,2039.85,Brand A
P11099,Mobiles Product 1100,Electronics,Mobiles,43915.26,55689.67,Private Label
P11100,Games Product 1101,Toys,Games,257.42,336.6,Brand C
P11101,Sportswear Product 1102,Sports,Sportswear,1316.81,1608.25,Brand C
P11102,Men Product 1103,Fashion,Men,205.57,231.63,Brand B
P11103,Men Product 1104,Fashion,Men,3545.58,4487.58,Brand C
P11104,Equipment Product 1105,Sports,Equipment,8379.39,11272.05,Brand B
P11105,Home Decor Product 1106,Home & Kitchen,Home Decor,2475.27,3122.7,Brand C
P11106,Audio Product 1107,Electronics,Audio,8563.76,10657.49,Brand C
P11107,Academic Product 1108,Books,Academic,1939.75,2658.49,Brand D
P11108,Action Figures Product 1109,Toys,Action Figures,616.97,745.42,Brand D
P11109,Accessories Product 1110,Fashion,Accessories,1847.14,2498.3,Private Label
P11110,Home Decor Product 1111,Home & Kitchen,Home Decor,5925.62,7993.49,Brand B
P11111,Women Product 1112,Fashion,Women,367.39,470.17,Brand D
P11112,Kitchen Appliances Product 1113,Home & Kitchen,Kitchen Appliances,3090.16,3825.9,Brand D
P11113,Outdoor Toys Product 1114,Toys,Outdoor Toys,1485.57,1726.58,Brand D
P11114,Sportswear Product 1115,Sports,Sportswear,204.79,264.0,Private Label
P11115,Skincare Product 1116,Beauty,Skincare,144.09,163.28,Brand A
P11116,Mobiles Product 1117,Electronics,Mobiles,30391.76,37685.9,Brand B
P11117,Makeup Product 1118,Beauty,Makeup,269.19,340.84,Private Label
P11118,Haircare Product 1119,Beauty,Haircare,1823.95,2482.76,Brand B
P11119,Academic Product 1120,Books,Academic,214.64,285.55,Brand C
P11120,Kitchen Appliances Product 1121,Home & Kitchen,Kitchen Appliances,455.05,540.05,Private Label
P11121,Academic Product 1122,Books,Academic,287.59,365.15,Private Label
P11122,Storage Product 1123,Home & Kitchen,Storage,423.15,557.79,Brand D
P11123,Mobiles Product 1124,Electronics,Mobiles,3978.35,4839.74,Brand D
P11124,Packaged Foods Product 1125,Grocery,Packaged Foods,1433.34,1972.16,Brand D
P11125,Cookware Product 1126,Home & Kitchen,Cookware,186.29,215.64,Brand A
P11126,Skincare Product 1127,Beauty,Skincare,2302.39,2615.49,Brand B
P11127,Equipment Product 1128,Sports,Equipment,685.47,908.46,Brand B
P11128,Men Product 1129,Fashion,Men,8781.36,10692.16,Brand B
P11129,Fitness Product 1130,Sports,Fitness,1142.49,1492.02,Brand D
P11130,Packaged Foods Product 1131,Grocery,Packaged Foods,319.48,366.92,Brand B
P11131,Audio Product 1132,Electronics,Audio,47635.21,60471.68,Private Label
P11132,Outdoor Toys Product 1133,Toys,Outdoor Toys,227.73,256.79,Brand A
P11133,Cookware Product 1134,Home & Kitchen,Cookware,1267.67,1430.91,Brand A
P11134,Haircare Product 1135,Beauty,Haircare,4482.18,5694.23,Brand A
P11135,Equipment Product 1136,Sports,Equipment,3086.56,4177.75,Brand A
P11136,Fitness Product 1137,Sports,Fitness,337.68,390.1,Private Label
P11137,Outdoor Product 1138,Sports,Outdoor,841.92,1030.74,Brand B
P11138,Games Product 1139,Toys,Games,4112.03,4631.81,Brand C
P11139,Cookware Product 1140,Home & Kitchen,Cookware,4264.71,5335.26,Brand B
P11140,Non-Fiction Product 1141,Books,Non-Fiction,536.69,663.97,Private Label
P11141,Action Figures Product 1142,Toys,Action Figures,3927.53,4941.99,Brand C
P11142,Non-Fiction Product 1143,Books,Non-Fiction,1513.86,2013.62,Brand B
P11143,Equipment Product 1144,Sports,Equipment,3892.11,4485.9,Brand B
P11144,Cookware Product 1145,Home & Kitchen,Cookware,1067.22,1203.98,Brand C
P11145,Games Product 1146,Toys,Games,6556.8,8240.91,Brand B
P11146,Staples Product 1147,Grocery,Staples,890.26,1019.14,Brand C
P11147,Haircare Product 1148,Beauty,Haircare,791.96,962.25,Private Label
P11148,Laptops Product 1149,Electronics,Laptops,1856.21,2478.65,Brand D
P11149,Outdoor Product 1150,Sports,Outdoor,4094.14,5181.97,Brand D
P11150,Academic Product 1151,Books,Academic,129.68,150.45,Brand A
P11151,Personal Care Product 1152,Beauty,Personal Care,5932.13,7209.55,Brand B
P11152,Mobiles Product 1153,Electronics,Mobiles,54132.3,71822.61,Brand A
P11153,Non-Fiction Product 1154,Books,Non-Fiction,771.61,897.33,Private Label
P11154,Storage Product 1155,Home & Kitchen,Storage,11384.47,13115.15,Brand D
P11155,Women Product 1156,Fashion,Women,1367.39,1729.41,Brand A
P11156,Kitchen Appliances Product 1157,Home & Kitchen,Kitchen Appliances,2415.53,3140.16,Brand B
P11157,Women Product 1158,Fashion,Women,468.07,536.34,Brand A
P11158,Kitchen Appliances Product 1159,Home & Kitchen,Kitchen Appliances,5314.9,6207.41,Brand A
P11159,Personal Care Product 1160,Beauty,Personal Care,149.65,180.77,Brand C
P11160,Games Product 1161,Toys,Games,927.3,1167.85,Private Label
P11161,Equipment Product 1162,Sports,Equipment,558.43,761.93,Brand C
P11162,Academic Product 1163,Books,Academic,704.99,825.98,Brand D
P11163,Cookware Product 1164,Home & Kitchen,Cookware,4235.52,4927.23,Brand A
P11164,Games Product 1165,Toys,Games,2184.17,2738.59,Brand A
P11165,Fiction Product 1166,Books,Fiction,477.99,573.38,Brand A
P11166,Women Product 1167,Fashion,Women,4169.61,4672.79,Brand C
P11167,Fiction Product 1168,Books,Fiction,858.65,1164.38,Brand D
P11168,Storage Product 1169,Home & Kitchen,Storage,574.98,713.47,Brand C
P11169,Skincare Product 1170,Beauty,Skincare,913.85,1243.84,Brand B
P11170,Skincare Product 1171,Beauty,Skincare,1991.4,2481.64,Brand D
P11171,Cookware Product 1172,Home & Kitchen,Cookware,1816.71,2357.85,Brand C
P11172,Educational Product 1173,Toys,Educational,2348.84,3158.24,Brand A
P11173,Laptops Product 1174,Electronics,Laptops,2894.79,3566.71,Brand C
P11174,Accessories Product 1175,Fashion,Accessories,4234.38,5492.19,Brand A
P11175,Fiction Product 1176,Books,Fiction,464.54,525.09,Brand B
P11176,Accessories Product 1177,Fashion,Accessories,232.28,308.88,Brand A
P11177,Fiction Product 1178,Books,Fiction,1273.78,1719.44,Brand C
P11178,Footwear Product 1179,Fashion,Footwear,206.85,240.62,Brand C
P11179,Academic Product 1180,Books,Academic,521.88,644.61,Brand A
P11180,Beverages Product 1181,Grocery,Beverages,2236.27,2597.69,Private Label
P11181,Women Product 1182,Fashion,Women,212.21,282.56,Brand A
P11182,Makeup Product 1183,Beauty,Makeup,3230.69,3864.15,Brand B
P11183,Games Product 1184,Toys,Games,813.66,929.22,Brand B
P11184,Skincare Product 1185,Beauty,Skincare,2822.26,3685.13,Brand D
P11185,Games Product 1186,Toys,Games,2127.14,2681.32,Brand D
P11186,Outdoor Product 1187,Sports,Outdoor,328.39,410.21,Brand C
P11187,Action Figures Product 1188,Toys,Action Figures,784.05,1075.19,Brand D
P11188,Packaged Foods Product 1189,Grocery,Packaged Foods,362.69,428.54,Brand C
P11189,Laptops Product 1190,Electronics,Laptops,2384.06,2983.93,Brand B
P11190,Audio Product 1191,Electronics,Audio,7363.36,9954.9,Brand C
P11191,Staples Product 1192,Grocery,Staples,223.39,302.7,Brand B
P11192,Cookware Product 1193,Home & Kitchen,Cookware,4073.03,4788.83,Brand C
P11193,Women Product 1194,Fashion,Women,237.7,291.01,Brand C
P11194,Packaged Foods Product 1195,Grocery,Packaged Foods,378.3,494.86,Brand A
P11195,Accessories Product 1196,Electronics,Accessories,867.82,1018.51,Brand A
P11196,Home Decor Product 1197,Home & Kitchen,Home Decor,290.53,326.01,Brand A
P11197,Haircare Product 1198,Beauty,Haircare,3514.72,4395.69,Brand D
P11198,Outdoor Toys Product 1199,Toys,Outdoor Toys,1415.8,1693.89,Private Label
P11199,Cookware Product 1200,Home & Kitchen,Cookware,8273.38,10816.72,Brand B
P11200,Equipment Product 1201,Sports,Equipment,303.93,398.19,Private Label
P11201,Kitchen Appliances Product 1202,Home & Kitchen,Kitchen Appliances,10208.93,12153.41,Brand A
P11202,Haircare Product 1203,Beauty,Haircare,1700.06,2343.62,Brand A
P11203,Children Product 1204,Books,Children,1503.73,2013.57,Brand C
P11204,Accessories Product 1205,Electronics,Accessories,10571.17,13284.99,Brand B
P11205,Accessories Product 1206,Electronics,Accessories,5031.62,6342.72,Brand A
P11206,Children Product 1207,Books,Children,162.42,213.87,Private Label
P11207,Fitness Product 1208,Sports,Fitness,6512.88,8859.87,Brand C
P11208,Skincare Product 1209,Beauty,Skincare,2172.96,2956.55,Brand D
P11209,Sportswear Product 1210,Sports,Sportswear,4391.99,5046.69,Brand C
P11210,Outdoor Toys Product 1211,Toys,Outdoor Toys,1612.44,2008.19,Brand C
P11211,Beverages Product 1212,Grocery,Beverages,1469.13,1948.08,Private Label
P11212,Storage Product 1213,Home & Kitchen,Storage,671.71,850.68,Brand A
P11213,Educational Product 1214,Toys,Educational,443.33,606.41,Brand D
P11214,Men Product 1215,Fashion,Men,2095.35,2453.69,Brand C
P11215,Children Product 1216,Books,Children,297.36,338.74,Brand B
P11216,Non-Fiction Product 1217,Books,Non-Fiction,250.4,288.05,Brand D
P11217,Sportswear Product 1218,Sports,Sportswear,5022.37,6709.61,Private Label
P11218,Skincare Product 1219,Beauty,Skincare,4236.22,5199.02,Brand C
P11219,Accessories Product 1220,Electronics,Accessories,3004.98,3515.0,Brand C
P11220,Educational Product 1221,Toys,Educational,5301.48,6276.79,Brand A
P11221,Accessories Product 1222,Fashion,Accessories,8848.02,11554.43,Brand A
P11222,Snacks Product 1223,Grocery,Snacks,438.14,516.19,Private Label
P11223,Academic Product 1224,Books,Academic,1569.94,2110.06,Brand A
P11224,Storage Product 1225,Home & Kitchen,Storage,1147.06,1519.97,Brand D
P11225,Beverages Product 1226,Grocery,Beverages,849.33,1002.72,Private Label
P11226,Staples Product 1227,Grocery,Staples,364.4,444.88,Brand A
P11227,Personal Care Product 1228,Beauty,Personal Care,3242.08,3961.16,Brand A
P11228,Fiction Product 1229,Books,Fiction,226.21,291.19,Brand D
P11229,Fitness Product 1230,Sports,Fitness,2318.92,2777.12,Brand A
P11230,Mobiles Product 1231,Electronics,Mobiles,3794.43,5119.04,Brand A
P11231,Cookware Product 1232,Home & Kitchen,Cookware,7778.51,9778.82,Private Label
P11232,Personal Care Product 1233,Beauty,Personal Care,3789.07,4269.88,Brand A
P11233,Footwear Product 1234,Fashion,Footwear,315.54,366.44,Brand D
P11234,Men Product 1235,Fashion,Men,1434.65,1764.19,Brand B
P11235,Makeup Product 1236,Beauty,Makeup,1258.55,1710.55,Brand D
P11236,Men Product 1237,Fashion,Men,6666.67,8764.95,Brand C
P11237,Makeup Product 1238,Beauty,Makeup,2295.59,2608.05,Brand A
P11238,Audio Product 1239,Electronics,Audio,2585.55,3191.57,Brand C
P11239,Cookware Product 1240,Home & Kitchen,Cookware,158.54,218.66,Brand A
P11240,Academic Product 1241,Books,Academic,103.89,136.34,Private Label
P11241,Educational Product 1242,Toys,Educational,248.75,279.21,Brand B
P11242,Audio Product 1243,Electronics,Audio,1507.72,1968.94,Brand A
P11243,Cookware Product 1244,Home & Kitchen,Cookware,14801.37,17937.96,Brand B
P11244,Haircare Product 1245,Beauty,Haircare,120.03,150.45,Brand D
P11245,Cookware Product 1246,Home & Kitchen,Cookware,864.47,1042.5,Brand B
P11246,Mobiles Product 1247,Electronics,Mobiles,15226.23,20269.74,Brand C
P11247,Children Product 1248,Books,Children,1392.12,1576.06,Brand A
P11248,Accessories Product 1249,Fashion,Accessories,3322.71,4275.66,Brand B
P11249,Kitchen Appliances Product 1250,Home & Kitchen,Kitchen Appliances,3985.31,5004.63,Brand C
P11250,Children Product 1251,Books,Children,229.2,257.93,Brand A
P11251,Educational Product 1252,Toys,Educational,206.32,282.38,Brand D
P11252,Accessories Product 1253,Fashion,Accessories,1519.27,2056.2,Brand D
P11253,Men Product 1254,Fashion,Men,4483.04,5092.98,Brand C
P11254,Equipment Product 1255,Sports,Equipment,2120.94,2653.26,Brand D
P11255,Packaged Foods Product 1256,Grocery,Packaged Foods,245.28,281.87,Brand C
P11256,Laptops Product 1257,Electronics,Laptops,2411.69,2773.25,Brand D
P11257,Home Decor Product 1258,Home & Kitchen,Home Decor,220.38,251.29,Private Label
P11258,Fiction Product 1259,Books,Fiction,308.06,390.34,Private Label
P11259,Fiction Product 1260,Books,Fiction,2466.93,3314.23,Brand B
P11260,Packaged Foods Product 1261,Grocery,Packaged Foods,193.22,249.9,Brand A
P11261,Outdoor Toys Product 1262,Toys,Outdoor Toys,2812.19,3835.47,Brand A
P11262,Personal Care Product 1263,Beauty,Personal Care,200.97,274.38,Private Label
P11263,Children Product 1264,Books,Children,245.2,317.13,Brand C
P11264,Beverages Product 1265,Grocery,Beverages,102.43,128.47,Private Label
P11265,Games Product 1266,Toys,Games,2089.74,2789.56,Brand D
P11266,Non-Fiction Product 1267,Books,Non-Fiction,2035.16,2300.42,Brand D
P11267,Fitness Product 1268,Sports,Fitness,4272.16,5825.54,Brand A
P11268,Outdoor Toys Product 1269,Toys,Outdoor Toys,464.82,547.91,Brand B
P11269,Kitchen Appliances Product 1270,Home & Kitchen,Kitchen Appliances,281.34,368.13,Brand D
P11270,Women Product 1271,Fashion,Women,2352.18,2906.39,Private Label
P11271,Makeup Product 1272,Beauty,Makeup,676.71,771.85,Brand A
P11272,Footwear Product 1273,Fashion,Footwear,481.79,564.74,Private Label
P11273,Non-Fiction Product 1274,Books,Non-Fiction,116.71,142.35,Brand D
P11274,Skincare Product 1275,Beauty,Skincare,122.27,165.01,Private Label
P11275,Non-Fiction Product 1276,Books,Non-Fiction,211.14,285.29,Brand D
P11276,Haircare Product 1277,Beauty,Haircare,2828.06,3244.51,Brand A
P11277,Accessories Product 1278,Electronics,Accessories,768.4,1048.72,Brand B
P11278,Outdoor Toys Product 1279,Toys,Outdoor Toys,5425.15,6649.75,Brand C
P11279,Footwear Product 1280,Fashion,Footwear,3809.72,4995.86,Brand C
P11280,Makeup Product 1281,Beauty,Makeup,153.65,172.78,Brand D
P11281,Staples Product 1282,Grocery,Staples,951.47,1222.07,Brand D
P11282,Staples Product 1283,Grocery,Staples,50.92,59.84,Brand D
P11283,Accessories Product 1284,Fashion,Accessories,589.92,810.05,Private Label
P11284,Skincare Product 1285,Beauty,Skincare,611.08,692.07,Brand C
P11285,Outdoor Toys Product 1286,Toys,Outdoor Toys,291.27,389.7,Brand C
P11286,Personal Care Product 1287,Beauty,Personal Care,702.57,802.95,Brand B
P11287,Makeup Product 1288,Beauty,Makeup,2283.0,3049.8,Brand D
P11288,Women Product 1289,Fashion,Women,2555.34,3152.75,Brand C
P11289,Academic Product 1290,Books,Academic,1555.46,1926.89,Brand C
P11290,Accessories Product 1291,Fashion,Accessories,2536.01,3119.47,Brand B
P11291,Women Product 1292,Fashion,Women,5464.78,7149.23,Brand A
P11292,Skincare Product 1293,Beauty,Skincare,3444.27,4610.76,Brand C
P11293,Mobiles Product 1294,Electronics,Mobiles,14645.71,18722.46,Brand C
P11294,Cookware Product 1295,Home & Kitchen,Cookware,3648.4,4920.7,Private Label
P11295,Packaged Foods Product 1296,Grocery,Packaged Foods,1432.27,1743.27,Private Label
P11296,Makeup Product 1297,Beauty,Makeup,1325.07,1639.9,Brand A
P11297,Beverages Product 1298,Grocery,Beverages,260.02,316.25,Brand B
P11298,Academic Product 1299,Books,Academic,264.03,352.78,Brand A
P11299,Makeup Product 1300,Beauty,Makeup,261.54,343.78,Brand B
P11300,Educational Product 1301,Toys,Educational,290.91,384.91,Brand B
P11301,Men Product 1302,Fashion,Men,6392.81,8756.66,Brand B
P11302,Fiction Product 1303,Books,Fiction,1262.01,1618.52,Brand B
P11303,Non-Fiction Product 1304,Books,Non-Fiction,131.13,152.39,Brand D
P11304,Haircare Product 1305,Beauty,Haircare,145.99,182.75,Private Label
P11305,Snacks Product 1306,Grocery,Snacks,535.03,599.71,Brand C
P11306,Cookware Product 1307,Home & Kitchen,Cookware,,279.93,Brand A
P11307,Audio Product 1308,Electronics,Audio,1955.8,2644.4,Brand C
P11308,Cookware Product 1309,Home & Kitchen,Cookware,192.59,229.82,Brand C
P11309,Accessories Product 1310,Fashion,Accessories,569.16,680.33,Brand B
P11310,Men Product 1311,Fashion,Men,342.24,387.53,Brand A
P11311,Fitness Product 1312,Sports,Fitness,9020.47,10753.47,Brand A
P11312,Mobiles Product 1313,Electronics,Mobiles,824.19,999.4,Private Label
P11313,Outdoor Toys Product 1314,Toys,Outdoor Toys,4572.83,5173.99,Brand C
P11314,Action Figures Product 1315,Toys,Action Figures,178.79,217.23,Brand A
P11315,Audio Product 1316,Electronics,Audio,2493.63,3059.85,Brand A
P11316,Skincare Product 1317,Beauty,Skincare,4835.33,5892.87,Private Label
P11317,Educational Product 1318,Toys,Educational,722.47,911.88,Brand A
P11318,Storage Product 1319,Home & Kitchen,Storage,6374.2,8393.26,Brand A
P11319,Games Product 1320,Toys,Games,1045.91,1321.74,Brand B
P11320,Makeup Product 1321,Beauty,Makeup,2944.97,3946.73,Brand C
P11321,Packaged Foods Product 1322,Grocery,Packaged Foods,2332.67,2859.11,Brand D
P11322,Packaged Foods Product 1323,Grocery,Packaged Foods,424.11,476.34,Brand D
P11323,Action Figures Product 1324,Toys,Action Figures,3862.99,4829.8,Brand A
P11324,Non-Fiction Product 1325,Books,Non-Fiction,1060.66,1426.22,Brand C
P11325,Packaged Foods Product 1326,Grocery,Packaged Foods,395.04,506.22,Brand A
P11326,Beverages Product 1327,Grocery,Beverages,3400.71,4527.16,Brand C
P11327,Accessories Product 1328,Fashion,Accessories,3588.18,4182.52,Brand C
P11328,Accessories Product 1329,Electronics,Accessories,715.32,942.22,Brand D
P11329,Academic Product 1330,Books,Academic,194.15,247.34,Brand C
P11330,Staples Product 1331,Grocery,Staples,64.73,80.4,Brand A
P11331,Fiction Product 1332,Books,Fiction,1091.33,1245.33,Private Label
P11332,Men Product 1333,Fashion,Men,963.59,1271.73,Private Label
P11333,Staples Product 1334,Grocery,Staples,2157.24,2893.11,Brand B
P11334,Women Product 1335,Fashion,Women,3815.78,4977.57,Brand A
P11335,Personal Care Product 1336,Beauty,Personal Care,421.72,487.52,Brand D
P11336,Games Product 1337,Toys,Games,,417.83,Private Label
P11337,Snacks Product 1338,Grocery,Snacks,100.49,125.38,Private Label
P11338,Home Decor Product 1339,Home & Kitchen,Home Decor,3454.26,3874.04,Brand D
P11339,Cookware Product 1340,Home & Kitchen,Cookware,15360.9,18384.36,Brand B
P11340,Skincare Product 1341,Beauty,Skincare,4126.79,5091.86,Private Label
P11341,Footwear Product 1342,Fashion,Footwear,289.71,366.39,Brand C
P11342,Home Decor Product 1343,Home & Kitchen,Home Decor,5245.35,6658.1,Brand A
P11343,Academic Product 1344,Books,Academic,1439.76,1771.35,Brand B
P11344,Staples Product 1345,Grocery,Staples,52.69,60.09,Brand B
P11345,Accessories Product 1346,Fashion,Accessories,455.58,583.43,Brand D
P11346,Games Product 1347,Toys,Games,5167.04,6423.15,Brand A
P11347,Children Product 1348,Books,Children,233.63,306.25,Private Label
P11348,Fitness Product 1349,Sports,Fitness,463.59,575.55,Brand C
P11349,Personal Care Product 1350,Beauty,Personal Care,552.1,684.04,Brand C
P11350,Snacks Product 1351,Grocery,Snacks,1274.5,1666.69,Brand A
P11351,Action Figures Product 1352,Toys,Action Figures,4387.57,5324.11,Brand C
P11352,Women Product 1353,Fashion,Women,5367.86,6514.96,Private Label
P11353,Games Product 1354,Toys,Games,3879.95,4928.26,Private Label
P11354,Mobiles Product 1355,Electronics,Mobiles,26571.75,31767.2,Private Label
P11355,Educational Product 1356,Toys,Educational,158.22,203.35,Brand C
P11356,Footwear Product 1357,Fashion,Footwear,351.73,465.47,Brand C
P11357,Skincare Product 1358,Beauty,Skincare,211.22,260.82,Brand A
P11358,Equipment Product 1359,Sports,Equipment,1664.52,2279.14,Brand A
P11359,Educational Product 1360,Toys,Educational,3898.88,5360.91,Brand C
P11360,Cookware Product 1361,Home & Kitchen,Cookware,356.99,490.0,Private Label
P11361,Men Product 1362,Fashion,Men,263.93,328.94,Brand A
P11362,Fiction Product 1363,Books,Fiction,432.61,487.85,Brand C
P11363,Staples Product 1364,Grocery,Staples,601.03,693.85,Brand C
P11364,Makeup Product 1365,Beauty,Makeup,1538.82,1814.81,Brand A
P11365,Kitchen Appliances Product 1366,Home & Kitchen,Kitchen Appliances,580.03,760.15,Brand C
P11366,Children Product 1367,Books,Children,126.29,161.53,Brand C
P11367,Outdoor Product 1368,Sports,Outdoor,736.85,876.5,Brand B
P11368,Educational Product 1369,Toys,Educational,151.31,201.25,Brand C
P11369,Action Figures Product 1370,Toys,Action Figures,2091.27,2560.25,Brand B
P11370,Haircare Product 1371,Beauty,Haircare,2189.6,2866.01,Brand C
P11371,Makeup Product 1372,Beauty,Makeup,703.86,858.03,Brand A
P11372,Cookware Product 1373,Home & Kitchen,Cookware,226.71,264.02,Brand C
P11373,Home Decor Product 1374,Home & Kitchen,Home Decor,896.92,1021.82,Private Label
P11374,Academic Product 1375,Books,Academic,252.05,327.49,Brand A
P11375,Women Product 1376,Fashion,Women,4764.56,6030.06,Private Label
P11376,Snacks Product 1377,Grocery,Snacks,91.57,120.43,Brand A
P11377,Women Product 1378,Fashion,Women,5292.32,6758.02,Brand A
P11378,Packaged Foods Product 1379,Grocery,Packaged Foods,590.49,791.15,Brand B
P11379,Action Figures Product 1380,Toys,Action Figures,2366.89,2675.51,Brand B
P11380,Snacks Product 1381,Grocery,Snacks,1533.5,1836.2,Brand C
P11381,Non-Fiction Product 1382,Books,Non-Fiction,220.99,281.8,Brand A
P11382,Skincare Product 1383,Beauty,Skincare,765.17,950.12,Private Label
P11383,Staples Product 1384,Grocery,Staples,78.28,97.5,Private Label
P11384,Accessories Product 1385,Electronics,Accessories,4747.7,5364.73,Brand A
P11385,Educational Product 1386,Toys,Educational,3250.13,3679.96,Private Label
P11386,Academic Product 1387,Books,Academic,226.4,300.71,Private Label
P11387,Sportswear Product 1388,Sports,Sportswear,2759.21,3699.84,Brand A
P11388,Games Product 1389,Toys,Games,2288.24,3073.08,Brand B
P11389,Makeup Product 1390,Beauty,Makeup,5349.41,7332.46,Brand B
P11390,Fitness Product 1391,Sports,Fitness,582.57,799.76,Brand B
P11391,Fiction Product 1392,Books,Fiction,841.72,959.61,Brand D
P11392,Sportswear Product 1393,Sports,Sportswear,1842.9,2304.82,Brand D
P11393,Fitness Product 1394,Sports,Fitness,2110.86,2456.84,Brand D
P11394,Makeup Product 1395,Beauty,Makeup,608.61,781.23,Brand B
P11395,Non-Fiction Product 1396,Books,Non-Fiction,2290.32,2835.04,Brand A
P11396,Fiction Product 1397,Books,Fiction,532.64,648.47,Private Label
P11397,Snacks Product 1398,Grocery,Snacks,86.54,103.84,Brand C
P11398,Outdoor Product 1399,Sports,Outdoor,533.6,687.65,Brand A
P11399,Sportswear Product 1400,Sports,Sportswear,1776.55,2279.19,Brand D
P11400,Audio Product 1401,Electronics,Audio,8782.67,11066.33,Brand C
P11401,Cookware Product 1402,Home & Kitchen,Cookware,5586.07,7416.79,Brand C
P11402,Packaged Foods Product 1403,Grocery,Packaged Foods,2980.92,3993.88,Private Label
P11403,Snacks Product 1404,Grocery,Snacks,98.15,120.38,Brand A
P11404,Audio Product 1405,Electronics,Audio,24085.34,27542.47,Brand A
P11405,Games Product 1406,Toys,Games,1722.0,2200.29,Brand C
P11406,Makeup Product 1407,Beauty,Makeup,398.1,546.12,Brand B
P11407,Footwear Product 1408,Fashion,Footwear,648.69,847.67,Brand C
P11408,Snacks Product 1409,Grocery,Snacks,1170.39,1559.98,Private Label
P11409,Equipment Product 1410,Sports,Equipment,237.23,286.5,Private Label
P11410,Outdoor Toys Product 1411,Toys,Outdoor Toys,160.71,205.74,Brand A
P11411,Accessories Product 1412,Fashion,Accessories,4109.58,5661.5,Brand A
P11412,Laptops Product 1413,Electronics,Laptops,21992.24,26027.73,Brand C
P11413,Women Product 1414,Fashion,Women,508.93,685.06,Brand B
P11414,Equipment Product 1415,Sports,Equipment,6523.59,7982.49,Brand B
P11415,Packaged Foods Product 1416,Grocery,Packaged Foods,3191.49,4012.06,Brand D
P11416,Action Figures Product 1417,Toys,Action Figures,3678.87,4240.89,Brand A
P11417,Children Product 1418,Books,Children,2490.41,2961.64,Brand D
P11418,Skincare Product 1419,Beauty,Skincare,770.38,963.95,Brand B
P11419,Storage Product 1420,Home & Kitchen,Storage,14126.25,18564.71,Brand B
P11420,Kitchen Appliances Product 1421,Home & Kitchen,Kitchen Appliances,1474.72,1781.16,Brand D
P11421,Footwear Product 1422,Fashion,Footwear,587.89,729.72,Brand C
P11422,Men Product 1423,Fashion,Men,8472.07,10331.36,Brand D
P11423,Fiction Product 1424,Books,Fiction,1563.68,2049.33,Brand D
P11424,Fiction Product 1425,Books,Fiction,221.13,281.84,Brand A
P11425,Audio Product 1426,Electronics,Audio,862.5,1084.29,Brand A
P11426,Haircare Product 1427,Beauty,Haircare,317.3,384.61,Brand D
P11427,Children Product 1428,Books,Children,1381.34,1642.22,Brand D
P11428,Non-Fiction Product 1429,Books,Non-Fiction,2266.77,2959.45,Brand D
P11429,Audio Product 1430,Electronics,Audio,2378.01,3001.61,Brand C
P11430,Personal Care Product 1431,Beauty,Personal Care,2145.09,2774.25,Brand A
P11431,Laptops Product 1432,Electronics,Laptops,21653.61,25132.32,Brand C
P11432,Sportswear Product 1433,Sports,Sportswear,1270.62,1576.65,Brand C
P11433,Personal Care Product 1434,Beauty,Personal Care,3038.0,3654.0,Brand D
P11434,Games Product 1435,Toys,Games,178.73,229.7,Brand C
P11435,Storage Product 1436,Home & Kitchen,Storage,4244.29,5533.74,Brand C
P11436,Audio Product 1437,Electronics,Audio,714.34,896.52,Brand D
P11437,Home Decor Product 1438,Home & Kitchen,Home Decor,187.42,216.32,Private Label
P11438,Men Product 1439,Fashion,Men,3058.08,3842.25,Brand B
P11439,Cookware Product 1440,Home & Kitchen,Cookware,247.77,317.07,Brand C
P11440,Educational Product 1441,Toys,Educational,2895.66,3259.58,Brand C
P11441,Haircare Product 1442,Beauty,Haircare,118.89,159.48,Brand A
P11442,Audio Product 1443,Electronics,Audio,46229.82,56300.68,Brand D
P11443,Mobiles Product 1444,Electronics,Mobiles,9109.58,10714.57,Private Label
P11444,Academic Product 1445,Books,Academic,595.68,678.79,Brand D
P11445,Games Product 1446,Toys,Games,2855.04,3361.53,Brand B
P11446,Beverages Product 1447,Grocery,Beverages,2470.41,2930.08,Private Label
P11447,Staples Product 1448,Grocery,Staples,320.15,440.28,Brand D
P11448,Storage Product 1449,Home & Kitchen,Storage,348.32,443.85,Brand C
P11449,Footwear Product 1450,Fashion,Footwear,371.77,491.07,Brand D
P11450,Non-Fiction Product 1451,Books,Non-Fiction,1407.23,1731.8,Private Label
P11451,Fitness Product 1452,Sports,Fitness,6794.95,7934.97,Brand B
P11452,Mobiles Product 1453,Electronics,Mobiles,818.08,987.44,Brand C
P11453,Footwear Product 1454,Fashion,Footwear,506.98,689.65,Brand D
P11454,Snacks Product 1455,Grocery,Snacks,174.41,214.9,Brand D
P11455,Footwear Product 1456,Fashion,Footwear,4669.53,5232.04,Brand C
P11456,Fiction Product 1457,Books,Fiction,675.41,929.99,Brand B
P11457,Packaged Foods Product 1458,Grocery,Packaged Foods,90.51,122.93,Brand D
P11458,Home Decor Product 1459,Home & Kitchen,Home Decor,2627.04,3483.27,Brand C
P11459,Mobiles Product 1460,Electronics,Mobiles,38629.9,50119.23,Brand A
P11460,Men Product 1461,Fashion,Men,552.16,625.22,Brand A
P11461,Snacks Product 1462,Grocery,Snacks,225.03,304.16,Brand C
P11462,Cookware Product 1463,Home & Kitchen,Cookware,2043.08,2814.55,Brand C
P11463,Outdoor Product 1464,Sports,Outdoor,3030.91,3543.0,Private Label
P11464,Accessories Product 1465,Electronics,Accessories,29267.53,35376.76,Brand D
P11465,Games Product 1466,Toys,Games,4287.94,4811.52,Brand B
P11466,Snacks Product 1467,Grocery,Snacks,,702.32,Brand B
P11467,Accessories Product 1468,Electronics,Accessories,64566.35,81622.21,Private Label
P11468,Sportswear Product 1469,Sports,Sportswear,2426.46,3294.68,Brand B
P11469,Women Product 1470,Fashion,Women,273.05,367.85,Brand A
P11470,Mobiles Product 1471,Electronics,Mobiles,2542.58,3192.37,Brand B
P11471,Fitness Product 1472,Sports,Fitness,861.56,1055.11,Brand B
P11472,Haircare Product 1473,Beauty,Haircare,4101.14,4611.88,Brand D
P11473,Accessories Product 1474,Electronics,Accessories,20360.98,26845.73,Private Label
P11474,Mobiles Product 1475,Electronics,Mobiles,19223.82,26328.73,Brand B
P11475,Laptops Product 1476,Electronics,Laptops,27304.13,32530.05,Brand B
P11476,Snacks Product 1477,Grocery,Snacks,2291.22,2844.89,Brand D
P11477,Skincare Product 1478,Beauty,Skincare,1189.46,1509.56,Brand D
P11478,Non-Fiction Product 1479,Books,Non-Fiction,1118.06,1461.88,Brand B
P11479,Staples Product 1480,Grocery,Staples,286.36,351.25,Private Label
P11480,Mobiles Product 1481,Electronics,Mobiles,1068.64,1457.04,Brand C
P11481,Action Figures Product 1482,Toys,Action Figures,5170.21,6729.27,Brand A
P11482,Outdoor Product 1483,Sports,Outdoor,248.69,333.37,Brand B
P11483,Outdoor Product 1484,Sports,Outdoor,703.94,964.85,Private Label
P11484,Laptops Product 1485,Electronics,Laptops,50249.19,68026.73,Brand A
P11485,Footwear Product 1486,Fashion,Footwear,274.64,309.4,Brand B
P11486,Educational Product 1487,Toys,Educational,2367.25,3096.57,Brand A
P11487,Outdoor Toys Product 1488,Toys,Outdoor Toys,671.52,915.04,Private Label
P11488,Skincare Product 1489,Beauty,Skincare,137.45,172.25,Brand C
P11489,Laptops Product 1490,Electronics,Laptops,4543.34,5687.67,Brand D
P11490,Staples Product 1491,Grocery,Staples,648.69,785.59,Private Label
P11491,Women Product 1492,Fashion,Women,6794.66,8519.11,Brand B
P11492,Games Product 1493,Toys,Games,206.31,246.7,Private Label
P11493,Action Figures Product 1494,Toys,Action Figures,1878.44,2274.64,Brand C
P11494,Makeup Product 1495,Beauty,Makeup,339.86,421.51,Brand C
P11495,Accessories Product 1496,Electronics,Accessories,2373.12,2827.88,Brand B
P11496,Snacks Product 1497,Grocery,Snacks,2076.46,2684.11,Brand A
P11497,Packaged Foods Product 1498,Grocery,Packaged Foods,1639.04,1855.94,Brand D
P11498,Haircare Product 1499,Beauty,Haircare,1194.42,1518.05,Brand A
P11499,Kitchen Appliances Product 1500,Home & Kitchen,Kitchen Appliances,16868.2,20148.92,Brand B
P11500,Audio Product 1501,Electronics,Audio,6699.09,7961.92,Brand A
P11501,Beverages Product 1502,Grocery,Beverages,324.58,366.61,Private Label
P11502,Snacks Product 1503,Grocery,Snacks,155.54,178.25,Brand D
P11503,Action Figures Product 1504,Toys,Action Figures,3030.75,3628.67,Brand D
P11504,Kitchen Appliances Product 1505,Home & Kitchen,Kitchen Appliances,1011.01,1207.31,Brand A
P11505,Accessories Product 1506,Fashion,Accessories,8832.09,11847.73,Brand B
P11506,Outdoor Toys Product 1507,Toys,Outdoor Toys,6857.28,9422.17,Brand C
P11507,Fitness Product 1508,Sports,Fitness,558.32,695.93,Brand D
P11508,Action Figures Product 1509,Toys,Action Figures,2330.24,2909.35,Brand A
P11509,Fitness Product 1510,Sports,Fitness,1098.34,1407.58,Private Label
P11510,Accessories Product 1511,Electronics,Accessories,54254.28,67075.22,Brand A
P11511,Cookware Product 1512,Home & Kitchen,Cookware,265.05,301.94,Brand A
P11512,Fitness Product 1513,Sports,Fitness,569.14,669.18,Private Label
P11513,Accessories Product 1514,Electronics,Accessories,13639.08,18015.87,Brand B
P11514,Games Product 1515,Toys,Games,581.78,662.31,Private Label
P11515,Action Figures Product 1516,Toys,Action Figures,1133.7,1287.21,Brand A
P11516,Accessories Product 1517,Fashion,Accessories,6296.74,8068.06,Private Label
P11517,Women Product 1518,Fashion,Women,794.11,962.71,Brand B
P11518,Makeup Product 1519,Beauty,Makeup,3632.99,4915.18,Brand B
P11519,Haircare Product 1520,Beauty,Haircare,502.61,668.75,Brand B
P11520,Skincare Product 1521,Beauty,Skincare,2080.98,2469.0,Private Label
P11521,Educational Product 1522,Toys,Educational,171.81,224.81,Brand A
P11522,Accessories Product 1523,Fashion,Accessories,499.63,619.82,Private Label
P11523,Men Product 1524,Fashion,Men,1523.77,2040.92,Brand B
P11524,Makeup Product 1525,Beauty,Makeup,3174.42,4084.02,Brand B
P11525,Personal Care Product 1526,Beauty,Personal Care,2169.09,2800.0,Brand C
P11526,Personal Care Product 1527,Beauty,Personal Care,345.83,453.02,Brand B
P11527,Women Product 1528,Fashion,Women,6779.6,8907.52,Private Label
P11528,Accessories Product 1529,Fashion,Accessories,275.03,335.66,Brand A
P11529,Accessories Product 1530,Electronics,Accessories,18104.38,24840.02,Brand D
P11530,Footwear Product 1531,Fashion,Footwear,1812.01,2318.8,Brand B
P11531,Games Product 1532,Toys,Games,3779.38,4364.0,Brand C
P11532,Women Product 1533,Fashion,Women,886.9,1044.02,Brand D
P11533,Makeup Product 1534,Beauty,Makeup,455.47,576.2,Brand D
P11534,Men Product 1535,Fashion,Men,535.75,723.05,Brand D
P11535,Outdoor Product 1536,Sports,Outdoor,1126.24,1369.29,Brand B
P11536,Outdoor Toys Product 1537,Toys,Outdoor Toys,330.76,372.81,Brand C
P11537,Educational Product 1538,Toys,Educational,6219.38,7113.76,Brand C
P11538,Personal Care Product 1539,Beauty,Personal Care,3550.77,4655.81,Brand C
P11539,Haircare Product 1540,Beauty,Haircare,4360.38,5011.44,Brand C
P11540,Outdoor Toys Product 1541,Toys,Outdoor Toys,4718.31,5417.08,Brand A
P11541,Haircare Product 1542,Beauty,Haircare,153.88,177.35,Private Label
P11542,Staples Product 1543,Grocery,Staples,1189.16,1404.48,Brand C
P11543,Packaged Foods Product 1544,Grocery,Packaged Foods,485.03,559.67,Brand C
P11544,Academic Product 1545,Books,Academic,2028.92,2630.04,Private Label
P11545,Snacks Product 1546,Grocery,Snacks,82.69,106.48,Brand D
P11546,Games Product 1547,Toys,Games,5937.1,8151.28,Brand A
P11547,Beverages Product 1548,Grocery,Beverages,2627.56,3034.39,Brand D
P11548,Cookware Product 1549,Home & Kitchen,Cookware,6176.18,7108.88,Brand A
P11549,Accessories Product 1550,Electronics,Accessories,5115.45,6773.56,Brand C
P11550,Educational Product 1551,Toys,Educational,3205.4,4415.75,Private Label
P11551,Accessories Product 1552,Fashion,Accessories,1472.75,1768.38,Brand D
P11552,Storage Product 1553,Home & Kitchen,Storage,1457.13,1666.72,Brand A
P11553,Cookware Product 1554,Home & Kitchen,Cookware,15856.39,18189.72,Brand D
P11554,Makeup Product 1555,Beauty,Makeup,149.75,188.83,Brand B
P11555,Mobiles Product 1556,Electronics,Mobiles,15810.45,20481.52,Brand C
P11556,Academic Product 1557,Books,Academic,1841.56,2129.35,Brand B
P11557,Accessories Product 1558,Fashion,Accessories,2287.15,2913.31,Private Label
P11558,Men Product 1559,Fashion,Men,1186.06,1631.29,Brand D
P11559,Outdoor Product 1560,Sports,Outdoor,1923.3,2225.74,Brand C
P11560,Snacks Product 1561,Grocery,Snacks,2879.68,3955.65,Brand D
P11561,Storage Product 1562,Home & Kitchen,Storage,300.06,337.31,Private Label
P11562,Men Product 1563,Fashion,Men,1804.37,2251.26,Brand B
P11563,Makeup Product 1564,Beauty,Makeup,2026.86,2394.78,Brand A
P11564,Children Product 1565,Books,Children,463.07,573.79,Brand B
P11565,Home Decor Product 1566,Home & Kitchen,Home Decor,5405.37,6471.54,Private Label
P11566,Makeup Product 1567,Beauty,Makeup,470.01,584.38,Brand A
P11567,Makeup Product 1568,Beauty,Makeup,381.75,444.93,Brand C
P11568,Educational Product 1569,Toys,Educational,232.93,309.41,Private Label
P11569,Storage Product 1570,Home & Kitchen,Storage,907.04,1044.9,Brand D
P11570,Outdoor Product 1571,Sports,Outdoor,2365.31,3169.03,Brand C
P11571,Haircare Product 1572,Beauty,Haircare,892.93,1182.82,Brand D
P11572,Packaged Foods Product 1573,Grocery,Packaged Foods,59.5,74.9,Private Label
P11573,Beverages Product 1574,Grocery,Beverages,887.27,1174.12,Brand C
P11574,Skincare Product 1575,Beauty,Skincare,174.86,212.1,Private Label
P11575,Outdoor Product 1576,Sports,Outdoor,1626.96,1893.56,Brand D
P11576,Fiction Product 1577,Books,Fiction,512.73,655.3,Brand B
P11577,Mobiles Product 1578,Electronics,Mobiles,841.43,954.92,Brand C
P11578,Non-Fiction Product 1579,Books,Non-Fiction,919.98,1043.46,Brand C
P11579,Action Figures Product 1580,Toys,Action Figures,3990.54,4887.79,Brand B
P11580,Women Product 1581,Fashion,Women,897.71,1026.85,Brand C
P11581,Action Figures Product 1582,Toys,Action Figures,1187.23,1401.57,Brand C
P11582,Sportswear Product 1583,Sports,Sportswear,446.05,587.22,Brand C
P11583,Audio Product 1584,Electronics,Audio,13742.95,18850.49,Brand A
P11584,Equipment Product 1585,Sports,Equipment,8219.76,10684.93,Private Label
P11585,Audio Product 1586,Electronics,Audio,14611.61,19875.74,Private Label
P11586,Accessories Product 1587,Electronics,Accessories,6379.84,7871.26,Brand A
P11587,Children Product 1588,Books,Children,189.76,213.61,Private Label
P11588,Footwear Product 1589,Fashion,Footwear,3785.02,4380.21,Brand C
P11589,Haircare Product 1590,Beauty,Haircare,568.22,752.88,Brand B
P11590,Cookware Product 1591,Home & Kitchen,Cookware,232.73,309.92,Brand A
P11591,Fitness Product 1592,Sports,Fitness,1302.88,1679.06,Brand C
P11592,Academic Product 1593,Books,Academic,2334.53,3208.5,Brand A
P11593,Staples Product 1594,Grocery,Staples,1327.74,1661.42,Private Label
P11594,Snacks Product 1595,Grocery,Snacks,85.69,116.7,Brand C
P11595,Action Figures Product 1596,Toys,Action Figures,5199.02,6675.34,Brand D
P11596,Outdoor Toys Product 1597,Toys,Outdoor Toys,5477.72,6653.13,Private Label
P11597,Accessories Product 1598,Fashion,Accessories,1112.08,1251.63,Private Label
P11598,Non-Fiction Product 1599,Books,Non-Fiction,192.79,247.44,Brand C
P11599,Outdoor Product 1600,Sports,Outdoor,571.89,656.66,Brand A
P11600,Staples Product 1601,Grocery,Staples,713.99,931.6,Private Label
P11601,Storage Product 1602,Home & Kitchen,Storage,156.5,197.12,Brand A
P11602,Packaged Foods Product 1603,Grocery,Packaged Foods,1087.67,1409.88,Brand B
P11603,Educational Product 1604,Toys,Educational,441.46,579.63,Brand B
P11604,Makeup Product 1605,Beauty,Makeup,3300.45,4406.71,Brand C
P11605,Makeup Product 1606,Beauty,Makeup,1435.87,1727.04,Brand B
P11606,Personal Care Product 1607,Beauty,Personal Care,238.09,326.37,Brand B
P11607,Accessories Product 1608,Fashion,Accessories,206.71,280.21,Brand D
P11608,Action Figures Product 1609,Toys,Action Figures,507.89,606.68,Brand A
P11609,Non-Fiction Product 1610,Books,Non-Fiction,135.43,159.6,Brand D
P11610,Haircare Product 1611,Beauty,Haircare,3209.05,3657.51,Brand C
P11611,Sportswear Product 1612,Sports,Sportswear,409.77,477.33,Private Label
P11612,Audio Product 1613,Electronics,Audio,57282.7,66412.18,Brand A
P11613,Beverages Product 1614,Grocery,Beverages,64.81,76.07,Private Label
P11614,Non-Fiction Product 1615,Books,Non-Fiction,953.68,1126.85,Brand B
P11615,Cookware Product 1616,Home & Kitchen,Cookware,358.15,466.89,Private Label
P11616,Children Product 1617,Books,Children,340.98,453.0,Brand D
P11617,Snacks Product 1618,Grocery,Snacks,156.2,181.8,Brand C
P11618,Home Decor Product 1619,Home & Kitchen,Home Decor,182.22,225.2,Brand D
P11619,Educational Product 1620,Toys,Educational,1498.78,1969.82,Brand D
P11620,Mobiles Product 1621,Electronics,Mobiles,5014.8,6293.95,Brand D
P11621,Beverages Product 1622,Grocery,Beverages,346.79,393.81,Brand B
P11622,Games Product 1623,Toys,Games,1875.55,2555.49,Brand C
P11623,Men Product 1624,Fashion,Men,807.06,935.07,Brand A
P11624,Haircare Product 1625,Beauty,Haircare,272.01,372.67,Brand C
P11625,Personal Care Product 1626,Beauty,Personal Care,319.37,387.04,Private Label
P11626,Packaged Foods Product 1627,Grocery,Packaged Foods,149.92,179.47,Brand C
P11627,Sportswear Product 1628,Sports,Sportswear,215.59,250.04,Brand C
P11628,Fitness Product 1629,Sports,Fitness,634.25,748.68,Brand A
P11629,Staples Product 1630,Grocery,Staples,55.23,70.38,Brand A
P11630,Outdoor Toys Product 1631,Toys,Outdoor Toys,1294.96,1765.44,Brand D
P11631,Action Figures Product 1632,Toys,Action Figures,423.94,524.45,Brand B
P11632,Mobiles Product 1633,Electronics,Mobiles,31165.47,40596.17,Brand B
P11633,Beverages Product 1634,Grocery,Beverages,669.15,904.13,Brand A
P11634,Home Decor Product 1635,Home & Kitchen,Home Decor,418.18,540.47,Brand B
P11635,Accessories Product 1636,Fashion,Accessories,1518.78,1835.79,Brand C
P11636,Staples Product 1637,Grocery,Staples,117.18,140.61,Private Label
P11637,Staples Product 1638,Grocery,Staples,583.68,707.74,Brand A
P11638,Children Product 1639,Books,Children,2405.01,3250.58,Brand B
P11639,Staples Product 1640,Grocery,Staples,2607.45,3054.78,Brand B
P11640,Audio Product 1641,Electronics,Audio,8989.5,11625.21,Brand C
P11641,Academic Product 1642,Books,Academic,274.21,368.87,Private Label
P11642,Outdoor Toys Product 1643,Toys,Outdoor Toys,1859.75,2297.93,Brand C
P11643,Outdoor Toys Product 1644,Toys,Outdoor Toys,158.64,210.75,Private Label
P11644,Fitness Product 1645,Sports,Fitness,659.61,843.32,Private Label
P11645,Haircare Product 1646,Beauty,Haircare,136.61,174.97,Private Label
P11646,Non-Fiction Product 1647,Books,Non-Fiction,906.81,1228.9,Brand B
P11647,Games Product 1648,Toys,Games,551.62,700.22,Brand A
P11648,Cookware Product 1649,Home & Kitchen,Cookware,161.95,197.09,Private Label
P11649,Women Product 1650,Fashion,Women,223.85,277.93,Private Label
P11650,Audio Product 1651,Electronics,Audio,16539.48,18800.73,Brand A
P11651,Non-Fiction Product 1652,Books,Non-Fiction,135.21,158.4,Brand D
P11652,Children Product 1653,Books,Children,1125.62,1515.79,Brand A
P11653,Non-Fiction Product 1654,Books,Non-Fiction,727.64,866.7,Brand B
P11654,Equipment Product 1655,Sports,Equipment,1048.57,1266.94,Brand D
P11655,Sportswear Product 1656,Sports,Sportswear,8059.84,9203.25,Private Label
P11656,Skincare Product 1657,Beauty,Skincare,1245.01,1628.31,Private Label
P11657,Action Figures Product 1658,Toys,Action Figures,254.05,350.1,Brand B
P11658,Non-Fiction Product 1659,Books,Non-Fiction,2466.21,3093.79,Brand D
P11659,Home Decor Product 1660,Home & Kitchen,Home Decor,3612.32,4621.79,Brand A
P11660,Games Product 1661,Toys,Games,687.14,842.98,Brand B
P11661,Women Product 1662,Fashion,Women,8785.63,11778.16,Brand A
P11662,Packaged Foods Product 1663,Grocery,Packaged Foods,58.61,71.2,Brand D
P11663,Footwear Product 1664,Fashion,Footwear,4803.93,6317.36,Brand B
P11664,Games Product 1665,Toys,Games,160.44,194.09,Private Label
P11665,Home Decor Product 1666,Home & Kitchen,Home Decor,11305.85,13443.43,Private Label
P11666,Non-Fiction Product 1667,Books,Non-Fiction,849.39,1075.27,Brand B
P11667,Staples Product 1668,Grocery,Staples,51.87,70.93,Brand B
P11668,Storage Product 1669,Home & Kitchen,Storage,161.89,208.07,Brand C
P11669,Children Product 1670,Books,Children,113.48,155.45,Brand D
P11670,Cookware Product 1671,Home & Kitchen,Cookware,2469.07,3364.77,Brand C
P11671,Accessories Product 1672,Fashion,Accessories,1947.44,2473.92,Brand B
P11672,Snacks Product 1673,Grocery,Snacks,577.72,716.48,Private Label
P11673,Women Product 1674,Fashion,Women,428.23,517.94,Private Label
P11674,Snacks Product 1675,Grocery,Snacks,166.1,192.77,Brand B
P11675,Accessories Product 1676,Fashion,Accessories,3193.66,4055.59,Brand A
P11676,Home Decor Product 1677,Home & Kitchen,Home Decor,279.85,318.36,Brand B
P11677,Makeup Product 1678,Beauty,Makeup,1486.6,1937.52,Brand D
P11678,Home Decor Product 1679,Home & Kitchen,Home Decor,4554.88,5923.71,Private Label
P11679,Kitchen Appliances Product 1680,Home & Kitchen,Kitchen Appliances,10481.04,12414.42,Brand B
P11680,Audio Product 1681,Electronics,Audio,4254.79,4943.7,Brand C
P11681,Audio Product 1682,Electronics,Audio,7926.07,9400.56,Private Label
P11682,Accessories Product 1683,Fashion,Accessories,1321.65,1740.56,Private Label
P11683,Home Decor Product 1684,Home & Kitchen,Home Decor,2761.39,3588.22,Brand A
P11684,Staples Product 1685,Grocery,Staples,50.0,62.8,Private Label
P11685,Fiction Product 1686,Books,Fiction,351.11,445.59,Brand C
P11686,Non-Fiction Product 1687,Books,Non-Fiction,1931.74,2402.76,Private Label
P11687,Audio Product 1688,Electronics,Audio,4123.97,5316.41,Brand A
P11688,Audio Product 1689,Electronics,Audio,12686.89,16290.94,Brand C
P11689,Outdoor Product 1690,Sports,Outdoor,1639.79,1854.48,Brand C
P11690,Accessories Product 1691,Fashion,Accessories,2338.22,2974.43,Brand C
P11691,Packaged Foods Product 1692,Grocery,Packaged Foods,1474.67,1846.65,Brand A
P11692,Children Product 1693,Books,Children,223.27,273.35,Private Label
P11693,Accessories Product 1694,Fashion,Accessories,6034.12,7760.38,Private Label
P11694,Haircare Product 1695,Beauty,Haircare,278.28,353.66,Brand C
P11695,Fitness Product 1696,Sports,Fitness,2639.73,3052.6,Private Label
P11696,Children Product 1697,Books,Children,1455.61,1861.22,Brand B
P11697,Audio Product 1698,Electronics,Audio,767.14,869.22,Brand D
P11698,Action Figures Product 1699,Toys,Action Figures,249.65,294.41,Brand C
P11699,Laptops Product 1700,Electronics,Laptops,735.62,933.42,Brand D
P11700,Academic Product 1701,Books,Academic,670.21,781.93,Brand D
P11701,Cookware Product 1702,Home & Kitchen,Cookware,648.84,728.26,Brand B
P11702,Mobiles Product 1703,Electronics,Mobiles,5621.43,7722.97,Brand D
P11703,Packaged Foods Product 1704,Grocery,Packaged Foods,1140.78,1467.66,Brand B
P11704,Fiction Product 1705,Books,Fiction,382.01,494.96,Brand A
P11705,Audio Product 1706,Electronics,Audio,24057.08,31163.87,Brand A
P11706,Non-Fiction Product 1707,Books,Non-Fiction,265.08,346.61,Brand C
P11707,Outdoor Toys Product 1708,Toys,Outdoor Toys,181.38,215.34,Brand D
P11708,Non-Fiction Product 1709,Books,Non-Fiction,208.19,255.29,Brand A
P11709,Fiction Product 1710,Books,Fiction,659.05,894.65,Private Label
P11710,Academic Product 1711,Books,Academic,236.55,282.92,Brand A
P11711,Outdoor Product 1712,Sports,Outdoor,563.95,684.99,Brand D
P11712,Children Product 1713,Books,Children,462.27,631.71,Brand A
P11713,Staples Product 1714,Grocery,Staples,353.39,424.31,Brand C
P11714,Kitchen Appliances Product 1715,Home & Kitchen,Kitchen Appliances,303.85,355.39,Brand D
P11715,Cookware Product 1716,Home & Kitchen,Cookware,290.1,328.51,Brand C
P11716,Men Product 1717,Fashion,Men,761.57,976.05,Brand D
P11717,Audio Product 1718,Electronics,Audio,747.65,913.75,Brand D
P11718,Makeup Product 1719,Beauty,Makeup,980.49,1192.54,Brand A
P11719,Men Product 1720,Fashion,Men,568.31,750.73,Brand C
P11720,Fitness Product 1721,Sports,Fitness,513.57,644.94,Brand C
P11721,Equipment Product 1722,Sports,Equipment,5655.07,6703.36,Private Label
P11722,Equipment Product 1723,Sports,Equipment,252.17,331.11,Brand A
P11723,Equipment Product 1724,Sports,Equipment,530.87,691.83,Brand A
P11724,Games Product 1725,Toys,Games,1744.22,2055.69,Brand D
P11725,Educational Product 1726,Toys,Educational,431.95,538.76,Brand A
P11726,Footwear Product 1727,Fashion,Footwear,7624.15,10169.17,Brand B
P11727,Audio Product 1728,Electronics,Audio,933.76,1183.54,Brand A
P11728,Footwear Product 1729,Fashion,Footwear,1900.09,2313.86,Brand B
P11729,Women Product 1730,Fashion,Women,1459.89,1825.33,Brand A
P11730,Fiction Product 1731,Books,Fiction,180.27,212.94,Private Label
P11731,Staples Product 1732,Grocery,Staples,2801.9,3184.37,Brand D
P11732,Personal Care Product 1733,Beauty,Personal Care,152.21,170.73,Brand A
P11733,Beverages Product 1734,Grocery,Beverages,61.0,70.36,Brand B
P11734,Home Decor Product 1735,Home & Kitchen,Home Decor,1989.89,2551.05,Brand A
P11735,Men Product 1736,Fashion,Men,8678.11,11504.25,Private Label
P11736,Men Product 1737,Fashion,Men,1883.74,2208.68,Brand A
P11737,Women Product 1738,Fashion,Women,361.89,475.31,Brand C
P11738,Non-Fiction Product 1739,Books,Non-Fiction,1310.77,1777.4,Brand C
P11739,Equipment Product 1740,Sports,Equipment,11293.21,13486.05,Brand D
P11740,Sportswear Product 1741,Sports,Sportswear,1756.67,2278.36,Brand B
P11741,Games Product 1742,Toys,Games,2783.03,3838.33,Private Label
P11742,Sportswear Product 1743,Sports,Sportswear,8040.51,10022.56,Brand A
P11743,Footwear Product 1744,Fashion,Footwear,221.13,249.4,Brand B
P11744,Kitchen Appliances Product 1745,Home & Kitchen,Kitchen Appliances,3888.16,5265.75,Brand A
P11745,Children Product 1746,Books,Children,148.59,200.92,Brand B
P11746,Children Product 1747,Books,Children,1107.93,1291.18,Brand C
P11747,Staples Product 1748,Grocery,Staples,2786.04,3307.32,Private Label
P11748,Mobiles Product 1749,Electronics,Mobiles,8164.7,11244.42,Brand C
P11749,Personal Care Product 1750,Beauty,Personal Care,1622.09,2053.7,Brand C
P11750,Accessories Product 1751,Fashion,Accessories,880.26,1166.75,Private Label
P11751,Staples Product 1752,Grocery,Staples,1075.72,1437.22,Private Label
P11752,Fiction Product 1753,Books,Fiction,1710.08,2136.14,Brand C
P11753,Skincare Product 1754,Beauty,Skincare,218.7,249.98,Brand A
P11754,Audio Product 1755,Electronics,Audio,1050.23,1217.69,Private Label
P11755,Staples Product 1756,Grocery,Staples,2974.85,3880.17,Brand B
P11756,Academic Product 1757,Books,Academic,804.45,1072.51,Brand D
P11757,Equipment Product 1758,Sports,Equipment,269.19,348.9,Brand C
P11758,Children Product 1759,Books,Children,1105.2,1400.81,Brand D
P11759,Haircare Product 1760,Beauty,Haircare,248.01,281.46,Brand A
P11760,Laptops Product 1761,Electronics,Laptops,17576.14,22216.79,Brand C
P11761,Snacks Product 1762,Grocery,Snacks,1100.07,1268.88,Brand D
P11762,Skincare Product 1763,Beauty,Skincare,1192.39,1506.14,Brand D
P11763,Outdoor Toys Product 1764,Toys,Outdoor Toys,328.94,432.38,Private Label
P11764,Action Figures Product 1765,Toys,Action Figures,183.37,231.46,Brand A
P11765,Packaged Foods Product 1766,Grocery,Packaged Foods,139.25,162.74,Brand C
P11766,Fiction Product 1767,Books,Fiction,1422.73,1752.86,Brand D
P11767,Footwear Product 1768,Fashion,Footwear,903.19,1134.33,Brand A
P11768,Audio Product 1769,Electronics,Audio,3954.01,5402.86,Private Label
P11769,Men Product 1770,Fashion,Men,257.3,339.68,Brand A
P11770,Action Figures Product 1771,Toys,Action Figures,190.3,244.57,Brand C
P11771,Packaged Foods Product 1772,Grocery,Packaged Foods,1105.44,1505.62,Private Label
P11772,Children Product 1773,Books,Children,169.22,229.86,Brand B
P11773,Academic Product 1774,Books,Academic,421.37,568.35,Private Label
P11774,Games Product 1775,Toys,Games,3348.07,4320.83,Brand A
P11775,Cookware Product 1776,Home & Kitchen,Cookware,12420.73,15509.99,Brand B
P11776,Home Decor Product 1777,Home & Kitchen,Home Decor,1090.48,1368.82,Brand D
P11777,Non-Fiction Product 1778,Books,Non-Fiction,801.7,1034.15,Brand D
P11778,Action Figures Product 1779,Toys,Action Figures,808.76,947.04,Brand C
P11779,Personal Care Product 1780,Beauty,Personal Care,229.47,314.59,Brand A
P11780,Academic Product 1781,Books,Academic,1368.76,1708.74,Private Label
P11781,Non-Fiction Product 1782,Books,Non-Fiction,1162.11,1311.35,Brand A
P11782,Outdoor Toys Product 1783,Toys,Outdoor Toys,2140.85,2794.55,Brand C
P11783,Fiction Product 1784,Books,Fiction,522.55,620.54,Private Label
P11784,Cookware Product 1785,Home & Kitchen,Cookware,157.39,201.49,Brand C
P11785,Kitchen Appliances Product 1786,Home & Kitchen,Kitchen Appliances,795.81,982.16,Brand B
P11786,Personal Care Product 1787,Beauty,Personal Care,160.46,194.26,Brand D
P11787,Accessories Product 1788,Fashion,Accessories,7875.76,9281.85,Brand A
P11788,Staples Product 1789,Grocery,Staples,969.31,1308.13,Brand D
P11789,Staples Product 1790,Grocery,Staples,188.95,244.39,Brand D
P11790,Home Decor Product 1791,Home & Kitchen,Home Decor,7130.45,9708.41,Brand D
P11791,Personal Care Product 1792,Beauty,Personal Care,3936.1,4864.29,Brand B
P11792,Equipment Product 1793,Sports,Equipment,4977.96,6768.86,Brand A
P11793,Accessories Product 1794,Electronics,Accessories,27427.32,31730.67,Brand B
P11794,Personal Care Product 1795,Beauty,Personal Care,4603.29,5867.86,Brand A
P11795,Accessories Product 1796,Electronics,Accessories,4172.49,4951.11,Brand C
P11796,Kitchen Appliances Product 1797,Home & Kitchen,Kitchen Appliances,912.78,1169.95,Brand D
P11797,Laptops Product 1798,Electronics,Laptops,910.49,1041.81,Brand A
P11798,Staples Product 1799,Grocery,Staples,537.46,725.44,Brand B
P11799,Action Figures Product 1800,Toys,Action Figures,389.85,488.2,Private Label
P11800,Accessories Product 1801,Fashion,Accessories,6054.84,8010.89,Brand A
P11801,Accessories Product 1802,Fashion,Accessories,242.92,285.44,Brand C
P11802,Audio Product 1803,Electronics,Audio,1707.79,2196.06,Brand A
P11803,Games Product 1804,Toys,Games,1762.25,2387.35,Brand A
P11804,Non-Fiction Product 1805,Books,Non-Fiction,369.18,506.44,Brand B
P11805,Home Decor Product 1806,Home & Kitchen,Home Decor,1475.69,2021.27,Brand A
P11806,Children Product 1807,Books,Children,146.51,168.64,Private Label
P11807,Accessories Product 1808,Fashion,Accessories,3802.54,4486.34,Brand C
P11808,Men Product 1809,Fashion,Men,918.54,1185.47,Brand D
P11809,Cookware Product 1810,Home & Kitchen,Cookware,10652.42,13188.08,Brand A
P11810,Cookware Product 1811,Home & Kitchen,Cookware,12730.38,15376.21,Private Label
P11811,Educational Product 1812,Toys,Educational,1848.74,2409.42,Brand B
P11812,Educational Product 1813,Toys,Educational,3910.97,5382.41,Private Label
P11813,Personal Care Product 1814,Beauty,Personal Care,1782.57,2241.35,Brand A
P11814,Outdoor Product 1815,Sports,Outdoor,251.59,317.93,Brand C
P11815,Educational Product 1816,Toys,Educational,263.25,339.7,Brand B
P11816,Staples Product 1817,Grocery,Staples,1233.67,1438.63,Private Label
P11817,Personal Care Product 1818,Beauty,Personal Care,122.69,162.37,Brand C
P11818,Educational Product 1819,Toys,Educational,192.08,233.77,Brand B
P11819,Beverages Product 1820,Grocery,Beverages,2909.62,3710.43,Brand C
P11820,Women Product 1821,Fashion,Women,2323.72,2827.51,Brand C
P11821,Outdoor Toys Product 1822,Toys,Outdoor Toys,332.07,378.02,Brand C
P11822,Mobiles Product 1823,Electronics,Mobiles,1346.13,1835.5,Brand D
P11823,Beverages Product 1824,Grocery,Beverages,60.38,74.19,Private Label
P11824,Home Decor Product 1825,Home & Kitchen,Home Decor,266.87,300.16,Brand B
P11825,Women Product 1826,Fashion,Women,256.05,306.65,Brand C
P11826,Educational Product 1827,Toys,Educational,1531.65,2063.57,Private Label
P11827,Audio Product 1828,Electronics,Audio,954.41,1073.32,Brand D
P11828,Staples Product 1829,Grocery,Staples,65.3,76.72,Brand D
P11829,Haircare Product 1830,Beauty,Haircare,1515.8,1739.96,Brand A
P11830,Sportswear Product 1831,Sports,Sportswear,5999.0,6855.22,Brand C
P11831,Accessories Product 1832,Electronics,Accessories,1868.25,2505.22,Brand C
P11832,Cookware Product 1833,Home & Kitchen,Cookware,5800.03,7013.33,Brand D
P11833,Kitchen Appliances Product 1834,Home & Kitchen,Kitchen Appliances,1576.87,1784.21,Brand C
P11834,Accessories Product 1835,Fashion,Accessories,5085.9,6231.38,Private Label
P11835,Home Decor Product 1836,Home & Kitchen,Home Decor,984.36,1142.16,Private Label
P11836,Educational Product 1837,Toys,Educational,2108.89,2480.28,Brand A
P11837,Academic Product 1838,Books,Academic,198.3,248.76,Brand D
P11838,Footwear Product 1839,Fashion,Footwear,1206.39,1488.0,Brand A
P11839,Packaged Foods Product 1840,Grocery,Packaged Foods,455.08,536.85,Brand C
P11840,Accessories Product 1841,Fashion,Accessories,3388.2,3908.24,Private Label
P11841,Non-Fiction Product 1842,Books,Non-Fiction,236.66,307.46,Brand A
P11842,Outdoor Toys Product 1843,Toys,Outdoor Toys,356.66,443.05,Brand D
P11843,Kitchen Appliances Product 1844,Home & Kitchen,Kitchen Appliances,8363.98,10062.02,Brand B
P11844,Accessories Product 1845,Electronics,Accessories,1667.71,1917.47,Brand A
P11845,Men Product 1846,Fashion,Men,1903.42,2289.6,Brand B
P11846,Non-Fiction Product 1847,Books,Non-Fiction,146.62,181.57,Brand C
P11847,Women Product 1848,Fashion,Women,2663.64,3285.01,Brand A
P11848,Children Product 1849,Books,Children,357.13,467.4,Brand A
P11849,Audio Product 1850,Electronics,Audio,3643.0,4264.68,Private Label
P11850,Action Figures Product 1851,Toys,Action Figures,2018.42,2778.54,Private Label
P11851,Beverages Product 1852,Grocery,Beverages,1029.73,1193.23,Brand B
P11852,Kitchen Appliances Product 1853,Home & Kitchen,Kitchen Appliances,3943.89,5023.05,Brand A
P11853,Men Product 1854,Fashion,Men,2326.13,2858.54,Brand B
P11854,Children Product 1855,Books,Children,456.81,592.68,Private Label
P11855,Staples Product 1856,Grocery,Staples,1382.7,1781.46,Brand D
P11856,Staples Product 1857,Grocery,Staples,873.15,1046.75,Private Label
P11857,Personal Care Product 1858,Beauty,Personal Care,4847.39,5718.04,Brand D
P11858,Skincare Product 1859,Beauty,Skincare,116.56,140.6,Private Label
P11859,Outdoor Toys Product 1860,Toys,Outdoor Toys,334.38,383.94,Private Label
P11860,Kitchen Appliances Product 1861,Home & Kitchen,Kitchen Appliances,157.19,186.91,Brand A
P11861,Haircare Product 1862,Beauty,Haircare,1458.7,1952.59,Brand D
P11862,Outdoor Product 1863,Sports,Outdoor,3840.36,5243.63,Brand A
P11863,Accessories Product 1864,Electronics,Accessories,3651.59,4320.66,Brand B
P11864,Fiction Product 1865,Books,Fiction,1813.4,2399.55,Brand B
P11865,Non-Fiction Product 1866,Books,Non-Fiction,413.94,507.2,Brand C
P11866,Laptops Product 1867,Electronics,Laptops,49692.22,68533.04,Brand D
P11867,Laptops Product 1868,Electronics,Laptops,27676.83,33782.87,Brand D
P11868,Footwear Product 1869,Fashion,Footwear,735.34,897.09,Private Label
P11869,Games Product 1870,Toys,Games,257.84,348.34,Brand C
P11870,Fitness Product 1871,Sports,Fitness,1794.87,2029.42,Brand D
P11871,Outdoor Product 1872,Sports,Outdoor,663.46,878.12,Brand A
P11872,Men Product 1873,Fashion,Men,1955.83,2613.44,Brand B
P11873,Skincare Product 1874,Beauty,Skincare,356.11,483.31,Brand C
P11874,Staples Product 1875,Grocery,Staples,2755.49,3600.76,Brand B
P11875,Makeup Product 1876,Beauty,Makeup,101.7,125.2,Brand A
P11876,Personal Care Product 1877,Beauty,Personal Care,1181.04,1498.14,Private Label
P11877,Educational Product 1878,Toys,Educational,1473.71,1735.61,Brand B
P11878,Sportswear Product 1879,Sports,Sportswear,302.54,366.34,Private Label
P11879,Home Decor Product 1880,Home & Kitchen,Home Decor,2834.85,3342.32,Brand D
P11880,Fitness Product 1881,Sports,Fitness,320.92,380.82,Brand C
P11881,Audio Product 1882,Electronics,Audio,1661.53,2053.08,Brand C
P11882,Beverages Product 1883,Grocery,Beverages,82.57,97.47,Brand B
P11883,Outdoor Toys Product 1884,Toys,Outdoor Toys,4675.19,5346.28,Brand A
P11884,Accessories Product 1885,Electronics,Accessories,11163.23,13722.58,Brand D
P11885,Games Product 1886,Toys,Games,222.2,271.26,Brand B
P11886,Accessories Product 1887,Electronics,Accessories,48188.99,62806.31,Brand D
P11887,Sportswear Product 1888,Sports,Sportswear,5528.64,7617.55,Brand D
P11888,Men Product 1889,Fashion,Men,222.15,298.57,Brand B
P11889,Fiction Product 1890,Books,Fiction,814.29,956.77,Brand B
P11890,Educational Product 1891,Toys,Educational,1720.87,2257.02,Brand D
P11891,Staples Product 1892,Grocery,Staples,2434.36,2795.57,Brand B
P11892,Footwear Product 1893,Fashion,Footwear,475.07,570.36,Private Label
P11893,Games Product 1894,Toys,Games,468.13,524.79,Brand C
P11894,Educational Product 1895,Toys,Educational,6302.37,8109.43,Brand A
P11895,Accessories Product 1896,Electronics,Accessories,778.54,943.41,Brand A
P11896,Storage Product 1897,Home & Kitchen,Storage,601.19,784.27,Private Label
P11897,Storage Product 1898,Home & Kitchen,Storage,1334.55,1515.53,Brand C
P11898,Storage Product 1899,Home & Kitchen,Storage,1261.45,1634.49,Private Label
P11899,Fiction Product 1900,Books,Fiction,158.74,186.42,Brand C
P11900,Games Product 1901,Toys,Games,1003.35,1182.27,Brand A
P11901,Packaged Foods Product 1902,Grocery,Packaged Foods,651.02,829.24,Brand A
P11902,Kitchen Appliances Product 1903,Home & Kitchen,Kitchen Appliances,6148.57,8413.49,Brand C
P11903,Action Figures Product 1904,Toys,Action Figures,1425.84,1618.57,Brand D
P11904,Outdoor Product 1905,Sports,Outdoor,862.58,970.62,Brand A
P11905,Snacks Product 1906,Grocery,Snacks,993.86,1323.45,Brand A
P11906,Storage Product 1907,Home & Kitchen,Storage,1649.01,2013.8,Brand A
P11907,Kitchen Appliances Product 1908,Home & Kitchen,Kitchen Appliances,1427.21,1718.61,Brand D
P11908,Outdoor Product 1909,Sports,Outdoor,1212.32,1478.79,Private Label
P11909,Outdoor Product 1910,Sports,Outdoor,9303.16,11611.13,Brand D
P11910,Games Product 1911,Toys,Games,1646.86,2058.33,Private Label
P11911,Accessories Product 1912,Fashion,Accessories,876.05,999.92,Brand C
P11912,Sportswear Product 1913,Sports,Sportswear,4133.19,4668.09,Brand A
P11913,Women Product 1914,Fashion,Women,277.49,331.03,Brand C
P11914,Beverages Product 1915,Grocery,Beverages,1263.24,1533.46,Private Label
P11915,Educational Product 1916,Toys,Educational,483.48,614.0,Private Label
P11916,Makeup Product 1917,Beauty,Makeup,3340.22,4373.13,Brand D
P11917,Action Figures Product 1918,Toys,Action Figures,484.83,614.39,Brand C
P11918,Packaged Foods Product 1919,Grocery,Packaged Foods,2003.96,2355.3,Private Label
P11919,Laptops Product 1920,Electronics,Laptops,23145.75,26169.23,Brand D
P11920,Personal Care Product 1921,Beauty,Personal Care,172.45,231.45,Brand D
P11921,Men Product 1922,Fashion,Men,2574.95,2951.55,Brand C
P11922,Educational Product 1923,Toys,Educational,783.67,1047.17,Brand C
P11923,Accessories Product 1924,Fashion,Accessories,439.31,520.97,Private Label
P11924,Outdoor Toys Product 1925,Toys,Outdoor Toys,809.11,1059.41,Brand A
P11925,Cookware Product 1926,Home & Kitchen,Cookware,310.47,403.19,Brand D
P11926,Storage Product 1927,Home & Kitchen,Storage,944.54,1155.75,Brand A
P11927,Skincare Product 1928,Beauty,Skincare,194.63,230.0,Brand D
P11928,Cookware Product 1929,Home & Kitchen,Cookware,347.62,403.86,Private Label
P11929,Mobiles Product 1930,Electronics,Mobiles,8608.6,11305.73,Brand D
P11930,Sportswear Product 1931,Sports,Sportswear,2947.89,3743.49,Brand D
P11931,Academic Product 1932,Books,Academic,1101.71,1237.45,Brand D
P11932,Men Product 1933,Fashion,Men,832.24,965.51,Brand A
P11933,Educational Product 1934,Toys,Educational,1157.06,1409.35,Brand B
P11934,Mobiles Product 1935,Electronics,Mobiles,1291.93,1694.47,Brand B
P11935,Haircare Product 1936,Beauty,Haircare,1086.86,1379.01,Brand C
P11936,Cookware Product 1937,Home & Kitchen,Cookware,2401.53,2776.12,Brand C
P11937,Packaged Foods Product 1938,Grocery,Packaged Foods,68.91,85.21,Brand A
P11938,Cookware Product 1939,Home & Kitchen,Cookware,2526.9,2971.26,Brand B
P11939,Beverages Product 1940,Grocery,Beverages,56.16,72.18,Brand B
P11940,Fiction Product 1941,Books,Fiction,171.62,194.36,Private Label
P11941,Accessories Product 1942,Electronics,Accessories,829.57,943.41,Brand D
P11942,Children Product 1943,Books,Children,493.93,626.59,Brand C
P11943,Children Product 1944,Books,Children,234.39,295.92,Brand A
P11944,Packaged Foods Product 1945,Grocery,Packaged Foods,142.06,190.89,Brand A
P11945,Footwear Product 1946,Fashion,Footwear,889.92,1200.99,Brand A
P11946,Personal Care Product 1947,Beauty,Personal Care,573.34,729.17,Brand A
P11947,Mobiles Product 1948,Electronics,Mobiles,2022.01,2721.18,Brand A
P11948,Storage Product 1949,Home & Kitchen,Storage,181.4,233.95,Brand C
P11949,Personal Care Product 1950,Beauty,Personal Care,1077.84,1219.9,Brand D
P11950,Sportswear Product 1951,Sports,Sportswear,2679.96,3121.62,Brand D
P11951,Footwear Product 1952,Fashion,Footwear,615.89,707.23,Brand A
P11952,Fiction Product 1953,Books,Fiction,1075.11,1427.16,Brand D
P11953,Haircare Product 1954,Beauty,Haircare,173.17,194.58,Private Label
P11954,Personal Care Product 1955,Beauty,Personal Care,249.16,311.68,Brand D
P11955,Action Figures Product 1956,Toys,Action Figures,1357.84,1704.23,Brand D
P11956,Footwear Product 1957,Fashion,Footwear,893.14,1030.15,Brand C
P11957,Accessories Product 1958,Electronics,Accessories,3755.24,4932.57,Brand A
P11958,Staples Product 1959,Grocery,Staples,2241.95,2752.33,Private Label
P11959,Storage Product 1960,Home & Kitchen,Storage,8995.86,12219.0,Brand B
P11960,Home Decor Product 1961,Home & Kitchen,Home Decor,930.47,1170.99,Brand B
P11961,Haircare Product 1962,Beauty,Haircare,153.07,181.72,Brand B
P11962,Home Decor Product 1963,Home & Kitchen,Home Decor,1217.74,1404.7,Brand A
P11963,Audio Product 1964,Electronics,Audio,19445.5,26204.55,Brand D
P11964,Educational Product 1965,Toys,Educational,4018.07,5320.77,Brand C
P11965,Fiction Product 1966,Books,Fiction,1187.31,1550.58,Brand B
P11966,Men Product 1967,Fashion,Men,5487.69,7538.93,Brand D
P11967,Children Product 1968,Books,Children,266.17,315.27,Brand A
P11968,Sportswear Product 1969,Sports,Sportswear,3279.05,4245.98,Brand C
P11969,Academic Product 1970,Books,Academic,403.33,453.67,Brand A
P11970,Packaged Foods Product 1971,Grocery,Packaged Foods,68.69,86.19,Brand D
P11971,Academic Product 1972,Books,Academic,1726.39,2217.38,Brand C
P11972,Audio Product 1973,Electronics,Audio,23810.04,31738.58,Brand D
P11973,Audio Product 1974,Electronics,Audio,2804.79,3658.83,Brand D
P11974,Women Product 1975,Fashion,Women,829.71,1086.58,Brand D
P11975,Packaged Foods Product 1976,Grocery,Packaged Foods,65.7,89.6,Brand C
P11976,Skincare Product 1977,Beauty,Skincare,293.83,365.62,Private Label
P11977,Men Product 1978,Fashion,Men,4057.24,4556.5,Brand D
P11978,Children Product 1979,Books,Children,104.71,141.34,Brand A
P11979,Packaged Foods Product 1980,Grocery,Packaged Foods,2320.44,2611.48,Brand B
P11980,Makeup Product 1981,Beauty,Makeup,620.81,724.79,Brand A
P11981,Cookware Product 1982,Home & Kitchen,Cookware,11127.23,14296.4,Brand B
P11982,Footwear Product 1983,Fashion,Footwear,285.07,351.83,Private Label
P11983,Beverages Product 1984,Grocery,Beverages,1622.79,2151.68,Private Label
P11984,Home Decor Product 1985,Home & Kitchen,Home Decor,659.79,812.94,Brand B
P11985,Outdoor Toys Product 1986,Toys,Outdoor Toys,391.59,536.87,Brand A
P11986,Cookware Product 1987,Home & Kitchen,Cookware,798.85,898.07,Brand A
P11987,Fitness Product 1988,Sports,Fitness,1421.94,1807.09,Brand D
P11988,Children Product 1989,Books,Children,142.11,173.21,Private Label
P11989,Women Product 1990,Fashion,Women,212.28,240.43,Brand C
P11990,Fitness Product 1991,Sports,Fitness,4266.43,5410.41,Brand B
P11991,Outdoor Product 1992,Sports,Outdoor,1855.89,2161.23,Brand B
P11992,Action Figures Product 1993,Toys,Action Figures,4276.03,4841.93,Private Label
P11993,Women Product 1994,Fashion,Women,2418.54,2875.14,Brand C
P11994,Home Decor Product 1995,Home & Kitchen,Home Decor,12138.41,16464.84,Brand A
P11995,Skincare Product 1996,Beauty,Skincare,1997.31,2308.1,Private Label
P11996,Outdoor Toys Product 1997,Toys,Outdoor Toys,2571.66,3027.81,Private Label
P11997,Fitness Product 1998,Sports,Fitness,1835.26,2258.01,Brand C
P11998,Outdoor Product 1999,Sports,Outdoor,10669.6,13840.45,Private Label
P11999,Outdoor Product 2000,Sports,Outdoor,2109.21,2649.77,Private Label
P12000,Personal Care Product 2001,Beauty,Personal Care,643.02,787.77,Brand D
P12001,Packaged Foods Product 2002,Grocery,Packaged Foods,59.15,80.56,Brand A
P12002,Non-Fiction Product 2003,Books,Non-Fiction,226.69,262.85,Brand D
P12003,Action Figures Product 2004,Toys,Action Figures,195.02,225.84,Brand B
P12004,Makeup Product 2005,Beauty,Makeup,5977.52,7054.88,Private Label
P12005,Equipment Product 2006,Sports,Equipment,4459.24,5416.09,Brand C
P12006,Women Product 2007,Fashion,Women,1794.53,2130.15,Brand B
P12007,Home Decor Product 2008,Home & Kitchen,Home Decor,4006.43,5155.51,Brand C
P12008,Mobiles Product 2009,Electronics,Mobiles,24229.36,30785.56,Brand D
P12009,Women Product 2010,Fashion,Women,1927.21,2182.7,Brand C
P12010,Laptops Product 2011,Electronics,Laptops,11369.36,13718.13,Private Label
P12011,Games Product 2012,Toys,Games,883.76,1190.09,Brand D
P12012,Storage Product 2013,Home & Kitchen,Storage,458.52,609.46,Brand B
P12013,Personal Care Product 2014,Beauty,Personal Care,156.68,208.17,Brand C
P12014,Equipment Product 2015,Sports,Equipment,8432.48,11619.37,Private Label
P12015,Storage Product 2016,Home & Kitchen,Storage,608.56,754.21,Brand C
P12016,Action Figures Product 2017,Toys,Action Figures,4309.13,5872.69,Brand A
P12017,Cookware Product 2018,Home & Kitchen,Cookware,358.56,476.7,Brand D
P12018,Non-Fiction Product 2019,Books,Non-Fiction,149.9,201.04,Brand B
P12019,Accessories Product 2020,Electronics,Accessories,8843.79,10056.0,Brand B
P12020,Personal Care Product 2021,Beauty,Personal Care,4526.71,5214.14,Brand A
P12021,Children Product 2022,Books,Children,1199.85,1531.89,Brand A
P12022,Accessories Product 2023,Fashion,Accessories,4023.06,5287.0,Brand C
P12023,Beverages Product 2024,Grocery,Beverages,75.83,95.2,Brand C
P12024,Footwear Product 2025,Fashion,Footwear,5117.04,6557.82,Brand B
P12025,Personal Care Product 2026,Beauty,Personal Care,347.49,470.31,Private Label
P12026,Audio Product 2027,Electronics,Audio,24043.43,33013.1,Brand B
P12027,Mobiles Product 2028,Electronics,Mobiles,47768.56,65499.42,Brand D
P12028,Equipment Product 2029,Sports,Equipment,206.93,281.35,Private Label
P12029,Games Product 2030,Toys,Games,488.68,655.29,Brand B
P12030,Accessories Product 2031,Electronics,Accessories,755.05,985.95,Brand C
P12031,Beverages Product 2032,Grocery,Beverages,321.88,443.53,Private Label
P12032,Skincare Product 2033,Beauty,Skincare,5768.72,7243.23,Brand C
P12033,Cookware Product 2034,Home & Kitchen,Cookware,2247.72,2792.0,Brand B
P12034,Accessories Product 2035,Electronics,Accessories,5674.31,6981.47,Brand B
P12035,Educational Product 2036,Toys,Educational,3906.14,5223.87,Brand D
P12036,Home Decor Product 2037,Home & Kitchen,Home Decor,625.85,719.37,Private Label
P12037,Men Product 2038,Fashion,Men,1037.53,1203.11,Private Label
P12038,Storage Product 2039,Home & Kitchen,Storage,796.04,1059.78,Private Label
P12039,Outdoor Toys Product 2040,Toys,Outdoor Toys,472.99,601.41,Brand C
P12040,Footwear Product 2041,Fashion,Footwear,3544.73,4668.76,Brand D
P12041,Packaged Foods Product 2042,Grocery,Packaged Foods,2895.34,3517.8,Brand C
P12042,Home Decor Product 2043,Home & Kitchen,Home Decor,944.63,1237.61,Brand D
P12043,Staples Product 2044,Grocery,Staples,117.89,145.04,Private Label
P12044,Children Product 2045,Books,Children,228.88,299.81,Brand B
P12045,Storage Product 2046,Home & Kitchen,Storage,844.86,1091.7,Brand C
P12046,Outdoor Product 2047,Sports,Outdoor,3475.99,4765.4,Brand C
P12047,Personal Care Product 2048,Beauty,Personal Care,446.1,597.32,Brand A
P12048,Laptops Product 2049,Electronics,Laptops,2340.1,2947.78,Private Label
P12049,Action Figures Product 2050,Toys,Action Figures,564.33,731.03,Private Label
P12050,Educational Product 2051,Toys,Educational,5263.59,6253.66,Brand D
P12051,Beverages Product 2052,Grocery,Beverages,330.23,416.3,Brand C
P12052,Fiction Product 2053,Books,Fiction,215.27,241.74,Brand B
P12053,Mobiles Product 2054,Electronics,Mobiles,29966.61,38024.68,Brand C
P12054,Haircare Product 2055,Beauty,Haircare,627.71,815.4,Brand A
P12055,Academic Product 2056,Books,Academic,338.34,412.07,Brand A
P12056,Accessories Product 2057,Electronics,Accessories,22172.29,27206.86,Private Label
P12057,Academic Product 2058,Books,Academic,1674.3,1943.65,Private Label
P12058,Home Decor Product 2059,Home & Kitchen,Home Decor,559.82,679.4,Private Label
P12059,Outdoor Toys Product 2060,Toys,Outdoor Toys,923.42,1063.4,Brand C
P12060,Kitchen Appliances Product 2061,Home & Kitchen,Kitchen Appliances,216.62,250.93,Brand A
P12061,Action Figures Product 2062,Toys,Action Figures,318.07,410.36,Private Label
P12062,Haircare Product 2063,Beauty,Haircare,2425.03,3090.8,Brand D
P12063,Action Figures Product 2064,Toys,Action Figures,5272.57,6443.36,Brand D
P12064,Audio Product 2065,Electronics,Audio,23318.5,31214.84,Brand D
P12065,Accessories Product 2066,Electronics,Accessories,3855.97,4626.2,Private Label
P12066,Outdoor Toys Product 2067,Toys,Outdoor Toys,486.96,657.18,Brand A
P12067,Audio Product 2068,Electronics,Audio,845.04,1158.32,Brand B
P12068,Outdoor Product 2069,Sports,Outdoor,1499.9,2013.44,Brand D
P12069,Academic Product 2070,Books,Academic,1902.04,2623.69,Private Label
P12070,Outdoor Product 2071,Sports,Outdoor,209.51,264.38,Brand C
P12071,Kitchen Appliances Product 2072,Home & Kitchen,Kitchen Appliances,7467.65,9214.68,Brand D
P12072,Beverages Product 2073,Grocery,Beverages,677.96,767.48,Brand B
P12073,Laptops Product 2074,Electronics,Laptops,2317.52,2915.59,Brand B
P12074,Mobiles Product 2075,Electronics,Mobiles,6490.64,8556.32,Brand C
P12075,Mobiles Product 2076,Electronics,Mobiles,1102.66,1259.26,Private Label
P12076,Staples Product 2077,Grocery,Staples,106.75,125.56,Private Label
P12077,Academic Product 2078,Books,Academic,117.36,133.83,Brand B
P12078,Women Product 2079,Fashion,Women,321.51,361.06,Brand C
P12079,Fiction Product 2080,Books,Fiction,1774.52,2101.94,Brand C
P12080,Personal Care Product 2081,Beauty,Personal Care,203.58,271.87,Brand B
P12081,Packaged Foods Product 2082,Grocery,Packaged Foods,2882.49,3747.25,Brand C
P12082,Snacks Product 2083,Grocery,Snacks,120.98,137.5,Private Label
P12083,Packaged Foods Product 2084,Grocery,Packaged Foods,67.17,76.12,Brand A
P12084,Accessories Product 2085,Fashion,Accessories,7604.08,9030.85,Brand B
P12085,Snacks Product 2086,Grocery,Snacks,188.43,217.39,Brand D
P12086,Games Product 2087,Toys,Games,1363.04,1537.81,Brand C
P12087,Personal Care Product 2088,Beauty,Personal Care,200.54,256.57,Brand A
P12088,Staples Product 2089,Grocery,Staples,330.59,413.25,Private Label
P12089,Accessories Product 2090,Fashion,Accessories,510.94,578.88,Brand D
P12090,Skincare Product 2091,Beauty,Skincare,1747.76,1984.06,Private Label
P12091,Men Product 2092,Fashion,Men,357.64,442.34,Brand A
P12092,Sportswear Product 2093,Sports,Sportswear,646.4,783.88,Brand C
P12093,Mobiles Product 2094,Electronics,Mobiles,1038.99,1400.78,Brand C
P12094,Mobiles Product 2095,Electronics,Mobiles,701.88,958.38,Brand C
P12095,Footwear Product 2096,Fashion,Footwear,262.46,347.57,Brand A
P12096,Skincare Product 2097,Beauty,Skincare,284.86,332.62,Brand A
P12097,Academic Product 2098,Books,Academic,156.48,194.86,Brand D
P12098,Staples Product 2099,Grocery,Staples,1336.1,1616.69,Brand D
P12099,Skincare Product 2100,Beauty,Skincare,119.78,140.95,Brand B
P12100,Fitness Product 2101,Sports,Fitness,973.91,1140.05,Private Label
P12101,Beverages Product 2102,Grocery,Beverages,624.32,847.6,Brand D
P12102,Games Product 2103,Toys,Games,635.23,734.44,Brand D
P12103,Kitchen Appliances Product 2104,Home & Kitchen,Kitchen Appliances,1715.01,1963.4,Brand A
P12104,Audio Product 2105,Electronics,Audio,904.28,1182.15,Brand A
P12105,Beverages Product 2106,Grocery,Beverages,116.54,132.76,Brand A
P12106,Action Figures Product 2107,Toys,Action Figures,1105.73,1345.83,Private Label
P12107,Accessories Product 2108,Electronics,Accessories,4218.65,5741.85,Brand C
P12108,Non-Fiction Product 2109,Books,Non-Fiction,273.72,334.38,Brand C
P12109,Kitchen Appliances Product 2110,Home & Kitchen,Kitchen Appliances,352.57,469.54,Brand C
P12110,Mobiles Product 2111,Electronics,Mobiles,4985.27,6813.65,Private Label
P12111,Audio Product 2112,Electronics,Audio,17309.05,20115.06,Private Label
P12112,Outdoor Product 2113,Sports,Outdoor,2728.34,3433.14,Private Label
P12113,Skincare Product 2114,Beauty,Skincare,105.61,131.58,Brand B
P12114,Sportswear Product 2115,Sports,Sportswear,4779.1,6059.93,Brand D
P12115,Storage Product 2116,Home & Kitchen,Storage,12406.86,16353.28,Private Label
P12116,Snacks Product 2117,Grocery,Snacks,2210.7,2842.87,Brand D
P12117,Sportswear Product 2118,Sports,Sportswear,414.85,471.08,Brand B
P12118,Women Product 2119,Fashion,Women,205.95,283.91,Brand B
P12119,Games Product 2120,Toys,Games,761.85,995.97,Brand B
P12120,Educational Product 2121,Toys,Educational,758.72,870.35,Private Label
P12121,Laptops Product 2122,Electronics,Laptops,5542.92,7219.12,Brand C
P12122,Laptops Product 2123,Electronics,Laptops,18320.32,24456.22,Brand B
P12123,Children Product 2124,Books,Children,373.02,495.85,Brand C
P12124,Women Product 2125,Fashion,Women,1601.96,1870.56,Brand D
P12125,Staples Product 2126,Grocery,Staples,1420.03,1729.97,Brand B
P12126,Cookware Product 2127,Home & Kitchen,Cookware,1481.3,1988.77,Brand B
P12127,Snacks Product 2128,Grocery,Snacks,573.7,785.33,Brand A
P12128,Packaged Foods Product 2129,Grocery,Packaged Foods,168.01,224.38,Private Label
P12129,Equipment Product 2130,Sports,Equipment,1611.35,1834.29,Brand C
P12130,Staples Product 2131,Grocery,Staples,138.36,183.09,Brand B
P12131,Women Product 2132,Fashion,Women,4572.3,5766.98,Brand A
P12132,Educational Product 2133,Toys,Educational,190.35,244.69,Brand A
P12133,Snacks Product 2134,Grocery,Snacks,755.91,930.46,Brand C
P12134,Academic Product 2135,Books,Academic,244.55,325.61,Private Label
P12135,Footwear Product 2136,Fashion,Footwear,4481.78,5841.78,Private Label
P12136,Home Decor Product 2137,Home & Kitchen,Home Decor,9138.8,12487.82,Private Label
P12137,Accessories Product 2138,Electronics,Accessories,900.96,1077.04,Brand A
P12138,Women Product 2139,Fashion,Women,2167.81,2498.92,Brand B
P12139,Home Decor Product 2140,Home & Kitchen,Home Decor,4965.4,6825.01,Brand B
P12140,Academic Product 2141,Books,Academic,310.9,369.35,Private Label
P12141,Packaged Foods Product 2142,Grocery,Packaged Foods,,2843.39,Brand D
P12142,Staples Product 2143,Grocery,Staples,897.25,1201.57,Brand D
P12143,Skincare Product 2144,Beauty,Skincare,1429.59,1814.83,Brand C
P12144,Kitchen Appliances Product 2145,Home & Kitchen,Kitchen Appliances,13430.09,15343.9,Private Label
P12145,Games Product 2146,Toys,Games,5329.98,6283.03,Brand C
P12146,Fiction Product 2147,Books,Fiction,100.87,121.52,Private Label
P12147,Beverages Product 2148,Grocery,Beverages,194.57,238.9,Brand B
P12148,Snacks Product 2149,Grocery,Snacks,1356.34,1704.38,Brand C
P12149,Outdoor Product 2150,Sports,Outdoor,452.17,513.3,Brand C
P12150,Personal Care Product 2151,Beauty,Personal Care,125.65,157.67,Private Label
P12151,Mobiles Product 2152,Electronics,Mobiles,2481.93,2852.6,Brand D
P12152,Laptops Product 2153,Electronics,Laptops,4229.26,5050.34,Private Label
P12153,Outdoor Toys Product 2154,Toys,Outdoor Toys,315.23,430.07,Brand A
P12154,Audio Product 2155,Electronics,Audio,21857.53,27880.23,Brand A
P12155,Outdoor Product 2156,Sports,Outdoor,252.44,338.96,Brand B
P12156,Storage Product 2157,Home & Kitchen,Storage,9261.23,10946.01,Brand C
P12157,Action Figures Product 2158,Toys,Action Figures,2158.8,2788.48,Brand A
P12158,Packaged Foods Product 2159,Grocery,Packaged Foods,93.08,108.93,Private Label
P12159,Sportswear Product 2160,Sports,Sportswear,3798.54,5050.72,Brand D
P12160,Accessories Product 2161,Electronics,Accessories,3977.6,5077.37,Brand D
P12161,Women Product 2162,Fashion,Women,4578.8,6057.47,Brand A
P12162,Beverages Product 2163,Grocery,Beverages,1570.99,1845.09,Brand D
P12163,Fiction Product 2164,Books,Fiction,254.41,288.96,Brand A
P12164,Laptops Product 2165,Electronics,Laptops,11596.15,14840.72,Brand B
P12165,Fitness Product 2166,Sports,Fitness,350.53,458.28,Brand C
P12166,Packaged Foods Product 2167,Grocery,Packaged Foods,1668.64,1949.52,Brand C
P12167,Staples Product 2168,Grocery,Staples,70.14,89.98,Brand B
P12168,Accessories Product 2169,Fashion,Accessories,6330.01,7206.31,Private Label
P12169,Educational Product 2170,Toys,Educational,3355.5,4482.77,Brand D
P12170,Haircare Product 2171,Beauty,Haircare,850.32,1030.83,Private Label
P12171,Equipment Product 2172,Sports,Equipment,4506.42,5700.86,Brand C
P12172,Accessories Product 2173,Fashion,Accessories,304.03,345.43,Brand A
P12173,Equipment Product 2174,Sports,Equipment,1069.73,1328.65,Brand A
P12174,Storage Product 2175,Home & Kitchen,Storage,4340.65,5544.31,Brand B
P12175,Snacks Product 2176,Grocery,Snacks,1962.1,2579.62,Brand D
P12176,Academic Product 2177,Books,Academic,147.52,167.65,Brand A
P12177,Cookware Product 2178,Home & Kitchen,Cookware,1072.88,1463.28,Brand B
P12178,Action Figures Product 2179,Toys,Action Figures,4012.1,5328.73,Brand D
P12179,Skincare Product 2180,Beauty,Skincare,960.88,1146.1,Private Label
P12180,Action Figures Product 2181,Toys,Action Figures,1925.51,2162.22,Brand A
P12181,Non-Fiction Product 2182,Books,Non-Fiction,500.15,571.67,Brand A
P12182,Outdoor Product 2183,Sports,Outdoor,1494.37,1893.89,Brand D
P12183,Skincare Product 2184,Beauty,Skincare,4880.19,6037.8,Private Label
P12184,Sportswear Product 2185,Sports,Sportswear,556.91,670.74,Brand D
P12185,Sportswear Product 2186,Sports,Sportswear,940.73,1123.4,Brand C
P12186,Educational Product 2187,Toys,Educational,4978.8,5614.84,Brand D
P12187,Outdoor Product 2188,Sports,Outdoor,231.35,266.16,Brand D
P12188,Home Decor Product 2189,Home & Kitchen,Home Decor,872.21,1085.08,Brand B
P12189,Men Product 2190,Fashion,Men,546.53,667.98,Brand D
P12190,Accessories Product 2191,Fashion,Accessories,916.42,1156.77,Brand B
P12191,Accessories Product 2192,Electronics,Accessories,2620.23,2977.44,Brand B
P12192,Men Product 2193,Fashion,Men,3451.38,4523.52,Brand D
P12193,Audio Product 2194,Electronics,Audio,1780.83,2433.65,Brand B
P12194,Snacks Product 2195,Grocery,Snacks,496.21,655.77,Brand A
P12195,Accessories Product 2196,Fashion,Accessories,7868.8,8816.96,Brand B
P12196,Packaged Foods Product 2197,Grocery,Packaged Foods,194.11,243.45,Brand A
P12197,Educational Product 2198,Toys,Educational,369.74,471.03,Private Label
P12198,Fitness Product 2199,Sports,Fitness,487.86,630.31,Private Label
P12199,Staples Product 2200,Grocery,Staples,133.52,180.48,Brand B
P12200,Kitchen Appliances Product 2201,Home & Kitchen,Kitchen Appliances,902.46,1208.8,Brand B
P12201,Home Decor Product 2202,Home & Kitchen,Home Decor,1790.05,2176.09,Brand C
P12202,Haircare Product 2203,Beauty,Haircare,2644.74,3643.04,Brand A
P12203,Fiction Product 2204,Books,Fiction,193.11,253.24,Brand C
P12204,Skincare Product 2205,Beauty,Skincare,1486.34,2007.49,Private Label
P12205,Skincare Product 2206,Beauty,Skincare,3700.27,4750.26,Brand B
P12206,Women Product 2207,Fashion,Women,650.97,797.75,Brand D
P12207,Outdoor Toys Product 2208,Toys,Outdoor Toys,6054.99,7982.34,Brand C
P12208,Snacks Product 2209,Grocery,Snacks,240.97,296.55,Private Label
P12209,Cookware Product 2210,Home & Kitchen,Cookware,204.21,269.58,Brand A
P12210,Women Product 2211,Fashion,Women,774.13,1059.57,Brand D
P12211,Storage Product 2212,Home & Kitchen,Storage,215.87,249.05,Brand A
P12212,Makeup Product 2213,Beauty,Makeup,1038.77,1349.03,Brand C
P12213,Accessories Product 2214,Electronics,Accessories,2334.02,3158.66,Brand A
P12214,Skincare Product 2215,Beauty,Skincare,566.95,780.32,Private Label
P12215,Academic Product 2216,Books,Academic,176.83,224.39,Brand A
P12216,Outdoor Toys Product 2217,Toys,Outdoor Toys,312.39,397.17,Brand A
P12217,Home Decor Product 2218,Home & Kitchen,Home Decor,526.43,654.93,Brand A
P12218,Audio Product 2219,Electronics,Audio,7053.04,8753.92,Brand B
P12219,Outdoor Product 2220,Sports,Outdoor,347.39,401.43,Private Label
P12220,Fiction Product 2221,Books,Fiction,148.12,181.36,Brand C
P12221,Cookware Product 2222,Home & Kitchen,Cookware,1445.04,1722.02,Brand B
P12222,Educational Product 2223,Toys,Educational,1047.5,1190.99,Brand C
P12223,Skincare Product 2224,Beauty,Skincare,108.74,139.96,Brand D
P12224,Skincare Product 2225,Beauty,Skincare,3380.77,4054.4,Brand B
P12225,Women Product 2226,Fashion,Women,2919.69,3958.57,Brand A
P12226,Kitchen Appliances Product 2227,Home & Kitchen,Kitchen Appliances,1148.51,1286.8,Private Label
P12227,Personal Care Product 2228,Beauty,Personal Care,3858.05,4883.59,Private Label
P12228,Cookware Product 2229,Home & Kitchen,Cookware,10666.91,14254.95,Private Label
P12229,Equipment Product 2230,Sports,Equipment,254.54,326.33,Brand C
P12230,Non-Fiction Product 2231,Books,Non-Fiction,2323.15,2760.11,Brand C
P12231,Games Product 2232,Toys,Games,1339.57,1642.28,Private Label
P12232,Skincare Product 2233,Beauty,Skincare,1186.96,1334.12,Brand B
P12233,Personal Care Product 2234,Beauty,Personal Care,454.65,530.98,Private Label
P12234,Accessories Product 2235,Fashion,Accessories,282.22,348.43,Brand C
P12235,Children Product 2236,Books,Children,197.68,243.41,Brand C
P12236,Educational Product 2237,Toys,Educational,2694.06,3044.5,Brand C
P12237,Packaged Foods Product 2238,Grocery,Packaged Foods,342.44,450.4,Brand C
P12238,Non-Fiction Product 2239,Books,Non-Fiction,1352.05,1817.54,Brand B
P12239,Outdoor Toys Product 2240,Toys,Outdoor Toys,905.09,1209.27,Brand A
P12240,Storage Product 2241,Home & Kitchen,Storage,294.86,365.02,Private Label
P12241,Snacks Product 2242,Grocery,Snacks,347.47,412.78,Brand C
P12242,Haircare Product 2243,Beauty,Haircare,825.32,1015.7,Brand D
P12243,Audio Product 2244,Electronics,Audio,8141.67,10756.12,Private Label
P12244,Accessories Product 2245,Electronics,Accessories,31459.85,37708.88,Brand B
P12245,Skincare Product 2246,Beauty,Skincare,4802.08,5693.99,Brand B
P12246,Accessories Product 2247,Fashion,Accessories,6283.62,7875.66,Private Label
P12247,Makeup Product 2248,Beauty,Makeup,5799.05,7707.65,Brand A
P12248,Men Product 2249,Fashion,Men,807.65,1014.68,Brand C
P12249,Footwear Product 2250,Fashion,Footwear,911.01,1136.34,Brand D
P12250,Makeup Product 2251,Beauty,Makeup,5803.9,7007.28,Brand C
P12251,Skincare Product 2252,Beauty,Skincare,3671.58,4564.01,Brand B
P12252,Storage Product 2253,Home & Kitchen,Storage,14438.57,18455.44,Private Label
P12253,Mobiles Product 2254,Electronics,Mobiles,1004.51,1218.4,Brand D
P12254,Personal Care Product 2255,Beauty,Personal Care,1158.45,1351.49,Private Label
P12255,Accessories Product 2256,Electronics,Accessories,37004.73,42281.15,Private Label
P12256,Accessories Product 2257,Fashion,Accessories,735.31,917.34,Brand A
P12257,Accessories Product 2258,Electronics,Accessories,8744.63,11463.13,Brand D
P12258,Footwear Product 2259,Fashion,Footwear,2875.16,3225.28,Private Label
P12259,Non-Fiction Product 2260,Books,Non-Fiction,1492.67,1821.09,Brand A
P12260,Snacks Product 2261,Grocery,Snacks,2378.93,2730.48,Brand D
P12261,Home Decor Product 2262,Home & Kitchen,Home Decor,6659.03,7467.1,Brand B
P12262,Fitness Product 2263,Sports,Fitness,226.22,275.95,Private Label
P12263,Packaged Foods Product 2264,Grocery,Packaged Foods,759.47,915.11,Brand D
P12264,Equipment Product 2265,Sports,Equipment,2333.67,2969.13,Private Label
P12265,Personal Care Product 2266,Beauty,Personal Care,4535.48,5205.77,Brand B
P12266,Haircare Product 2267,Beauty,Haircare,217.95,277.78,Brand A
P12267,Haircare Product 2268,Beauty,Haircare,337.01,399.6,Brand B
P12268,Footwear Product 2269,Fashion,Footwear,373.2,497.9,Brand D
P12269,Fiction Product 2270,Books,Fiction,261.96,332.46,Private Label
P12270,Personal Care Product 2271,Beauty,Personal Care,115.26,158.87,Brand B
P12271,Women Product 2272,Fashion,Women,288.41,333.76,Brand A
P12272,Home Decor Product 2273,Home & Kitchen,Home Decor,835.2,1069.98,Brand C
P12273,Accessories Product 2274,Electronics,Accessories,2214.38,2630.65,Brand D
P12274,Outdoor Product 2275,Sports,Outdoor,,236.54,Brand A
P12275,Storage Product 2276,Home & Kitchen,Storage,6086.32,7552.47,Brand A
P12276,Haircare Product 2277,Beauty,Haircare,1283.4,1619.42,Brand A
P12277,Beverages Product 2278,Grocery,Beverages,758.58,1010.56,Brand D
P12278,Sportswear Product 2279,Sports,Sportswear,257.39,293.1,Brand C
P12279,Fiction Product 2280,Books,Fiction,2410.38,2871.0,Brand D
P12280,Outdoor Product 2281,Sports,Outdoor,1624.51,2111.03,Brand B
P12281,Games Product 2282,Toys,Games,749.79,855.21,Brand A
P12282,Snacks Product 2283,Grocery,Snacks,69.44,95.38,Private Label
P12283,Home Decor Product 2284,Home & Kitchen,Home Decor,7113.78,9699.88,Brand A
P12284,Men Product 2285,Fashion,Men,435.89,600.14,Brand C
P12285,Sportswear Product 2286,Sports,Sportswear,2425.06,3333.06,Brand D
P12286,Academic Product 2287,Books,Academic,411.12,527.14,Brand C
P12287,Equipment Product 2288,Sports,Equipment,8502.5,10570.99,Brand D
P12288,Men Product 2289,Fashion,Men,4145.58,5206.18,Brand A
P12289,Audio Product 2290,Electronics,Audio,3933.04,4410.85,Brand A
P12290,Audio Product 2291,Electronics,Audio,49453.05,55422.31,Brand C
P12291,Sportswear Product 2292,Sports,Sportswear,3212.27,3829.49,Brand B
P12292,Outdoor Product 2293,Sports,Outdoor,8755.84,11692.74,Brand B
P12293,Home Decor Product 2294,Home & Kitchen,Home Decor,185.15,247.91,Private Label
P12294,Haircare Product 2295,Beauty,Haircare,2246.55,2575.16,Brand B
P12295,Snacks Product 2296,Grocery,Snacks,1488.19,1886.56,Private Label
P12296,Packaged Foods Product 2297,Grocery,Packaged Foods,341.67,397.41,Brand B
P12297,Children Product 2298,Books,Children,100.42,119.92,Brand D
P12298,Storage Product 2299,Home & Kitchen,Storage,5813.5,7849.85,Brand A
P12299,Kitchen Appliances Product 2300,Home & Kitchen,Kitchen Appliances,479.69,545.94,Brand D
P12300,Beverages Product 2301,Grocery,Beverages,1502.02,1725.46,Brand A
P12301,Sportswear Product 2302,Sports,Sportswear,536.5,656.19,Private Label
P12302,Home Decor Product 2303,Home & Kitchen,Home Decor,333.21,442.55,Brand D
P12303,Equipment Product 2304,Sports,Equipment,890.7,1170.96,Brand A
P12304,Equipment Product 2305,Sports,Equipment,3814.98,4987.71,Brand B
P12305,Storage Product 2306,Home & Kitchen,Storage,16290.16,19270.55,Private Label
P12306,Staples Product 2307,Grocery,Staples,1265.37,1727.02,Brand B
P12307,Children Product 2308,Books,Children,101.84,120.53,Brand D
P12308,Academic Product 2309,Books,Academic,2274.09,2928.84,Brand C
P12309,Makeup Product 2310,Beauty,Makeup,913.73,1133.63,Brand B
P12310,Audio Product 2311,Electronics,Audio,7479.03,8808.46,Brand B
P12311,Makeup Product 2312,Beauty,Makeup,2560.27,3047.41,Brand B
P12312,Accessories Product 2313,Fashion,Accessories,4599.49,6027.58,Brand C
P12313,Accessories Product 2314,Fashion,Accessories,699.45,804.52,Brand D
P12314,Home Decor Product 2315,Home & Kitchen,Home Decor,557.57,680.16,Brand A
P12315,Fitness Product 2316,Sports,Fitness,9762.01,10955.96,Brand A
P12316,Men Product 2317,Fashion,Men,252.13,336.96,Brand D
P12317,Outdoor Toys Product 2318,Toys,Outdoor Toys,661.25,745.09,Brand C
P12318,Men Product 2319,Fashion,Men,1433.52,1678.27,Brand D
P12319,Accessories Product 2320,Fashion,Accessories,377.42,486.35,Brand B
P12320,Equipment Product 2321,Sports,Equipment,347.85,460.78,Brand D
P12321,Snacks Product 2322,Grocery,Snacks,2089.9,2861.16,Private Label
P12322,Audio Product 2323,Electronics,Audio,52876.95,61278.33,Private Label
P12323,Fiction Product 2324,Books,Fiction,388.05,523.74,Brand C
P12324,Laptops Product 2325,Electronics,Laptops,3166.75,3922.47,Brand A
P12325,Cookware Product 2326,Home & Kitchen,Cookware,1132.53,1472.79,Brand D
P12326,Cookware Product 2327,Home & Kitchen,Cookware,,327.74,Private Label
P12327,Personal Care Product 2328,Beauty,Personal Care,818.22,990.56,Private Label
P12328,Mobiles Product 2329,Electronics,Mobiles,1918.08,2336.22,Brand A
P12329,Accessories Product 2330,Fashion,Accessories,1051.38,1254.35,Brand B
P12330,Non-Fiction Product 2331,Books,Non-Fiction,2135.92,2731.44,Brand D
P12331,Makeup Product 2332,Beauty,Makeup,1922.75,2633.05,Private Label
P12332,Beverages Product 2333,Grocery,Beverages,712.07,964.7,Brand A
P12333,Snacks Product 2334,Grocery,Snacks,75.85,101.45,Brand D
P12334,Footwear Product 2335,Fashion,Footwear,1902.58,2473.85,Private Label
P12335,Beverages Product 2336,Grocery,Beverages,1173.81,1445.42,Brand A
P12336,Women Product 2337,Fashion,Women,701.05,820.95,Private Label
P12337,Footwear Product 2338,Fashion,Footwear,2231.06,2749.01,Brand A
P12338,Accessories Product 2339,Fashion,Accessories,234.63,320.95,Brand C
P12339,Staples Product 2340,Grocery,Staples,1441.62,1762.32,Brand D
P12340,Accessories Product 2341,Electronics,Accessories,5353.21,6412.72,Brand D
P12341,Personal Care Product 2342,Beauty,Personal Care,119.65,160.8,Brand A
P12342,Haircare Product 2343,Beauty,Haircare,2243.53,2840.43,Private Label
P12343,Children Product 2344,Books,Children,486.03,664.5,Brand D
P12344,Educational Product 2345,Toys,Educational,4439.67,5399.16,Brand B
P12345,Women Product 2346,Fashion,Women,1119.92,1402.48,Brand D
P12346,Haircare Product 2347,Beauty,Haircare,287.82,337.54,Brand B
P12347,Laptops Product 2348,Electronics,Laptops,2204.65,2794.54,Brand A
P12348,Action Figures Product 2349,Toys,Action Figures,2281.54,2626.23,Brand A
P12349,Equipment Product 2350,Sports,Equipment,447.04,598.72,Brand A
P12350,Accessories Product 2351,Fashion,Accessories,4012.53,5383.01,Brand D
P12351,Accessories Product 2352,Electronics,Accessories,43442.77,53831.29,Private Label
P12352,Laptops Product 2353,Electronics,Laptops,1002.06,1261.45,Private Label
P12353,Accessories Product 2354,Electronics,Accessories,752.36,885.41,Private Label
P12354,Cookware Product 2355,Home & Kitchen,Cookware,5819.14,6862.19,Brand A
P12355,Fiction Product 2356,Books,Fiction,166.24,190.59,Brand C
P12356,Mobiles Product 2357,Electronics,Mobiles,30906.74,37538.85,Private Label
P12357,Accessories Product 2358,Fashion,Accessories,4985.62,5785.52,Brand C
P12358,Mobiles Product 2359,Electronics,Mobiles,1108.2,1479.46,Brand B
P12359,Home Decor Product 2360,Home & Kitchen,Home Decor,6968.84,8155.29,Brand D
P12360,Makeup Product 2361,Beauty,Makeup,2728.94,3474.58,Brand B
P12361,Packaged Foods Product 2362,Grocery,Packaged Foods,233.32,311.05,Brand A
P12362,Cookware Product 2363,Home & Kitchen,Cookware,201.54,232.89,Brand C
P12363,Cookware Product 2364,Home & Kitchen,Cookware,225.18,284.64,Private Label
P12364,Outdoor Product 2365,Sports,Outdoor,8934.23,11748.66,Brand D
P12365,Packaged Foods Product 2366,Grocery,Packaged Foods,2755.01,3170.46,Private Label
P12366,Storage Product 2367,Home & Kitchen,Storage,468.25,640.11,Brand B
P12367,Laptops Product 2368,Electronics,Laptops,799.67,1091.16,Brand D
P12368,Personal Care Product 2369,Beauty,Personal Care,1258.6,1563.39,Brand A
P12369,Equipment Product 2370,Sports,Equipment,451.62,572.9,Brand A
P12370,Staples Product 2371,Grocery,Staples,1096.82,1491.15,Brand D
P12371,Footwear Product 2372,Fashion,Footwear,1349.5,1596.38,Brand D
P12372,Kitchen Appliances Product 2373,Home & Kitchen,Kitchen Appliances,574.56,787.75,Brand B
P12373,Makeup Product 2374,Beauty,Makeup,276.05,349.47,Brand A
P12374,Games Product 2375,Toys,Games,3151.01,3756.63,Brand C
P12375,Equipment Product 2376,Sports,Equipment,1876.08,2159.64,Brand B
P12376,Beverages Product 2377,Grocery,Beverages,63.97,72.17,Private Label
P12377,Personal Care Product 2378,Beauty,Personal Care,268.77,313.67,Brand D
P12378,Skincare Product 2379,Beauty,Skincare,490.14,595.33,Brand B
P12379,Kitchen Appliances Product 2380,Home & Kitchen,Kitchen Appliances,293.84,348.25,Private Label
P12380,Sportswear Product 2381,Sports,Sportswear,1963.1,2455.82,Brand D
P12381,Audio Product 2382,Electronics,Audio,3224.3,3993.29,Private Label
P12382,Storage Product 2383,Home & Kitchen,Storage,7122.63,9282.36,Brand D
P12383,Sportswear Product 2384,Sports,Sportswear,2477.47,3027.91,Private Label
P12384,Staples Product 2385,Grocery,Staples,2068.36,2583.28,Brand D
P12385,Outdoor Toys Product 2386,Toys,Outdoor Toys,193.0,242.15,Brand C
P12386,Women Product 2387,Fashion,Women,1848.1,2096.48,Brand A
P12387,Academic Product 2388,Books,Academic,186.87,222.21,Private Label
P12388,Academic Product 2389,Books,Academic,368.11,491.13,Brand D
P12389,Laptops Product 2390,Electronics,Laptops,6311.8,8132.8,Brand D
P12390,Mobiles Product 2391,Electronics,Mobiles,2443.24,2845.61,Brand D
P12391,Audio Product 2392,Electronics,Audio,3537.79,4119.91,Brand D
P12392,Snacks Product 2393,Grocery,Snacks,225.52,299.4,Brand D
P12393,Packaged Foods Product 2394,Grocery,Packaged Foods,314.35,395.31,Private Label
P12394,Audio Product 2395,Electronics,Audio,2126.7,2572.73,Brand C
P12395,Non-Fiction Product 2396,Books,Non-Fiction,121.11,152.9,Brand C
P12396,Staples Product 2397,Grocery,Staples,193.37,248.0,Brand C
P12397,Skincare Product 2398,Beauty,Skincare,5427.0,7405.27,Brand C
P12398,Personal Care Product 2399,Beauty,Personal Care,457.81,608.63,Brand B
P12399,Outdoor Toys Product 2400,Toys,Outdoor Toys,1734.6,2093.5,Brand B
P12400,Outdoor Product 2401,Sports,Outdoor,664.8,887.1,Private Label
P12401,Men Product 2402,Fashion,Men,247.35,333.99,Brand C
P12402,Children Product 2403,Books,Children,542.17,684.01,Private Label
P12403,Fitness Product 2404,Sports,Fitness,4146.96,5710.5,Brand B
P12404,Children Product 2405,Books,Children,459.39,576.77,Brand B
P12405,Accessories Product 2406,Electronics,Accessories,6633.48,8591.82,Private Label
P12406,Snacks Product 2407,Grocery,Snacks,292.18,363.72,Private Label
P12407,Personal Care Product 2408,Beauty,Personal Care,2597.33,2935.4,Brand C
P12408,Laptops Product 2409,Electronics,Laptops,3278.62,4166.12,Brand C
P12409,Outdoor Product 2410,Sports,Outdoor,6431.34,7428.03,Private Label
P12410,Staples Product 2411,Grocery,Staples,2210.38,2777.77,Brand A
P12411,Makeup Product 2412,Beauty,Makeup,986.83,1232.6,Brand B
P12412,Footwear Product 2413,Fashion,Footwear,955.85,1150.35,Brand C
P12413,Equipment Product 2414,Sports,Equipment,8680.14,11883.96,Brand D
P12414,Haircare Product 2415,Beauty,Haircare,2143.44,2746.44,Brand C
P12415,Storage Product 2416,Home & Kitchen,Storage,732.03,821.88,Brand D
P12416,Accessories Product 2417,Electronics,Accessories,8430.17,9441.94,Brand D
P12417,Personal Care Product 2418,Beauty,Personal Care,1601.9,2143.94,Brand D
P12418,Games Product 2419,Toys,Games,1307.29,1477.59,Brand D
P12419,Children Product 2420,Books,Children,1068.61,1450.85,Brand D
P12420,Storage Product 2421,Home & Kitchen,Storage,599.92,766.78,Brand A
P12421,Haircare Product 2422,Beauty,Haircare,1483.22,1950.92,Brand A
P12422,Women Product 2423,Fashion,Women,1354.91,1800.01,Brand B
P12423,Children Product 2424,Books,Children,1908.47,2199.6,Brand D
P12424,Women Product 2425,Fashion,Women,315.11,430.99,Brand D
P12425,Children Product 2426,Books,Children,166.6,199.31,Brand B
P12426,Haircare Product 2427,Beauty,Haircare,881.18,1199.89,Brand B
P12427,Men Product 2428,Fashion,Men,860.56,1046.8,Brand D
P12428,Equipment Product 2429,Sports,Equipment,5241.09,6296.14,Private Label
P12429,Kitchen Appliances Product 2430,Home & Kitchen,Kitchen Appliances,6001.68,7962.77,Private Label
P12430,Sportswear Product 2431,Sports,Sportswear,5295.14,6208.49,Brand D
P12431,Action Figures Product 2432,Toys,Action Figures,549.48,618.78,Brand C
P12432,Outdoor Toys Product 2433,Toys,Outdoor Toys,2244.04,3078.23,Private Label
P12433,Fiction Product 2434,Books,Fiction,1511.14,2037.26,Private Label
P12434,Mobiles Product 2435,Electronics,Mobiles,53699.69,65933.25,Brand D
P12435,Men Product 2436,Fashion,Men,743.56,906.58,Brand A
P12436,Skincare Product 2437,Beauty,Skincare,1330.48,1537.09,Private Label
P12437,Footwear Product 2438,Fashion,Footwear,1399.57,1734.64,Brand C
P12438,Mobiles Product 2439,Electronics,Mobiles,49922.37,60166.44,Brand C
P12439,Children Product 2440,Books,Children,619.11,735.47,Brand A
P12440,Personal Care Product 2441,Beauty,Personal Care,3024.9,4073.35,Brand A
P12441,Non-Fiction Product 2442,Books,Non-Fiction,176.83,212.71,Brand B
P12442,Accessories Product 2443,Fashion,Accessories,1560.01,1941.84,Brand A
P12443,Laptops Product 2444,Electronics,Laptops,24333.03,29435.12,Brand D
P12444,Storage Product 2445,Home & Kitchen,Storage,308.02,386.31,Brand D
P12445,Outdoor Product 2446,Sports,Outdoor,1418.01,1636.26,Brand C
P12446,Haircare Product 2447,Beauty,Haircare,5867.34,7319.09,Private Label
P12447,Fitness Product 2448,Sports,Fitness,1153.44,1522.63,Brand D
P12448,Packaged Foods Product 2449,Grocery,Packaged Foods,195.81,222.32,Brand A
P12449,Mobiles Product 2450,Electronics,Mobiles,13569.42,16256.8,Brand C
P12450,Fitness Product 2451,Sports,Fitness,1261.32,1466.12,Brand D
P12451,Fiction Product 2452,Books,Fiction,145.78,165.74,Brand D
P12452,Accessories Product 2453,Fashion,Accessories,452.86,586.08,Brand C
P12453,Skincare Product 2454,Beauty,Skincare,116.34,141.55,Private Label
P12454,Personal Care Product 2455,Beauty,Personal Care,399.97,502.9,Brand D
P12455,Staples Product 2456,Grocery,Staples,408.81,471.43,Brand D
P12456,Fitness Product 2457,Sports,Fitness,1013.31,1148.85,Brand D
P12457,Academic Product 2458,Books,Academic,2378.62,3166.66,Brand D
P12458,Games Product 2459,Toys,Games,179.35,243.29,Private Label
P12459,Equipment Product 2460,Sports,Equipment,1684.35,1922.74,Brand C
P12460,Storage Product 2461,Home & Kitchen,Storage,186.87,247.96,Brand A
P12461,Beverages Product 2462,Grocery,Beverages,348.59,414.66,Brand B
P12462,Footwear Product 2463,Fashion,Footwear,8045.75,10453.62,Brand A
P12463,Staples Product 2464,Grocery,Staples,54.33,66.58,Brand A
P12464,Audio Product 2465,Electronics,Audio,2145.34,2492.25,Brand B
P12465,Audio Product 2466,Electronics,Audio,10688.24,12974.29,Brand A
P12466,Audio Product 2467,Electronics,Audio,28107.36,34600.08,Brand C
P12467,Staples Product 2468,Grocery,Staples,,2007.7,Private Label
P12468,Storage Product 2469,Home & Kitchen,Storage,1014.87,1388.21,Brand D
P12469,Makeup Product 2470,Beauty,Makeup,4569.48,5709.43,Brand A
P12470,Personal Care Product 2471,Beauty,Personal Care,2911.62,3481.52,Brand A
P12471,Accessories Product 2472,Electronics,Accessories,11900.3,14891.93,Brand C
P12472,Non-Fiction Product 2473,Books,Non-Fiction,405.21,530.15,Brand B
P12473,Personal Care Product 2474,Beauty,Personal Care,113.18,148.14,Private Label
P12474,Men Product 2475,Fashion,Men,2307.73,2755.73,Brand D
P12475,Skincare Product 2476,Beauty,Skincare,510.77,574.45,Brand D
P12476,Children Product 2477,Books,Children,211.16,266.46,Private Label
P12477,Games Product 2478,Toys,Games,195.79,257.08,Private Label
P12478,Mobiles Product 2479,Electronics,Mobiles,,57390.81,Brand D
P12479,Snacks Product 2480,Grocery,Snacks,2581.73,3149.45,Private Label
P12480,Snacks Product 2481,Grocery,Snacks,129.84,160.17,Private Label
P12481,Women Product 2482,Fashion,Women,274.67,342.5,Private Label
P12482,Non-Fiction Product 2483,Books,Non-Fiction,1112.87,1271.88,Private Label
P12483,Storage Product 2484,Home & Kitchen,Storage,10738.83,14686.1,Brand B
P12484,Educational Product 2485,Toys,Educational,2574.44,3347.35,Brand C
P12485,Accessories Product 2486,Fashion,Accessories,6803.51,7968.77,Brand D
P12486,Personal Care Product 2487,Beauty,Personal Care,113.27,140.5,Brand B
P12487,Sportswear Product 2488,Sports,Sportswear,1252.14,1725.98,Private Label
P12488,Children Product 2489,Books,Children,193.43,262.91,Private Label
P12489,Home Decor Product 2490,Home & Kitchen,Home Decor,2645.51,3226.09,Brand B
P12490,Sportswear Product 2491,Sports,Sportswear,453.6,613.82,Brand C
P12491,Footwear Product 2492,Fashion,Footwear,952.28,1302.14,Brand C
P12492,Outdoor Product 2493,Sports,Outdoor,3072.19,4005.87,Private Label
P12493,Outdoor Product 2494,Sports,Outdoor,2686.79,3368.4,Brand B
P12494,Outdoor Toys Product 2495,Toys,Outdoor Toys,666.52,776.13,Brand C
P12495,Action Figures Product 2496,Toys,Action Figures,153.11,190.81,Private Label
P12496,Footwear Product 2497,Fashion,Footwear,3501.89,4339.44,Brand A
P12497,Makeup Product 2498,Beauty,Makeup,103.22,118.39,Brand A
P12498,Sportswear Product 2499,Sports,Sportswear,230.79,303.64,Private Label
P12499,Haircare Product 2500,Beauty,Haircare,1695.21,2160.2,Brand D
P12500,Fiction Product 2501,Books,Fiction,369.39,476.44,Brand C
P12501,Outdoor Product 2502,Sports,Outdoor,460.16,632.23,Brand D
P12502,Men Product 2503,Fashion,Men,402.28,481.03,Brand C
P12503,Fitness Product 2504,Sports,Fitness,949.77,1219.22,Brand D
P12504,Storage Product 2505,Home & Kitchen,Storage,402.97,538.35,Brand B
P12505,Action Figures Product 2506,Toys,Action Figures,698.18,861.46,Brand C
P12506,Action Figures Product 2507,Toys,Action Figures,391.48,448.33,Brand B
P12507,Audio Product 2508,Electronics,Audio,52966.04,60549.72,Brand D
P12508,Sportswear Product 2509,Sports,Sportswear,267.44,311.49,Brand B
P12509,Outdoor Product 2510,Sports,Outdoor,954.87,1261.29,Brand C
P12510,Children Product 2511,Books,Children,265.44,319.93,Brand B
P12511,Children Product 2512,Books,Children,2025.4,2698.21,Brand A
P12512,Cookware Product 2513,Home & Kitchen,Cookware,6142.06,7698.26,Brand B
P12513,Audio Product 2514,Electronics,Audio,6206.42,8143.0,Brand A
P12514,Haircare Product 2515,Beauty,Haircare,2765.3,3420.92,Brand C
P12515,Audio Product 2516,Electronics,Audio,39533.12,53527.47,Brand B
P12516,Sportswear Product 2517,Sports,Sportswear,2730.34,3285.3,Brand B
P12517,Non-Fiction Product 2518,Books,Non-Fiction,206.45,258.53,Brand C
P12518,Kitchen Appliances Product 2519,Home & Kitchen,Kitchen Appliances,2916.22,3850.15,Private Label
P12519,Laptops Product 2520,Electronics,Laptops,16801.98,21326.9,Brand C
P12520,Personal Care Product 2521,Beauty,Personal Care,118.52,142.46,Brand C
P12521,Non-Fiction Product 2522,Books,Non-Fiction,1212.88,1599.82,Private Label
P12522,Equipment Product 2523,Sports,Equipment,6266.76,7653.37,Private Label
P12523,Outdoor Product 2524,Sports,Outdoor,949.12,1296.43,Brand A
P12524,Makeup Product 2525,Beauty,Makeup,2927.57,3870.86,Brand C
P12525,Academic Product 2526,Books,Academic,111.83,136.9,Brand B
P12526,Accessories Product 2527,Fashion,Accessories,2374.52,2703.47,Brand D
P12527,Women Product 2528,Fashion,Women,1067.55,1451.79,Brand D
P12528,Cookware Product 2529,Home & Kitchen,Cookware,8018.59,9066.01,Brand A
P12529,Snacks Product 2530,Grocery,Snacks,145.3,190.6,Brand C
P12530,Men Product 2531,Fashion,Men,1132.1,1356.6,Brand C
P12531,Footwear Product 2532,Fashion,Footwear,8643.9,10805.86,Private Label
P12532,Personal Care Product 2533,Beauty,Personal Care,3816.89,5010.33,Brand D
P12533,Beverages Product 2534,Grocery,Beverages,161.31,204.71,Private Label
P12534,Mobiles Product 2535,Electronics,Mobiles,1348.53,1805.22,Brand A
P12535,Fiction Product 2536,Books,Fiction,178.03,228.03,Brand B
P12536,Women Product 2537,Fashion,Women,4218.34,5529.72,Private Label
P12537,Non-Fiction Product 2538,Books,Non-Fiction,1467.05,1814.81,Brand A
P12538,Beverages Product 2539,Grocery,Beverages,2726.96,3447.98,Brand D
P12539,Non-Fiction Product 2540,Books,Non-Fiction,295.58,379.65,Brand C
P12540,Women Product 2541,Fashion,Women,7549.18,9917.26,Brand C
P12541,Storage Product 2542,Home & Kitchen,Storage,14381.79,17293.55,Brand C
P12542,Academic Product 2543,Books,Academic,154.89,196.58,Brand B
P12543,Mobiles Product 2544,Electronics,Mobiles,10269.81,11579.55,Private Label
P12544,Makeup Product 2545,Beauty,Makeup,1034.04,1360.02,Brand C
P12545,Audio Product 2546,Electronics,Audio,1009.75,1236.26,Brand D
P12546,Action Figures Product 2547,Toys,Action Figures,1899.46,2534.25,Brand A
P12547,Outdoor Product 2548,Sports,Outdoor,770.56,918.87,Brand C
P12548,Children Product 2549,Books,Children,1077.35,1211.04,Brand B
P12549,Outdoor Product 2550,Sports,Outdoor,241.54,318.1,Brand C
P12550,Skincare Product 2551,Beauty,Skincare,334.5,414.19,Brand B
P12551,Storage Product 2552,Home & Kitchen,Storage,4993.05,6830.83,Brand D
P12552,Skincare Product 2553,Beauty,Skincare,125.64,151.8,Brand C
P12553,Outdoor Toys Product 2554,Toys,Outdoor Toys,6723.61,8138.76,Brand D
P12554,Games Product 2555,Toys,Games,4588.85,5962.94,Private Label
P12555,Mobiles Product 2556,Electronics,Mobiles,24940.89,27967.89,Private Label
P12556,Makeup Product 2557,Beauty,Makeup,1693.71,2089.25,Brand C
P12557,Laptops Product 2558,Electronics,Laptops,6027.04,7574.52,Private Label
P12558,Mobiles Product 2559,Electronics,Mobiles,37208.9,47049.98,Brand A
P12559,Makeup Product 2560,Beauty,Makeup,1209.06,1358.93,Private Label
P12560,Laptops Product 2561,Electronics,Laptops,30250.23,36279.63,Brand B
P12561,Sportswear Product 2562,Sports,Sportswear,4175.71,5695.56,Private Label
P12562,Accessories Product 2563,Electronics,Accessories,3241.09,3974.74,Brand A
P12563,Games Product 2564,Toys,Games,566.74,695.84,Brand B
P12564,Makeup Product 2565,Beauty,Makeup,437.1,573.12,Brand B
P12565,Laptops Product 2566,Electronics,Laptops,23599.85,28798.13,Brand B
P12566,Children Product 2567,Books,Children,1383.47,1752.33,Private Label
P12567,Haircare Product 2568,Beauty,Haircare,1915.46,2475.0,Private Label
P12568,Storage Product 2569,Home & Kitchen,Storage,7969.76,10243.81,Brand D
P12569,Cookware Product 2570,Home & Kitchen,Cookware,2776.15,3431.24,Brand D
P12570,Kitchen Appliances Product 2571,Home & Kitchen,Kitchen Appliances,2414.74,2731.92,Private Label
P12571,Footwear Product 2572,Fashion,Footwear,1869.54,2151.25,Private Label
P12572,Haircare Product 2573,Beauty,Haircare,159.97,181.71,Private Label
P12573,Haircare Product 2574,Beauty,Haircare,5945.83,7218.79,Brand C
P12574,Equipment Product 2575,Sports,Equipment,9037.28,11481.3,Brand C
P12575,Beverages Product 2576,Grocery,Beverages,123.77,166.68,Brand C
P12576,Non-Fiction Product 2577,Books,Non-Fiction,682.36,821.92,Brand C
P12577,Makeup Product 2578,Beauty,Makeup,2090.96,2791.35,Brand C
P12578,Kitchen Appliances Product 2579,Home & Kitchen,Kitchen Appliances,7140.77,9781.62,Brand B
P12579,Accessories Product 2580,Fashion,Accessories,4213.01,5582.58,Brand D
P12580,Outdoor Toys Product 2581,Toys,Outdoor Toys,6149.28,7565.74,Brand D
P12581,Kitchen Appliances Product 2582,Home & Kitchen,Kitchen Appliances,2942.05,3985.2,Brand B
P12582,Mobiles Product 2583,Electronics,Mobiles,1122.29,1326.92,Brand C
P12583,Beverages Product 2584,Grocery,Beverages,1860.84,2120.6,Brand C
P12584,Kitchen Appliances Product 2585,Home & Kitchen,Kitchen Appliances,818.08,1029.91,Brand C
P12585,Fiction Product 2586,Books,Fiction,2073.0,2376.0,Brand D
P12586,Personal Care Product 2587,Beauty,Personal Care,625.54,815.1,Brand D
P12587,Fiction Product 2588,Books,Fiction,186.81,240.39,Brand C
P12588,Staples Product 2589,Grocery,Staples,132.76,177.79,Brand D
P12589,Outdoor Product 2590,Sports,Outdoor,400.34,457.84,Brand D
P12590,Skincare Product 2591,Beauty,Skincare,1240.8,1541.69,Brand A
P12591,Skincare Product 2592,Beauty,Skincare,3224.41,4061.38,Brand A
P12592,Equipment Product 2593,Sports,Equipment,812.55,1061.98,Brand A
P12593,Academic Product 2594,Books,Academic,403.85,472.51,Brand B
P12594,Home Decor Product 2595,Home & Kitchen,Home Decor,1267.25,1640.05,Brand D
P12595,Children Product 2596,Books,Children,119.06,136.61,Brand C
P12596,Packaged Foods Product 2597,Grocery,Packaged Foods,86.38,112.54,Brand C
P12597,Non-Fiction Product 2598,Books,Non-Fiction,2006.67,2578.38,Brand A
P12598,Action Figures Product 2599,Toys,Action Figures,352.28,466.07,Brand C
P12599,Accessories Product 2600,Electronics,Accessories,51758.14,65137.01,Brand C
P12600,Educational Product 2601,Toys,Educational,1102.9,1465.82,Brand B
P12601,Footwear Product 2602,Fashion,Footwear,2226.21,2555.13,Brand C
P12602,Outdoor Product 2603,Sports,Outdoor,2227.93,3051.79,Brand D
P12603,Educational Product 2604,Toys,Educational,4952.95,6265.83,Brand B
P12604,Audio Product 2605,Electronics,Audio,3049.88,3819.34,Private Label
P12605,Outdoor Toys Product 2606,Toys,Outdoor Toys,369.94,458.93,Brand A
P12606,Mobiles Product 2607,Electronics,Mobiles,2075.02,2388.52,Brand C
P12607,Fitness Product 2608,Sports,Fitness,2995.48,3455.03,Brand B
P12608,Makeup Product 2609,Beauty,Makeup,507.24,587.15,Brand A
P12609,Women Product 2610,Fashion,Women,346.53,414.05,Brand A
P12610,Fitness Product 2611,Sports,Fitness,472.94,535.13,Brand B
P12611,Personal Care Product 2612,Beauty,Personal Care,262.16,337.15,Brand D
P12612,Action Figures Product 2613,Toys,Action Figures,2545.53,3365.27,Brand D
P12613,Packaged Foods Product 2614,Grocery,Packaged Foods,104.86,127.58,Brand D
P12614,Personal Care Product 2615,Beauty,Personal Care,799.04,1063.99,Brand A
P12615,Mobiles Product 2616,Electronics,Mobiles,30781.14,37882.48,Brand B
P12616,Men Product 2617,Fashion,Men,316.12,354.32,Brand D
P12617,Non-Fiction Product 2618,Books,Non-Fiction,647.96,877.22,Brand A
P12618,Outdoor Toys Product 2619,Toys,Outdoor Toys,738.54,938.6,Brand A
P12619,Women Product 2620,Fashion,Women,1079.53,1218.22,Private Label
P12620,Audio Product 2621,Electronics,Audio,10080.53,13486.85,Brand C
P12621,Footwear Product 2622,Fashion,Footwear,2266.31,2733.14,Brand A
P12622,Children Product 2623,Books,Children,930.86,1137.91,Brand A
P12623,Games Product 2624,Toys,Games,217.28,265.33,Private Label
P12624,Sportswear Product 2625,Sports,Sportswear,9730.51,11636.0,Brand B
P12625,Beverages Product 2626,Grocery,Beverages,51.7,65.06,Brand D
P12626,Equipment Product 2627,Sports,Equipment,3230.02,4118.19,Private Label
P12627,Makeup Product 2628,Beauty,Makeup,236.46,315.64,Private Label
P12628,Women Product 2629,Fashion,Women,2137.32,2653.37,Brand D
P12629,Games Product 2630,Toys,Games,4413.5,5101.27,Brand C
P12630,Snacks Product 2631,Grocery,Snacks,832.62,1033.5,Brand B
P12631,Haircare Product 2632,Beauty,Haircare,1248.02,1571.09,Brand D
P12632,Footwear Product 2633,Fashion,Footwear,8224.97,10528.18,Private Label
P12633,Mobiles Product 2634,Electronics,Mobiles,2533.83,3422.63,Brand A
P12634,Kitchen Appliances Product 2635,Home & Kitchen,Kitchen Appliances,226.52,261.59,Private Label
P12635,Personal Care Product 2636,Beauty,Personal Care,295.0,404.89,Brand D
P12636,Home Decor Product 2637,Home & Kitchen,Home Decor,595.1,707.63,Brand D
P12637,Haircare Product 2638,Beauty,Haircare,145.02,162.88,Brand B
P12638,Men Product 2639,Fashion,Men,300.89,355.35,Brand D
P12639,Haircare Product 2640,Beauty,Haircare,5284.22,6438.78,Private Label
P12640,Outdoor Product 2641,Sports,Outdoor,916.68,1073.21,Brand C
P12641,Kitchen Appliances Product 2642,Home & Kitchen,Kitchen Appliances,187.59,249.33,Brand B
P12642,Beverages Product 2643,Grocery,Beverages,138.41,165.87,Brand C
P12643,Fitness Product 2644,Sports,Fitness,7815.67,9870.7,Brand A
P12644,Beverages Product 2645,Grocery,Beverages,67.55,78.11,Brand B
P12645,Accessories Product 2646,Electronics,Accessories,8918.66,12011.18,Brand B
P12646,Mobiles Product 2647,Electronics,Mobiles,10861.44,13254.59,Brand B
P12647,Men Product 2648,Fashion,Men,1232.2,1638.92,Brand A
P12648,Outdoor Toys Product 2649,Toys,Outdoor Toys,1748.47,2289.76,Brand B
P12649,Outdoor Toys Product 2650,Toys,Outdoor Toys,1087.67,1427.25,Brand C
P12650,Sportswear Product 2651,Sports,Sportswear,1079.7,1259.58,Brand A
P12651,Beverages Product 2652,Grocery,Beverages,73.29,98.8,Brand D
P12652,Women Product 2653,Fashion,Women,620.46,769.64,Brand A
P12653,Personal Care Product 2654,Beauty,Personal Care,1766.41,2284.15,Private Label
P12654,Equipment Product 2655,Sports,Equipment,11322.98,14066.46,Brand C
P12655,Skincare Product 2656,Beauty,Skincare,112.4,147.85,Brand B
P12656,Cookware Product 2657,Home & Kitchen,Cookware,394.86,530.97,Brand A
P12657,Men Product 2658,Fashion,Men,1495.47,1731.72,Brand B
P12658,Cookware Product 2659,Home & Kitchen,Cookware,198.87,273.84,Brand B
P12659,Academic Product 2660,Books,Academic,242.09,306.75,Brand A
P12660,Kitchen Appliances Product 2661,Home & Kitchen,Kitchen Appliances,198.48,251.55,Brand D
P12661,Non-Fiction Product 2662,Books,Non-Fiction,2135.7,2463.56,Private Label
P12662,Accessories Product 2663,Fashion,Accessories,5656.96,6578.19,Private Label
P12663,Skincare Product 2664,Beauty,Skincare,1568.11,1886.13,Private Label
P12664,Home Decor Product 2665,Home & Kitchen,Home Decor,4982.75,5834.84,Brand C
P12665,Fitness Product 2666,Sports,Fitness,2677.01,3639.65,Brand D
P12666,Fiction Product 2667,Books,Fiction,1384.28,1826.97,Brand B
P12667,Audio Product 2668,Electronics,Audio,4615.99,6032.78,Private Label
P12668,Fitness Product 2669,Sports,Fitness,946.38,1130.6,Brand A
P12669,Storage Product 2670,Home & Kitchen,Storage,1154.17,1317.44,Brand D
P12670,Men Product 2671,Fashion,Men,5760.47,6917.08,Private Label
P12671,Accessories Product 2672,Electronics,Accessories,34330.1,40802.85,Brand B
P12672,Educational Product 2673,Toys,Educational,1836.12,2259.22,Private Label
P12673,Audio Product 2674,Electronics,Audio,12460.79,15974.35,Brand B
P12674,Sportswear Product 2675,Sports,Sportswear,450.86,531.41,Brand D
P12675,Skincare Product 2676,Beauty,Skincare,122.9,154.41,Private Label
P12676,Academic Product 2677,Books,Academic,544.37,738.02,Brand D
P12677,Non-Fiction Product 2678,Books,Non-Fiction,1226.46,1572.66,Brand C
P12678,Makeup Product 2679,Beauty,Makeup,163.36,191.43,Brand A
P12679,Makeup Product 2680,Beauty,Makeup,325.88,439.1,Private Label
P12680,Footwear Product 2681,Fashion,Footwear,241.3,308.84,Brand C
P12681,Beverages Product 2682,Grocery,Beverages,241.87,331.48,Private Label
P12682,Outdoor Product 2683,Sports,Outdoor,4179.25,5070.86,Private Label
P12683,Men Product 2684,Fashion,Men,959.16,1320.52,Brand D
P12684,Games Product 2685,Toys,Games,777.57,927.69,Brand B
P12685,Makeup Product 2686,Beauty,Makeup,2574.65,3452.39,Brand A
P12686,Accessories Product 2687,Fashion,Accessories,306.78,374.12,Private Label
P12687,Equipment Product 2688,Sports,Equipment,8701.25,10962.78,Brand B
P12688,Non-Fiction Product 2689,Books,Non-Fiction,331.79,432.69,Brand D
P12689,Sportswear Product 2690,Sports,Sportswear,639.14,879.13,Brand B
P12690,Footwear Product 2691,Fashion,Footwear,309.21,363.14,Brand D
P12691,Children Product 2692,Books,Children,1617.15,1957.83,Brand D
P12692,Fiction Product 2693,Books,Fiction,2337.59,3203.66,Brand B
P12693,Fiction Product 2694,Books,Fiction,634.14,722.68,Brand D
P12694,Personal Care Product 2695,Beauty,Personal Care,408.0,495.73,Private Label
P12695,Academic Product 2696,Books,Academic,555.52,716.91,Brand C
P12696,Laptops Product 2697,Electronics,Laptops,10040.37,12807.17,Brand C
P12697,Children Product 2698,Books,Children,707.39,800.89,Brand C
P12698,Men Product 2699,Fashion,Men,3049.89,4096.47,Brand B
P12699,Skincare Product 2700,Beauty,Skincare,132.82,179.44,Brand C
P12700,Skincare Product 2701,Beauty,Skincare,3462.8,3961.01,Brand A
P12701,Skincare Product 2702,Beauty,Skincare,649.89,738.56,Brand A
P12702,Men Product 2703,Fashion,Men,5821.1,7627.45,Brand C
P12703,Fitness Product 2704,Sports,Fitness,1001.12,1364.74,Brand A
P12704,Storage Product 2705,Home & Kitchen,Storage,359.46,471.27,Private Label
P12705,Women Product 2706,Fashion,Women,4710.33,5515.7,Brand C
P12706,Children Product 2707,Books,Children,1114.12,1253.72,Brand C
P12707,Storage Product 2708,Home & Kitchen,Storage,1131.65,1504.37,Brand C
P12708,Footwear Product 2709,Fashion,Footwear,2550.52,3028.54,Private Label
P12709,Accessories Product 2710,Electronics,Accessories,930.57,1168.4,Brand C
P12710,Accessories Product 2711,Electronics,Accessories,918.1,1129.07,Private Label
P12711,Fitness Product 2712,Sports,Fitness,2171.85,2735.79,Brand D
P12712,Snacks Product 2713,Grocery,Snacks,439.21,528.73,Brand C
P12713,Equipment Product 2714,Sports,Equipment,486.61,666.53,Private Label
P12714,Outdoor Product 2715,Sports,Outdoor,452.48,592.91,Brand B
P12715,Footwear Product 2716,Fashion,Footwear,796.21,935.85,Brand D
P12716,Kitchen Appliances Product 2717,Home & Kitchen,Kitchen Appliances,348.03,401.18,Brand C
P12717,Non-Fiction Product 2718,Books,Non-Fiction,573.55,675.83,Brand D
P12718,Games Product 2719,Toys,Games,2320.17,2613.9,Brand A
P12719,Accessories Product 2720,Electronics,Accessories,11532.97,13525.44,Private Label
P12720,Snacks Product 2721,Grocery,Snacks,2707.49,3160.19,Brand C
P12721,Outdoor Product 2722,Sports,Outdoor,897.69,1199.13,Private Label
P12722,Kitchen Appliances Product 2723,Home & Kitchen,Kitchen Appliances,1519.33,1886.17,Brand D
P12723,Children Product 2724,Books,Children,410.54,491.66,Brand A
P12724,Men Product 2725,Fashion,Men,5084.75,6962.29,Brand D
P12725,Staples Product 2726,Grocery,Staples,270.92,334.93,Brand B
P12726,Men Product 2727,Fashion,Men,6922.06,7811.89,Private Label
P12727,Non-Fiction Product 2728,Books,Non-Fiction,146.52,188.95,Brand C
P12728,Games Product 2729,Toys,Games,704.96,909.97,Brand A
P12729,Footwear Product 2730,Fashion,Footwear,7669.39,9675.59,Private Label
P12730,Storage Product 2731,Home & Kitchen,Storage,533.46,605.03,Brand A
P12731,Skincare Product 2732,Beauty,Skincare,2204.02,2488.77,Brand C
P12732,Men Product 2733,Fashion,Men,6970.1,8735.51,Brand C
P12733,Footwear Product 2734,Fashion,Footwear,1561.81,1824.64,Brand D
P12734,Staples Product 2735,Grocery,Staples,74.74,100.28,Private Label
P12735,Women Product 2736,Fashion,Women,746.26,997.39,Private Label
P12736,Home Decor Product 2737,Home & Kitchen,Home Decor,167.59,211.18,Brand B
P12737,Packaged Foods Product 2738,Grocery,Packaged Foods,694.23,859.61,Brand A
P12738,Storage Product 2739,Home & Kitchen,Storage,5543.03,6729.21,Private Label
P12739,Action Figures Product 2740,Toys,Action Figures,2027.68,2672.9,Private Label
P12740,Accessories Product 2741,Fashion,Accessories,3528.97,4303.89,Brand B
P12741,Equipment Product 2742,Sports,Equipment,1187.01,1425.73,Brand B
P12742,Haircare Product 2743,Beauty,Haircare,124.07,162.22,Brand D
P12743,Kitchen Appliances Product 2744,Home & Kitchen,Kitchen Appliances,809.21,1043.44,Brand A
P12744,Accessories Product 2745,Fashion,Accessories,362.53,418.88,Brand A
P12745,Skincare Product 2746,Beauty,Skincare,4802.36,6290.73,Brand C
P12746,Snacks Product 2747,Grocery,Snacks,50.41,61.33,Brand C
P12747,Kitchen Appliances Product 2748,Home & Kitchen,Kitchen Appliances,7277.09,8598.53,Brand A
P12748,Kitchen Appliances Product 2749,Home & Kitchen,Kitchen Appliances,2048.5,2822.77,Private Label
P12749,Mobiles Product 2750,Electronics,Mobiles,2747.5,3317.82,Brand C
P12750,Personal Care Product 2751,Beauty,Personal Care,1527.92,2053.27,Brand A
P12751,Fiction Product 2752,Books,Fiction,650.64,851.92,Brand D
P12752,Women Product 2753,Fashion,Women,3565.16,4184.5,Private Label
P12753,Haircare Product 2754,Beauty,Haircare,1627.26,2126.44,Brand B
P12754,Personal Care Product 2755,Beauty,Personal Care,786.18,974.18,Brand C
P12755,Fiction Product 2756,Books,Fiction,211.77,284.05,Brand B
P12756,Men Product 2757,Fashion,Men,3286.67,3844.0,Brand D
P12757,Accessories Product 2758,Electronics,Accessories,1285.78,1450.78,Brand B
P12758,Storage Product 2759,Home & Kitchen,Storage,1509.93,1930.28,Brand A
P12759,Action Figures Product 2760,Toys,Action Figures,199.1,235.13,Brand D
P12760,Non-Fiction Product 2761,Books,Non-Fiction,317.26,404.24,Private Label
P12761,Personal Care Product 2762,Beauty,Personal Care,1110.68,1408.12,Private Label
P12762,Children Product 2763,Books,Children,434.88,499.99,Brand C
P12763,Children Product 2764,Books,Children,1779.57,2004.49,Brand B
P12764,Outdoor Toys Product 2765,Toys,Outdoor Toys,193.75,242.06,Brand B
P12765,Games Product 2766,Toys,Games,178.92,206.15,Brand B
P12766,Sportswear Product 2767,Sports,Sportswear,230.56,281.17,Brand D
P12767,Footwear Product 2768,Fashion,Footwear,569.15,690.29,Brand A
P12768,Kitchen Appliances Product 2769,Home & Kitchen,Kitchen Appliances,169.39,193.26,Brand C
P12769,Kitchen Appliances Product 2770,Home & Kitchen,Kitchen Appliances,427.9,558.02,Private Label
P12770,Equipment Product 2771,Sports,Equipment,6316.42,7699.24,Private Label
P12771,Fiction Product 2772,Books,Fiction,312.28,374.95,Brand C
P12772,Sportswear Product 2773,Sports,Sportswear,388.68,470.03,Brand B
P12773,Fitness Product 2774,Sports,Fitness,527.69,618.85,Brand B
P12774,Outdoor Product 2775,Sports,Outdoor,9073.16,11562.6,Brand A
P12775,Outdoor Toys Product 2776,Toys,Outdoor Toys,2042.89,2600.79,Brand D
P12776,Outdoor Toys Product 2777,Toys,Outdoor Toys,217.26,278.78,Private Label
P12777,Snacks Product 2778,Grocery,Snacks,1594.62,2082.56,Brand D
P12778,Sportswear Product 2779,Sports,Sportswear,476.34,547.48,Brand D
P12779,Non-Fiction Product 2780,Books,Non-Fiction,333.55,404.68,Brand B
P12780,Beverages Product 2781,Grocery,Beverages,158.55,211.03,Private Label
P12781,Non-Fiction Product 2782,Books,Non-Fiction,620.39,740.27,Brand B
P12782,Outdoor Toys Product 2783,Toys,Outdoor Toys,4086.74,5522.73,Brand D
P12783,Storage Product 2784,Home & Kitchen,Storage,2777.8,3388.76,Brand A
P12784,Equipment Product 2785,Sports,Equipment,1283.93,1442.55,Brand A
P12785,Kitchen Appliances Product 2786,Home & Kitchen,Kitchen Appliances,11591.5,15982.37,Private Label
P12786,Cookware Product 2787,Home & Kitchen,Cookware,401.77,533.04,Brand C
P12787,Makeup Product 2788,Beauty,Makeup,901.39,1036.43,Brand B
P12788,Children Product 2789,Books,Children,165.88,212.45,Brand C
P12789,Skincare Product 2790,Beauty,Skincare,2203.27,2760.44,Brand B
P12790,Home Decor Product 2791,Home & Kitchen,Home Decor,14446.75,17953.8,Brand A
P12791,Men Product 2792,Fashion,Men,3123.57,4195.35,Brand D
P12792,Snacks Product 2793,Grocery,Snacks,3358.92,4254.13,Brand A
P12793,Mobiles Product 2794,Electronics,Mobiles,4945.52,6211.38,Private Label
P12794,Accessories Product 2795,Electronics,Accessories,1227.95,1547.44,Private Label
P12795,Children Product 2796,Books,Children,277.83,335.16,Brand B
P12796,Audio Product 2797,Electronics,Audio,11487.49,13322.88,Brand D
P12797,Kitchen Appliances Product 2798,Home & Kitchen,Kitchen Appliances,243.64,288.17,Brand A
P12798,Laptops Product 2799,Electronics,Laptops,873.75,1013.98,Brand C
P12799,Skincare Product 2800,Beauty,Skincare,109.08,122.3,Brand C
P12800,Packaged Foods Product 2801,Grocery,Packaged Foods,2449.4,2899.83,Brand D
P12801,Games Product 2802,Toys,Games,673.23,853.79,Private Label
P12802,Educational Product 2803,Toys,Educational,158.08,177.5,Brand D
P12803,Packaged Foods Product 2804,Grocery,Packaged Foods,127.6,156.84,Private Label
P12804,Accessories Product 2805,Electronics,Accessories,3215.19,4127.03,Brand C
P12805,Women Product 2806,Fashion,Women,381.2,466.1,Brand B
P12806,Fitness Product 2807,Sports,Fitness,8311.15,9466.91,Brand B
P12807,Cookware Product 2808,Home & Kitchen,Cookware,418.04,530.27,Private Label
P12808,Skincare Product 2809,Beauty,Skincare,1039.71,1367.24,Brand B
P12809,Haircare Product 2810,Beauty,Haircare,206.88,276.64,Private Label
P12810,Home Decor Product 2811,Home & Kitchen,Home Decor,1846.0,2494.0,Private Label
P12811,Children Product 2812,Books,Children,120.33,161.62,Brand B
P12812,Skincare Product 2813,Beauty,Skincare,352.67,435.1,Brand A
P12813,Fiction Product 2814,Books,Fiction,260.73,345.37,Brand A
P12814,Non-Fiction Product 2815,Books,Non-Fiction,671.89,910.03,Brand A
P12815,Sportswear Product 2816,Sports,Sportswear,4094.97,4803.29,Private Label
P12816,Audio Product 2817,Electronics,Audio,2879.15,3556.96,Private Label
P12817,Fiction Product 2818,Books,Fiction,1181.12,1580.72,Private Label
P12818,Equipment Product 2819,Sports,Equipment,282.31,377.62,Brand B
P12819,Personal Care Product 2820,Beauty,Personal Care,2691.92,3627.26,Brand C
P12820,Storage Product 2821,Home & Kitchen,Storage,1145.27,1339.41,Brand A
P12821,Packaged Foods Product 2822,Grocery,Packaged Foods,57.13,65.41,Private Label
P12822,Cookware Product 2823,Home & Kitchen,Cookware,16777.81,20757.89,Private Label
P12823,Accessories Product 2824,Electronics,Accessories,19874.85,25047.64,Brand C
P12824,Women Product 2825,Fashion,Women,2434.34,3092.17,Brand A
P12825,Cookware Product 2826,Home & Kitchen,Cookware,955.88,1304.45,Brand C
P12826,Storage Product 2827,Home & Kitchen,Storage,15611.76,20421.84,Brand A
P12827,Personal Care Product 2828,Beauty,Personal Care,3441.91,4663.73,Brand C
P12828,Educational Product 2829,Toys,Educational,2320.8,2948.81,Brand C
P12829,Snacks Product 2830,Grocery,Snacks,818.53,1088.36,Private Label
P12830,Footwear Product 2831,Fashion,Footwear,555.74,730.35,Brand D
P12831,Makeup Product 2832,Beauty,Makeup,318.97,408.97,Brand A
P12832,Storage Product 2833,Home & Kitchen,Storage,5390.29,7118.75,Private Label
P12833,Haircare Product 2834,Beauty,Haircare,952.17,1280.6,Brand B
P12834,Fiction Product 2835,Books,Fiction,2156.25,2501.28,Brand C
P12835,Accessories Product 2836,Electronics,Accessories,1275.66,1631.24,Brand B
P12836,Children Product 2837,Books,Children,1528.81,1932.85,Brand D
P12837,Storage Product 2838,Home & Kitchen,Storage,12663.26,16647.52,Brand B
P12838,Equipment Product 2839,Sports,Equipment,6600.11,7641.31,Brand B
P12839,Children Product 2840,Books,Children,248.37,302.19,Brand C
P12840,Educational Product 2841,Toys,Educational,2036.54,2730.1,Brand D
P12841,Equipment Product 2842,Sports,Equipment,1165.84,1441.17,Brand C
P12842,Fitness Product 2843,Sports,Fitness,3298.72,3799.99,Brand B
P12843,Footwear Product 2844,Fashion,Footwear,1668.86,1986.75,Brand A
P12844,Men Product 2845,Fashion,Men,3651.35,4871.64,Brand A
P12845,Cookware Product 2846,Home & Kitchen,Cookware,195.98,242.42,Brand B
P12846,Educational Product 2847,Toys,Educational,4096.45,5065.81,Brand B
P12847,Children Product 2848,Books,Children,437.83,496.26,Private Label
P12848,Kitchen Appliances Product 2849,Home & Kitchen,Kitchen Appliances,2937.49,3490.5,Brand C
P12849,Games Product 2850,Toys,Games,423.88,505.3,Brand D
P12850,Outdoor Product 2851,Sports,Outdoor,2156.72,2809.49,Brand A
P12851,Personal Care Product 2852,Beauty,Personal Care,764.05,875.25,Brand C
P12852,Footwear Product 2853,Fashion,Footwear,307.07,386.13,Brand B
P12853,Snacks Product 2854,Grocery,Snacks,1976.92,2554.34,Brand C
P12854,Academic Product 2855,Books,Academic,757.15,892.66,Brand A
P12855,Accessories Product 2856,Electronics,Accessories,21603.81,28325.85,Brand C
P12856,Fiction Product 2857,Books,Fiction,420.92,538.48,Brand C
P12857,Snacks Product 2858,Grocery,Snacks,1916.27,2512.82,Brand C
P12858,Home Decor Product 2859,Home & Kitchen,Home Decor,1891.53,2530.79,Private Label
P12859,Cookware Product 2860,Home & Kitchen,Cookware,7019.56,9279.24,Brand C
P12860,Personal Care Product 2861,Beauty,Personal Care,1004.35,1346.67,Brand D
P12861,Fitness Product 2862,Sports,Fitness,3260.46,4313.1,Brand A
P12862,Children Product 2863,Books,Children,1390.31,1916.45,Brand B
P12863,Accessories Product 2864,Fashion,Accessories,266.42,336.37,Brand D
P12864,Cookware Product 2865,Home & Kitchen,Cookware,15942.27,21744.03,Brand A
P12865,Laptops Product 2866,Electronics,Laptops,34581.17,39090.67,Brand A
P12866,Action Figures Product 2867,Toys,Action Figures,207.4,239.26,Brand B
P12867,Men Product 2868,Fashion,Men,3785.78,4869.51,Brand A
P12868,Equipment Product 2869,Sports,Equipment,6423.36,8281.23,Private Label
P12869,Mobiles Product 2870,Electronics,Mobiles,41629.96,56325.77,Brand D
P12870,Storage Product 2871,Home & Kitchen,Storage,265.32,298.74,Brand C
P12871,Sportswear Product 2872,Sports,Sportswear,1289.7,1774.96,Brand C
P12872,Kitchen Appliances Product 2873,Home & Kitchen,Kitchen Appliances,463.79,602.71,Brand B
P12873,Fitness Product 2874,Sports,Fitness,225.57,277.78,Brand D
P12874,Makeup Product 2875,Beauty,Makeup,2506.93,3079.79,Brand A
P12875,Action Figures Product 2876,Toys,Action Figures,429.46,544.26,Brand A
P12876,Women Product 2877,Fashion,Women,312.97,380.69,Brand D
P12877,Skincare Product 2878,Beauty,Skincare,5955.39,7874.69,Brand A
P12878,Academic Product 2879,Books,Academic,104.54,128.26,Brand B
P12879,Makeup Product 2880,Beauty,Makeup,360.53,421.25,Private Label
P12880,Haircare Product 2881,Beauty,Haircare,1335.36,1836.89,Brand B
P12881,Mobiles Product 2882,Electronics,Mobiles,25268.08,31309.14,Brand B
P12882,Footwear Product 2883,Fashion,Footwear,553.71,758.07,Brand A
P12883,Accessories Product 2884,Electronics,Accessories,4640.39,6395.6,Brand B
P12884,Cookware Product 2885,Home & Kitchen,Cookware,9897.5,11451.55,Brand A
P12885,Action Figures Product 2886,Toys,Action Figures,168.66,214.49,Brand C
P12886,Accessories Product 2887,Fashion,Accessories,1206.3,1661.57,Brand A
P12887,Men Product 2888,Fashion,Men,1213.78,1501.77,Private Label
P12888,Beverages Product 2889,Grocery,Beverages,1777.99,2397.09,Brand C
P12889,Action Figures Product 2890,Toys,Action Figures,2748.33,3433.41,Brand D
P12890,Skincare Product 2891,Beauty,Skincare,1052.95,1272.25,Brand C
P12891,Haircare Product 2892,Beauty,Haircare,177.88,225.84,Brand A
P12892,Non-Fiction Product 2893,Books,Non-Fiction,363.59,470.37,Brand A
P12893,Outdoor Toys Product 2894,Toys,Outdoor Toys,2018.66,2546.81,Private Label
P12894,Outdoor Product 2895,Sports,Outdoor,1189.37,1626.41,Brand D
P12895,Outdoor Product 2896,Sports,Outdoor,1080.95,1291.09,Brand B
P12896,Accessories Product 2897,Electronics,Accessories,1030.87,1194.99,Brand A
P12897,Makeup Product 2898,Beauty,Makeup,210.27,255.9,Brand A
P12898,Accessories Product 2899,Fashion,Accessories,4910.67,6156.23,Brand A
P12899,Haircare Product 2900,Beauty,Haircare,171.55,197.3,Private Label
P12900,Action Figures Product 2901,Toys,Action Figures,588.17,741.79,Brand C
P12901,Laptops Product 2902,Electronics,Laptops,5184.93,5905.31,Brand A
P12902,Beverages Product 2903,Grocery,Beverages,66.47,86.48,Brand B
P12903,Kitchen Appliances Product 2904,Home & Kitchen,Kitchen Appliances,1815.34,2319.05,Brand C
P12904,Action Figures Product 2905,Toys,Action Figures,3191.0,3856.65,Private Label
P12905,Outdoor Toys Product 2906,Toys,Outdoor Toys,5120.32,7031.39,Brand D
P12906,Snacks Product 2907,Grocery,Snacks,93.68,128.43,Private Label
P12907,Cookware Product 2908,Home & Kitchen,Cookware,1081.39,1371.94,Brand B
P12908,Fiction Product 2909,Books,Fiction,720.98,856.72,Brand C
P12909,Sportswear Product 2910,Sports,Sportswear,496.02,680.88,Brand A
P12910,Footwear Product 2911,Fashion,Footwear,1069.61,1355.2,Brand C
P12911,Laptops Product 2912,Electronics,Laptops,2645.1,3609.14,Brand C
P12912,Fitness Product 2913,Sports,Fitness,1566.53,1860.45,Brand B
P12913,Home Decor Product 2914,Home & Kitchen,Home Decor,10919.73,14577.1,Private Label
P12914,Educational Product 2915,Toys,Educational,1437.6,1979.18,Private Label
P12915,Outdoor Product 2916,Sports,Outdoor,723.38,902.71,Brand D
P12916,Personal Care Product 2917,Beauty,Personal Care,529.71,677.0,Brand B
P12917,Action Figures Product 2918,Toys,Action Figures,6470.09,8434.14,Brand B
P12918,Footwear Product 2919,Fashion,Footwear,1099.02,1441.16,Private Label
P12919,Outdoor Product 2920,Sports,Outdoor,373.86,432.18,Private Label
P12920,Non-Fiction Product 2921,Books,Non-Fiction,987.17,1140.31,Brand C
P12921,Laptops Product 2922,Electronics,Laptops,19280.43,23413.94,Private Label
P12922,Makeup Product 2923,Beauty,Makeup,497.0,672.55,Brand C
P12923,Educational Product 2924,Toys,Educational,3310.68,4226.13,Private Label
P12924,Action Figures Product 2925,Toys,Action Figures,368.06,436.55,Brand D
P12925,Academic Product 2926,Books,Academic,362.39,440.11,Brand B
P12926,Non-Fiction Product 2927,Books,Non-Fiction,145.32,176.15,Private Label
P12927,Snacks Product 2928,Grocery,Snacks,1624.05,2220.46,Brand B
P12928,Packaged Foods Product 2929,Grocery,Packaged Foods,1589.82,2136.46,Brand D
P12929,Kitchen Appliances Product 2930,Home & Kitchen,Kitchen Appliances,450.49,575.23,Brand C
P12930,Makeup Product 2931,Beauty,Makeup,1536.61,1749.09,Brand B
P12931,Haircare Product 2932,Beauty,Haircare,2466.94,3237.06,Brand C
P12932,Accessories Product 2933,Electronics,Accessories,53891.61,66668.1,Private Label
P12933,Action Figures Product 2934,Toys,Action Figures,682.18,899.45,Brand C
P12934,Packaged Foods Product 2935,Grocery,Packaged Foods,594.77,733.74,Private Label
P12935,Educational Product 2936,Toys,Educational,5197.33,6842.85,Brand D
P12936,Staples Product 2937,Grocery,Staples,273.57,339.07,Private Label
P12937,Sportswear Product 2938,Sports,Sportswear,2563.05,3252.55,Brand B
P12938,Accessories Product 2939,Electronics,Accessories,872.63,1068.81,Brand A
P12939,Outdoor Toys Product 2940,Toys,Outdoor Toys,3457.11,4413.15,Brand C
P12940,Haircare Product 2941,Beauty,Haircare,4104.8,5479.29,Brand A
P12941,Educational Product 2942,Toys,Educational,269.1,360.65,Private Label
P12942,Kitchen Appliances Product 2943,Home & Kitchen,Kitchen Appliances,1906.5,2429.74,Brand D
P12943,Outdoor Toys Product 2944,Toys,Outdoor Toys,1845.67,2082.5,Brand C
P12944,Academic Product 2945,Books,Academic,105.56,136.8,Brand D
P12945,Sportswear Product 2946,Sports,Sportswear,458.97,602.68,Private Label
P12946,Men Product 2947,Fashion,Men,227.74,305.76,Brand C
P12947,Action Figures Product 2948,Toys,Action Figures,788.5,982.86,Private Label
P12948,Equipment Product 2949,Sports,Equipment,1104.99,1304.2,Brand A
P12949,Staples Product 2950,Grocery,Staples,487.99,583.97,Private Label
P12950,Accessories Product 2951,Fashion,Accessories,315.71,377.62,Brand C
P12951,Personal Care Product 2952,Beauty,Personal Care,1414.8,1877.34,Private Label
P12952,Laptops Product 2953,Electronics,Laptops,6675.11,8309.77,Brand C
P12953,Sportswear Product 2954,Sports,Sportswear,570.39,651.91,Brand B
P12954,Fitness Product 2955,Sports,Fitness,629.93,711.6,Brand D
P12955,Cookware Product 2956,Home & Kitchen,Cookware,1763.2,2020.94,Private Label
P12956,Sportswear Product 2957,Sports,Sportswear,319.4,377.73,Brand A
P12957,Storage Product 2958,Home & Kitchen,Storage,9372.6,12492.19,Private Label
P12958,Sportswear Product 2959,Sports,Sportswear,1171.8,1340.26,Private Label
P12959,Makeup Product 2960,Beauty,Makeup,4383.0,5823.62,Brand B
P12960,Educational Product 2961,Toys,Educational,1624.4,2102.77,Brand B
P12961,Staples Product 2962,Grocery,Staples,55.07,73.09,Brand A
P12962,Outdoor Product 2963,Sports,Outdoor,262.64,350.67,Private Label
P12963,Makeup Product 2964,Beauty,Makeup,651.47,753.22,Private Label
P12964,Non-Fiction Product 2965,Books,Non-Fiction,888.39,1065.59,Brand B
P12965,Mobiles Product 2966,Electronics,Mobiles,61850.02,69988.91,Brand B
P12966,Action Figures Product 2967,Toys,Action Figures,955.17,1148.54,Brand A
P12967,Games Product 2968,Toys,Games,328.53,390.83,Brand D
P12968,Home Decor Product 2969,Home & Kitchen,Home Decor,209.57,274.93,Brand D
P12969,Educational Product 2970,Toys,Educational,2939.9,3967.97,Private Label
P12970,Fiction Product 2971,Books,Fiction,190.08,254.78,Brand B
P12971,Mobiles Product 2972,Electronics,Mobiles,9363.33,10653.54,Brand C
P12972,Cookware Product 2973,Home & Kitchen,Cookware,2172.65,2452.26,Private Label
P12973,Educational Product 2974,Toys,Educational,1262.82,1665.6,Brand C
P12974,Games Product 2975,Toys,Games,546.26,628.15,Brand B
P12975,Mobiles Product 2976,Electronics,Mobiles,10930.15,13057.52,Brand B
P12976,Snacks Product 2977,Grocery,Snacks,66.57,89.51,Brand D
P12977,Personal Care Product 2978,Beauty,Personal Care,,2285.98,Brand B
P12978,Accessories Product 2979,Fashion,Accessories,591.69,780.82,Brand A
P12979,Packaged Foods Product 2980,Grocery,Packaged Foods,50.7,57.57,Brand D
P12980,Accessories Product 2981,Electronics,Accessories,14510.98,17400.61,Private Label
P12981,Personal Care Product 2982,Beauty,Personal Care,5654.62,7221.78,Brand A
P12982,Men Product 2983,Fashion,Men,1810.81,2324.57,Private Label
P12983,Makeup Product 2984,Beauty,Makeup,193.78,248.12,Brand B
P12984,Staples Product 2985,Grocery,Staples,317.26,377.72,Brand B
P12985,Games Product 2986,Toys,Games,1948.89,2458.74,Brand A
P12986,Accessories Product 2987,Electronics,Accessories,1177.82,1502.33,Brand B
P12987,Home Decor Product 2988,Home & Kitchen,Home Decor,13413.24,16708.79,Brand A
P12988,Audio Product 2989,Electronics,Audio,2295.78,2601.12,Private Label
P12989,Non-Fiction Product 2990,Books,Non-Fiction,959.17,1248.7,Brand D
P12990,Educational Product 2991,Toys,Educational,3464.56,4644.84,Brand B
P12991,Educational Product 2992,Toys,Educational,4775.65,6149.89,Brand A
P12992,Men Product 2993,Fashion,Men,1034.81,1188.54,Brand A
P12993,Audio Product 2994,Electronics,Audio,14911.24,19822.82,Private Label
P12994,Laptops Product 2995,Electronics,Laptops,12921.34,15317.76,Brand D
P12995,Accessories Product 2996,Fashion,Accessories,5123.73,6257.89,Brand D
P12996,Equipment Product 2997,Sports,Equipment,2998.99,3711.44,Private Label
P12997,Audio Product 2998,Electronics,Audio,58629.9,77503.37,Brand B
P12998,Fitness Product 2999,Sports,Fitness,1292.31,1481.85,Brand B
P12999,Outdoor Product 3000,Sports,Outdoor,5708.73,6926.39,Brand D
